schema_version,timestamp,cycle_id,capture_latency[ms],frame_dropped[n],hsv_flag,hsv_mask_ratio,infer_latency[ms],preproc[ms],postproc[ms],capture_sum[ms],capture_frames[n],hsv_sum[ms],hsv_frames[n],visible_frames[n],preproc_sum[ms],infer_sum[ms],infer_count[n],postproc_sum[ms],total_per_fruit[ms],visible_dur[s],cycle_dur[s],eject_flag,planned_eject_ts,eject_delay[ms],outcome_flag,yolo_no_det_flag,cpu_temp,cpu_util[%],gpu_temp,gpu_util[%],gpu_clock[mhz],gpu_mem_used[mb],gpu_power[w]
1.0.0,2026-08-05 02:55:58.763,1,49.23,0,1,0.2308,6.46,0.58,1.17,11975.51,1096,827.16,108,36,3.47,38.75,6,7.03,12851.92,0.125,15.844,1,,,,0,,9.9,52,4,2040,2312.88832,34.955
1.0.0,2026-08-05 02:55:59.915,2,49.12,0,1,0.1912,5.31,0.48,1.25,63.98,92,663.14,92,30,2.86,31.86,6,7.47,769.31,0.125,1.14,0,,,,0,,14.7,52,7,2040,2323.0464,36.214
1.0.0,2026-08-05 02:56:01.028,3,49.21,0,1,0.2119,6.43,0.58,3.75,62.06,90,591.69,90,24,6.99,77.16,12,45.03,782.93,0.203,1.125,1,,,,0,,0.0,53,13,2040,2323.0464,36.536
1.0.0,2026-08-05 02:56:01.337,1,,,,,,,,,,,,,,,,,,,,,2026-08-05 02:56:01.163,15.27,1,,,,,,,,
1.0.0,2026-08-05 02:56:02.123,4,49.34,0,1,0.1245,9.5,0.64,1.23,58.79,87,491.42,87,33,7.64,113.98,12,14.82,686.65,0.156,1.094,1,,,,0,,0.0,53,10,2040,2323.0464,36.691
1.0.0,2026-08-05 02:56:03.373,5,49.32,0,1,0.2004,7.0,0.63,1.3,68.79,100,638.82,100,26,7.52,83.99,12,15.59,814.71,0.156,1.25,1,,,,0,,11.7,53,15,2040,2313.019392,36.351
1.0.0,2026-08-05 02:56:03.596,3,,,,,,,,,,,,,,,,,,,,,2026-08-05 02:56:03.428,4.01,1,,,,,,,,
1.0.0,2026-08-05 02:56:04.144,2,,,,,,,,,,,,,,,,,,,,,2026-08-05 02:56:03.986,3.92,1,,,,,,,,
1.0.0,2026-08-05 02:56:04.678,6,39.28,0,1,0.193,5.71,0.51,1.26,73.16,105,603.02,104,27,6.11,68.52,12,15.14,765.95,0.188,1.297,0,,,,0,,14.3,53,6,2040,2311.5776,36.254
1.0.0,2026-08-05 02:56:04.682,4,,,,,,,,,,,,,,,,,,,,,2026-08-05 02:56:04.523,4.13,1,,,,,,,,
1.0.0,2026-08-05 02:56:05.669,7,57.87,0,1,0.1687,5.87,0.48,1.27,54.28,78,498.05,79,28,5.8,70.43,12,15.22,643.78,0.156,1.0,1,,,,0,,15.7,53,3,2040,2311.5776,36.72
1.0.0,2026-08-05 02:56:05.938,5,,,,,,,,,,,,,,,,,,,,,2026-08-05 02:56:05.773,6.33,1,,,,,,,,
1.0.0,2026-08-05 02:56:06.873,8,49.1,0,1,0.1952,5.92,0.52,1.27,72.77,97,600.22,97,27,6.2,71.08,12,15.27,765.54,0.156,1.203,1,,,,0,,14.5,53,3,2040,2311.5776,36.056
1.0.0,2026-08-05 02:56:08.027,9,49.3,0,1,0.1881,6.76,0.63,1.26,65.73,93,561.98,93,27,7.58,81.09,12,15.07,731.45,0.156,1.156,0,,,,0,,15.0,53,12,2040,2311.5776,36.681
1.0.0,2026-08-05 02:56:08.232,7,,,,,,,,,,,,,,,,,,,,,2026-08-05 02:56:08.069,4.11,1,,,,,,,,
1.0.0,2026-08-05 02:56:08.926,6,,,,,,,,,,,,,,,,,,,,,2026-08-05 02:56:08.749,14.99,1,,,,,,,,
1.0.0,2026-08-05 02:56:09.328,10,49.24,0,1,0.2364,10.2,0.62,1.35,71.77,104,695.36,104,22,7.38,122.38,12,16.18,913.07,0.156,1.297,1,,,,0,,11.9,53,11,2040,2311.5776,36.424
1.0.0,2026-08-05 02:56:09.438,8,,,,,,,,,,,,,,,,,,,,,2026-08-05 02:56:09.273,12.51,1,,,,,,,,
1.0.0,2026-08-05 02:56:10.564,11,49.31,0,1,0.195,5.75,0.55,1.23,99.89,98,582.42,98,25,6.54,68.96,12,14.78,772.59,0.265,1.234,0,,,,0,,14.1,53,13,2040,2311.5776,36.199
1.0.0,2026-08-05 02:56:11.573,12,49.26,0,1,0.2238,5.29,0.57,1.19,60.18,81,556.44,81,21,6.82,63.53,12,14.25,701.22,0.156,1.016,1,,,,0,,14.1,53,4,2040,2311.5776,36.757
1.0.0,2026-08-05 02:56:11.889,10,,,,,,,,,,,,,,,,,,,,,2026-08-05 02:56:11.728,3.94,1,,,,,,,,
1.0.0,2026-08-05 02:56:12.261,9,,,,,,,,,,,,,,,,,,,,,2026-08-05 02:56:12.099,7.9,1,,,,,,,,
1.0.0,2026-08-05 02:56:12.773,13,49.27,0,1,0.1925,6.16,0.68,1.22,64.12,97,562.36,97,26,8.13,73.92,12,14.69,723.22,0.203,1.203,0,,,,0,,15.3,53,3,2040,2311.5776,35.984
1.0.0,2026-08-05 02:56:13.827,14,49.22,0,1,0.2116,6.61,0.58,1.21,61.6,84,577.03,84,25,6.93,79.27,12,14.56,739.39,0.203,1.047,1,,,,0,,11.9,53,6,2040,2311.5776,36.552
1.0.0,2026-08-05 02:56:14.143,12,,,,,,,,,,,,,,,,,,,,,2026-08-05 02:56:13.973,11.46,1,,,,,,,,
1.0.0,2026-08-05 02:56:14.794,11,,,,,,,,,,,,,,,,,,,,,2026-08-05 02:56:14.636,4.12,1,,,,,,,,
1.0.0,2026-08-05 02:56:14.923,15,49.25,0,1,0.124,6.34,0.48,1.33,58.39,87,471.11,87,33,5.72,76.07,12,15.93,627.22,0.172,1.094,1,,,,0,,13.0,53,18,2040,2351.222784,36.655
1.0.0,2026-08-05 02:56:16.186,16,49.37,0,1,0.2009,7.89,0.69,1.66,77.51,102,656.82,102,26,8.24,94.73,12,19.92,857.22,0.171,1.265,1,,,,0,,14.5,53,10,2040,2351.095808,36.476
1.0.0,2026-08-05 02:56:16.396,14,,,,,,,,,,,,,,,,,,,,,2026-08-05 02:56:16.227,4.22,1,,,,,,,,
1.0.0,2026-08-05 02:56:17.010,13,,,,,,,,,,,,,,,,,,,,,2026-08-05 02:56:16.844,11.95,1,,,,,,,,
1.0.0,2026-08-05 02:56:17.465,17,49.19,0,1,0.1933,6.26,0.62,1.38,73.63,101,611.53,101,27,7.46,75.07,12,16.5,784.19,0.157,1.282,0,,,,0,,14.0,53,18,2040,2351.095808,36.024
1.0.0,2026-08-05 02:56:17.480,15,,,,,,,,,,,,,,,,,,,,,2026-08-05 02:56:17.323,4.38,1,,,,,,,,
1.0.0,2026-08-05 02:56:18.527,18,49.37,0,1,0.1685,6.01,0.54,1.34,64.15,86,613.94,86,27,6.53,72.15,12,16.05,772.82,0.156,1.062,1,,,,0,,14.0,53,7,2040,2351.095808,36.589
1.0.0,2026-08-05 02:56:18.750,16,,,,,,,,,,,,,,,,,,,,,2026-08-05 02:56:18.586,4.36,1,,,,,,,,
1.0.0,2026-08-05 02:56:19.685,19,49.17,0,1,0.1957,8.42,0.59,1.36,72.46,93,618.88,93,26,7.08,101.0,12,16.35,815.77,0.171,1.156,1,,,,0,,14.1,53,4,2040,2351.095808,36.43
1.0.0,2026-08-05 02:56:20.873,20,49.23,0,1,0.1881,6.08,0.65,1.25,75.5,94,575.76,94,27,7.76,72.94,12,15.0,746.96,0.188,1.188,0,,,,0,,14.2,53,4,2040,2352.013312,36.583
1.0.0,2026-08-05 02:56:21.097,18,,,,,,,,,,,,,,,,,,,,,2026-08-05 02:56:20.927,8.24,1,,,,,,,,
1.0.0,2026-08-05 02:56:21.694,17,,,,,,,,,,,,,,,,,,,,,2026-08-05 02:56:21.536,3.04,1,,,,,,,,
1.0.0,2026-08-05 02:56:22.123,21,49.16,0,1,0.237,5.22,0.53,1.18,70.42,100,647.2,100,23,6.35,62.6,12,14.14,800.71,0.156,1.25,1,,,,0,,14.8,53,12,2040,2352.013312,36.619
1.0.0,2026-08-05 02:56:22.247,19,,,,,,,,,,,,,,,,,,,,,2026-08-05 02:56:22.085,4.14,1,,,,,,,,
1.0.0,2026-08-05 02:56:23.365,22,35.22,0,1,0.1943,5.8,0.57,1.37,107.15,99,587.6,99,25,6.88,69.57,12,16.42,787.62,0.25,1.234,0,,,,0,,14.0,53,13,2040,2363.727872,36.388
1.0.0,2026-08-05 02:56:24.415,23,46.38,0,1,0.2238,6.18,0.59,1.24,60.62,84,570.52,84,22,7.07,74.19,12,14.82,727.22,0.187,1.047,1,,,,0,,14.6,53,17,2040,2379.636736,36.657
1.0.0,2026-08-05 02:56:24.697,21,,,,,,,,,,,,,,,,,,,,,2026-08-05 02:56:24.523,14.58,1,,,,,,,,
1.0.0,2026-08-05 02:56:25.106,20,,,,,,,,,,,,,,,,,,,,,2026-08-05 02:56:24.944,7.97,1,,,,,,,,
1.0.0,2026-08-05 02:56:25.577,24,49.27,0,1,0.1928,5.47,0.62,1.33,61.54,94,626.15,94,28,7.39,65.63,12,15.92,776.63,0.203,1.172,0,,,,0,,14.9,53,9,2040,2395.5456,36.399
1.0.0,2026-08-05 02:56:26.624,25,49.27,0,1,0.2126,5.85,0.53,1.19,57.85,83,597.08,83,24,6.36,70.26,12,14.23,745.78,0.172,1.047,1,,,,0,,14.9,53,7,2040,2341.15072,36.717
1.0.0,2026-08-05 02:56:26.975,23,,,,,,,,,,,,,,,,,,,,,2026-08-05 02:56:26.815,4.11,1,,,,,,,,
1.0.0,2026-08-05 02:56:27.617,22,,,,,,,,,,,,,,,,,,,,,2026-08-05 02:56:27.436,14.79,1,,,,,,,,
1.0.0,2026-08-05 02:56:27.716,26,49.41,0,1,0.123,6.09,0.48,1.23,64.54,87,495.0,87,33,5.81,73.08,12,14.77,653.2,0.141,1.094,1,,,,0,,15.4,53,13,2040,2403.581952,37.022
1.0.0,2026-08-05 02:56:29.030,27,49.17,0,1,0.2003,8.59,0.6,1.29,81.33,106,643.14,106,27,7.2,103.04,12,15.45,850.16,0.156,1.312,1,,,,0,,16.1,53,9,2040,2369.503232,37.807
1.0.0,2026-08-05 02:56:29.197,25,,,,,,,,,,,,,,,,,,,,,2026-08-05 02:56:29.025,15.34,1,,,,,,,,
1.0.0,2026-08-05 02:56:29.824,24,,,,,,,,,,,,,,,,,,,,,2026-08-05 02:56:29.648,19.52,1,,,,,,,,
1.0.0,2026-08-05 02:56:30.277,26,,,,,,,,,,,,,,,,,,,,,2026-08-05 02:56:30.116,4.91,1,,,,,,,,
1.0.0,2026-08-05 02:56:30.280,28,49.18,0,1,0.1934,6.18,0.58,1.26,79.71,100,625.67,100,26,7.02,74.18,12,15.12,801.7,0.156,1.25,0,,,,0,,17.9,53,16,2040,2403.581952,37.623
1.0.0,2026-08-05 02:56:31.330,29,49.1,0,1,0.1685,6.8,0.62,1.43,65.75,84,529.17,84,29,7.46,81.6,12,17.2,701.18,0.156,1.047,1,,,,0,,16.4,53,17,2040,2369.503232,37.624
1.0.0,2026-08-05 02:56:31.627,27,,,,,,,,,,,,,,,,,,,,,2026-08-05 02:56:31.430,6.0,1,,,,,,,,
1.0.0,2026-08-05 02:56:32.531,30,49.33,0,1,0.1956,6.47,0.63,1.23,72.6,96,590.7,96,30,7.56,77.63,12,14.8,763.29,0.203,1.203,1,,,,0,,17.9,53,20,2040,2369.503232,37.383
1.0.0,2026-08-05 02:56:33.710,31,49.24,0,1,0.1883,6.23,0.58,1.23,64.2,91,594.53,91,28,6.95,74.8,12,14.77,755.25,0.188,1.141,0,,,,0,,17.5,53,10,2040,2369.503232,37.868
1.0.0,2026-08-05 02:56:33.891,29,,,,,,,,,,,,,,,,,,,,,2026-08-05 02:56:33.730,8.43,1,,,,,,,,
1.0.0,2026-08-05 02:56:34.515,28,,,,,,,,,,,,,,,,,,,,,2026-08-05 02:56:34.351,12.15,1,,,,,,,,
1.0.0,2026-08-05 02:56:34.925,32,49.23,0,1,0.2375,6.59,0.67,1.28,112.18,100,714.87,100,24,8.01,79.11,12,15.38,929.55,0.156,1.25,1,,,,0,,20.5,53,9,2040,2403.581952,37.828
1.0.0,2026-08-05 02:56:35.097,30,,,,,,,,,,,,,,,,,,,,,2026-08-05 02:56:34.931,9.07,1,,,,,,,,
1.0.0,2026-08-05 02:56:36.117,33,49.06,0,1,0.1954,6.19,0.62,1.37,70.76,95,575.37,95,27,7.4,74.3,12,16.43,744.26,0.187,1.187,0,,,,0,,19.3,53,16,2040,2369.503232,37.788
1.0.0,2026-08-05 02:56:37.216,34,49.11,0,1,0.2238,6.45,0.57,1.25,64.46,88,593.16,88,22,6.85,77.34,12,14.97,756.78,0.141,1.11,1,,,,0,,17.3,53,17,2040,2369.503232,37.754
1.0.0,2026-08-05 02:56:37.494,32,,,,,,,,,,,,,,,,,,,,,2026-08-05 02:56:37.326,10.25,1,,,,,,,,
1.0.0,2026-08-05 02:56:37.948,31,,,,,,,,,,,,,,,,,,,,,2026-08-05 02:56:37.783,10.19,1,,,,,,,,
1.0.0,2026-08-05 02:56:38.387,35,49.39,0,1,0.193,10.53,0.74,1.48,72.4,95,575.24,95,29,8.82,126.32,12,17.75,800.53,0.172,1.172,0,,,,0,,17.9,53,23,2040,2369.503232,37.792
1.0.0,2026-08-05 02:56:39.465,36,49.14,0,1,0.2116,12.58,0.7,1.59,63.94,85,672.63,85,23,8.41,151.01,12,19.08,915.07,0.188,1.078,1,,,,0,,19.0,53,12,2040,2403.581952,37.756
1.0.0,2026-08-05 02:56:39.778,34,,,,,,,,,,,,,,,,,,,,,2026-08-05 02:56:39.616,3.95,1,,,,,,,,
1.0.0,2026-08-05 02:56:40.360,33,,,,,,,,,,,,,,,,,,,,,2026-08-05 02:56:40.189,13.58,1,,,,,,,,
1.0.0,2026-08-05 02:56:40.576,37,49.21,0,1,0.1238,8.1,0.59,1.44,64.55,89,514.44,89,33,7.07,97.22,12,17.32,700.6,0.125,1.109,1,,,,0,,22.0,53,8,2040,2403.581952,37.738
1.0.0,2026-08-05 02:56:41.826,38,49.24,0,1,0.2003,6.33,0.6,1.24,76.01,100,643.34,100,28,7.16,75.97,12,14.93,817.41,0.156,1.25,1,,,,0,,19.3,53,8,2040,2403.581952,37.773
1.0.0,2026-08-05 02:56:42.042,36,,,,,,,,,,,,,,,,,,,,,2026-08-05 02:56:41.866,1.77,1,,,,,,,,
1.0.0,2026-08-05 02:56:42.618,35,,,,,,,,,,,,,,,,,,,,,2026-08-05 02:56:42.458,5.5,1,,,,,,,,
1.0.0,2026-08-05 02:56:43.094,39,56.61,0,1,0.1933,7.18,0.59,1.34,83.12,102,625.43,99,28,7.13,86.16,12,16.14,817.98,0.156,1.266,0,,,,0,,17.4,53,17,2040,2369.503232,37.846
1.0.0,2026-08-05 02:56:43.149,37,,,,,,,,,,,,,,,,,,,,,2026-08-05 02:56:42.976,16.81,1,,,,,,,,
1.0.0,2026-08-05 02:56:44.175,40,44.61,0,1,0.1685,7.89,0.5,1.28,62.99,86,561.44,89,29,5.98,94.71,12,15.39,740.51,0.188,1.078,1,,,,0,,20.2,53,16,2040,2369.503232,37.745
1.0.0,2026-08-05 02:56:44.386,38,,,,,,,,,,,,,,,,,,,,,2026-08-05 02:56:44.226,2.91,1,,,,,,,,
1.0.0,2026-08-05 02:56:45.324,41,49.21,0,1,0.1951,6.37,0.54,1.39,66.25,92,642.56,92,27,6.5,76.4,12,16.64,808.35,0.156,1.156,1,,,,0,,24.5,53,17,2040,2403.581952,37.704
1.0.0,2026-08-05 02:56:46.465,42,49.19,0,1,0.1881,6.5,0.56,1.29,102.9,91,545.75,91,27,6.69,77.97,12,15.47,748.78,0.141,1.141,0,,,,0,,20.4,54,22,2040,2403.581952,37.601
1.0.0,2026-08-05 02:56:46.739,40,,,,,,,,,,,,,,,,,,,,,2026-08-05 02:56:46.575,6.89,1,,,,,,,,
1.0.0,2026-08-05 02:56:47.329,39,,,,,,,,,,,,,,,,,,,,,2026-08-05 02:56:47.167,9.03,1,,,,,,,,
1.0.0,2026-08-05 02:56:47.766,43,49.11,0,1,0.2365,7.07,0.72,1.4,77.56,104,687.13,104,23,8.59,84.8,12,16.82,874.9,0.188,1.297,1,,,,0,,17.9,53,9,2040,2369.503232,37.816
1.0.0,2026-08-05 02:56:47.892,41,,,,,,,,,,,,,,,,,,,,,2026-08-05 02:56:47.725,9.22,1,,,,,,,,
1.0.0,2026-08-05 02:56:49.018,44,49.13,0,1,0.194,6.75,0.53,1.54,74.58,100,585.85,100,25,6.41,81.02,12,18.5,766.36,0.235,1.25,0,,,,0,,20.1,53,12,2040,2403.581952,38.021
1.0.0,2026-08-05 02:56:50.030,45,49.07,0,1,0.2237,6.15,0.48,1.21,64.65,82,578.03,82,21,5.72,73.8,12,14.53,736.73,0.156,1.015,1,,,,0,,20.9,54,16,2040,2403.581952,37.794
1.0.0,2026-08-05 02:56:50.362,43,,,,,,,,,,,,,,,,,,,,,2026-08-05 02:56:50.166,3.88,1,,,,,,,,
1.0.0,2026-08-05 02:56:50.704,42,,,,,,,,,,,,,,,,,,,,,2026-08-05 02:56:50.537,10.64,1,,,,,,,,
1.0.0,2026-08-05 02:56:51.175,46,49.07,0,1,0.1929,6.2,0.59,1.14,67.43,91,611.02,91,26,7.11,74.38,12,13.71,773.65,0.141,1.141,0,,,,0,,17.5,54,16,2040,2403.581952,37.77
1.0.0,2026-08-05 02:56:52.279,47,49.17,0,1,0.2118,6.66,0.58,1.3,99.91,89,626.67,89,25,6.93,79.96,12,15.57,829.04,0.203,1.109,1,,,,0,,20.0,54,15,2040,2403.581952,37.927
1.0.0,2026-08-05 02:56:52.610,45,,,,,,,,,,,,,,,,,,,,,2026-08-05 02:56:52.430,25.65,1,,,,,,,,
1.0.0,2026-08-05 02:56:53.251,44,,,,,,,,,,,,,,,,,,,,,2026-08-05 02:56:53.090,6.54,1,,,,,,,,
1.0.0,2026-08-05 02:56:53.376,48,49.06,0,1,0.124,5.97,0.49,1.24,62.45,87,509.25,87,33,5.91,71.61,12,14.89,664.11,0.156,1.094,1,,,,0,,19.7,54,22,2040,2403.581952,37.781
1.0.0,2026-08-05 02:56:54.626,49,37.51,0,1,0.2006,6.04,0.61,1.36,76.76,100,640.94,100,27,7.34,72.47,12,16.36,813.87,0.156,1.25,1,,,,0,,19.5,54,10,2040,2369.503232,37.543
1.0.0,2026-08-05 02:56:54.843,47,,,,,,,,,,,,,,,,,,,,,2026-08-05 02:56:54.680,6.13,1,,,,,,,,
1.0.0,2026-08-05 02:56:55.402,46,,,,,,,,,,,,,,,,,,,,,2026-08-05 02:56:55.247,2.05,1,,,,,,,,
1.0.0,2026-08-05 02:56:55.915,50,49.21,0,1,0.1936,6.5,0.55,1.29,76.48,103,606.0,103,27,6.62,78.0,12,15.44,782.54,0.187,1.281,0,,,,0,,20.7,54,8,2040,2369.503232,37.995
1.0.0,2026-08-05 02:56:55.947,48,,,,,,,,,,,,,,,,,,,,,2026-08-05 02:56:55.776,15.05,1,,,,,,,,
1.0.0,2026-08-05 02:56:56.975,51,49.34,0,1,0.1685,5.99,0.54,1.27,63.13,85,525.8,85,28,6.49,71.92,12,15.28,682.62,0.188,1.063,1,,,,0,,16.9,54,16,2040,2369.503232,38.029
1.0.0,2026-08-05 02:56:57.200,49,,,,,,,,,,,,,,,,,,,,,2026-08-05 02:56:57.026,16.4,1,,,,,,,,
1.0.0,2026-08-05 02:56:58.187,52,49.25,0,1,0.1942,6.07,0.67,1.35,72.67,98,604.51,98,26,8.05,72.82,12,16.14,774.19,0.203,1.218,1,,,,0,,17.2,54,16,2040,2369.503232,37.861
1.0.0,2026-08-05 02:56:59.326,53,49.3,0,1,0.1881,9.21,0.63,1.33,67.79,90,616.41,90,27,7.62,110.55,12,15.93,818.3,0.187,1.141,0,,,,0,,20.2,54,17,2040,2403.581952,37.853
1.0.0,2026-08-05 02:56:59.546,51,,,,,,,,,,,,,,,,,,,,,2026-08-05 02:56:59.375,13.47,1,,,,,,,,
1.0.0,2026-08-05 02:57:00.158,50,,,,,,,,,,,,,,,,,,,,,2026-08-05 02:56:59.986,15.08,1,,,,,,,,
1.0.0,2026-08-05 02:57:00.575,54,49.31,0,1,0.237,6.1,0.6,1.36,70.74,100,692.8,100,23,7.19,73.15,12,16.32,860.2,0.156,1.25,1,,,,0,,21.8,54,15,2040,2403.581952,37.382
1.0.0,2026-08-05 02:57:00.745,52,,,,,,,,,,,,,,,,,,,,,2026-08-05 02:57:00.587,2.29,1,,,,,,,,
1.0.0,2026-08-05 02:57:01.816,55,49.12,0,1,0.1988,6.4,0.55,1.42,68.49,99,607.97,99,25,6.61,76.79,12,17.06,776.92,0.234,1.234,0,,,,0,,18.2,54,8,2040,2403.581952,38.03
1.0.0,2026-08-05 02:57:02.826,56,48.95,0,1,0.224,5.57,0.61,1.34,102.27,81,599.65,81,22,7.3,66.84,12,16.08,792.14,0.156,1.016,1,,,,0,,19.0,54,17,2040,2369.503232,38.021
1.0.0,2026-08-05 02:57:03.144,54,,,,,,,,,,,,,,,,,,,,,2026-08-05 02:57:02.976,14.9,1,,,,,,,,
1.0.0,2026-08-05 02:57:03.565,53,,,,,,,,,,,,,,,,,,,,,2026-08-05 02:57:03.398,11.45,1,,,,,,,,
1.0.0,2026-08-05 02:57:03.966,57,53.09,0,1,0.1925,6.8,0.72,1.45,69.55,91,570.67,91,26,8.61,81.6,12,17.44,747.87,0.141,1.141,0,,,,0,,19.5,54,16,2040,2403.581952,37.874
1.0.0,2026-08-05 02:57:05.076,58,43.56,0,1,0.2122,6.11,0.58,1.33,65.07,89,600.13,89,24,6.97,73.37,12,15.99,761.53,0.156,1.109,1,,,,0,,19.4,54,16,2040,2403.581952,37.92
1.0.0,2026-08-05 02:57:05.389,56,,,,,,,,,,,,,,,,,,,,,2026-08-05 02:57:05.226,6.93,1,,,,,,,,
1.0.0,2026-08-05 02:57:06.061,55,,,,,,,,,,,,,,,,,,,,,2026-08-05 02:57:05.889,16.05,1,,,,,,,,
1.0.0,2026-08-05 02:57:06.174,59,49.26,0,1,0.124,6.32,0.66,1.27,66.05,88,486.47,88,32,7.89,75.86,12,15.29,651.56,0.156,1.094,1,,,,0,,18.3,54,15,2040,2403.581952,37.858
1.0.0,2026-08-05 02:57:07.426,60,49.16,0,1,0.2009,6.21,0.57,1.29,71.23,100,665.11,100,28,6.88,74.52,12,15.45,833.19,0.156,1.25,1,,,,0,,17.8,54,26,2040,2369.503232,37.758
1.0.0,2026-08-05 02:57:07.650,58,,,,,,,,,,,,,,,,,,,,,2026-08-05 02:57:07.476,15.87,1,,,,,,,,
1.0.0,2026-08-05 02:57:08.200,57,,,,,,,,,,,,,,,,,,,,,2026-08-05 02:57:08.037,6.81,1,,,,,,,,
1.0.0,2026-08-05 02:57:08.716,61,49.15,0,1,0.1932,7.77,0.74,1.49,74.43,103,662.99,103,27,8.9,93.27,12,17.86,857.45,0.141,1.297,0,,,,0,,20.0,54,8,2040,2403.581952,37.778
1.0.0,2026-08-05 02:57:08.746,59,,,,,,,,,,,,,,,,,,,,,2026-08-05 02:57:08.575,15.21,1,,,,,,,,
1.0.0,2026-08-05 02:57:09.780,62,49.28,0,1,0.1686,8.66,0.64,1.59,62.97,86,584.11,86,28,7.62,103.97,12,19.05,777.72,0.125,1.062,1,,,,0,,19.8,54,10,2040,2403.581952,38.171
1.0.0,2026-08-05 02:57:09.984,60,,,,,,,,,,,,,,,,,,,,,2026-08-05 02:57:09.826,2.04,1,,,,,,,,
1.0.0,2026-08-05 02:57:10.966,63,49.28,0,1,0.1953,6.01,0.56,1.38,68.49,94,600.04,94,28,6.77,72.15,12,16.51,763.96,0.188,1.188,1,,,,0,,17.8,54,11,2040,2403.581952,37.911
1.0.0,2026-08-05 02:57:12.126,64,49.29,0,1,0.1883,6.59,0.54,1.31,69.42,93,568.2,93,28,6.52,79.1,12,15.67,738.91,0.188,1.156,0,,,,0,,17.6,54,8,2040,2403.581952,37.842
1.0.0,2026-08-05 02:57:12.342,62,,,,,,,,,,,,,,,,,,,,,2026-08-05 02:57:12.180,3.08,1,,,,,,,,
1.0.0,2026-08-05 02:57:12.952,61,,,,,,,,,,,,,,,,,,,,,2026-08-05 02:57:12.787,10.69,1,,,,,,,,
1.0.0,2026-08-05 02:57:13.376,65,38.93,0,1,0.2362,6.36,0.54,1.27,72.79,100,686.37,100,21,6.5,76.31,12,15.23,857.2,0.156,1.25,1,,,,0,,20.5,54,23,2040,2369.503232,37.928
1.0.0,2026-08-05 02:57:13.531,63,,,,,,,,,,,,,,,,,,,,,2026-08-05 02:57:13.366,9.24,1,,,,,,,,
1.0.0,2026-08-05 02:57:14.615,66,49.27,0,1,0.1976,7.3,0.51,1.38,68.5,99,659.03,99,27,6.07,87.6,12,16.5,837.7,0.234,1.234,0,,,,0,,18.9,54,9,2040,2403.581952,37.704
1.0.0,2026-08-05 02:57:15.666,67,49.15,0,1,0.2237,6.48,0.55,1.19,63.64,84,609.26,84,22,6.66,77.74,12,14.31,771.61,0.14,1.063,1,,,,0,,18.7,54,8,2040,2369.503232,38.081
1.0.0,2026-08-05 02:57:15.946,65,,,,,,,,,,,,,,,,,,,,,2026-08-05 02:57:15.776,14.91,1,,,,,,,,
1.0.0,2026-08-05 02:57:16.369,64,,,,,,,,,,,,,,,,,,,,,2026-08-05 02:57:16.198,14.84,1,,,,,,,,
1.0.0,2026-08-05 02:57:16.830,68,49.29,0,1,0.1927,6.49,0.55,1.41,63.95,94,640.77,93,28,6.64,77.88,12,16.97,806.21,0.187,1.156,0,,,,0,,18.7,54,7,2040,2369.503232,37.881
1.0.0,2026-08-05 02:57:17.825,69,48.99,0,1,0.21,6.7,0.57,1.33,60.74,79,566.5,80,24,6.9,80.41,12,16.02,730.57,0.187,1.0,1,,,,0,,21.5,54,17,2040,2403.581952,37.992
1.0.0,2026-08-05 02:57:18.228,67,,,,,,,,,,,,,,,,,,,,,2026-08-05 02:57:18.067,2.41,1,,,,,,,,
1.0.0,2026-08-05 02:57:18.848,66,,,,,,,,,,,,,,,,,,,,,2026-08-05 02:57:18.687,9.72,1,,,,,,,,
1.0.0,2026-08-05 02:57:18.965,70,49.27,0,1,0.1236,6.3,0.57,1.4,71.14,91,494.02,91,32,6.89,75.57,12,16.81,664.43,0.141,1.141,1,,,,0,,20.4,54,16,2040,2403.581952,37.936
1.0.0,2026-08-05 02:57:20.267,71,49.22,0,1,0.2012,6.79,0.58,1.3,76.59,104,596.94,104,26,6.93,81.44,12,15.61,777.51,0.188,1.297,1,,,,0,,19.5,54,16,2040,2369.503232,37.891
1.0.0,2026-08-05 02:57:20.388,69,,,,,,,,,,,,,,,,,,,,,2026-08-05 02:57:20.225,5.81,1,,,,,,,,
1.0.0,2026-08-05 02:57:21.061,68,,,,,,,,,,,,,,,,,,,,,2026-08-05 02:57:20.902,3.8,1,,,,,,,,
1.0.0,2026-08-05 02:57:21.529,72,48.99,0,1,0.1933,6.34,0.59,1.47,74.56,102,614.85,102,29,7.03,76.13,12,17.59,790.16,0.156,1.265,0,,,,0,,17.5,54,19,2040,2403.581952,37.546
1.0.0,2026-08-05 02:57:21.531,70,,,,,,,,,,,,,,,,,,,,,2026-08-05 02:57:21.366,7.4,1,,,,,,,,
1.0.0,2026-08-05 02:57:22.577,73,49.19,0,1,0.1686,6.04,0.56,1.36,62.95,83,535.55,83,29,6.75,72.45,12,16.32,694.02,0.156,1.047,1,,,,0,,19.3,54,9,2040,2369.503232,38.084
1.0.0,2026-08-05 02:57:22.824,71,,,,,,,,,,,,,,,,,,,,,2026-08-05 02:57:22.667,2.79,1,,,,,,,,
1.0.0,2026-08-05 02:57:23.780,74,38.84,0,1,0.1949,6.23,0.61,1.31,73.89,97,625.95,97,28,7.38,74.72,12,15.74,797.68,0.203,1.203,1,,,,0,,19.8,54,9,2040,2403.581952,37.892
1.0.0,2026-08-05 02:57:24.926,75,49.35,0,1,0.188,6.48,0.55,1.24,68.75,91,605.95,91,28,6.62,77.73,12,14.89,773.94,0.156,1.141,0,,,,0,,20.0,54,15,2040,2403.581952,38.068
1.0.0,2026-08-05 02:57:25.140,73,,,,,,,,,,,,,,,,,,,,,2026-08-05 02:57:24.977,6.35,1,,,,,,,,
1.0.0,2026-08-05 02:57:25.765,72,,,,,,,,,,,,,,,,,,,,,2026-08-05 02:57:25.601,7.88,1,,,,,,,,
1.0.0,2026-08-05 02:57:26.175,76,49.2,0,1,0.2383,6.59,0.61,1.35,73.42,100,718.27,100,25,7.33,79.08,12,16.16,894.26,0.156,1.25,1,,,,0,,17.9,54,16,2040,2369.503232,37.953
1.0.0,2026-08-05 02:57:26.342,74,,,,,,,,,,,,,,,,,,,,,2026-08-05 02:57:26.180,3.98,1,,,,,,,,
1.0.0,2026-08-05 02:57:27.429,77,49.32,0,1,0.1997,8.38,0.69,1.41,77.54,101,613.53,100,26,8.24,100.57,12,16.89,816.77,0.203,1.25,0,,,,0,,19.5,54,22,2040,2369.503232,37.861
1.0.0,2026-08-05 02:57:28.466,78,49.48,0,1,0.2239,13.17,0.72,1.37,61.85,82,588.51,83,22,8.69,158.04,12,16.38,833.47,0.141,1.047,1,,,,0,,20.1,54,14,2040,2403.581952,38.17
1.0.0,2026-08-05 02:57:28.739,76,,,,,,,,,,,,,,,,,,,,,2026-08-05 02:57:28.575,5.94,1,,,,,,,,
1.0.0,2026-08-05 02:57:29.163,75,,,,,,,,,,,,,,,,,,,,,2026-08-05 02:57:28.997,7.88,1,,,,,,,,
1.0.0,2026-08-05 02:57:29.628,79,49.24,0,1,0.1928,6.83,0.64,1.41,63.72,93,660.17,93,26,7.74,81.95,12,16.94,830.52,0.141,1.156,0,,,,0,,19.5,54,9,2040,2403.581952,37.931
1.0.0,2026-08-05 02:57:30.677,80,49.24,0,1,0.2106,7.04,0.53,1.35,64.61,84,645.73,84,24,6.35,84.42,12,16.17,817.28,0.172,1.047,1,,,,0,,18.9,54,8,2040,2369.503232,38.053
1.0.0,2026-08-05 02:57:31.037,78,,,,,,,,,,,,,,,,,,,,,2026-08-05 02:57:30.867,11.87,1,,,,,,,,
1.0.0,2026-08-05 02:57:31.663,77,,,,,,,,,,,,,,,,,,,,,2026-08-05 02:57:31.501,5.76,1,,,,,,,,
1.0.0,2026-08-05 02:57:31.827,81,49.23,0,1,0.1231,6.87,0.7,1.41,69.08,92,495.32,92,33,8.43,82.38,12,16.95,672.16,0.156,1.156,1,,,,0,,16.7,54,9,2040,2403.581952,37.899
1.0.0,2026-08-05 02:57:33.076,82,49.27,0,1,0.2004,6.71,0.55,1.35,73.24,100,625.43,100,28,6.58,80.58,12,16.24,802.07,0.156,1.25,1,,,,0,,21.8,54,17,2040,2403.581952,38.09
1.0.0,2026-08-05 02:57:33.284,80,,,,,,,,,,,,,,,,,,,,,2026-08-05 02:57:33.077,42.82,1,,,,,,,,
1.0.0,2026-08-05 02:57:33.865,79,,,,,,,,,,,,,,,,,,,,,2026-08-05 02:57:33.699,11.86,1,,,,,,,,
1.0.0,2026-08-05 02:57:34.366,83,49.23,0,1,0.1935,6.63,0.59,1.31,78.73,103,723.63,103,28,7.11,79.53,12,15.71,904.71,0.187,1.281,0,,,,0,,22.1,54,20,2040,2369.503232,38.016
1.0.0,2026-08-05 02:57:34.392,81,,,,,,,,,,,,,,,,,,,,,2026-08-05 02:57:34.227,9.86,1,,,,,,,,
1.0.0,2026-08-05 02:57:35.426,84,49.1,0,1,0.1685,6.01,0.52,1.28,66.37,85,574.29,85,28,6.21,72.16,12,15.33,734.36,0.188,1.063,1,,,,0,,19.6,54,18,2040,2369.503232,38.083
1.0.0,2026-08-05 02:57:35.645,82,,,,,,,,,,,,,,,,,,,,,2026-08-05 02:57:35.477,12.73,1,,,,,,,,
1.0.0,2026-08-05 02:57:36.576,85,49.15,0,1,0.1953,6.65,0.62,1.27,72.12,92,590.25,92,27,7.48,79.8,12,15.22,764.87,0.156,1.156,1,,,,0,,19.2,54,8,2040,2369.503232,37.784
1.0.0,2026-08-05 02:57:37.716,86,49.3,0,1,0.1881,7.09,0.56,1.29,68.37,91,572.53,91,28,6.72,85.08,12,15.5,748.2,0.141,1.141,0,,,,0,,19.4,54,8,2040,2369.503232,38.077
1.0.0,2026-08-05 02:57:37.985,84,,,,,,,,,,,,,,,,,,,,,2026-08-05 02:57:37.826,2.01,1,,,,,,,,
1.0.0,2026-08-05 02:57:38.598,83,,,,,,,,,,,,,,,,,,,,,2026-08-05 02:57:38.438,2.01,1,,,,,,,,
1.0.0,2026-08-05 02:57:38.966,87,48.94,0,1,0.2378,7.37,0.59,1.45,73.76,100,659.07,100,24,7.1,88.46,12,17.43,845.82,0.141,1.25,1,,,,0,,21.5,54,11,2040,2369.503232,38.111
1.0.0,2026-08-05 02:57:39.140,85,,,,,,,,,,,,,,,,,,,,,2026-08-05 02:57:38.976,9.02,1,,,,,,,,
1.0.0,2026-08-05 02:57:40.268,88,49.29,0,1,0.1937,6.18,0.58,1.39,77.46,104,612.83,104,28,6.93,74.15,12,16.73,788.1,0.188,1.297,0,,,,0,,19.1,54,16,2040,2369.503232,38.08
1.0.0,2026-08-05 02:57:41.281,89,49.0,0,1,0.2241,6.15,0.51,1.21,59.9,82,617.94,82,21,6.08,73.81,12,14.55,772.28,0.156,1.015,1,,,,0,,17.5,54,8,2040,2403.581952,37.839
1.0.0,2026-08-05 02:57:41.532,87,,,,,,,,,,,,,,,,,,,,,2026-08-05 02:57:41.366,9.1,1,,,,,,,,
1.0.0,2026-08-05 02:57:41.955,86,,,,,,,,,,,,,,,,,,,,,2026-08-05 02:57:41.787,12.92,1,,,,,,,,
1.0.0,2026-08-05 02:57:42.428,90,49.17,0,1,0.1929,6.65,0.65,1.54,62.65,91,597.75,91,28,7.75,79.85,12,18.5,766.5,0.141,1.141,0,,,,0,,19.0,54,19,2040,2369.503232,37.541
1.0.0,2026-08-05 02:57:43.466,91,49.09,0,1,0.2104,6.2,0.54,1.47,75.31,83,568.06,83,25,6.51,74.43,12,17.62,741.93,0.188,1.047,1,,,,0,,19.4,54,18,2040,2403.581952,38.17
1.0.0,2026-08-05 02:57:43.852,89,,,,,,,,,,,,,,,,,,,,,2026-08-05 02:57:43.681,14.88,1,,,,,,,,
1.0.0,2026-08-05 02:57:44.506,88,,,,,,,,,,,,,,,,,,,,,2026-08-05 02:57:44.339,10.59,1,,,,,,,,
1.0.0,2026-08-05 02:57:44.625,92,46.18,0,1,0.1242,6.95,0.63,1.28,69.21,93,476.16,93,33,7.53,83.39,12,15.38,651.67,0.156,1.156,1,,,,0,,17.7,54,11,2040,2369.503232,37.209
1.0.0,2026-08-05 02:57:45.876,93,49.15,0,1,0.2006,6.78,0.57,1.29,74.12,100,636.22,100,28,6.78,81.3,12,15.46,813.88,0.156,1.25,1,,,,0,,15.0,54,8,2040,2369.503232,38.11
1.0.0,2026-08-05 02:57:46.025,91,,,,,,,,,,,,,,,,,,,,,2026-08-05 02:57:45.866,4.51,1,,,,,,,,
1.0.0,2026-08-05 02:57:46.666,90,,,,,,,,,,,,,,,,,,,,,2026-08-05 02:57:46.499,10.87,1,,,,,,,,
1.0.0,2026-08-05 02:57:47.188,94,49.25,0,1,0.1932,8.35,3.47,1.4,82.36,106,640.63,106,26,41.6,100.22,12,16.79,881.6,0.171,1.312,0,,,,0,,18.3,54,16,2040,2403.581952,38.058
1.0.0,2026-08-05 02:57:47.199,92,,,,,,,,,,,,,,,,,,,,,2026-08-05 02:57:47.026,15.1,1,,,,,,,,
1.0.0,2026-08-05 02:57:48.216,95,49.22,0,1,0.1686,7.59,0.66,1.4,62.14,81,522.01,81,28,7.87,91.02,12,16.76,699.8,0.188,1.032,1,,,,0,,18.5,54,16,2040,2403.581952,38.138
1.0.0,2026-08-05 02:57:48.439,93,,,,,,,,,,,,,,,,,,,,,2026-08-05 02:57:48.276,8.17,1,,,,,,,,
1.0.0,2026-08-05 02:57:49.426,96,49.34,0,1,0.1949,6.02,0.48,1.29,70.27,97,584.31,97,26,5.78,72.22,12,15.48,748.06,0.188,1.203,1,,,,0,,18.2,54,17,2040,2403.581952,38.041
1.0.0,2026-08-05 02:57:50.530,97,49.26,0,1,0.1885,6.16,0.67,1.35,68.92,89,614.42,89,27,8.08,73.95,12,16.21,781.58,0.156,1.109,0,,,,0,,18.3,54,22,2040,2369.503232,37.957
1.0.0,2026-08-05 02:57:50.816,95,,,,,,,,,,,,,,,,,,,,,2026-08-05 02:57:50.617,8.1,1,,,,,,,,
1.0.0,2026-08-05 02:57:51.423,94,,,,,,,,,,,,,,,,,,,,,2026-08-05 02:57:51.260,7.94,1,,,,,,,,
1.0.0,2026-08-05 02:57:51.862,98,49.21,0,1,0.2374,6.25,0.57,1.33,75.96,103,679.05,103,22,6.89,74.96,12,15.9,852.76,0.156,1.297,1,,,,0,,17.6,54,8,2040,2403.581952,37.966
1.0.0,2026-08-05 02:57:52.016,96,,,,,,,,,,,,,,,,,,,,,2026-08-05 02:57:51.826,33.52,1,,,,,,,,
1.0.0,2026-08-05 02:57:53.031,99,49.25,0,1,0.1945,5.99,0.62,1.33,110.88,97,632.73,97,28,7.47,71.85,12,15.94,838.87,0.156,1.203,0,,,,0,,18.3,54,15,2040,2403.581952,38.359
1.0.0,2026-08-05 02:57:54.076,100,49.28,0,1,0.2239,6.47,0.55,1.29,60.65,83,618.58,83,23,6.55,77.62,12,15.54,778.94,0.141,1.047,1,,,,0,,18.7,55,17,2040,2369.503232,38.082
1.0.0,2026-08-05 02:57:54.430,98,,,,,,,,,,,,,,,,,,,,,2026-08-05 02:57:54.262,13.48,1,,,,,,,,
1.0.0,2026-08-05 02:57:54.769,97,,,,,,,,,,,,,,,,,,,,,2026-08-05 02:57:54.603,12.94,1,,,,,,,,
1.0.0,2026-08-05 02:57:55.217,101,48.95,0,1,0.193,6.89,0.6,1.4,65.67,91,579.65,91,26,7.23,82.68,12,16.83,752.06,0.141,1.141,0,,,,0,,16.1,55,15,2040,2369.503232,38.064
1.0.0,2026-08-05 02:57:56.280,102,48.83,0,1,0.2104,6.45,0.5,1.45,66.51,86,569.41,86,26,6.05,77.45,12,17.35,736.77,0.203,1.062,1,,,,0,,17.6,55,16,2040,2369.503232,38.156
1.0.0,2026-08-05 02:57:56.647,100,,,,,,,,,,,,,,,,,,,,,2026-08-05 02:57:56.477,12.95,1,,,,,,,,
1.0.0,2026-08-05 02:57:57.266,99,,,,,,,,,,,,,,,,,,,,,2026-08-05 02:57:57.103,9.23,1,,,,,,,,
1.0.0,2026-08-05 02:57:57.437,103,49.13,0,1,0.1239,7.65,0.63,1.54,68.42,93,490.91,93,33,7.59,91.83,12,18.53,677.28,0.125,1.156,1,,,,0,,21.3,55,22,2040,2403.581952,38.138
1.0.0,2026-08-05 02:57:58.687,104,49.2,0,1,0.201,12.77,3.46,1.46,77.37,100,625.07,100,27,41.52,153.25,12,17.56,914.77,0.171,1.25,1,,,,0,,23.1,54,9,2040,2403.581952,37.709
1.0.0,2026-08-05 02:57:58.842,102,,,,,,,,,,,,,,,,,,,,,2026-08-05 02:57:58.681,4.75,1,,,,,,,,
1.0.0,2026-08-05 02:57:59.454,101,,,,,,,,,,,,,,,,,,,,,2026-08-05 02:57:59.288,6.83,1,,,,,,,,
1.0.0,2026-08-05 02:57:59.967,105,49.3,0,1,0.1933,6.72,0.59,1.48,75.74,101,649.12,101,28,7.02,80.64,12,17.71,830.23,0.141,1.282,0,,,,0,,18.2,55,8,2040,2403.581952,38.27
1.0.0,2026-08-05 02:58:00.005,103,,,,,,,,,,,,,,,,,,,,,2026-08-05 02:57:59.838,8.07,1,,,,,,,,
1.0.0,2026-08-05 02:58:01.029,106,49.19,0,1,0.1686,6.84,0.56,1.3,70.5,86,564.16,86,28,6.75,82.11,12,15.55,739.07,0.156,1.062,1,,,,0,,18.2,55,16,2040,2403.581952,38.194
1.0.0,2026-08-05 02:58:01.252,104,,,,,,,,,,,,,,,,,,,,,2026-08-05 02:58:01.087,10.0,1,,,,,,,,
1.0.0,2026-08-05 02:58:02.216,107,49.46,0,1,0.1945,6.42,0.62,1.28,101.44,94,574.75,94,30,7.45,77.07,12,15.34,776.05,0.188,1.188,1,,,,0,,20.5,55,16,2040,2369.503232,38.118
1.0.0,2026-08-05 02:58:03.376,108,51.3,0,1,0.1883,6.46,0.51,1.39,71.7,93,570.7,93,28,6.07,77.47,12,16.7,742.64,0.188,1.156,0,,,,0,,19.6,55,16,2040,2403.581952,38.116
1.0.0,2026-08-05 02:58:03.597,106,,,,,,,,,,,,,,,,,,,,,2026-08-05 02:58:03.430,9.12,1,,,,,,,,
1.0.0,2026-08-05 02:58:04.203,105,,,,,,,,,,,,,,,,,,,,,2026-08-05 02:58:04.038,5.99,1,,,,,,,,
1.0.0,2026-08-05 02:58:04.627,109,49.27,0,1,0.2377,5.87,0.59,1.35,80.03,100,674.19,100,22,7.07,70.44,12,16.14,847.87,0.156,1.25,1,,,,0,,15.9,55,18,2040,2403.581952,37.644
1.0.0,2026-08-05 02:58:04.784,107,,,,,,,,,,,,,,,,,,,,,2026-08-05 02:58:04.616,10.84,1,,,,,,,,
1.0.0,2026-08-05 02:58:05.866,110,48.86,0,1,0.2022,6.06,0.64,1.42,67.7,99,589.49,99,26,7.66,72.77,12,17.02,754.64,0.187,1.234,0,,,,0,,17.3,55,8,2040,2369.503232,38.262
1.0.0,2026-08-05 02:58:06.916,111,49.14,0,1,0.2241,6.42,0.62,1.35,63.11,84,595.26,84,23,7.4,77.06,12,16.14,758.97,0.187,1.063,1,,,,0,,19.0,55,17,2040,2403.581952,38.282
1.0.0,2026-08-05 02:58:07.188,109,,,,,,,,,,,,,,,,,,,,,2026-08-05 02:58:07.026,4.05,1,,,,,,,,
1.0.0,2026-08-05 02:58:07.613,108,,,,,,,,,,,,,,,,,,,,,2026-08-05 02:58:07.446,12.72,1,,,,,,,,
1.0.0,2026-08-05 02:58:08.078,112,49.26,0,1,0.1931,12.15,0.69,4.62,69.06,93,585.16,93,28,8.28,145.83,12,55.38,863.71,0.156,1.156,0,,,,0,,19.6,55,17,2040,2403.581952,38.17
1.0.0,2026-08-05 02:58:09.076,113,49.17,0,1,0.211,9.87,0.52,1.31,58.61,80,597.7,80,24,6.19,118.42,12,15.67,796.59,0.156,1.0,1,,,,0,,17.6,55,16,2040,2369.503232,38.15
1.0.0,2026-08-05 02:58:09.489,111,,,,,,,,,,,,,,,,,,,,,2026-08-05 02:58:09.316,14.83,1,,,,,,,,
1.0.0,2026-08-05 02:58:10.110,110,,,,,,,,,,,,,,,,,,,,,2026-08-05 02:58:09.938,15.68,1,,,,,,,,
1.0.0,2026-08-05 02:58:10.282,114,49.17,0,1,0.1233,6.15,0.66,1.38,67.37,97,464.26,97,32,7.89,73.77,12,16.59,629.88,0.172,1.203,1,,,,0,,17.4,55,16,2040,2403.581952,38.061
1.0.0,2026-08-05 02:58:11.530,115,49.11,0,1,0.2004,6.4,0.62,1.35,103.29,100,608.43,100,28,7.44,76.81,12,16.24,812.21,0.156,1.25,1,,,,0,,19.1,55,17,2040,2403.581952,37.888
1.0.0,2026-08-05 02:58:11.638,113,,,,,,,,,,,,,,,,,,,,,2026-08-05 02:58:11.475,6.36,1,,,,,,,,
1.0.0,2026-08-05 02:58:12.311,112,,,,,,,,,,,,,,,,,,,,,2026-08-05 02:58:12.149,4.67,1,,,,,,,,
1.0.0,2026-08-05 02:58:12.816,116,48.55,0,1,0.1935,5.93,0.58,1.37,77.24,102,660.5,102,27,7.01,71.2,12,16.47,832.42,0.187,1.281,0,,,,0,,20.1,55,10,2040,2386.542592,37.659
1.0.0,2026-08-05 02:58:12.873,114,,,,,,,,,,,,,,,,,,,,,2026-08-05 02:58:12.682,38.91,1,,,,,,,,
1.0.0,2026-08-05 02:58:13.825,117,38.44,0,1,0.1687,5.79,0.52,1.22,60.74,81,528.59,81,29,6.25,69.48,12,14.67,679.73,0.156,1.016,1,,,,0,,19.9,55,12,2040,2403.581952,38.337
1.0.0,2026-08-05 02:58:14.094,115,,,,,,,,,,,,,,,,,,,,,2026-08-05 02:58:13.930,6.19,1,,,,,,,,
1.0.0,2026-08-05 02:58:15.031,118,49.23,0,1,0.1952,7.21,0.65,1.44,66.46,97,643.42,97,28,7.85,86.5,12,17.25,821.48,0.156,1.203,1,,,,0,,19.1,55,10,2040,2403.581952,38.073
1.0.0,2026-08-05 02:58:16.177,119,49.11,0,1,0.1882,6.89,0.56,1.3,67.63,91,602.89,91,27,6.7,82.7,12,15.64,775.56,0.156,1.141,0,,,,0,,20.0,55,16,2040,2369.503232,38.113
1.0.0,2026-08-05 02:58:16.387,117,,,,,,,,,,,,,,,,,,,,,2026-08-05 02:58:16.225,4.3,1,,,,,,,,
1.0.0,2026-08-05 02:58:17.045,116,,,,,,,,,,,,,,,,,,,,,2026-08-05 02:58:16.888,4.19,1,,,,,,,,
1.0.0,2026-08-05 02:58:17.466,120,49.02,0,1,0.2376,7.69,0.59,1.43,78.73,103,668.05,103,24,7.05,92.31,12,17.16,863.3,0.203,1.297,1,,,,0,,19.8,55,24,2040,2403.581952,38.199
1.0.0,2026-08-05 02:58:17.596,118,,,,,,,,,,,,,,,,,,,,,2026-08-05 02:58:17.431,7.2,1,,,,,,,,
1.0.0,2026-08-05 02:58:18.721,121,48.99,0,1,0.2026,6.47,0.54,1.33,72.79,100,602.54,100,26,6.54,77.67,12,15.93,775.47,0.203,1.25,0,,,,0,,18.7,55,8,2040,2403.581952,37.998
1.0.0,2026-08-05 02:58:19.731,122,49.29,0,1,0.2239,6.49,0.48,1.26,60.21,82,622.42,82,21,5.78,77.86,12,15.18,781.45,0.156,1.015,1,,,,0,,18.8,55,8,2040,2369.503232,38.311
1.0.0,2026-08-05 02:58:20.026,120,,,,,,,,,,,,,,,,,,,,,2026-08-05 02:58:19.866,4.42,1,,,,,,,,
1.0.0,2026-08-05 02:58:20.414,119,,,,,,,,,,,,,,,,,,,,,2026-08-05 02:58:20.248,10.61,1,,,,,,,,
1.0.0,2026-08-05 02:58:20.879,123,49.14,0,1,0.1928,6.62,0.61,1.46,65.87,92,647.18,91,27,7.38,79.44,12,17.48,817.35,0.141,1.141,0,,,,0,,19.0,55,7,2040,2369.503232,38.09
1.0.0,2026-08-05 02:58:21.926,124,49.31,0,1,0.2106,5.91,0.53,1.23,95.6,83,577.61,84,25,6.37,70.94,12,14.74,765.26,0.203,1.047,1,,,,0,,20.2,55,18,2040,2403.581952,38.25
1.0.0,2026-08-05 02:58:22.301,122,,,,,,,,,,,,,,,,,,,,,2026-08-05 02:58:22.131,13.91,1,,,,,,,,
1.0.0,2026-08-05 02:58:22.956,121,,,,,,,,,,,,,,,,,,,,,2026-08-05 02:58:22.793,4.72,1,,,,,,,,
1.0.0,2026-08-05 02:58:23.076,125,49.28,0,1,0.1238,5.68,0.62,1.37,64.49,92,463.82,92,33,7.42,68.17,12,16.41,620.31,0.156,1.156,1,,,,0,,19.1,55,18,2040,2369.503232,38.091
1.0.0,2026-08-05 02:58:24.327,126,49.26,0,1,0.2007,7.17,0.54,1.27,110.43,100,629.87,100,28,6.44,86.09,12,15.28,848.11,0.156,1.25,1,,,,0,,17.5,55,16,2040,2403.581952,38.168
1.0.0,2026-08-05 02:58:24.498,124,,,,,,,,,,,,,,,,,,,,,2026-08-05 02:58:24.327,15.22,1,,,,,,,,
1.0.0,2026-08-05 02:58:25.108,123,,,,,,,,,,,,,,,,,,,,,2026-08-05 02:58:24.951,1.56,1,,,,,,,,
1.0.0,2026-08-05 02:58:25.631,127,49.17,0,1,0.1934,6.06,0.52,1.37,80.44,105,623.49,104,28,6.24,72.69,12,16.46,799.32,0.156,1.297,0,,,,0,,18.9,55,17,2040,2369.503232,37.654
1.0.0,2026-08-05 02:58:25.636,125,,,,,,,,,,,,,,,,,,,,,2026-08-05 02:58:25.476,4.99,1,,,,,,,,
1.0.0,2026-08-05 02:58:26.676,128,49.34,0,1,0.1685,5.93,0.55,1.28,61.61,83,572.85,84,28,6.57,71.16,12,15.38,727.57,0.188,1.047,1,,,,0,,18.8,55,9,2040,2369.503232,38.399
1.0.0,2026-08-05 02:58:26.898,126,,,,,,,,,,,,,,,,,,,,,2026-08-05 02:58:26.728,13.13,1,,,,,,,,
1.0.0,2026-08-05 02:58:27.826,129,49.16,0,1,0.1941,10.55,3.21,1.28,67.04,92,610.09,92,27,38.46,126.63,12,15.37,857.59,0.156,1.156,1,,,,0,,17.8,55,7,2040,2403.581952,38.185
1.0.0,2026-08-05 02:58:28.966,130,49.01,0,1,0.1883,9.66,0.77,1.42,67.97,91,652.83,91,27,9.26,115.89,12,17.01,862.96,0.141,1.141,0,,,,0,,16.6,55,11,2040,2369.503232,38.288
1.0.0,2026-08-05 02:58:29.234,128,,,,,,,,,,,,,,,,,,,,,2026-08-05 02:58:29.077,3.76,1,,,,,,,,
1.0.0,2026-08-05 02:58:29.857,127,,,,,,,,,,,,,,,,,,,,,2026-08-05 02:58:29.702,1.68,1,,,,,,,,
1.0.0,2026-08-05 02:58:30.282,131,48.92,0,1,0.2374,6.1,0.57,1.38,80.17,106,715.38,106,23,6.78,73.2,12,16.5,892.03,0.156,1.312,1,,,,0,,20.3,55,16,2040,2403.581952,38.223
1.0.0,2026-08-05 02:58:30.385,129,,,,,,,,,,,,,,,,,,,,,2026-08-05 02:58:30.226,2.27,1,,,,,,,,
1.0.0,2026-08-05 02:58:31.569,132,39.08,0,1,0.2011,6.45,0.56,1.52,78.34,102,630.25,102,25,6.7,77.43,12,18.29,811.01,0.234,1.281,0,,,,0,,18.2,55,23,2040,2369.503232,37.962
1.0.0,2026-08-05 02:58:32.540,133,59.61,0,1,0.224,6.01,0.6,1.32,65.05,79,561.95,76,22,7.16,72.11,12,15.88,722.15,0.156,0.969,1,,,,0,,18.4,55,16,2040,2403.581952,38.636
1.0.0,2026-08-05 02:58:32.847,131,,,,,,,,,,,,,,,,,,,,,2026-08-05 02:58:32.682,6.87,1,,,,,,,,
1.0.0,2026-08-05 02:58:33.203,130,,,,,,,,,,,,,,,,,,,,,2026-08-05 02:58:33.038,12.79,1,,,,,,,,
1.0.0,2026-08-05 02:58:33.676,134,48.17,0,1,0.1931,7.34,0.67,1.52,66.38,90,576.46,93,27,7.98,88.03,12,18.21,757.06,0.156,1.141,0,,,,0,,16.2,55,10,2040,2369.503232,38.141
1.0.0,2026-08-05 02:58:34.715,135,46.91,0,1,0.2105,6.31,0.63,1.41,59.46,83,573.22,83,25,7.59,75.7,12,16.91,732.88,0.188,1.047,1,,,,0,,17.3,55,7,2040,2403.581952,38.223
1.0.0,2026-08-05 02:58:35.107,133,,,,,,,,,,,,,,,,,,,,,2026-08-05 02:58:34.940,11.04,1,,,,,,,,
1.0.0,2026-08-05 02:58:35.826,132,,,,,,,,,,,,,,,,,,,,,2026-08-05 02:58:35.642,30.89,1,,,,,,,,
1.0.0,2026-08-05 02:58:35.877,136,49.13,0,1,0.1239,5.83,0.68,1.48,69.59,93,496.14,93,32,8.18,69.91,12,17.72,661.54,0.156,1.156,1,,,,0,,24.0,55,9,2040,2369.503232,38.127
1.0.0,2026-08-05 02:58:37.125,137,49.24,0,1,0.2008,6.47,0.68,1.41,72.38,100,706.58,100,27,8.2,77.69,12,16.97,881.82,0.156,1.25,1,,,,0,,24.5,55,18,2040,2403.581952,38.251
1.0.0,2026-08-05 02:58:37.278,135,,,,,,,,,,,,,,,,,,,,,2026-08-05 02:58:37.116,5.29,1,,,,,,,,
1.0.0,2026-08-05 02:58:37.922,134,,,,,,,,,,,,,,,,,,,,,2026-08-05 02:58:37.747,17.85,1,,,,,,,,
1.0.0,2026-08-05 02:58:38.426,138,49.26,0,1,0.1934,6.93,0.69,1.42,71.18,104,651.23,104,28,8.27,83.1,12,17.05,830.83,0.156,1.297,0,,,,0,,20.0,55,22,2040,2369.503232,38.238
1.0.0,2026-08-05 02:58:38.449,136,,,,,,,,,,,,,,,,,,,,,2026-08-05 02:58:38.278,15.0,1,,,,,,,,
1.0.0,2026-08-05 02:58:39.466,139,49.03,0,1,0.1685,8.0,0.59,1.32,60.95,83,604.67,83,28,7.08,96.05,12,15.87,784.62,0.157,1.047,1,,,,0,,19.7,55,18,2040,2403.581952,38.443
1.0.0,2026-08-05 02:58:39.686,137,,,,,,,,,,,,,,,,,,,,,2026-08-05 02:58:39.525,2.95,1,,,,,,,,
1.0.0,2026-08-05 02:58:40.677,140,49.14,0,1,0.1951,6.82,0.7,1.27,66.84,97,624.74,97,29,8.36,81.89,12,15.27,797.1,0.188,1.203,1,,,,0,,20.2,55,8,2040,2369.503232,37.957
1.0.0,2026-08-05 02:58:41.825,141,49.16,0,1,0.1882,6.27,0.51,1.28,68.65,92,593.72,92,28,6.18,75.26,12,15.37,759.18,0.187,1.156,0,,,,0,,20.3,55,10,2040,2369.503232,38.383
1.0.0,2026-08-05 02:58:42.028,139,,,,,,,,,,,,,,,,,,,,,2026-08-05 02:58:41.866,5.54,1,,,,,,,,
1.0.0,2026-08-05 02:58:42.665,138,,,,,,,,,,,,,,,,,,,,,2026-08-05 02:58:42.497,11.7,1,,,,,,,,
1.0.0,2026-08-05 02:58:43.075,142,47.68,0,1,0.2379,5.68,0.62,1.26,74.82,100,670.66,100,22,7.44,68.13,12,15.08,836.13,0.156,1.25,1,,,,0,,18.2,55,8,2040,2369.503232,38.016
1.0.0,2026-08-05 02:58:43.260,140,,,,,,,,,,,,,,,,,,,,,2026-08-05 02:58:43.077,11.3,1,,,,,,,,
1.0.0,2026-08-05 02:58:44.380,143,49.18,0,1,0.201,6.39,0.53,1.33,109.86,105,611.11,104,26,6.41,76.62,12,15.94,819.94,0.156,1.297,0,,,,0,,19.4,55,17,2040,2403.581952,38.187
1.0.0,2026-08-05 02:58:45.366,144,49.14,0,1,0.2237,7.44,0.67,1.33,59.08,78,613.89,79,22,8.03,89.34,12,15.9,786.24,0.14,0.984,1,,,,0,,19.7,55,15,2040,2369.503232,38.367
1.0.0,2026-08-05 02:58:45.635,142,,,,,,,,,,,,,,,,,,,,,2026-08-05 02:58:45.475,6.17,1,,,,,,,,
1.0.0,2026-08-05 02:58:46.058,141,,,,,,,,,,,,,,,,,,,,,2026-08-05 02:58:45.898,6.05,1,,,,,,,,
1.0.0,2026-08-05 02:58:46.531,145,49.24,0,1,0.1925,6.34,0.77,1.31,65.51,94,607.9,93,27,9.28,76.03,12,15.73,774.45,0.203,1.172,0,,,,0,,19.1,55,25,2040,2369.503232,38.021
1.0.0,2026-08-05 02:58:47.530,146,48.8,0,1,0.21,5.9,0.5,1.26,60.75,80,599.44,81,25,5.96,70.8,12,15.16,752.11,0.203,1.0,1,,,,0,,18.5,55,15,2040,2403.581952,38.623
1.0.0,2026-08-05 02:58:47.928,144,,,,,,,,,,,,,,,,,,,,,2026-08-05 02:58:47.767,3.12,1,,,,,,,,
1.0.0,2026-08-05 02:58:48.613,143,,,,,,,,,,,,,,,,,,,,,2026-08-05 02:58:48.451,5.9,1,,,,,,,,
1.0.0,2026-08-05 02:58:48.738,147,49.05,0,1,0.1233,9.39,0.53,1.37,76.85,97,500.53,97,32,6.42,112.63,12,16.43,712.86,0.156,1.203,1,,,,0,,14.9,55,9,2040,2403.581952,38.144
1.0.0,2026-08-05 02:58:49.938,148,48.95,0,1,0.2013,6.17,0.76,1.38,72.12,96,601.65,96,26,9.09,74.07,12,16.53,773.46,0.171,1.203,1,,,,0,,17.4,55,9,2040,2369.503232,38.408
1.0.0,2026-08-05 02:58:50.101,146,,,,,,,,,,,,,,,,,,,,,2026-08-05 02:58:49.930,16.47,1,,,,,,,,
1.0.0,2026-08-05 02:58:50.773,145,,,,,,,,,,,,,,,,,,,,,2026-08-05 02:58:50.603,14.48,1,,,,,,,,
1.0.0,2026-08-05 02:58:51.267,149,49.26,0,1,0.1935,6.24,0.6,1.4,75.56,105,606.13,105,27,7.17,74.92,12,16.81,780.59,0.188,1.329,0,,,,0,,17.6,55,16,2040,2369.503232,38.212
1.0.0,2026-08-05 02:58:51.320,147,,,,,,,,,,,,,,,,,,,,,2026-08-05 02:58:51.138,7.42,1,,,,,,,,
1.0.0,2026-08-05 02:58:52.279,150,48.98,0,1,0.1687,5.87,0.54,1.19,63.75,82,535.32,82,29,6.5,70.49,12,14.26,690.32,0.156,1.015,1,,,,0,,18.3,55,16,2040,2369.503232,38.222
1.0.0,2026-08-05 02:58:52.519,148,,,,,,,,,,,,,,,,,,,,,2026-08-05 02:58:52.338,29.8,1,,,,,,,,
1.0.0,2026-08-05 02:58:53.480,151,40.39,0,1,0.194,6.53,0.52,1.19,71.93,96,575.89,96,29,6.2,78.42,12,14.29,746.73,0.203,1.203,1,,,,0,,17.9,55,25,2040,2403.581952,38.228
1.0.0,2026-08-05 02:58:54.626,152,48.77,0,1,0.188,6.64,0.54,1.25,69.21,91,609.28,91,26,6.42,79.65,12,15.04,779.6,0.156,1.141,0,,,,0,,18.2,55,8,2040,2369.503232,38.118
1.0.0,2026-08-05 02:58:54.845,150,,,,,,,,,,,,,,,,,,,,,2026-08-05 02:58:54.680,9.31,1,,,,,,,,
1.0.0,2026-08-05 02:58:55.503,149,,,,,,,,,,,,,,,,,,,,,2026-08-05 02:58:55.338,5.0,1,,,,,,,,
1.0.0,2026-08-05 02:58:55.878,153,49.17,0,1,0.2379,6.25,0.63,1.32,71.78,100,728.01,100,24,7.56,74.99,12,15.83,898.17,0.156,1.25,1,,,,0,,18.9,55,8,2040,2369.503232,38.294
1.0.0,2026-08-05 02:58:56.043,151,,,,,,,,,,,,,,,,,,,,,2026-08-05 02:58:55.880,4.22,1,,,,,,,,
1.0.0,2026-08-05 02:58:57.222,154,49.37,0,1,0.1987,6.88,0.53,1.32,77.41,107,669.97,107,25,6.41,82.52,12,15.86,852.17,0.25,1.344,0,,,,0,,18.4,55,16,2040,2369.503232,38.322
1.0.0,2026-08-05 02:58:58.166,155,49.09,0,1,0.2242,10.12,0.62,1.51,58.83,76,578.95,76,23,7.48,121.42,12,18.07,784.75,0.187,0.953,1,,,,0,,18.4,55,16,2040,2369.503232,38.322
1.0.0,2026-08-05 02:58:58.451,153,,,,,,,,,,,,,,,,,,,,,2026-08-05 02:58:58.278,15.72,1,,,,,,,,
1.0.0,2026-08-05 02:58:58.855,152,,,,,,,,,,,,,,,,,,,,,2026-08-05 02:58:58.697,4.56,1,,,,,,,,
1.0.0,2026-08-05 02:58:59.328,156,48.98,0,1,0.1927,6.77,0.64,1.31,69.34,94,582.44,93,29,7.73,81.25,12,15.74,756.5,0.187,1.156,0,,,,0,,20.4,55,16,2040,2403.581952,38.243
1.0.0,2026-08-05 02:59:00.326,157,49.22,0,1,0.2109,6.91,0.58,1.49,59.37,79,560.1,80,24,6.97,82.97,12,17.92,727.33,0.141,1.0,1,,,,0,,19.8,55,16,2040,2369.503232,38.291
1.0.0,2026-08-05 02:59:00.731,155,,,,,,,,,,,,,,,,,,,,,2026-08-05 02:59:00.566,5.89,1,,,,,,,,
1.0.0,2026-08-05 02:59:01.466,154,,,,,,,,,,,,,,,,,,,,,2026-08-05 02:59:01.293,15.76,1,,,,,,,,
1.0.0,2026-08-05 02:59:01.516,158,49.42,0,1,0.1231,6.07,0.59,1.32,65.84,95,492.74,95,34,7.12,72.81,12,15.87,654.38,0.141,1.188,1,,,,0,,18.2,55,26,2040,2403.581952,38.0
1.0.0,2026-08-05 02:59:02.806,159,67.25,0,1,0.2005,7.26,0.49,1.36,75.2,103,625.87,101,27,5.87,87.16,12,16.28,810.38,0.156,1.281,1,,,,0,,14.8,55,8,2040,2403.581952,38.335
1.0.0,2026-08-05 02:59:02.892,157,,,,,,,,,,,,,,,,,,,,,2026-08-05 02:59:02.727,8.88,1,,,,,,,,
1.0.0,2026-08-05 02:59:03.565,156,,,,,,,,,,,,,,,,,,,,,2026-08-05 02:59:03.399,10.01,1,,,,,,,,
1.0.0,2026-08-05 02:59:04.066,160,49.29,0,1,0.1936,6.45,0.59,1.39,74.57,101,657.02,103,27,7.04,77.45,12,16.71,832.79,0.187,1.25,0,,,,0,,18.5,55,12,2040,2403.581952,38.528
1.0.0,2026-08-05 02:59:04.080,158,,,,,,,,,,,,,,,,,,,,,2026-08-05 02:59:03.916,7.85,1,,,,,,,,
1.0.0,2026-08-05 02:59:05.077,161,49.23,0,1,0.1687,6.08,0.54,1.28,62.93,81,538.59,81,29,6.45,72.93,12,15.42,696.32,0.156,1.016,1,,,,0,,22.0,55,16,2040,2403.581952,38.386
1.0.0,2026-08-05 02:59:05.378,159,,,,,,,,,,,,,,,,,,,,,2026-08-05 02:59:05.206,13.88,1,,,,,,,,
1.0.0,2026-08-05 02:59:06.280,162,49.18,0,1,0.1942,6.21,0.62,1.24,65.94,97,571.8,97,26,7.45,74.49,12,14.87,734.55,0.14,1.203,1,,,,0,,18.4,55,16,2040,2369.503232,38.31
1.0.0,2026-08-05 02:59:07.427,163,49.3,0,1,0.1881,9.41,0.56,1.31,62.48,91,610.87,91,27,6.72,112.88,12,15.66,808.61,0.156,1.141,0,,,,0,,18.3,55,22,2040,2369.503232,38.234
1.0.0,2026-08-05 02:59:07.638,161,,,,,,,,,,,,,,,,,,,,,2026-08-05 02:59:07.477,5.05,1,,,,,,,,
1.0.0,2026-08-05 02:59:08.308,160,,,,,,,,,,,,,,,,,,,,,2026-08-05 02:59:08.138,13.78,1,,,,,,,,
1.0.0,2026-08-05 02:59:08.676,164,49.24,0,1,0.2373,6.36,0.58,1.33,72.84,100,710.69,100,24,6.97,76.31,12,16.01,882.82,0.156,1.25,1,,,,0,,18.7,55,9,2040,2369.503232,38.011
1.0.0,2026-08-05 02:59:08.836,162,,,,,,,,,,,,,,,,,,,,,2026-08-05 02:59:08.680,2.09,1,,,,,,,,
1.0.0,2026-08-05 02:59:09.982,165,49.16,0,1,0.1959,6.38,0.62,1.43,75.85,105,627.46,105,28,7.49,76.51,12,17.12,804.43,0.156,1.312,0,,,,0,,21.4,55,9,2040,2403.581952,38.489
1.0.0,2026-08-05 02:59:10.966,166,49.12,0,1,0.2239,5.75,0.55,1.22,55.91,78,604.87,78,22,6.56,68.98,12,14.69,751.01,0.141,0.985,1,,,,0,,18.8,55,16,2040,2369.503232,38.362
1.0.0,2026-08-05 02:59:11.237,164,,,,,,,,,,,,,,,,,,,,,2026-08-05 02:59:11.078,3.95,1,,,,,,,,
1.0.0,2026-08-05 02:59:11.660,163,,,,,,,,,,,,,,,,,,,,,2026-08-05 02:59:11.498,5.87,1,,,,,,,,
1.0.0,2026-08-05 02:59:12.126,167,48.89,0,1,0.1933,7.05,0.6,1.38,66.8,93,597.43,93,27,7.2,84.59,12,16.55,772.57,0.156,1.156,0,,,,0,,17.5,55,16,2040,2403.581952,38.336
1.0.0,2026-08-05 02:59:13.176,168,49.21,0,1,0.2103,6.17,0.56,1.3,64.94,84,569.63,84,26,6.76,74.09,12,15.64,731.06,0.188,1.047,1,,,,0,,18.7,55,16,2040,2369.503232,38.322
1.0.0,2026-08-05 02:59:13.536,166,,,,,,,,,,,,,,,,,,,,,2026-08-05 02:59:13.366,13.54,1,,,,,,,,
1.0.0,2026-08-05 02:59:14.220,165,,,,,,,,,,,,,,,,,,,,,2026-08-05 02:59:14.054,10.27,1,,,,,,,,
1.0.0,2026-08-05 02:59:14.326,169,46.94,0,1,0.1237,6.58,0.54,1.35,79.17,92,513.51,92,33,6.5,78.97,12,16.19,694.34,0.156,1.156,1,,,,0,,19.9,55,16,2040,2369.503232,38.303
1.0.0,2026-08-05 02:59:15.576,170,49.32,0,1,0.2009,7.1,0.59,1.37,78.72,100,681.67,100,27,7.08,85.19,12,16.39,869.05,0.156,1.25,1,,,,0,,19.1,55,19,2040,2369.503232,37.859
1.0.0,2026-08-05 02:59:15.747,168,,,,,,,,,,,,,,,,,,,,,2026-08-05 02:59:15.576,15.31,1,,,,,,,,
1.0.0,2026-08-05 02:59:16.357,167,,,,,,,,,,,,,,,,,,,,,2026-08-05 02:59:16.196,4.34,1,,,,,,,,
1.0.0,2026-08-05 02:59:16.880,171,49.21,0,1,0.1935,7.36,0.67,1.66,76.75,105,645.71,104,28,8.05,88.28,12,19.9,838.69,0.203,1.297,0,,,,0,,16.1,55,7,2040,2369.503232,38.475
1.0.0,2026-08-05 02:59:16.887,169,,,,,,,,,,,,,,,,,,,,,2026-08-05 02:59:16.727,3.79,1,,,,,,,,
1.0.0,2026-08-05 02:59:17.927,172,49.39,0,1,0.1685,7.76,0.57,1.34,65.43,83,538.28,84,28,6.8,93.14,12,16.12,719.77,0.188,1.047,1,,,,0,,16.1,55,17,2040,2403.581952,38.564
1.0.0,2026-08-05 02:59:18.134,170,,,,,,,,,,,,,,,,,,,,,2026-08-05 02:59:17.976,4.61,1,,,,,,,,
1.0.0,2026-08-05 02:59:19.076,173,48.91,0,1,0.1976,7.34,0.57,1.4,67.35,92,571.71,92,27,6.9,88.13,12,16.78,750.87,0.141,1.156,1,,,,0,,19.3,55,18,2040,2369.503232,38.256
1.0.0,2026-08-05 02:59:20.266,174,49.21,0,1,0.1879,6.87,0.54,1.54,67.04,95,610.61,95,28,6.5,82.47,12,18.49,785.11,0.188,1.188,0,,,,0,,21.5,55,16,2040,2369.503232,38.265
1.0.0,2026-08-05 02:59:20.513,172,,,,,,,,,,,,,,,,,,,,,2026-08-05 02:59:20.327,10.8,1,,,,,,,,
1.0.0,2026-08-05 02:59:21.121,171,,,,,,,,,,,,,,,,,,,,,2026-08-05 02:59:20.952,11.37,1,,,,,,,,
1.0.0,2026-08-05 02:59:21.565,175,63.98,0,1,0.2367,5.75,0.54,1.28,74.23,104,706.54,102,23,6.47,69.04,12,15.32,871.6,0.156,1.296,1,,,,0,,16.6,55,23,2040,2403.581952,38.125
1.0.0,2026-08-05 02:59:21.634,173,,,,,,,,,,,,,,,,,,,,,2026-08-05 02:59:21.476,3.0,1,,,,,,,,
1.0.0,2026-08-05 02:59:22.819,176,49.08,0,1,0.1961,7.46,0.55,1.55,105.42,100,630.02,102,29,6.57,89.55,12,18.59,850.15,0.187,1.25,0,,,,0,,19.0,55,8,2040,2369.503232,38.387
1.0.0,2026-08-05 02:59:23.780,177,49.08,0,1,0.2241,6.9,0.74,1.4,57.15,78,586.4,78,21,8.91,82.82,12,16.76,752.04,0.156,0.969,1,,,,0,,20.2,55,12,2040,2403.581952,38.488
1.0.0,2026-08-05 02:59:24.130,175,,,,,,,,,,,,,,,,,,,,,2026-08-05 02:59:23.965,5.99,1,,,,,,,,
1.0.0,2026-08-05 02:59:24.501,174,,,,,,,,,,,,,,,,,,,,,2026-08-05 02:59:24.337,6.51,1,,,,,,,,
1.0.0,2026-08-05 02:59:24.926,178,49.1,0,1,0.1932,6.36,0.72,1.36,64.19,91,571.86,91,26,8.61,76.31,12,16.29,737.26,0.141,1.141,0,,,,0,,20.9,55,9,2040,2369.503232,38.28
1.0.0,2026-08-05 02:59:25.967,179,49.3,0,1,0.2106,6.21,0.49,1.3,62.0,83,550.62,83,25,5.89,74.56,12,15.59,708.66,0.188,1.047,1,,,,0,,19.1,55,17,2040,2369.503232,38.391
1.0.0,2026-08-05 02:59:26.345,177,,,,,,,,,,,,,,,,,,,,,2026-08-05 02:59:26.180,8.01,1,,,,,,,,
1.0.0,2026-08-05 02:59:27.049,176,,,,,,,,,,,,,,,,,,,,,2026-08-05 02:59:26.890,2.86,1,,,,,,,,
1.0.0,2026-08-05 02:59:27.127,180,49.34,0,1,0.1244,6.61,0.59,1.47,68.37,93,528.68,93,32,7.07,79.31,12,17.58,701.01,0.156,1.156,1,,,,0,,16.5,55,16,2040,2403.581952,38.324
1.0.0,2026-08-05 02:59:28.426,181,49.13,0,1,0.2009,10.51,0.68,1.37,77.27,104,699.11,104,27,8.22,126.17,12,16.44,927.21,0.203,1.297,1,,,,0,,18.1,55,20,2040,2369.503232,38.315
1.0.0,2026-08-05 02:59:28.529,179,,,,,,,,,,,,,,,,,,,,,2026-08-05 02:59:28.367,6.54,1,,,,,,,,
1.0.0,2026-08-05 02:59:29.167,178,,,,,,,,,,,,,,,,,,,,,2026-08-05 02:59:28.997,16.57,1,,,,,,,,
1.0.0,2026-08-05 02:59:29.677,182,49.14,0,1,0.1935,6.28,0.59,1.48,72.36,100,687.01,100,28,7.03,75.37,12,17.76,859.53,0.156,1.25,0,,,,0,,19.6,55,13,2040,2369.503232,37.905
1.0.0,2026-08-05 02:59:29.699,180,,,,,,,,,,,,,,,,,,,,,2026-08-05 02:59:29.527,14.31,1,,,,,,,,
1.0.0,2026-08-05 02:59:30.734,183,48.76,0,1,0.1686,7.31,0.63,1.71,72.6,85,631.61,85,28,7.61,87.67,12,20.49,819.98,0.156,1.062,1,,,,0,,18.9,55,9,2040,2369.503232,38.48
1.0.0,2026-08-05 02:59:30.995,181,,,,,,,,,,,,,,,,,,,,,2026-08-05 02:59:30.827,9.76,1,,,,,,,,
1.0.0,2026-08-05 02:59:31.928,184,49.25,0,1,0.1965,8.91,0.71,1.85,89.74,95,766.22,95,29,8.48,106.92,12,22.26,993.62,0.188,1.188,1,,,,0,,19.1,55,9,2040,2400.239616,38.913
1.0.0,2026-08-05 02:59:33.078,185,40.34,0,1,0.1879,10.91,0.75,1.75,147.26,92,937.4,92,28,8.97,130.98,12,20.98,1245.59,0.187,1.156,0,,,,0,,20.5,55,17,2040,2434.318336,39.353
1.0.0,2026-08-05 02:59:33.306,183,,,,,,,,,,,,,,,,,,,,,2026-08-05 02:59:33.134,16.07,1,,,,,,,,
1.0.0,2026-08-05 02:59:33.920,182,,,,,,,,,,,,,,,,,,,,,2026-08-05 02:59:33.748,15.91,1,,,,,,,,
1.0.0,2026-08-05 02:59:34.330,186,49.15,0,1,0.2373,7.86,0.59,1.64,94.99,101,823.5,100,23,7.12,94.31,12,19.73,1039.65,0.156,1.25,1,,,,0,,19.9,56,18,2040,2400.239616,39.294
1.0.0,2026-08-05 02:59:34.499,184,,,,,,,,,,,,,,,,,,,,,2026-08-05 02:59:34.329,14.26,1,,,,,,,,
1.0.0,2026-08-05 02:59:35.728,187,48.57,0,1,0.1998,12.16,0.96,5.56,109.22,111,1032.04,111,28,11.57,145.89,12,66.68,1365.4,0.281,1.391,0,,,,0,,19.7,56,19,2040,2434.318336,38.67
1.0.0,2026-08-05 02:59:36.621,188,48.75,0,1,0.2242,10.28,0.64,1.74,70.64,71,759.23,72,23,7.65,123.35,12,20.93,981.8,0.187,0.906,1,,,,0,,21.5,56,11,2040,2434.318336,39.843
1.0.0,2026-08-05 02:59:36.889,186,,,,,,,,,,,,,,,,,,,,,2026-08-05 02:59:36.730,4.0,1,,,,,,,,
1.0.0,2026-08-05 02:59:37.310,185,,,,,,,,,,,,,,,,,,,,,2026-08-05 02:59:37.149,4.97,1,,,,,,,,
1.0.0,2026-08-05 02:59:37.824,189,48.5,0,1,0.1933,17.53,0.94,2.11,100.43,97,970.11,96,27,11.33,210.31,12,25.37,1317.55,0.219,1.203,0,,,,0,,23.3,56,11,2040,2434.318336,39.137
1.0.0,2026-08-05 02:59:38.817,190,49.15,0,1,0.2111,8.86,0.65,1.53,63.55,79,633.05,80,25,7.83,106.29,12,18.39,829.11,0.172,0.984,1,,,,0,,22.0,56,13,2040,2400.239616,39.522
1.0.0,2026-08-05 02:59:39.184,188,,,,,,,,,,,,,,,,,,,,,2026-08-05 02:59:39.021,5.16,1,,,,,,,,
1.0.0,2026-08-05 02:59:39.959,187,,,,,,,,,,,,,,,,,,,,,2026-08-05 02:59:39.799,8.18,1,,,,,,,,
1.0.0,2026-08-05 02:59:39.988,191,49.27,0,1,0.1238,14.69,0.83,2.11,81.41,95,573.81,95,31,9.92,176.33,12,25.34,866.81,0.203,1.172,1,,,,0,,20.7,56,10,2040,2434.318336,38.944
1.0.0,2026-08-05 02:59:41.227,192,49.23,0,1,0.2005,6.81,0.56,1.46,78.26,99,701.77,99,27,6.72,81.72,12,17.58,886.05,0.156,1.25,1,,,,0,,21.4,56,11,2040,2471.264256,38.149
1.0.0,2026-08-05 02:59:41.421,190,,,,,,,,,,,,,,,,,,,,,2026-08-05 02:59:41.217,9.28,1,,,,,,,,
1.0.0,2026-08-05 02:59:42.055,189,,,,,,,,,,,,,,,,,,,,,2026-08-05 02:59:41.896,4.64,1,,,,,,,,
1.0.0,2026-08-05 02:59:42.513,193,35.49,0,1,0.1935,6.2,0.52,1.32,74.19,102,633.16,102,27,6.24,74.36,12,15.88,803.83,0.188,1.282,0,,,,0,,16.6,56,19,2040,2471.329792,37.473
1.0.0,2026-08-05 02:59:42.547,191,,,,,,,,,,,,,,,,,,,,,2026-08-05 02:59:42.388,4.19,1,,,,,,,,
1.0.0,2026-08-05 02:59:43.509,194,53.17,0,1,0.1686,5.72,0.52,1.11,161.67,80,535.67,80,29,6.22,68.66,12,13.34,785.56,0.157,1.0,1,,,,0,,20.3,56,10,2040,2471.329792,37.531
1.0.0,2026-08-05 02:59:43.797,192,,,,,,,,,,,,,,,,,,,,,2026-08-05 02:59:43.627,11.55,1,,,,,,,,
1.0.0,2026-08-05 02:59:44.726,195,49.31,0,1,0.1978,6.68,0.7,1.4,65.73,97,569.14,97,29,8.39,80.19,12,16.75,740.2,0.141,1.203,1,,,,0,,19.1,55,4,2040,2471.329792,37.528
1.0.0,2026-08-05 02:59:45.876,196,49.03,0,1,0.1881,9.77,0.9,1.48,115.17,92,593.06,92,28,10.74,117.2,12,17.78,853.95,0.156,1.156,0,,,,0,,16.2,55,9,2040,2471.329792,37.771
1.0.0,2026-08-05 02:59:46.083,194,,,,,,,,,,,,,,,,,,,,,2026-08-05 02:59:45.909,12.92,1,,,,,,,,
1.0.0,2026-08-05 02:59:46.759,193,,,,,,,,,,,,,,,,,,,,,2026-08-05 02:59:46.584,20.87,1,,,,,,,,
1.0.0,2026-08-05 02:59:47.138,197,49.2,0,1,0.237,11.46,0.6,1.32,111.5,102,677.2,102,25,7.24,137.56,12,15.84,949.34,0.172,1.266,1,,,,0,,16.0,55,12,2040,2482.536448,38.873
1.0.0,2026-08-05 02:59:47.287,195,,,,,,,,,,,,,,,,,,,,,2026-08-05 02:59:47.126,4.2,1,,,,,,,,
1.0.0,2026-08-05 02:59:48.430,198,49.02,0,1,0.198,6.38,0.6,1.41,80.12,103,650.05,102,27,7.17,76.52,12,16.94,830.8,0.156,1.281,0,,,,0,,18.5,55,18,2040,2482.536448,37.734
1.0.0,2026-08-05 02:59:49.388,199,49.2,0,1,0.2241,6.91,0.55,1.34,96.91,77,575.64,78,22,6.62,82.88,12,16.04,778.09,0.125,0.969,1,,,,0,,13.6,55,11,2040,2482.536448,37.423
1.0.0,2026-08-05 02:59:49.729,197,,,,,,,,,,,,,,,,,,,,,2026-08-05 02:59:49.538,16.2,1,,,,,,,,
1.0.0,2026-08-05 02:59:50.105,196,,,,,,,,,,,,,,,,,,,,,2026-08-05 02:59:49.947,3.42,1,,,,,,,,
1.0.0,2026-08-05 02:59:50.581,200,48.79,0,1,0.1932,6.65,0.66,1.43,73.17,95,615.5,94,28,7.88,79.8,12,17.16,793.51,0.156,1.187,0,,,,0,,16.5,55,11,2040,2489.417728,36.86
1.0.0,2026-08-05 02:59:51.625,201,49.05,0,1,0.2106,6.26,0.5,1.32,67.66,83,618.47,84,25,6.06,75.16,12,15.84,783.19,0.219,1.047,1,,,,0,,14.7,55,13,2040,2487.975936,37.527
1.0.0,2026-08-05 02:59:51.975,199,,,,,,,,,,,,,,,,,,,,,2026-08-05 02:59:51.788,28.07,1,,,,,,,,
1.0.0,2026-08-05 02:59:52.659,198,,,,,,,,,,,,,,,,,,,,,2026-08-05 02:59:52.501,3.19,1,,,,,,,,
1.0.0,2026-08-05 02:59:52.779,202,49.26,0,1,0.1243,6.51,0.76,1.67,97.22,93,493.59,93,35,9.13,78.18,12,20.08,698.2,0.172,1.156,1,,,,0,,16.1,55,2,2040,2488.631296,37.461
1.0.0,2026-08-05 02:59:54.030,203,49.33,0,1,0.2006,7.88,0.75,1.6,77.0,100,681.77,100,27,9.0,94.54,12,19.24,881.55,0.156,1.25,1,,,,0,,11.9,55,5,2040,2488.303616,37.033
1.0.0,2026-08-05 02:59:54.189,201,,,,,,,,,,,,,,,,,,,,,2026-08-05 02:59:54.025,4.24,1,,,,,,,,
1.0.0,2026-08-05 02:59:54.809,200,,,,,,,,,,,,,,,,,,,,,2026-08-05 02:59:54.652,2.34,1,,,,,,,,
1.0.0,2026-08-05 02:59:55.280,204,49.47,0,1,0.1935,6.79,0.51,1.44,76.36,100,624.72,100,27,6.11,81.54,12,17.23,805.96,0.156,1.25,0,,,,0,,14.9,55,10,2040,2488.434688,37.033
1.0.0,2026-08-05 02:59:55.338,202,,,,,,,,,,,,,,,,,,,,,2026-08-05 02:59:55.179,4.07,1,,,,,,,,
1.0.0,2026-08-05 02:59:56.336,205,49.15,0,1,0.1684,7.31,0.58,1.32,62.79,85,605.03,85,29,6.94,87.73,12,15.84,778.33,0.141,1.047,1,,,,0,,14.4,55,10,2040,2488.303616,37.284
1.0.0,2026-08-05 02:59:56.598,203,,,,,,,,,,,,,,,,,,,,,2026-08-05 02:59:56.430,4.37,1,,,,,,,,
1.0.0,2026-08-05 02:59:57.530,206,49.3,0,1,0.1978,8.75,0.81,1.52,69.53,95,599.75,95,25,9.7,104.99,12,18.27,802.24,0.156,1.187,1,,,,0,,14.9,55,18,2040,2488.303616,36.965
1.0.0,2026-08-05 02:59:58.676,207,49.19,0,1,0.1883,6.91,0.7,1.32,65.96,91,558.17,91,27,8.43,82.92,12,15.88,731.36,0.141,1.141,0,,,,0,,14.4,55,4,2040,2488.303616,37.279
1.0.0,2026-08-05 02:59:58.893,205,,,,,,,,,,,,,,,,,,,,,2026-08-05 02:59:58.736,6.02,1,,,,,,,,
1.0.0,2026-08-05 02:59:59.508,204,,,,,,,,,,,,,,,,,,,,,2026-08-05 02:59:59.351,3.23,1,,,,,,,,
1.0.0,2026-08-05 02:59:59.964,208,49.32,0,1,0.2361,6.24,0.52,1.26,73.14,103,696.05,103,22,6.3,74.89,12,15.11,865.49,0.141,1.297,1,,,,0,,10.3,55,3,2040,2488.56576,37.23
1.0.0,2026-08-05 03:00:00.088,206,,,,,,,,,,,,,,,,,,,,,2026-08-05 02:59:59.930,3.98,1,,,,,,,,
1.0.0,2026-08-05 03:00:01.267,209,48.12,0,1,0.2036,6.8,0.55,1.48,79.4,104,687.11,104,25,6.59,81.57,12,17.74,872.41,0.188,1.297,0,,,,0,,14.6,55,15,2040,2545.385472,38.316
1.0.0,2026-08-05 03:00:02.221,210,63.6,0,1,0.224,6.43,0.56,1.36,64.19,76,622.96,76,21,6.74,77.17,12,16.37,787.43,0.157,0.953,1,,,,0,,16.3,55,12,2040,2545.385472,37.682
1.0.0,2026-08-05 03:00:02.534,208,,,,,,,,,,,,,,,,,,,,,2026-08-05 03:00:02.367,7.59,1,,,,,,,,
1.0.0,2026-08-05 03:00:02.904,207,,,,,,,,,,,,,,,,,,,,,2026-08-05 03:00:02.747,3.36,1,,,,,,,,
1.0.0,2026-08-05 03:00:03.375,211,49.18,0,1,0.1935,6.97,0.63,1.42,67.54,93,602.89,93,26,7.58,83.66,12,16.99,778.66,0.141,1.156,0,,,,0,,15.4,55,13,2040,2545.385472,36.638
1.0.0,2026-08-05 03:00:04.425,212,49.24,0,1,0.2105,5.96,0.5,1.35,65.38,84,557.2,84,24,6.06,71.57,12,16.22,716.43,0.188,1.047,1,,,,0,,13.3,55,13,2040,2545.385472,37.496
1.0.0,2026-08-05 03:00:04.787,210,,,,,,,,,,,,,,,,,,,,,2026-08-05 03:00:04.621,7.24,1,,,,,,,,
1.0.0,2026-08-05 03:00:05.500,209,,,,,,,,,,,,,,,,,,,,,2026-08-05 03:00:05.338,7.52,1,,,,,,,,
1.0.0,2026-08-05 03:00:05.575,213,49.1,0,1,0.124,6.07,0.53,1.27,65.49,92,491.86,92,34,6.34,72.79,12,15.22,651.7,0.156,1.156,1,,,,0,,11.3,55,6,2040,2545.385472,36.843
1.0.0,2026-08-05 03:00:06.867,214,49.26,0,1,0.2008,7.42,0.68,1.44,108.29,103,687.84,103,26,8.12,89.06,12,17.26,910.57,0.187,1.281,1,,,,0,,14.9,55,4,2040,2545.385472,37.225
1.0.0,2026-08-05 03:00:06.988,212,,,,,,,,,,,,,,,,,,,,,2026-08-05 03:00:06.829,4.29,1,,,,,,,,
1.0.0,2026-08-05 03:00:07.604,211,,,,,,,,,,,,,,,,,,,,,2026-08-05 03:00:07.446,3.8,1,,,,,,,,
1.0.0,2026-08-05 03:00:08.129,215,49.26,0,1,0.1934,6.25,0.57,1.38,72.91,102,659.91,101,28,6.89,74.95,12,16.55,831.21,0.156,1.266,0,,,,0,,14.1,55,12,2040,2545.385472,37.335
1.0.0,2026-08-05 03:00:08.133,213,,,,,,,,,,,,,,,,,,,,,2026-08-05 03:00:07.975,4.01,1,,,,,,,,
1.0.0,2026-08-05 03:00:09.175,216,49.23,0,1,0.1687,7.7,0.57,1.46,64.63,83,634.22,84,27,6.87,92.45,12,17.51,815.68,0.172,1.047,1,,,,0,,15.0,55,10,2040,2545.385472,37.149
1.0.0,2026-08-05 03:00:09.438,214,,,,,,,,,,,,,,,,,,,,,2026-08-05 03:00:09.267,12.33,1,,,,,,,,
1.0.0,2026-08-05 03:00:10.375,217,49.34,0,1,0.1975,5.97,0.65,1.34,70.09,96,574.35,96,29,7.76,71.64,12,16.12,739.96,0.203,1.203,1,,,,0,,15.3,55,11,2040,2545.385472,37.007
1.0.0,2026-08-05 03:00:11.536,218,48.86,0,1,0.1883,6.86,0.7,1.32,70.21,94,581.58,94,26,8.44,82.29,12,15.87,758.39,0.203,1.156,0,,,,0,,14.2,55,16,2040,2545.385472,36.847
1.0.0,2026-08-05 03:00:11.746,216,,,,,,,,,,,,,,,,,,,,,2026-08-05 03:00:11.575,3.19,1,,,,,,,,
1.0.0,2026-08-05 03:00:12.358,215,,,,,,,,,,,,,,,,,,,,,2026-08-05 03:00:12.200,3.68,1,,,,,,,,
1.0.0,2026-08-05 03:00:12.779,219,49.29,0,1,0.2369,6.19,0.65,1.53,75.17,99,695.71,99,22,7.78,74.28,12,18.35,871.29,0.156,1.25,1,,,,0,,14.2,54,3,2040,2545.385472,36.47
1.0.0,2026-08-05 03:00:12.943,217,,,,,,,,,,,,,,,,,,,,,2026-08-05 03:00:12.775,4.27,1,,,,,,,,
1.0.0,2026-08-05 03:00:14.071,220,48.98,0,1,0.205,7.35,0.63,1.47,138.27,102,841.35,102,29,7.51,88.25,12,17.68,1093.06,0.14,1.281,0,,,,0,,15.2,54,6,2040,2545.385472,37.093
1.0.0,2026-08-05 03:00:15.033,221,49.25,0,1,0.2244,5.84,0.75,1.28,57.96,78,614.71,78,22,8.97,70.04,12,15.4,767.08,0.172,0.969,1,,,,0,,16.0,55,10,2040,2545.385472,36.697
1.0.0,2026-08-05 03:00:15.350,219,,,,,,,,,,,,,,,,,,,,,2026-08-05 03:00:15.179,11.48,1,,,,,,,,
1.0.0,2026-08-05 03:00:15.767,218,,,,,,,,,,,,,,,,,,,,,2026-08-05 03:00:15.607,5.56,1,,,,,,,,
1.0.0,2026-08-05 03:00:16.175,222,49.18,0,1,0.1932,6.77,0.68,1.38,70.15,91,638.45,91,27,8.14,81.19,12,16.6,814.53,0.156,1.141,0,,,,0,,19.1,55,11,2040,2545.385472,36.862
1.0.0,2026-08-05 03:00:17.225,223,49.21,0,1,0.2101,6.39,0.58,1.36,61.87,84,600.26,84,26,6.91,76.66,12,16.32,762.02,0.188,1.047,1,,,,0,,15.6,55,13,2040,2545.385472,37.294
1.0.0,2026-08-05 03:00:17.594,221,,,,,,,,,,,,,,,,,,,,,2026-08-05 03:00:17.433,1.41,1,,,,,,,,
1.0.0,2026-08-05 03:00:18.300,220,,,,,,,,,,,,,,,,,,,,,2026-08-05 03:00:18.142,3.62,1,,,,,,,,
1.0.0,2026-08-05 03:00:18.375,224,49.27,0,1,0.124,11.17,0.71,1.37,64.65,92,476.44,92,33,8.46,134.01,12,16.42,699.98,0.141,1.156,1,,,,0,,15.3,55,17,2040,2545.385472,37.188
1.0.0,2026-08-05 03:00:19.674,225,49.15,0,1,0.201,6.78,0.58,1.43,76.23,104,682.4,104,27,7.0,81.38,12,17.14,864.15,0.203,1.297,1,,,,0,,14.6,54,7,2040,2545.385472,36.818
1.0.0,2026-08-05 03:00:19.784,223,,,,,,,,,,,,,,,,,,,,,2026-08-05 03:00:19.625,8.24,1,,,,,,,,
1.0.0,2026-08-05 03:00:20.404,222,,,,,,,,,,,,,,,,,,,,,2026-08-05 03:00:20.246,3.71,1,,,,,,,,
1.0.0,2026-08-05 03:00:20.941,224,,,,,,,,,,,,,,,,,,,,,2026-08-05 03:00:20.775,8.54,1,,,,,,,,
1.0.0,2026-08-05 03:00:20.946,226,67.41,0,1,0.1935,5.9,0.55,1.32,81.32,102,638.56,99,30,6.63,70.84,12,15.84,813.19,0.156,1.281,0,,,,0,,10.8,54,3,2040,2545.385472,37.205
1.0.0,2026-08-05 03:00:21.979,227,57.62,0,1,0.1687,7.02,0.63,1.29,64.85,83,528.53,84,28,7.59,84.18,12,15.47,700.62,0.157,1.031,1,,,,0,,10.4,54,10,2040,2545.385472,36.984
1.0.0,2026-08-05 03:00:22.254,225,,,,,,,,,,,,,,,,,,,,,2026-08-05 03:00:22.074,20.15,1,,,,,,,,
1.0.0,2026-08-05 03:00:23.175,228,49.24,0,1,0.1975,6.16,0.62,1.42,69.05,95,580.39,97,28,7.4,73.87,12,17.06,747.77,0.156,1.188,1,,,,0,,14.9,54,11,2040,2545.385472,37.025
1.0.0,2026-08-05 03:00:24.326,229,49.27,0,1,0.1885,6.43,0.64,1.35,97.27,92,578.89,92,28,7.7,77.21,12,16.16,777.23,0.203,1.156,0,,,,0,,14.4,54,10,2040,2545.385472,36.974
1.0.0,2026-08-05 03:00:24.555,227,,,,,,,,,,,,,,,,,,,,,2026-08-05 03:00:24.379,12.87,1,,,,,,,,
1.0.0,2026-08-05 03:00:25.178,226,,,,,,,,,,,,,,,,,,,,,2026-08-05 03:00:25.021,3.6,1,,,,,,,,
1.0.0,2026-08-05 03:00:25.616,230,49.03,0,1,0.2353,7.26,0.6,1.33,76.15,103,669.37,103,23,7.22,87.07,12,15.95,855.76,0.172,1.281,1,,,,0,,13.6,54,12,2040,2545.385472,36.51
1.0.0,2026-08-05 03:00:25.754,228,,,,,,,,,,,,,,,,,,,,,2026-08-05 03:00:25.575,4.07,1,,,,,,,,
1.0.0,2026-08-05 03:00:26.879,231,49.28,0,1,0.1982,9.76,0.92,1.66,78.76,102,664.96,101,28,11.04,117.14,12,19.93,891.83,0.156,1.266,0,,,,0,,12.8,54,3,2040,2545.385472,37.245
1.0.0,2026-08-05 03:00:27.866,232,49.16,0,1,0.2238,6.63,0.52,1.31,57.71,78,569.05,79,22,6.23,79.57,12,15.75,728.31,0.156,0.984,1,,,,0,,12.9,54,12,2040,2545.385472,37.17
1.0.0,2026-08-05 03:00:28.219,230,,,,,,,,,,,,,,,,,,,,,2026-08-05 03:00:28.016,11.32,1,,,,,,,,
1.0.0,2026-08-05 03:00:28.554,229,,,,,,,,,,,,,,,,,,,,,2026-08-05 03:00:28.397,2.61,1,,,,,,,,
1.0.0,2026-08-05 03:00:29.028,233,49.16,0,1,0.1929,6.23,0.63,1.4,65.76,94,633.22,94,28,7.53,74.7,12,16.78,797.99,0.203,1.172,0,,,,0,,15.8,54,12,2040,2545.385472,36.764
1.0.0,2026-08-05 03:00:30.028,234,49.16,0,1,0.211,7.08,0.57,1.35,60.24,80,606.82,80,24,6.81,84.9,12,16.14,774.91,0.156,1.0,1,,,,0,,15.3,54,10,2040,2545.385472,36.795
1.0.0,2026-08-05 03:00:30.451,232,,,,,,,,,,,,,,,,,,,,,2026-08-05 03:00:30.266,26.08,1,,,,,,,,
1.0.0,2026-08-05 03:00:31.108,231,,,,,,,,,,,,,,,,,,,,,2026-08-05 03:00:30.950,3.31,1,,,,,,,,
1.0.0,2026-08-05 03:00:31.216,235,49.27,0,1,0.1242,5.98,0.66,1.41,64.92,94,463.03,94,33,7.92,71.7,12,16.91,624.48,0.188,1.188,1,,,,0,,11.8,54,10,2040,2545.385472,36.743
1.0.0,2026-08-05 03:00:32.466,236,48.96,0,1,0.2005,9.03,0.67,1.67,78.62,100,720.93,100,26,8.04,108.33,12,20.07,935.99,0.141,1.25,1,,,,0,,13.3,54,20,2040,2545.385472,36.845
1.0.0,2026-08-05 03:00:32.598,234,,,,,,,,,,,,,,,,,,,,,2026-08-05 03:00:32.428,4.27,1,,,,,,,,
1.0.0,2026-08-05 03:00:33.266,233,,,,,,,,,,,,,,,,,,,,,2026-08-05 03:00:33.100,8.14,1,,,,,,,,
1.0.0,2026-08-05 03:00:33.766,237,48.97,0,1,0.1935,6.8,0.55,1.3,80.31,104,714.86,104,28,6.65,81.61,12,15.54,898.97,0.172,1.297,0,,,,0,,15.6,54,3,2040,2545.385472,36.927
1.0.0,2026-08-05 03:00:33.778,235,,,,,,,,,,,,,,,,,,,,,2026-08-05 03:00:33.616,8.23,1,,,,,,,,
1.0.0,2026-08-05 03:00:34.779,238,49.33,0,1,0.1688,6.22,0.53,1.34,71.24,82,632.13,82,28,6.33,74.61,12,16.11,800.42,0.172,1.015,1,,,,0,,19.0,54,8,2040,2545.385472,37.068
1.0.0,2026-08-05 03:00:35.032,236,,,,,,,,,,,,,,,,,,,,,2026-08-05 03:00:34.866,6.74,1,,,,,,,,
1.0.0,2026-08-05 03:00:35.987,239,49.39,0,1,0.198,6.39,0.84,1.33,73.31,97,556.71,97,27,10.1,76.69,12,15.97,732.78,0.156,1.203,1,,,,0,,14.7,54,4,2040,2545.385472,36.324
1.0.0,2026-08-05 03:00:37.124,240,48.62,0,1,0.1881,7.85,0.66,1.29,70.98,90,623.15,90,26,7.9,94.22,12,15.47,811.72,0.156,1.141,0,,,,0,,15.2,54,10,2040,2545.385472,37.045
1.0.0,2026-08-05 03:00:37.345,238,,,,,,,,,,,,,,,,,,,,,2026-08-05 03:00:37.179,4.04,1,,,,,,,,
1.0.0,2026-08-05 03:00:37.999,237,,,,,,,,,,,,,,,,,,,,,2026-08-05 03:00:37.837,7.97,1,,,,,,,,
1.0.0,2026-08-05 03:00:38.376,241,49.23,0,1,0.237,6.04,0.65,1.29,69.33,100,709.37,100,23,7.83,72.48,12,15.51,874.52,0.156,1.25,1,,,,0,,13.6,54,15,2040,2545.385472,37.055
1.0.0,2026-08-05 03:00:38.555,239,,,,,,,,,,,,,,,,,,,,,2026-08-05 03:00:38.387,4.43,1,,,,,,,,
1.0.0,2026-08-05 03:00:39.711,242,40.19,0,1,0.2049,6.65,0.54,1.42,78.29,107,625.91,107,25,6.51,79.78,12,16.99,807.48,0.25,1.344,0,,,,0,,14.2,54,7,2040,2545.385472,36.675
1.0.0,2026-08-05 03:00:40.682,243,54.01,0,1,0.224,5.97,0.6,1.32,56.35,78,568.61,76,22,7.2,71.59,12,15.87,719.62,0.156,0.953,1,,,,0,,15.2,54,4,2040,2545.385472,37.267
1.0.0,2026-08-05 03:00:40.947,241,,,,,,,,,,,,,,,,,,,,,2026-08-05 03:00:40.776,12.38,1,,,,,,,,
1.0.0,2026-08-05 03:00:41.355,240,,,,,,,,,,,,,,,,,,,,,2026-08-05 03:00:41.195,6.13,1,,,,,,,,
1.0.0,2026-08-05 03:00:41.828,244,48.98,0,1,0.1934,6.89,0.66,1.26,67.22,92,618.11,93,26,7.91,82.66,12,15.16,791.06,0.156,1.156,0,,,,0,,14.9,54,3,2040,2545.385472,36.529
1.0.0,2026-08-05 03:00:42.874,245,49.25,0,1,0.2105,5.32,0.5,1.31,62.58,83,634.21,84,25,5.97,63.85,12,15.74,782.35,0.188,1.047,1,,,,0,,11.3,54,8,2040,2545.385472,36.559
1.0.0,2026-08-05 03:00:43.245,243,,,,,,,,,,,,,,,,,,,,,2026-08-05 03:00:43.082,9.77,1,,,,,,,,
1.0.0,2026-08-05 03:00:43.949,242,,,,,,,,,,,,,,,,,,,,,2026-08-05 03:00:43.782,12.92,1,,,,,,,,
1.0.0,2026-08-05 03:00:44.028,246,49.22,0,1,0.1239,5.94,0.58,1.22,200.51,93,544.67,93,33,6.92,71.31,12,14.68,838.09,0.156,1.156,1,,,,0,,11.5,54,12,2040,2545.385472,36.835
1.0.0,2026-08-05 03:00:45.279,247,48.67,0,1,0.2007,6.31,0.56,1.44,73.42,100,617.11,100,28,6.68,75.66,12,17.25,790.12,0.156,1.25,1,,,,0,,13.7,54,11,2040,2545.385472,36.692
1.0.0,2026-08-05 03:00:45.437,245,,,,,,,,,,,,,,,,,,,,,2026-08-05 03:00:45.274,8.03,1,,,,,,,,
1.0.0,2026-08-05 03:00:46.066,244,,,,,,,,,,,,,,,,,,,,,2026-08-05 03:00:45.899,7.99,1,,,,,,,,
1.0.0,2026-08-05 03:00:46.583,248,49.1,0,1,0.1937,7.26,0.53,1.44,75.57,104,708.12,104,27,6.37,87.06,12,17.25,894.37,0.203,1.297,0,,,,0,,14.9,54,13,2040,2545.385472,36.541
1.0.0,2026-08-05 03:00:46.587,246,,,,,,,,,,,,,,,,,,,,,2026-08-05 03:00:46.428,8.28,1,,,,,,,,
1.0.0,2026-08-05 03:00:47.624,249,49.18,0,1,0.1685,6.02,0.48,1.23,62.17,83,554.16,83,27,5.71,72.27,12,14.77,709.08,0.188,1.047,1,,,,0,,13.9,54,3,2040,2545.385472,37.052
1.0.0,2026-08-05 03:00:47.846,247,,,,,,,,,,,,,,,,,,,,,2026-08-05 03:00:47.679,3.9,1,,,,,,,,
1.0.0,2026-08-05 03:00:48.820,250,49.21,0,1,0.1973,7.47,0.68,1.54,73.32,96,630.15,96,27,8.16,89.66,12,18.44,819.73,0.171,1.203,1,,,,0,,13.2,54,3,2040,2545.385472,36.868
1.0.0,2026-08-05 03:00:49.924,251,49.08,0,1,0.1882,6.33,0.55,1.29,66.7,88,564.43,88,26,6.61,75.97,12,15.5,729.21,0.156,1.094,0,,,,0,,13.2,54,13,2040,2545.385472,36.726
1.0.0,2026-08-05 03:00:50.182,249,,,,,,,,,,,,,,,,,,,,,2026-08-05 03:00:50.024,7.5,1,,,,,,,,
1.0.0,2026-08-05 03:00:50.811,248,,,,,,,,,,,,,,,,,,,,,2026-08-05 03:00:50.654,3.07,1,,,,,,,,
1.0.0,2026-08-05 03:00:51.216,252,49.09,0,1,0.2373,5.88,0.68,1.34,72.66,103,729.67,103,23,8.12,70.53,12,16.07,897.05,0.157,1.297,1,,,,0,,13.4,54,11,2040,2545.385472,36.943
1.0.0,2026-08-05 03:00:51.384,250,,,,,,,,,,,,,,,,,,,,,2026-08-05 03:00:51.220,11.1,1,,,,,,,,
1.0.0,2026-08-05 03:00:52.516,253,49.18,0,1,0.1999,6.26,0.53,1.33,73.73,104,650.68,104,28,6.32,75.09,12,15.93,821.75,0.204,1.297,0,,,,0,,13.6,54,17,2040,2545.385472,36.656
1.0.0,2026-08-05 03:00:53.486,254,49.07,0,1,0.2242,5.45,0.58,1.25,64.63,79,549.92,79,22,6.99,65.44,12,14.94,701.92,0.172,0.968,1,,,,0,,12.4,54,11,2040,2545.385472,37.406
1.0.0,2026-08-05 03:00:53.782,252,,,,,,,,,,,,,,,,,,,,,2026-08-05 03:00:53.616,8.29,1,,,,,,,,
1.0.0,2026-08-05 03:00:54.173,251,,,,,,,,,,,,,,,,,,,,,2026-08-05 03:00:53.995,9.88,1,,,,,,,,
1.0.0,2026-08-05 03:00:54.624,255,49.22,0,1,0.1935,9.5,0.66,1.39,65.68,90,632.94,90,26,7.96,113.99,12,16.71,837.28,0.141,1.141,0,,,,0,,10.8,54,4,2040,2545.385472,36.495
1.0.0,2026-08-05 03:00:55.673,256,49.0,0,1,0.2106,6.0,0.53,1.31,62.78,84,635.26,84,26,6.32,72.05,12,15.76,792.17,0.188,1.047,1,,,,0,,13.0,54,3,2040,2545.385472,37.054
1.0.0,2026-08-05 03:00:56.056,254,,,,,,,,,,,,,,,,,,,,,2026-08-05 03:00:55.886,11.45,1,,,,,,,,
1.0.0,2026-08-05 03:00:56.749,253,,,,,,,,,,,,,,,,,,,,,2026-08-05 03:00:56.587,7.7,1,,,,,,,,
1.0.0,2026-08-05 03:00:56.828,257,49.2,0,1,0.1232,9.18,0.53,1.46,101.02,93,476.57,93,34,6.33,110.18,12,17.58,711.68,0.156,1.156,1,,,,0,,13.6,54,3,2040,2545.385472,36.96
1.0.0,2026-08-05 03:00:58.078,258,49.16,0,1,0.2009,6.32,0.55,1.37,75.59,100,615.84,100,27,6.63,75.85,12,16.49,790.4,0.156,1.25,1,,,,0,,13.8,54,12,2040,2545.385472,36.963
1.0.0,2026-08-05 03:00:58.243,256,,,,,,,,,,,,,,,,,,,,,2026-08-05 03:00:58.073,8.4,1,,,,,,,,
1.0.0,2026-08-05 03:00:58.857,255,,,,,,,,,,,,,,,,,,,,,2026-08-05 03:00:58.695,8.03,1,,,,,,,,
1.0.0,2026-08-05 03:00:59.374,259,62.95,0,1,0.1934,6.13,0.54,1.31,75.88,103,677.11,103,27,6.44,73.62,12,15.71,848.76,0.156,1.297,0,,,,0,,11.3,54,15,2040,2545.385472,36.827
1.0.0,2026-08-05 03:00:59.390,257,,,,,,,,,,,,,,,,,,,,,2026-08-05 03:00:59.228,8.01,1,,,,,,,,
1.0.0,2026-08-05 03:01:00.419,260,52.09,0,1,0.1687,5.79,0.66,1.32,66.1,84,526.88,84,28,7.87,69.52,12,15.88,686.25,0.156,1.047,1,,,,0,,13.1,54,14,2040,2545.385472,37.15
1.0.0,2026-08-05 03:01:00.638,258,,,,,,,,,,,,,,,,,,,,,2026-08-05 03:01:00.478,8.8,1,,,,,,,,
1.0.0,2026-08-05 03:01:01.624,261,49.0,0,1,0.1972,6.0,0.63,1.29,74.4,96,601.67,96,29,7.51,71.97,12,15.43,770.98,0.203,1.203,1,,,,0,,13.0,54,4,2040,2545.385472,36.388
1.0.0,2026-08-05 03:01:02.778,262,49.28,0,1,0.1878,6.21,0.54,1.33,68.61,93,625.47,93,27,6.51,74.54,12,15.91,791.04,0.156,1.156,0,,,,0,,13.2,54,3,2040,2545.385472,37.007
1.0.0,2026-08-05 03:01:02.989,260,,,,,,,,,,,,,,,,,,,,,2026-08-05 03:01:02.819,12.65,1,,,,,,,,
1.0.0,2026-08-05 03:01:03.607,259,,,,,,,,,,,,,,,,,,,,,2026-08-05 03:01:03.445,7.14,1,,,,,,,,
1.0.0,2026-08-05 03:01:04.027,263,49.1,0,1,0.2372,6.2,0.62,4.02,70.67,100,733.11,100,24,7.39,74.46,12,48.18,933.81,0.156,1.25,1,,,,0,,13.9,54,6,2040,2545.385472,36.864
1.0.0,2026-08-05 03:01:04.184,261,,,,,,,,,,,,,,,,,,,,,2026-08-05 03:01:04.028,3.63,1,,,,,,,,
1.0.0,2026-08-05 03:01:05.372,264,49.34,0,1,0.2047,6.15,0.51,1.33,74.84,106,692.99,106,29,6.13,73.8,12,15.93,863.69,0.234,1.344,0,,,,0,,13.3,54,11,2040,2545.385472,36.605
1.0.0,2026-08-05 03:01:06.315,265,49.21,0,1,0.2239,6.36,0.52,1.34,88.19,76,541.18,76,22,6.25,76.32,12,16.09,728.03,0.14,0.937,1,,,,0,,13.2,54,5,2040,2545.385472,36.935
1.0.0,2026-08-05 03:01:06.594,263,,,,,,,,,,,,,,,,,,,,,2026-08-05 03:01:06.427,7.07,1,,,,,,,,
1.0.0,2026-08-05 03:01:07.011,262,,,,,,,,,,,,,,,,,,,,,2026-08-05 03:01:06.853,3.79,1,,,,,,,,
1.0.0,2026-08-05 03:01:07.471,266,49.09,0,1,0.1933,6.03,0.72,1.27,67.1,92,592.01,92,27,8.7,72.41,12,15.27,755.49,0.188,1.157,0,,,,0,,15.0,54,19,2040,2545.385472,36.37
1.0.0,2026-08-05 03:01:08.482,267,49.28,0,1,0.2101,6.32,0.48,1.54,66.81,82,592.2,82,25,5.74,75.8,12,18.46,759.01,0.203,1.015,1,,,,0,,14.0,54,11,2040,2545.385472,36.955
1.0.0,2026-08-05 03:01:08.888,265,,,,,,,,,,,,,,,,,,,,,2026-08-05 03:01:08.715,13.82,1,,,,,,,,
1.0.0,2026-08-05 03:01:09.602,264,,,,,,,,,,,,,,,,,,,,,2026-08-05 03:01:09.443,5.38,1,,,,,,,,
1.0.0,2026-08-05 03:01:09.678,268,48.96,0,1,0.1238,6.05,0.56,1.33,70.11,95,487.28,95,34,6.75,72.59,12,16.0,652.73,0.188,1.188,1,,,,0,,12.8,54,3,2040,2545.385472,36.48
1.0.0,2026-08-05 03:01:10.927,269,49.35,0,1,0.2005,6.65,0.58,1.31,75.48,100,623.55,100,27,6.98,79.86,12,15.71,801.58,0.156,1.25,1,,,,0,,10.4,54,3,2040,2545.385472,37.043
1.0.0,2026-08-05 03:01:11.060,267,,,,,,,,,,,,,,,,,,,,,2026-08-05 03:01:10.882,4.34,1,,,,,,,,
1.0.0,2026-08-05 03:01:11.712,266,,,,,,,,,,,,,,,,,,,,,2026-08-05 03:01:11.544,8.65,1,,,,,,,,
1.0.0,2026-08-05 03:01:12.177,270,49.06,0,1,0.1935,6.24,0.55,1.31,70.27,100,644.43,100,28,6.58,74.85,12,15.76,811.89,0.156,1.25,0,,,,0,,12.9,54,10,2040,2545.385472,36.965
1.0.0,2026-08-05 03:01:12.237,268,,,,,,,,,,,,,,,,,,,,,2026-08-05 03:01:12.078,4.0,1,,,,,,,,
1.0.0,2026-08-05 03:01:13.211,271,49.16,0,1,0.1686,6.59,0.6,1.36,69.4,83,558.21,83,28,7.26,79.14,12,16.35,730.36,0.157,1.047,1,,,,0,,14.9,54,10,2040,2545.385472,36.43
1.0.0,2026-08-05 03:01:13.490,269,,,,,,,,,,,,,,,,,,,,,2026-08-05 03:01:13.327,3.58,1,,,,,,,,
1.0.0,2026-08-05 03:01:14.419,272,49.2,0,1,0.1973,12.97,0.86,1.38,70.86,97,594.4,97,28,10.35,155.64,12,16.51,847.76,0.156,1.203,1,,,,0,,15.0,54,20,2040,2545.385472,36.637
1.0.0,2026-08-05 03:01:15.582,273,49.15,0,1,0.188,6.27,0.63,1.26,63.94,93,591.49,93,28,7.54,75.26,12,15.15,753.38,0.156,1.156,0,,,,0,,14.0,54,3,2040,2545.385472,36.751
1.0.0,2026-08-05 03:01:15.781,271,,,,,,,,,,,,,,,,,,,,,2026-08-05 03:01:15.611,9.28,1,,,,,,,,
1.0.0,2026-08-05 03:01:16.406,270,,,,,,,,,,,,,,,,,,,,,2026-08-05 03:01:16.248,4.38,1,,,,,,,,
1.0.0,2026-08-05 03:01:16.831,274,49.36,0,1,0.2369,6.82,0.64,1.35,68.97,100,704.96,100,24,7.66,81.81,12,16.23,879.63,0.156,1.25,1,,,,0,,11.5,54,3,2040,2545.385472,36.956
1.0.0,2026-08-05 03:01:16.996,272,,,,,,,,,,,,,,,,,,,,,2026-08-05 03:01:16.827,4.21,1,,,,,,,,
1.0.0,2026-08-05 03:01:18.169,275,49.23,0,1,0.2057,6.88,0.54,1.36,75.43,106,686.37,106,25,6.48,82.54,12,16.36,867.18,0.187,1.344,0,,,,0,,14.4,54,12,2040,2545.385472,36.932
1.0.0,2026-08-05 03:01:19.115,276,38.51,0,1,0.2241,6.34,0.51,1.33,93.61,76,572.61,76,22,6.17,76.09,12,15.98,764.46,0.141,0.937,1,,,,0,,15.3,54,11,2040,2545.385472,36.625
1.0.0,2026-08-05 03:01:19.402,274,,,,,,,,,,,,,,,,,,,,,2026-08-05 03:01:19.231,11.7,1,,,,,,,,
1.0.0,2026-08-05 03:01:19.807,273,,,,,,,,,,,,,,,,,,,,,2026-08-05 03:01:19.653,3.15,1,,,,,,,,
1.0.0,2026-08-05 03:01:20.281,277,49.13,0,1,0.1933,6.6,0.53,1.42,72.55,94,716.43,93,29,6.33,79.16,12,17.01,891.48,0.203,1.172,0,,,,0,,17.4,54,11,2040,2622.332928,36.724
1.0.0,2026-08-05 03:01:21.282,278,48.42,0,1,0.2112,5.59,0.54,1.21,68.15,80,640.01,81,24,6.48,67.04,12,14.52,796.2,0.156,1.0,1,,,,0,,14.8,54,11,2040,2622.332928,36.999
1.0.0,2026-08-05 03:01:21.692,276,,,,,,,,,,,,,,,,,,,,,2026-08-05 03:01:21.515,19.28,1,,,,,,,,
1.0.0,2026-08-05 03:01:22.398,275,,,,,,,,,,,,,,,,,,,,,2026-08-05 03:01:22.240,8.12,1,,,,,,,,
1.0.0,2026-08-05 03:01:22.481,279,49.1,0,1,0.1242,6.27,0.62,1.48,67.43,96,520.71,96,34,7.41,75.25,12,17.74,688.54,0.203,1.203,1,,,,0,,13.8,54,19,2040,2624.954368,36.659
1.0.0,2026-08-05 03:01:23.764,280,49.18,0,1,0.2006,6.44,0.56,1.43,71.62,102,654.09,102,28,6.68,77.27,12,17.1,826.76,0.188,1.282,1,,,,0,,14.6,54,3,2040,2624.954368,36.311
1.0.0,2026-08-05 03:01:23.840,278,,,,,,,,,,,,,,,,,,,,,2026-08-05 03:01:23.682,3.96,1,,,,,,,,
1.0.0,2026-08-05 03:01:24.510,277,,,,,,,,,,,,,,,,,,,,,2026-08-05 03:01:24.352,3.86,1,,,,,,,,
1.0.0,2026-08-05 03:01:25.010,281,49.12,0,1,0.1936,6.13,0.58,1.42,72.42,100,656.65,100,27,6.92,73.53,12,17.06,826.58,0.204,1.25,0,,,,0,,14.3,54,6,2040,2624.954368,36.933
1.0.0,2026-08-05 03:01:25.047,279,,,,,,,,,,,,,,,,,,,,,2026-08-05 03:01:24.881,4.05,1,,,,,,,,
1.0.0,2026-08-05 03:01:26.032,282,49.04,0,1,0.1687,6.24,0.57,1.33,66.23,82,562.26,82,28,6.81,74.85,12,15.93,726.08,0.156,1.015,1,,,,0,,15.4,54,21,2040,2621.325312,37.152
1.0.0,2026-08-05 03:01:26.337,280,,,,,,,,,,,,,,,,,,,,,2026-08-05 03:01:26.164,13.6,1,,,,,,,,
1.0.0,2026-08-05 03:01:27.231,283,49.17,0,1,0.1973,8.7,0.67,1.66,71.27,96,616.73,96,26,8.01,104.34,12,19.89,820.24,0.156,1.203,1,,,,0,,15.6,54,21,2040,2540.25728,39.055
1.0.0,2026-08-05 03:01:28.377,284,49.25,0,1,0.1882,6.92,0.64,1.43,65.99,91,605.6,91,29,7.71,83.1,12,17.1,779.5,0.156,1.141,0,,,,0,,15.0,54,21,2040,2537.111552,39.102
1.0.0,2026-08-05 03:01:28.620,282,,,,,,,,,,,,,,,,,,,,,2026-08-05 03:01:28.432,34.2,1,,,,,,,,
1.0.0,2026-08-05 03:01:29.248,281,,,,,,,,,,,,,,,,,,,,,2026-08-05 03:01:29.081,12.37,1,,,,,,,,
1.0.0,2026-08-05 03:01:29.665,285,49.32,0,1,0.2365,6.55,0.49,1.43,76.09,103,752.36,103,22,5.85,78.64,12,17.15,930.09,0.187,1.297,1,,,,0,,19.2,54,23,2040,2537.111552,38.707
1.0.0,2026-08-05 03:01:29.801,283,,,,,,,,,,,,,,,,,,,,,2026-08-05 03:01:29.631,4.52,1,,,,,,,,
1.0.0,2026-08-05 03:01:30.918,286,49.26,0,1,0.2046,7.98,0.7,1.5,78.41,100,668.3,100,30,8.41,95.79,12,17.98,868.89,0.187,1.25,0,,,,0,,19.0,54,13,2040,2550.284288,39.402
1.0.0,2026-08-05 03:01:31.927,287,49.21,0,1,0.2241,6.56,0.57,1.3,65.61,81,661.43,81,22,6.86,78.68,12,15.55,828.13,0.156,1.0,1,,,,0,,16.2,54,14,2040,2550.284288,39.106
1.0.0,2026-08-05 03:01:32.241,285,,,,,,,,,,,,,,,,,,,,,2026-08-05 03:01:32.065,16.98,1,,,,,,,,
1.0.0,2026-08-05 03:01:32.618,284,,,,,,,,,,,,,,,,,,,,,2026-08-05 03:01:32.448,2.28,1,,,,,,,,
1.0.0,2026-08-05 03:01:33.081,288,49.26,0,1,0.1934,6.26,0.67,1.33,62.93,93,635.45,92,27,8.02,75.12,12,15.91,797.43,0.156,1.156,0,,,,0,,12.0,54,12,2040,2550.284288,36.558
1.0.0,2026-08-05 03:01:34.164,289,49.36,0,1,0.2106,6.57,0.53,1.23,65.93,86,615.61,87,26,6.39,78.85,12,14.77,781.55,0.219,1.094,1,,,,0,,14.7,54,10,2040,2550.284288,36.932
1.0.0,2026-08-05 03:01:34.490,287,,,,,,,,,,,,,,,,,,,,,2026-08-05 03:01:34.327,4.04,1,,,,,,,,
1.0.0,2026-08-05 03:01:35.148,286,,,,,,,,,,,,,,,,,,,,,2026-08-05 03:01:34.990,3.58,1,,,,,,,,
1.0.0,2026-08-05 03:01:35.281,290,49.22,0,1,0.1239,10.42,0.73,1.67,65.91,90,542.75,90,33,8.81,125.09,12,20.07,762.63,0.156,1.109,1,,,,0,,14.2,54,11,2040,2550.284288,36.954
1.0.0,2026-08-05 03:01:36.537,291,49.31,0,1,0.2009,6.61,0.58,1.25,75.3,101,647.03,101,28,6.91,79.35,12,15.05,823.64,0.156,1.25,1,,,,0,,14.9,54,20,2040,2550.284288,36.581
1.0.0,2026-08-05 03:01:36.739,289,,,,,,,,,,,,,,,,,,,,,2026-08-05 03:01:36.564,8.17,1,,,,,,,,
1.0.0,2026-08-05 03:01:37.310,288,,,,,,,,,,,,,,,,,,,,,2026-08-05 03:01:37.152,3.94,1,,,,,,,,
1.0.0,2026-08-05 03:01:37.831,292,52.82,0,1,0.1934,5.89,0.56,1.45,79.68,103,605.29,101,27,6.76,70.7,12,17.46,779.89,0.156,1.297,0,,,,0,,10.1,54,3,2040,2550.284288,36.817
1.0.0,2026-08-05 03:01:37.840,290,,,,,,,,,,,,,,,,,,,,,2026-08-05 03:01:37.681,4.46,1,,,,,,,,
1.0.0,2026-08-05 03:01:38.873,293,56.68,0,1,0.1688,6.41,0.51,1.37,96.55,83,518.85,85,28,6.11,76.93,12,16.41,714.85,0.172,1.047,1,,,,0,,12.5,54,5,2040,2550.284288,37.088
1.0.0,2026-08-05 03:01:39.095,291,,,,,,,,,,,,,,,,,,,,,2026-08-05 03:01:38.937,6.65,1,,,,,,,,
1.0.0,2026-08-05 03:01:40.081,294,68.91,4,1,0.1975,7.56,0.64,1.5,75.11,93,644.42,93,27,7.67,90.71,12,17.94,835.85,0.203,1.203,1,,,,0,,13.5,54,6,2040,2550.284288,36.902
1.0.0,2026-08-05 03:01:41.264,295,49.08,0,1,0.1882,8.18,0.54,1.77,73.38,94,658.05,94,27,6.46,98.15,12,21.18,857.22,0.235,1.188,0,,,,0,,16.8,54,10,2040,2550.284288,36.51
1.0.0,2026-08-05 03:01:41.436,293,,,,,,,,,,,,,,,,,,,,,2026-08-05 03:01:41.277,1.64,1,,,,,,,,
1.0.0,2026-08-05 03:01:42.060,292,,,,,,,,,,,,,,,,,,,,,2026-08-05 03:01:41.902,3.24,1,,,,,,,,
1.0.0,2026-08-05 03:01:42.514,296,49.27,0,1,0.2372,9.63,0.61,4.17,81.07,100,735.21,100,22,7.29,115.51,12,50.04,989.12,0.188,1.25,1,,,,0,,15.2,54,18,2040,2550.284288,36.86
1.0.0,2026-08-05 03:01:42.653,294,,,,,,,,,,,,,,,,,,,,,2026-08-05 03:01:42.481,8.05,1,,,,,,,,
1.0.0,2026-08-05 03:01:43.718,297,49.28,0,1,0.2051,12.76,2.41,1.35,197.28,98,767.72,95,28,28.88,153.16,12,16.21,1163.25,0.141,1.203,0,,,,0,,15.0,54,4,2040,2550.153216,36.574
1.0.0,2026-08-05 03:01:44.726,298,49.24,0,1,0.2244,6.65,0.67,1.36,94.87,79,590.36,80,22,7.99,79.76,12,16.26,789.24,0.157,1.0,1,,,,0,,15.4,54,6,2040,2550.153216,36.574
1.0.0,2026-08-05 03:01:45.095,296,,,,,,,,,,,,,,,,,,,,,2026-08-05 03:01:44.914,6.55,1,,,,,,,,
1.0.0,2026-08-05 03:01:45.497,295,,,,,,,,,,,,,,,,,,,,,2026-08-05 03:01:45.335,7.97,1,,,,,,,,
1.0.0,2026-08-05 03:01:45.876,299,49.08,0,1,0.1935,6.45,0.67,1.37,65.63,92,612.24,92,26,8.0,77.37,12,16.49,779.73,0.156,1.156,0,,,,0,,16.9,54,4,2040,2550.153216,36.403
1.0.0,2026-08-05 03:01:46.926,300,49.34,0,1,0.2101,6.89,0.53,1.44,65.82,84,566.9,84,25,6.41,82.71,12,17.23,739.07,0.188,1.047,1,,,,0,,16.0,54,7,2040,2550.153216,37.096
1.0.0,2026-08-05 03:01:47.333,298,,,,,,,,,,,,,,,,,,,,,2026-08-05 03:01:47.126,15.35,1,,,,,,,,
1.0.0,2026-08-05 03:01:47.960,297,,,,,,,,,,,,,,,,,,,,,2026-08-05 03:01:47.789,16.81,1,,,,,,,,
1.0.0,2026-08-05 03:01:48.126,301,49.2,0,1,0.1239,7.32,0.61,1.41,75.14,96,484.65,96,32,7.33,87.83,12,16.9,671.85,0.203,1.203,1,,,,0,,11.6,54,13,2040,2550.153216,36.964
1.0.0,2026-08-05 03:01:49.326,302,39.55,0,1,0.2013,6.51,0.72,1.53,73.21,96,642.39,96,26,8.63,78.11,12,18.31,820.65,0.156,1.203,1,,,,0,,14.3,54,11,2040,2550.153216,36.647
1.0.0,2026-08-05 03:01:49.487,300,,,,,,,,,,,,,,,,,,,,,2026-08-05 03:01:49.326,4.05,1,,,,,,,,
1.0.0,2026-08-05 03:01:50.105,299,,,,,,,,,,,,,,,,,,,,,2026-08-05 03:01:49.947,4.02,1,,,,,,,,
1.0.0,2026-08-05 03:01:50.631,303,48.85,0,1,0.1934,6.43,0.65,1.39,86.28,105,693.66,104,29,7.75,77.2,12,16.72,881.61,0.156,1.297,0,,,,0,,15.7,54,13,2040,2550.153216,36.399
1.0.0,2026-08-05 03:01:50.684,301,,,,,,,,,,,,,,,,,,,,,2026-08-05 03:01:50.526,3.9,1,,,,,,,,
1.0.0,2026-08-05 03:01:51.681,304,49.15,0,1,0.1687,7.26,0.67,1.34,69.6,84,593.77,85,27,8.1,87.12,12,16.14,774.73,0.156,1.047,1,,,,0,,14.6,54,4,2040,2550.153216,37.007
1.0.0,2026-08-05 03:01:51.884,302,,,,,,,,,,,,,,,,,,,,,2026-08-05 03:01:51.726,4.62,1,,,,,,,,
1.0.0,2026-08-05 03:01:52.889,305,48.97,0,1,0.1977,10.08,0.63,1.38,78.89,97,613.96,97,29,7.54,120.95,12,16.59,837.93,0.172,1.219,1,,,,0,,14.4,54,3,2040,2550.153216,36.942
1.0.0,2026-08-05 03:01:54.030,306,49.06,0,1,0.1879,6.68,0.64,1.33,69.87,91,601.14,91,27,7.67,80.19,12,15.98,774.85,0.125,1.14,0,,,,0,,15.0,54,8,2040,2550.153216,37.016
1.0.0,2026-08-05 03:01:54.248,304,,,,,,,,,,,,,,,,,,,,,2026-08-05 03:01:54.081,4.69,1,,,,,,,,
1.0.0,2026-08-05 03:01:54.859,303,,,,,,,,,,,,,,,,,,,,,2026-08-05 03:01:54.702,3.13,1,,,,,,,,
1.0.0,2026-08-05 03:01:55.280,307,48.64,0,1,0.2378,5.96,0.52,1.35,81.58,100,738.68,100,21,6.23,71.5,12,16.24,914.23,0.156,1.25,1,,,,0,,18.4,54,10,2040,2550.153216,36.652
1.0.0,2026-08-05 03:01:55.480,305,,,,,,,,,,,,,,,,,,,,,2026-08-05 03:01:55.289,4.14,1,,,,,,,,
1.0.0,2026-08-05 03:01:56.668,308,49.15,0,1,0.2132,6.15,0.53,1.44,82.58,110,668.51,110,28,6.33,73.75,12,17.23,848.4,0.234,1.391,0,,,,0,,15.5,54,14,2040,2550.153216,36.568
1.0.0,2026-08-05 03:01:57.559,309,61.45,0,1,0.224,6.6,0.58,1.28,86.82,71,488.67,69,21,6.92,79.24,12,15.39,677.04,0.14,0.89,1,,,,0,,15.6,54,12,2040,2550.153216,37.373
1.0.0,2026-08-05 03:01:57.857,307,,,,,,,,,,,,,,,,,,,,,2026-08-05 03:01:57.684,12.9,1,,,,,,,,
1.0.0,2026-08-05 03:01:58.260,306,,,,,,,,,,,,,,,,,,,,,2026-08-05 03:01:58.101,3.66,1,,,,,,,,
1.0.0,2026-08-05 03:01:58.730,310,48.68,0,1,0.193,7.5,0.82,1.81,81.26,95,729.81,96,25,9.81,90.01,12,21.78,932.67,0.188,1.172,0,,,,0,,12.1,54,3,2040,2550.153216,36.339
1.0.0,2026-08-05 03:01:59.726,311,46.62,0,1,0.2111,5.93,0.58,1.4,65.49,79,577.88,80,24,6.94,71.16,12,16.81,738.28,0.141,0.985,1,,,,0,,16.9,54,4,2040,2550.153216,36.65
1.0.0,2026-08-05 03:02:00.128,309,,,,,,,,,,,,,,,,,,,,,2026-08-05 03:01:59.959,9.45,1,,,,,,,,
1.0.0,2026-08-05 03:02:00.893,308,,,,,,,,,,,,,,,,,,,,,2026-08-05 03:02:00.739,3.76,1,,,,,,,,
1.0.0,2026-08-05 03:02:00.926,312,49.29,0,1,0.123,6.81,0.65,1.35,69.21,96,527.4,96,32,7.81,81.77,12,16.23,702.42,0.156,1.203,1,,,,0,,18.9,54,3,2040,2550.153216,36.565
1.0.0,2026-08-05 03:02:02.218,313,49.12,0,1,0.2004,10.48,0.55,1.31,77.55,103,655.3,103,26,6.61,125.72,12,15.72,880.9,0.187,1.297,1,,,,0,,14.9,54,12,2040,2550.153216,37.111
1.0.0,2026-08-05 03:02:02.285,311,,,,,,,,,,,,,,,,,,,,,2026-08-05 03:02:02.126,4.35,1,,,,,,,,
1.0.0,2026-08-05 03:02:02.963,310,,,,,,,,,,,,,,,,,,,,,2026-08-05 03:02:02.806,3.37,1,,,,,,,,
1.0.0,2026-08-05 03:02:03.426,314,49.28,0,1,0.1934,6.16,0.51,1.35,75.12,97,622.38,97,27,6.07,73.89,12,16.15,793.61,0.156,1.203,0,,,,0,,11.3,54,13,2040,2550.153216,36.899
1.0.0,2026-08-05 03:02:03.484,312,,,,,,,,,,,,,,,,,,,,,2026-08-05 03:02:03.326,4.03,1,,,,,,,,
1.0.0,2026-08-05 03:02:04.476,315,48.98,0,1,0.1688,6.5,0.52,1.5,64.83,84,563.12,84,29,6.2,78.04,12,17.98,730.17,0.157,1.047,1,,,,0,,15.2,54,16,2040,2550.153216,36.917
1.0.0,2026-08-05 03:02:04.786,313,,,,,,,,,,,,,,,,,,,,,2026-08-05 03:02:04.618,9.05,1,,,,,,,,
1.0.0,2026-08-05 03:02:05.676,316,49.05,0,1,0.1979,6.6,0.68,1.37,68.34,96,553.59,96,27,8.21,79.18,12,16.42,725.74,0.156,1.203,1,,,,0,,14.6,54,6,2040,2550.153216,36.424
1.0.0,2026-08-05 03:02:06.826,317,49.16,0,1,0.1881,7.06,0.67,1.43,65.04,92,566.22,92,28,8.02,84.71,12,17.2,741.19,0.156,1.156,0,,,,0,,15.2,54,4,2040,2550.153216,37.062
1.0.0,2026-08-05 03:02:07.069,315,,,,,,,,,,,,,,,,,,,,,2026-08-05 03:02:06.876,33.57,1,,,,,,,,
1.0.0,2026-08-05 03:02:07.659,314,,,,,,,,,,,,,,,,,,,,,2026-08-05 03:02:07.497,7.92,1,,,,,,,,
1.0.0,2026-08-05 03:02:08.076,318,49.25,0,1,0.2374,6.28,0.66,1.3,71.38,100,690.75,100,25,7.97,75.33,12,15.56,860.99,0.156,1.25,1,,,,0,,13.6,54,5,2040,2550.153216,36.747
1.0.0,2026-08-05 03:02:08.233,316,,,,,,,,,,,,,,,,,,,,,2026-08-05 03:02:08.076,4.06,1,,,,,,,,
1.0.0,2026-08-05 03:02:09.524,319,49.47,0,1,0.2018,10.74,0.69,1.41,92.34,115,708.62,115,28,8.3,128.94,12,16.95,955.15,0.188,1.438,0,,,,0,,14.2,54,17,2040,2550.153216,36.564
1.0.0,2026-08-05 03:02:10.376,320,49.12,0,1,0.224,5.9,0.57,1.23,52.82,69,494.86,69,21,6.87,70.76,12,14.78,640.09,0.156,0.859,1,,,,0,,13.4,54,3,2040,2550.153216,37.155
1.0.0,2026-08-05 03:02:10.648,318,,,,,,,,,,,,,,,,,,,,,2026-08-05 03:02:10.476,13.76,1,,,,,,,,
1.0.0,2026-08-05 03:02:11.068,317,,,,,,,,,,,,,,,,,,,,,2026-08-05 03:02:10.897,3.65,1,,,,,,,,
1.0.0,2026-08-05 03:02:11.540,321,49.26,0,1,0.1935,6.69,0.62,1.47,64.73,94,634.72,94,28,7.39,80.32,12,17.65,804.81,0.203,1.156,0,,,,0,,15.5,54,19,2040,2550.153216,36.258
1.0.0,2026-08-05 03:02:12.530,322,49.34,0,1,0.2112,7.11,0.65,1.36,56.78,79,588.33,79,23,7.78,85.29,12,16.36,754.54,0.172,0.984,1,,,,0,,13.9,54,13,2040,2550.153216,36.951
1.0.0,2026-08-05 03:02:12.949,320,,,,,,,,,,,,,,,,,,,,,2026-08-05 03:02:12.776,14.69,1,,,,,,,,
1.0.0,2026-08-05 03:02:13.725,323,49.23,0,1,0.1233,9.8,0.85,1.43,68.51,95,550.53,95,32,10.26,117.64,12,17.15,764.09,0.141,1.188,1,,,,0,,16.6,54,5,2040,2550.153216,36.246
1.0.0,2026-08-05 03:02:13.755,319,,,,,,,,,,,,,,,,,,,,,2026-08-05 03:02:13.595,5.54,1,,,,,,,,
1.0.0,2026-08-05 03:02:14.976,324,49.19,0,1,0.2008,7.02,0.68,1.44,73.13,100,630.59,100,27,8.22,84.25,12,17.33,813.52,0.141,1.25,1,,,,0,,10.9,54,3,2040,2550.153216,36.999
1.0.0,2026-08-05 03:02:15.092,322,,,,,,,,,,,,,,,,,,,,,2026-08-05 03:02:14.930,4.28,1,,,,,,,,
1.0.0,2026-08-05 03:02:15.771,321,,,,,,,,,,,,,,,,,,,,,2026-08-05 03:02:15.611,6.7,1,,,,,,,,
1.0.0,2026-08-05 03:02:16.280,325,51.82,0,1,0.1933,6.08,0.67,1.37,79.81,105,626.12,104,27,8.08,73.01,12,16.4,803.42,0.203,1.312,0,,,,0,,14.3,54,11,2040,2550.218752,36.674
1.0.0,2026-08-05 03:02:16.285,323,,,,,,,,,,,,,,,,,,,,,2026-08-05 03:02:16.125,4.43,1,,,,,,,,
1.0.0,2026-08-05 03:02:17.313,326,63.7,0,1,0.1687,6.89,0.62,1.42,60.29,82,525.42,81,28,7.4,82.72,12,17.09,692.92,0.156,1.031,1,,,,0,,13.4,54,11,2040,2550.153216,36.502
1.0.0,2026-08-05 03:02:17.539,324,,,,,,,,,,,,,,,,,,,,,2026-08-05 03:02:17.376,4.75,1,,,,,,,,
1.0.0,2026-08-05 03:02:18.530,327,49.3,0,1,0.1967,6.27,0.6,1.27,68.76,98,605.75,100,27,7.22,75.19,12,15.21,772.13,0.203,1.219,1,,,,0,,13.9,54,19,2040,2550.153216,36.188
1.0.0,2026-08-05 03:02:19.626,328,49.34,0,1,0.1882,6.28,0.6,1.22,57.83,87,543.23,87,26,7.19,75.42,12,14.62,698.29,0.156,1.094,0,,,,0,,13.6,53,7,2040,2550.284288,36.654
1.0.0,2026-08-05 03:02:19.885,326,,,,,,,,,,,,,,,,,,,,,2026-08-05 03:02:19.713,12.05,1,,,,,,,,
1.0.0,2026-08-05 03:02:20.513,325,,,,,,,,,,,,,,,,,,,,,2026-08-05 03:02:20.351,7.29,1,,,,,,,,
1.0.0,2026-08-05 03:02:20.926,329,49.12,0,1,0.2372,6.48,0.64,1.36,76.49,104,757.25,104,22,7.62,77.7,12,16.27,935.33,0.203,1.297,1,,,,0,,11.4,53,3,2040,2550.284288,36.902
1.0.0,2026-08-05 03:02:21.094,327,,,,,,,,,,,,,,,,,,,,,2026-08-05 03:02:20.930,4.6,1,,,,,,,,
1.0.0,2026-08-05 03:02:22.358,330,49.21,0,1,0.216,5.48,0.57,1.53,78.85,115,719.01,115,29,6.82,65.71,12,18.38,888.77,0.343,1.437,0,,,,0,,14.3,54,10,2040,2550.284288,36.704
1.0.0,2026-08-05 03:02:23.175,331,49.23,0,1,0.2242,5.75,0.57,1.23,51.05,65,505.19,65,21,6.83,68.99,12,14.74,646.8,0.156,0.813,1,,,,0,,14.3,54,10,2040,2550.284288,36.704
1.0.0,2026-08-05 03:02:23.490,329,,,,,,,,,,,,,,,,,,,,,2026-08-05 03:02:23.326,6.38,1,,,,,,,,
1.0.0,2026-08-05 03:02:23.854,328,,,,,,,,,,,,,,,,,,,,,2026-08-05 03:02:23.697,3.38,1,,,,,,,,
1.0.0,2026-08-05 03:02:24.330,332,49.19,0,1,0.1933,6.9,0.72,1.43,67.37,93,582.94,92,27,8.65,82.82,12,17.11,758.89,0.156,1.156,0,,,,0,,13.9,54,10,2040,2550.349824,36.59
1.0.0,2026-08-05 03:02:25.376,333,49.36,0,1,0.2105,6.5,0.55,1.32,60.23,83,592.09,84,26,6.55,78.03,12,15.78,752.68,0.203,1.047,1,,,,0,,13.4,54,10,2040,2550.349824,36.961
1.0.0,2026-08-05 03:02:25.740,331,,,,,,,,,,,,,,,,,,,,,2026-08-05 03:02:25.575,5.54,1,,,,,,,,
1.0.0,2026-08-05 03:02:26.529,334,49.35,0,1,0.1237,6.76,0.59,1.27,62.29,93,503.71,93,34,7.05,81.13,12,15.2,669.38,0.156,1.156,1,,,,0,,11.1,54,20,2040,2542.157824,36.69
1.0.0,2026-08-05 03:02:26.601,330,,,,,,,,,,,,,,,,,,,,,2026-08-05 03:02:26.429,18.16,1,,,,,,,,
1.0.0,2026-08-05 03:02:27.779,335,44.91,0,1,0.201,5.8,0.6,1.45,69.95,100,631.75,100,28,7.26,69.6,12,17.43,795.99,0.156,1.25,1,,,,0,,13.6,54,4,2040,2542.157824,36.285
1.0.0,2026-08-05 03:02:27.944,333,,,,,,,,,,,,,,,,,,,,,2026-08-05 03:02:27.776,3.74,1,,,,,,,,
1.0.0,2026-08-05 03:02:28.567,332,,,,,,,,,,,,,,,,,,,,,2026-08-05 03:02:28.401,11.68,1,,,,,,,,
1.0.0,2026-08-05 03:02:29.080,336,49.09,0,1,0.1933,6.45,0.52,1.43,70.72,104,594.96,103,27,6.25,77.39,12,17.18,766.5,0.156,1.297,0,,,,0,,14.5,54,3,2040,2542.157824,36.819
1.0.0,2026-08-05 03:02:29.088,334,,,,,,,,,,,,,,,,,,,,,2026-08-05 03:02:28.929,8.29,1,,,,,,,,
1.0.0,2026-08-05 03:02:30.125,337,49.31,0,1,0.1688,5.67,0.51,1.22,60.46,83,513.33,84,28,6.14,68.09,12,14.69,662.71,0.156,1.047,1,,,,0,,14.9,54,11,2040,2542.157824,36.558
1.0.0,2026-08-05 03:02:30.349,335,,,,,,,,,,,,,,,,,,,,,2026-08-05 03:02:30.179,4.31,1,,,,,,,,
1.0.0,2026-08-05 03:02:31.329,338,49.2,0,1,0.1973,7.14,0.57,1.31,63.87,97,617.67,96,28,6.79,85.67,12,15.74,789.74,0.187,1.203,1,,,,0,,11.9,54,10,2040,2542.157824,36.78
1.0.0,2026-08-05 03:02:32.367,339,49.36,0,1,0.1893,10.72,0.59,1.37,58.05,82,563.99,83,30,7.02,128.61,12,16.39,774.06,0.187,1.031,0,,,,0,,13.5,54,11,2040,2542.157824,36.807
1.0.0,2026-08-05 03:02:32.700,337,,,,,,,,,,,,,,,,,,,,,2026-08-05 03:02:32.525,16.0,1,,,,,,,,
1.0.0,2026-08-05 03:02:33.308,336,,,,,,,,,,,,,,,,,,,,,2026-08-05 03:02:33.151,3.22,1,,,,,,,,
1.0.0,2026-08-05 03:02:33.725,340,49.19,0,1,0.2369,5.35,0.57,1.31,78.09,109,678.38,109,22,6.9,64.18,12,15.74,843.29,0.141,1.36,1,,,,0,,16.0,53,12,2040,2542.157824,36.039
1.0.0,2026-08-05 03:02:33.928,338,,,,,,,,,,,,,,,,,,,,,2026-08-05 03:02:33.729,5.93,1,,,,,,,,
1.0.0,2026-08-05 03:02:35.169,341,49.38,0,1,0.2061,6.55,0.5,1.32,79.75,115,699.52,115,29,6.01,78.56,12,15.82,879.66,0.234,1.437,0,,,,0,,14.7,53,3,2040,2542.157824,36.85
1.0.0,2026-08-05 03:02:36.017,342,69.19,0,1,0.2241,5.49,0.59,1.27,47.6,68,479.25,68,22,7.14,65.88,12,15.29,615.16,0.188,0.86,1,,,,0,,13.8,53,11,2040,2542.157824,36.792
1.0.0,2026-08-05 03:02:36.297,340,,,,,,,,,,,,,,,,,,,,,2026-08-05 03:02:36.125,12.7,1,,,,,,,,
1.0.0,2026-08-05 03:02:36.609,339,,,,,,,,,,,,,,,,,,,,,2026-08-05 03:02:36.438,17.62,1,,,,,,,,
1.0.0,2026-08-05 03:02:37.125,343,42.88,0,1,0.1934,5.6,0.55,1.33,61.53,89,543.18,89,26,6.58,67.21,12,16.0,694.5,0.141,1.109,0,,,,0,,13.7,53,10,2040,2542.157824,36.354
1.0.0,2026-08-05 03:02:38.175,344,48.44,0,1,0.2101,5.37,0.52,1.33,56.99,84,559.52,84,26,6.22,64.43,12,15.99,703.15,0.203,1.047,1,,,,0,,13.6,53,10,2040,2542.157824,36.391
1.0.0,2026-08-05 03:02:38.584,342,,,,,,,,,,,,,,,,,,,,,2026-08-05 03:02:38.417,8.89,1,,,,,,,,
1.0.0,2026-08-05 03:02:39.375,345,49.31,0,1,0.1236,6.05,0.49,1.34,65.18,96,469.49,96,31,5.88,72.6,12,16.14,629.29,0.203,1.203,1,,,,0,,14.3,53,10,2040,2542.157824,36.717
1.0.0,2026-08-05 03:02:39.400,341,,,,,,,,,,,,,,,,,,,,,2026-08-05 03:02:39.240,5.27,1,,,,,,,,
1.0.0,2026-08-05 03:02:40.668,346,49.24,0,1,0.2012,6.19,3.25,1.3,69.39,103,598.88,103,28,39.03,74.24,12,15.59,797.13,0.234,1.281,1,,,,0,,14.0,53,14,2040,2542.157824,36.255
1.0.0,2026-08-05 03:02:40.733,344,,,,,,,,,,,,,,,,,,,,,2026-08-05 03:02:40.575,3.65,1,,,,,,,,
1.0.0,2026-08-05 03:02:41.354,343,,,,,,,,,,,,,,,,,,,,,2026-08-05 03:02:41.196,3.59,1,,,,,,,,
1.0.0,2026-08-05 03:02:41.875,347,49.07,0,1,0.1934,6.57,0.57,1.36,63.96,97,604.7,97,29,6.87,78.85,12,16.35,770.73,0.156,1.219,0,,,,0,,13.7,53,3,2040,2542.157824,36.941
1.0.0,2026-08-05 03:02:41.947,345,,,,,,,,,,,,,,,,,,,,,2026-08-05 03:02:41.775,14.64,1,,,,,,,,
1.0.0,2026-08-05 03:02:42.925,348,49.35,0,1,0.1688,6.17,0.54,1.25,94.42,84,537.38,84,28,6.45,74.02,12,15.05,727.32,0.156,1.047,1,,,,0,,10.1,53,5,2040,2542.157824,36.142
1.0.0,2026-08-05 03:02:43.232,346,,,,,,,,,,,,,,,,,,,,,2026-08-05 03:02:43.068,3.34,1,,,,,,,,
1.0.0,2026-08-05 03:02:44.125,349,49.16,0,1,0.1979,5.7,0.57,1.27,139.83,96,597.94,96,28,6.81,68.41,12,15.23,828.22,0.156,1.203,1,,,,0,,13.0,53,12,2040,2542.157824,36.205
1.0.0,2026-08-05 03:02:45.175,350,49.24,0,1,0.1861,6.62,0.48,1.25,56.01,84,506.6,84,27,5.7,79.41,12,14.96,662.68,0.156,1.047,0,,,,0,,13.2,53,9,2040,2542.157824,36.361
1.0.0,2026-08-05 03:02:45.524,348,,,,,,,,,,,,,,,,,,,,,2026-08-05 03:02:45.328,37.69,1,,,,,,,,
1.0.0,2026-08-05 03:02:46.108,347,,,,,,,,,,,,,,,,,,,,,2026-08-05 03:02:45.946,11.15,1,,,,,,,,
1.0.0,2026-08-05 03:02:46.687,349,,,,,,,,,,,,,,,,,,,,,2026-08-05 03:02:46.525,8.23,1,,,,,,,,
1.0.0,2026-08-05 03:02:49.425,350,,,,,,,,,,,,,,,,,,,,,2026-08-05 03:02:49.246,7.91,0,,,,,,,,
# === SESSION END   2026-08-05 03:02:49 ===
# === SESSION START 2026-08-05 03:06:20 ===
1.0.0,2026-08-05 03:06:49.672,1,49.16,0,1,0.2488,6.01,0.44,1.18,14903.49,1710,80.29,52,8,2.64,36.08,6,7.08,15029.58,0.125,24.313,1,,,,0,,11.2,53,4,2040,2536.062976,34.87
1.0.0,2026-08-05 03:06:51.042,2,49.22,0,1,0.1922,4.93,0.46,1.27,80.71,109,166.14,109,12,2.77,29.56,6,7.63,286.81,0.125,1.375,0,,,,0,,9.2,53,15,2040,2535.931904,35.577
1.0.0,2026-08-05 03:06:51.910,3,56.09,0,1,0.2252,5.27,0.55,1.12,46.22,69,148.5,69,22,6.6,63.29,12,13.39,278.0,0.156,0.859,1,,,,0,,9.2,53,15,2040,2535.931904,35.577
1.0.0,2026-08-05 03:06:52.246,1,,,,,,,,,,,,,,,,,,,,,2026-08-05 03:06:52.072,15.33,1,,,,,,,,
1.0.0,2026-08-05 03:06:53.060,4,49.3,0,1,0.194,5.15,0.52,1.19,93.83,92,141.21,92,26,6.29,61.85,12,14.32,317.5,0.187,1.156,0,,,,0,,12.8,53,19,2040,2535.931904,35.871
1.0.0,2026-08-05 03:06:54.109,5,49.3,0,1,0.2104,4.75,0.52,1.22,61.34,84,132.45,84,24,6.21,56.95,12,14.6,271.55,0.187,1.047,1,,,,0,,12.6,53,9,2040,2535.931904,36.852
1.0.0,2026-08-05 03:06:54.478,3,,,,,,,,,,,,,,,,,,,,,2026-08-05 03:06:54.310,9.66,1,,,,,,,,
1.0.0,2026-08-05 03:06:55.264,6,49.28,0,1,0.1246,5.31,0.64,1.2,59.09,93,118.8,93,34,7.65,63.68,12,14.35,263.57,0.157,1.157,1,,,,0,,0.0,53,3,2040,2535.931904,35.823
1.0.0,2026-08-05 03:06:55.279,2,,,,,,,,,,,,,,,,,,,,,2026-08-05 03:06:55.113,13.37,1,,,,,,,,
1.0.0,2026-08-05 03:06:56.547,7,49.22,0,1,0.2006,9.47,0.59,1.17,70.58,102,149.47,102,27,7.06,113.64,12,14.08,354.83,0.172,1.281,1,,,,0,,11.4,53,3,2040,2535.931904,36.344
1.0.0,2026-08-05 03:06:56.672,5,,,,,,,,,,,,,,,,,,,,,2026-08-05 03:06:56.509,4.72,1,,,,,,,,
1.0.0,2026-08-05 03:06:57.285,4,,,,,,,,,,,,,,,,,,,,,2026-08-05 03:06:57.131,3.82,1,,,,,,,,
1.0.0,2026-08-05 03:06:57.797,8,49.13,0,1,0.1936,5.59,0.56,1.24,70.7,100,143.6,100,26,6.73,67.12,12,14.88,303.03,0.188,1.25,0,,,,0,,11.6,53,11,2040,2535.931904,36.759
1.0.0,2026-08-05 03:06:57.818,6,,,,,,,,,,,,,,,,,,,,,2026-08-05 03:06:57.664,3.66,1,,,,,,,,
1.0.0,2026-08-05 03:06:58.859,9,49.16,0,1,0.1689,6.12,0.5,1.15,57.62,85,128.34,85,27,6.05,73.41,12,13.83,279.25,0.203,1.062,1,,,,0,,11.6,53,10,2040,2534.883328,36.576
1.0.0,2026-08-05 03:06:59.149,7,,,,,,,,,,,,,,,,,,,,,2026-08-05 03:06:58.951,7.14,1,,,,,,,,
1.0.0,2026-08-05 03:07:00.059,10,49.27,0,1,0.1974,5.49,0.54,1.19,60.45,96,135.39,96,26,6.51,65.83,12,14.3,282.48,0.187,1.203,1,,,,0,,12.9,53,19,2040,2534.883328,36.621
1.0.0,2026-08-05 03:07:01.222,11,57.88,0,1,0.1871,6.42,0.49,1.26,63.75,93,135.76,91,27,5.82,77.02,12,15.16,297.51,0.187,1.157,0,,,,0,,10.7,53,3,2040,2534.883328,36.507
1.0.0,2026-08-05 03:07:01.421,9,,,,,,,,,,,,,,,,,,,,,2026-08-05 03:07:01.259,4.18,1,,,,,,,,
1.0.0,2026-08-05 03:07:02.030,8,,,,,,,,,,,,,,,,,,,,,2026-08-05 03:07:01.872,3.68,1,,,,,,,,
1.0.0,2026-08-05 03:07:02.472,12,49.36,0,1,0.2413,5.44,0.55,1.28,67.34,101,191.49,103,22,6.57,65.27,12,15.32,345.99,0.157,1.25,1,,,,0,,11.7,53,3,2040,2534.883328,36.709
1.0.0,2026-08-05 03:07:02.619,10,,,,,,,,,,,,,,,,,,,,,2026-08-05 03:07:02.459,3.98,1,,,,,,,,
1.0.0,2026-08-05 03:07:03.873,13,49.3,0,1,0.206,9.84,0.55,4.23,72.7,112,161.65,112,27,6.63,118.06,12,50.79,409.83,0.156,1.39,0,,,,0,,12.5,53,8,2040,2534.883328,36.776
1.0.0,2026-08-05 03:07:04.755,14,49.31,0,1,0.2251,5.03,0.54,1.17,49.46,70,113.05,70,21,6.46,60.34,12,14.03,243.34,0.188,0.875,1,,,,0,,14.0,53,10,2040,2534.883328,36.429
1.0.0,2026-08-05 03:07:05.045,12,,,,,,,,,,,,,,,,,,,,,2026-08-05 03:07:04.872,14.43,1,,,,,,,,
1.0.0,2026-08-05 03:07:05.455,11,,,,,,,,,,,,,,,,,,,,,2026-08-05 03:07:05.293,7.45,1,,,,,,,,
1.0.0,2026-08-05 03:07:05.859,15,49.16,0,1,0.1935,9.52,0.69,1.25,56.32,88,127.85,88,25,8.31,114.29,12,15.0,321.77,0.156,1.109,0,,,,0,,0.0,53,11,2040,2534.883328,36.586
1.0.0,2026-08-05 03:07:06.909,16,49.34,0,1,0.21,8.52,0.65,1.21,56.16,84,139.87,84,25,7.83,102.3,12,14.53,320.69,0.187,1.047,1,,,,0,,13.2,53,11,2040,2534.883328,36.295
1.0.0,2026-08-05 03:07:07.336,14,,,,,,,,,,,,,,,,,,,,,2026-08-05 03:07:07.155,22.28,1,,,,,,,,
1.0.0,2026-08-05 03:07:08.101,13,,,,,,,,,,,,,,,,,,,,,2026-08-05 03:07:07.944,3.35,1,,,,,,,,
1.0.0,2026-08-05 03:07:08.109,17,49.22,0,1,0.1241,5.77,0.49,1.27,61.19,96,127.21,96,30,5.89,69.26,12,15.23,278.78,0.156,1.203,1,,,,0,,9.9,53,19,2040,2534.883328,36.299
1.0.0,2026-08-05 03:07:09.359,18,49.2,0,1,0.201,5.6,0.46,1.26,64.61,100,141.34,100,28,5.53,67.21,12,15.14,293.83,0.203,1.25,1,,,,0,,13.4,53,3,2040,2534.883328,36.44
1.0.0,2026-08-05 03:07:09.464,16,,,,,,,,,,,,,,,,,,,,,2026-08-05 03:07:09.309,3.73,1,,,,,,,,
1.0.0,2026-08-05 03:07:10.088,15,,,,,,,,,,,,,,,,,,,,,2026-08-05 03:07:09.930,4.14,1,,,,,,,,
1.0.0,2026-08-05 03:07:10.609,19,45.69,0,1,0.1931,5.65,0.59,1.29,68.65,100,145.27,100,26,7.03,67.8,12,15.54,304.29,0.156,1.25,0,,,,0,,12.0,53,3,2040,2534.883328,36.744
1.0.0,2026-08-05 03:07:10.668,17,,,,,,,,,,,,,,,,,,,,,2026-08-05 03:07:10.509,3.76,1,,,,,,,,
1.0.0,2026-08-05 03:07:11.659,20,36.15,0,1,0.1689,4.97,0.48,1.19,54.98,84,162.99,84,28,5.77,59.62,12,14.27,297.63,0.156,1.047,1,,,,0,,12.5,53,10,2040,2534.883328,36.623
1.0.0,2026-08-05 03:07:11.929,18,,,,,,,,,,,,,,,,,,,,,2026-08-05 03:07:11.759,11.56,1,,,,,,,,
1.0.0,2026-08-05 03:07:12.859,21,49.33,0,1,0.198,5.21,0.61,1.21,66.42,96,144.73,96,28,7.27,62.48,12,14.48,295.38,0.156,1.203,1,,,,0,,11.8,53,10,2040,2534.883328,36.613
1.0.0,2026-08-05 03:07:14.009,22,49.26,0,1,0.1869,5.72,0.51,1.28,59.42,92,133.19,92,27,6.18,68.59,12,15.33,282.71,0.188,1.141,0,,,,0,,11.8,53,12,2040,2534.883328,36.602
1.0.0,2026-08-05 03:07:14.217,20,,,,,,,,,,,,,,,,,,,,,2026-08-05 03:07:14.059,4.63,1,,,,,,,,
1.0.0,2026-08-05 03:07:14.851,19,,,,,,,,,,,,,,,,,,,,,2026-08-05 03:07:14.681,15.77,1,,,,,,,,
1.0.0,2026-08-05 03:07:15.263,23,49.26,0,1,0.2416,11.07,0.65,1.31,63.64,101,191.35,101,22,7.86,132.9,12,15.69,411.44,0.157,1.25,1,,,,0,,13.8,53,11,2040,2534.883328,36.081
1.0.0,2026-08-05 03:07:15.428,21,,,,,,,,,,,,,,,,,,,,,2026-08-05 03:07:15.259,3.92,1,,,,,,,,
1.0.0,2026-08-05 03:07:16.703,24,49.31,0,1,0.2082,5.22,0.6,1.24,72.84,115,197.09,115,25,7.26,62.68,12,14.92,354.79,0.203,1.437,0,,,,0,,12.1,53,4,2040,2534.883328,36.764
1.0.0,2026-08-05 03:07:17.550,25,49.24,0,1,0.2255,4.89,0.55,1.04,46.28,67,111.13,67,21,6.54,58.67,12,12.52,235.14,0.188,0.844,1,,,,0,,12.7,53,8,2040,2534.883328,36.414
1.0.0,2026-08-05 03:07:17.831,23,,,,,,,,,,,,,,,,,,,,,2026-08-05 03:07:17.663,9.48,1,,,,,,,,
1.0.0,2026-08-05 03:07:18.238,22,,,,,,,,,,,,,,,,,,,,,2026-08-05 03:07:18.080,3.53,1,,,,,,,,
1.0.0,2026-08-05 03:07:18.659,26,49.26,0,1,0.1936,5.43,0.54,1.24,58.12,89,134.34,89,26,6.49,65.18,12,14.84,278.97,0.14,1.109,0,,,,0,,9.3,53,11,2040,2534.883328,36.333
1.0.0,2026-08-05 03:07:19.713,27,49.26,0,1,0.211,5.21,0.58,1.18,53.47,85,163.98,85,24,6.9,62.56,12,14.2,301.11,0.172,1.063,1,,,,0,,10.4,53,10,2040,2534.883328,36.572
1.0.0,2026-08-05 03:07:20.121,25,,,,,,,,,,,,,,,,,,,,,2026-08-05 03:07:19.950,11.91,1,,,,,,,,
1.0.0,2026-08-05 03:07:20.916,28,57.37,0,1,0.1245,5.75,0.46,1.26,62.69,96,124.15,94,32,5.54,69.04,12,15.08,276.5,0.187,1.203,1,,,,0,,15.0,53,11,2040,2534.883328,36.771
1.0.0,2026-08-05 03:07:20.938,24,,,,,,,,,,,,,,,,,,,,,2026-08-05 03:07:20.775,13.24,1,,,,,,,,
1.0.0,2026-08-05 03:07:22.159,29,49.26,0,1,0.2003,5.42,0.61,1.28,61.93,99,153.6,101,26,7.27,64.98,12,15.42,303.2,0.156,1.234,1,,,,0,,13.0,53,19,2040,2534.883328,36.358
1.0.0,2026-08-05 03:07:22.278,27,,,,,,,,,,,,,,,,,,,,,2026-08-05 03:07:22.113,4.32,1,,,,,,,,
1.0.0,2026-08-05 03:07:22.888,26,,,,,,,,,,,,,,,,,,,,,2026-08-05 03:07:22.730,3.69,1,,,,,,,,
1.0.0,2026-08-05 03:07:23.409,30,49.27,0,1,0.1932,5.26,0.6,1.18,69.77,100,151.66,100,28,7.16,63.12,12,14.22,305.93,0.156,1.25,0,,,,0,,13.9,53,4,2040,2534.883328,36.803
1.0.0,2026-08-05 03:07:23.476,28,,,,,,,,,,,,,,,,,,,,,2026-08-05 03:07:23.316,9.8,1,,,,,,,,
1.0.0,2026-08-05 03:07:24.450,31,49.27,0,1,0.169,5.11,0.52,1.14,54.53,83,134.17,83,28,6.2,61.32,12,13.73,269.95,0.156,1.047,1,,,,0,,12.4,53,4,2040,2534.883328,36.831
1.0.0,2026-08-05 03:07:24.728,29,,,,,,,,,,,,,,,,,,,,,2026-08-05 03:07:24.559,10.15,1,,,,,,,,
1.0.0,2026-08-05 03:07:25.659,32,49.27,0,1,0.1982,7.59,0.54,4.05,81.04,97,143.1,97,26,6.52,91.13,12,48.54,370.33,0.156,1.203,1,,,,0,,13.5,53,5,2040,2534.883328,36.47
1.0.0,2026-08-05 03:07:26.804,33,49.2,0,1,0.1873,5.79,0.58,1.25,59.04,92,134.53,92,27,6.97,69.45,12,15.03,285.02,0.156,1.156,0,,,,0,,13.5,53,3,2040,2534.883328,36.318
1.0.0,2026-08-05 03:07:27.013,31,,,,,,,,,,,,,,,,,,,,,2026-08-05 03:07:26.850,3.99,1,,,,,,,,
1.0.0,2026-08-05 03:07:27.634,30,,,,,,,,,,,,,,,,,,,,,2026-08-05 03:07:27.480,3.35,1,,,,,,,,
1.0.0,2026-08-05 03:07:28.101,34,49.25,0,1,0.2405,5.29,0.55,1.22,67.94,103,159.28,103,24,6.64,63.52,12,14.58,311.96,0.188,1.282,1,,,,0,,14.3,53,16,2040,2534.883328,36.549
1.0.0,2026-08-05 03:07:28.237,32,,,,,,,,,,,,,,,,,,,,,2026-08-05 03:07:28.059,3.94,1,,,,,,,,
1.0.0,2026-08-05 03:07:29.516,35,49.19,0,1,0.205,5.51,0.48,1.15,113.1,115,165.96,115,30,5.76,66.17,12,13.82,364.81,0.157,1.422,0,,,,0,,12.8,53,4,2040,2534.883328,36.447
1.0.0,2026-08-05 03:07:30.359,36,49.25,0,1,0.2252,5.21,0.52,1.16,45.61,66,110.64,66,22,6.25,62.54,12,13.93,238.97,0.156,0.843,1,,,,0,,12.7,53,10,2040,2534.883328,36.911
1.0.0,2026-08-05 03:07:30.667,34,,,,,,,,,,,,,,,,,,,,,2026-08-05 03:07:30.501,8.14,1,,,,,,,,
1.0.0,2026-08-05 03:07:31.038,33,,,,,,,,,,,,,,,,,,,,,2026-08-05 03:07:30.876,8.29,1,,,,,,,,
1.0.0,2026-08-05 03:07:31.513,37,49.29,0,1,0.1935,5.65,0.53,1.34,59.11,93,139.79,93,28,6.35,67.78,12,16.08,289.11,0.172,1.157,0,,,,0,,15.1,53,3,2040,2534.883328,36.301
1.0.0,2026-08-05 03:07:32.559,38,49.31,0,1,0.2103,5.22,0.55,1.27,85.49,83,128.43,83,23,6.59,62.67,12,15.23,298.41,0.187,1.046,1,,,,0,,13.8,53,12,2040,2534.883328,36.721
1.0.0,2026-08-05 03:07:32.931,36,,,,,,,,,,,,,,,,,,,,,2026-08-05 03:07:32.759,14.18,1,,,,,,,,
1.0.0,2026-08-05 03:07:33.713,39,49.31,0,1,0.1247,5.46,0.56,1.22,62.5,93,130.67,93,34,6.71,65.56,12,14.64,280.08,0.172,1.157,1,,,,0,,13.6,53,12,2040,2534.883328,36.751
1.0.0,2026-08-05 03:07:33.755,35,,,,,,,,,,,,,,,,,,,,,2026-08-05 03:07:33.588,12.72,1,,,,,,,,
1.0.0,2026-08-05 03:07:34.963,40,49.24,0,1,0.2004,7.62,0.51,1.15,67.62,100,146.7,100,26,6.15,91.49,12,13.79,325.75,0.172,1.25,1,,,,0,,11.7,53,11,2040,2534.883328,36.704
1.0.0,2026-08-05 03:07:35.118,38,,,,,,,,,,,,,,,,,,,,,2026-08-05 03:07:34.959,3.88,1,,,,,,,,
1.0.0,2026-08-05 03:07:35.746,37,,,,,,,,,,,,,,,,,,,,,2026-08-05 03:07:35.584,7.87,1,,,,,,,,
1.0.0,2026-08-05 03:07:36.250,41,49.18,0,1,0.1936,5.3,0.53,1.22,96.51,102,144.32,102,27,6.41,63.54,12,14.61,325.39,0.188,1.281,0,,,,0,,11.7,53,12,2040,2534.883328,36.148
1.0.0,2026-08-05 03:07:36.275,39,,,,,,,,,,,,,,,,,,,,,2026-08-05 03:07:36.113,7.77,1,,,,,,,,
1.0.0,2026-08-05 03:07:37.311,42,49.25,0,1,0.1688,5.23,0.47,1.2,57.02,85,130.88,85,27,5.65,62.8,12,14.38,270.73,0.203,1.062,1,,,,0,,12.7,53,4,2040,2534.883328,36.886
1.0.0,2026-08-05 03:07:37.535,40,,,,,,,,,,,,,,,,,,,,,2026-08-05 03:07:37.363,8.6,1,,,,,,,,
1.0.0,2026-08-05 03:07:38.465,43,49.34,0,1,0.1977,6.36,0.56,1.26,59.87,93,129.78,93,26,6.68,76.3,12,15.09,287.72,0.141,1.157,1,,,,0,,12.4,53,3,2040,2534.883328,36.705
1.0.0,2026-08-05 03:07:39.608,44,45.7,0,1,0.1873,5.37,0.52,1.12,64.13,91,131.82,91,27,6.3,64.44,12,13.46,280.15,0.156,1.14,0,,,,0,,12.5,53,8,2040,2534.883328,36.801
1.0.0,2026-08-05 03:07:39.874,42,,,,,,,,,,,,,,,,,,,,,2026-08-05 03:07:39.711,4.2,1,,,,,,,,
1.0.0,2026-08-05 03:07:40.479,41,,,,,,,,,,,,,,,,,,,,,2026-08-05 03:07:40.321,3.56,1,,,,,,,,
1.0.0,2026-08-05 03:07:40.909,45,49.29,0,1,0.2411,5.17,0.54,1.25,67.67,104,189.79,104,23,6.48,62.01,12,15.02,340.97,0.14,1.297,1,,,,0,,8.8,53,10,2040,2534.883328,36.55
1.0.0,2026-08-05 03:07:41.044,43,,,,,,,,,,,,,,,,,,,,,2026-08-05 03:07:40.865,5.85,1,,,,,,,,
1.0.0,2026-08-05 03:07:42.310,46,49.05,0,1,0.2147,5.66,0.48,1.32,74.67,112,164.7,112,30,5.71,67.91,12,15.87,328.86,0.156,1.406,0,,,,0,,12.7,53,11,2040,2534.883328,36.038
1.0.0,2026-08-05 03:07:43.171,47,49.17,0,1,0.2254,6.01,0.59,1.29,48.73,70,116.4,70,21,7.08,72.16,12,15.46,259.83,0.172,0.86,1,,,,0,,12.9,54,10,2040,2534.883328,37.078
1.0.0,2026-08-05 03:07:43.471,45,,,,,,,,,,,,,,,,,,,,,2026-08-05 03:07:43.309,4.5,1,,,,,,,,
1.0.0,2026-08-05 03:07:43.875,44,,,,,,,,,,,,,,,,,,,,,2026-08-05 03:07:43.679,41.11,1,,,,,,,,
1.0.0,2026-08-05 03:07:44.312,48,49.32,0,1,0.1933,8.46,0.52,1.25,63.95,91,141.4,91,26,6.22,101.55,12,15.0,328.12,0.156,1.14,0,,,,0,,13.1,53,3,2040,2534.883328,36.079
1.0.0,2026-08-05 03:07:45.358,49,49.12,0,1,0.2105,6.63,0.54,1.17,52.84,83,129.96,83,24,6.42,79.54,12,14.03,282.79,0.187,1.047,1,,,,0,,12.5,53,3,2040,2534.883328,36.659
1.0.0,2026-08-05 03:07:45.744,47,,,,,,,,,,,,,,,,,,,,,2026-08-05 03:07:45.571,13.49,1,,,,,,,,
1.0.0,2026-08-05 03:07:46.508,50,49.37,0,1,0.1249,5.77,0.48,1.26,61.75,92,123.44,92,32,5.81,69.23,12,15.18,275.41,0.157,1.157,1,,,,0,,10.4,53,4,2040,2534.883328,36.642
1.0.0,2026-08-05 03:07:46.541,46,,,,,,,,,,,,,,,,,,,,,2026-08-05 03:07:46.381,6.21,1,,,,,,,,
1.0.0,2026-08-05 03:07:47.758,51,49.29,0,1,0.2008,5.58,0.55,1.4,63.82,100,142.24,100,27,6.62,66.93,12,16.83,296.44,0.157,1.25,1,,,,0,,11.5,53,12,2040,2534.883328,36.459
1.0.0,2026-08-05 03:07:47.914,49,,,,,,,,,,,,,,,,,,,,,2026-08-05 03:07:47.758,4.46,1,,,,,,,,
1.0.0,2026-08-05 03:07:48.546,48,,,,,,,,,,,,,,,,,,,,,2026-08-05 03:07:48.388,3.63,1,,,,,,,,
1.0.0,2026-08-05 03:07:49.058,52,48.88,0,1,0.1932,5.65,0.51,1.3,71.9,104,145.34,104,26,6.18,67.84,12,15.61,306.87,0.156,1.296,0,,,,0,,11.9,54,17,2040,2534.883328,36.672
1.0.0,2026-08-05 03:07:49.073,50,,,,,,,,,,,,,,,,,,,,,2026-08-05 03:07:48.908,8.32,1,,,,,,,,
1.0.0,2026-08-05 03:07:50.108,53,49.3,0,1,0.169,5.22,0.57,1.13,53.71,84,128.07,84,26,6.81,62.66,12,13.54,264.79,0.156,1.047,1,,,,0,,12.5,54,14,2040,2534.883328,36.918
1.0.0,2026-08-05 03:07:50.322,51,,,,,,,,,,,,,,,,,,,,,2026-08-05 03:07:50.158,4.71,1,,,,,,,,
1.0.0,2026-08-05 03:07:51.308,54,49.33,0,1,0.1977,6.5,0.47,1.21,70.3,96,140.34,96,27,5.65,78.02,12,14.57,308.88,0.203,1.203,1,,,,0,,11.5,53,3,2040,2534.883328,36.654
1.0.0,2026-08-05 03:07:52.466,55,49.22,0,1,0.187,5.46,0.57,1.24,61.95,93,136.85,93,27,6.8,65.48,12,14.86,285.94,0.172,1.157,0,,,,0,,12.2,53,3,2040,2534.883328,36.802
1.0.0,2026-08-05 03:07:52.674,53,,,,,,,,,,,,,,,,,,,,,2026-08-05 03:07:52.508,4.55,1,,,,,,,,
1.0.0,2026-08-05 03:07:53.291,52,,,,,,,,,,,,,,,,,,,,,2026-08-05 03:07:53.129,7.45,1,,,,,,,,
1.0.0,2026-08-05 03:07:53.717,56,49.3,0,1,0.2435,5.54,0.56,1.18,65.1,101,149.14,101,22,6.78,66.49,12,14.22,301.73,0.157,1.25,1,,,,0,,13.5,54,8,2040,2534.883328,36.726
1.0.0,2026-08-05 03:07:53.878,54,,,,,,,,,,,,,,,,,,,,,2026-08-05 03:07:53.708,8.73,1,,,,,,,,
1.0.0,2026-08-05 03:07:55.158,57,41.69,0,1,0.2091,5.3,0.52,1.33,80.09,114,159.71,114,26,6.29,63.61,12,15.94,325.64,0.203,1.437,0,,,,0,,11.9,54,18,2040,2534.883328,35.947
1.0.0,2026-08-05 03:07:55.999,58,49.12,0,1,0.2252,5.29,0.58,1.16,45.05,67,104.84,67,22,6.99,63.43,12,13.95,234.26,0.203,0.844,1,,,,0,,12.3,54,5,2040,2534.883328,37.355
1.0.0,2026-08-05 03:07:56.331,56,,,,,,,,,,,,,,,,,,,,,2026-08-05 03:07:56.117,40.49,1,,,,,,,,
1.0.0,2026-08-05 03:07:56.695,55,,,,,,,,,,,,,,,,,,,,,2026-08-05 03:07:56.537,3.65,1,,,,,,,,
1.0.0,2026-08-05 03:07:57.108,59,49.26,0,1,0.1935,6.23,0.67,1.33,66.5,89,138.28,89,25,8.03,74.71,12,15.95,303.47,0.156,1.109,0,,,,0,,10.7,54,19,2040,2534.883328,36.197
1.0.0,2026-08-05 03:07:58.158,60,49.22,0,1,0.21,4.85,0.49,1.22,53.43,84,128.18,84,25,5.87,58.15,12,14.62,260.25,0.187,1.047,1,,,,0,,11.5,54,10,2040,2534.883328,36.816
1.0.0,2026-08-05 03:07:58.576,58,,,,,,,,,,,,,,,,,,,,,2026-08-05 03:07:58.399,16.77,1,,,,,,,,
1.0.0,2026-08-05 03:07:59.358,61,44.7,0,1,0.1243,5.2,0.52,1.29,101.09,96,122.76,96,31,6.26,62.44,12,15.43,307.98,0.156,1.203,1,,,,0,,14.1,54,3,2040,2534.883328,36.697
1.0.0,2026-08-05 03:07:59.391,57,,,,,,,,,,,,,,,,,,,,,2026-08-05 03:07:59.229,7.45,1,,,,,,,,
1.0.0,2026-08-05 03:08:00.608,62,49.24,0,1,0.2009,5.31,0.49,1.23,65.79,100,141.54,100,26,5.88,63.77,12,14.71,291.69,0.203,1.25,1,,,,0,,14.6,54,3,2040,2534.883328,36.888
1.0.0,2026-08-05 03:08:00.734,60,,,,,,,,,,,,,,,,,,,,,2026-08-05 03:08:00.558,8.32,1,,,,,,,,
1.0.0,2026-08-05 03:08:01.345,59,,,,,,,,,,,,,,,,,,,,,2026-08-05 03:08:01.179,7.98,1,,,,,,,,
1.0.0,2026-08-05 03:08:01.857,63,49.25,0,1,0.1932,10.77,0.57,1.35,65.76,100,149.01,100,28,6.82,129.24,12,16.21,367.04,0.156,1.25,0,,,,0,,16.1,54,11,2040,2534.883328,36.811
1.0.0,2026-08-05 03:08:01.916,61,,,,,,,,,,,,,,,,,,,,,2026-08-05 03:08:01.758,8.3,1,,,,,,,,
1.0.0,2026-08-05 03:08:02.911,64,49.3,0,1,0.169,7.81,0.53,4.15,57.2,84,134.95,84,29,6.34,93.76,12,49.84,342.09,0.156,1.047,1,,,,0,,11.9,54,10,2040,2534.883328,36.499
1.0.0,2026-08-05 03:08:03.180,62,,,,,,,,,,,,,,,,,,,,,2026-08-05 03:08:03.008,14.8,1,,,,,,,,
1.0.0,2026-08-05 03:08:04.108,65,49.3,0,1,0.1983,5.47,0.54,1.17,67.39,96,132.91,96,27,6.53,65.6,12,14.07,286.5,0.156,1.203,1,,,,0,,11.9,54,20,2040,2534.883328,36.658
1.0.0,2026-08-05 03:08:05.260,66,49.28,0,1,0.1872,5.68,0.57,1.18,63.36,92,134.47,92,26,6.82,68.15,12,14.12,286.92,0.172,1.157,0,,,,0,,12.5,54,4,2040,2534.883328,36.755
1.0.0,2026-08-05 03:08:05.509,64,,,,,,,,,,,,,,,,,,,,,2026-08-05 03:08:05.311,5.41,1,,,,,,,,
1.0.0,2026-08-05 03:08:06.087,63,,,,,,,,,,,,,,,,,,,,,2026-08-05 03:08:05.929,7.99,1,,,,,,,,
1.0.0,2026-08-05 03:08:06.510,67,49.28,0,1,0.2437,5.87,0.57,1.21,66.73,100,145.29,100,21,6.81,70.38,12,14.55,303.76,0.157,1.25,1,,,,0,,13.2,54,3,2040,2534.883328,36.791
1.0.0,2026-08-05 03:08:06.704,65,,,,,,,,,,,,,,,,,,,,,2026-08-05 03:08:06.512,37.76,1,,,,,,,,
1.0.0,2026-08-05 03:08:07.956,68,49.41,0,1,0.2096,6.78,0.62,1.45,81.07,116,165.51,116,29,7.4,81.34,12,17.42,352.74,0.187,1.437,0,,,,0,,11.1,54,12,2040,2534.883328,36.849
1.0.0,2026-08-05 03:08:08.824,69,49.25,0,1,0.225,4.92,0.6,1.09,47.6,70,111.42,70,21,7.24,59.06,12,13.09,238.41,0.156,0.875,1,,,,0,,12.8,54,10,2040,2534.883328,36.792
1.0.0,2026-08-05 03:08:09.074,67,,,,,,,,,,,,,,,,,,,,,2026-08-05 03:08:08.910,4.92,1,,,,,,,,
1.0.0,2026-08-05 03:08:09.491,66,,,,,,,,,,,,,,,,,,,,,2026-08-05 03:08:09.331,4.8,1,,,,,,,,
1.0.0,2026-08-05 03:08:09.966,70,49.23,0,1,0.193,5.2,0.53,1.17,57.49,91,132.55,91,26,6.34,62.38,12,14.01,272.77,0.203,1.141,0,,,,0,,12.3,54,10,2040,2534.883328,36.741
1.0.0,2026-08-05 03:08:10.966,71,49.3,0,1,0.2111,5.0,0.53,1.15,51.39,80,120.96,80,24,6.41,59.97,12,13.77,252.5,0.157,1.0,1,,,,0,,12.5,54,10,2040,2534.883328,36.489
1.0.0,2026-08-05 03:08:11.391,69,,,,,,,,,,,,,,,,,,,,,2026-08-05 03:08:11.224,7.57,1,,,,,,,,
1.0.0,2026-08-05 03:08:12.162,72,49.35,0,1,0.1245,5.1,0.6,1.23,60.78,95,159.03,95,32,7.18,61.15,12,14.71,302.85,0.156,1.187,1,,,,0,,13.5,54,18,2040,2534.883328,35.906
1.0.0,2026-08-05 03:08:12.191,68,,,,,,,,,,,,,,,,,,,,,2026-08-05 03:08:12.027,9.58,1,,,,,,,,
1.0.0,2026-08-05 03:08:13.410,73,49.15,0,1,0.2003,6.57,0.68,1.43,77.44,100,153.83,100,26,8.13,78.86,12,17.1,335.36,0.14,1.25,1,,,,0,,9.9,54,4,2040,2534.883328,36.814
1.0.0,2026-08-05 03:08:13.540,71,,,,,,,,,,,,,,,,,,,,,2026-08-05 03:08:13.366,4.66,1,,,,,,,,
1.0.0,2026-08-05 03:08:14.195,70,,,,,,,,,,,,,,,,,,,,,2026-08-05 03:08:14.037,3.9,1,,,,,,,,
1.0.0,2026-08-05 03:08:14.699,74,49.33,0,1,0.1933,5.36,0.58,1.17,64.28,103,143.0,103,27,6.91,64.31,12,14.05,292.55,0.187,1.297,0,,,,0,,10.5,54,6,2040,2534.883328,36.881
1.0.0,2026-08-05 03:08:14.720,72,,,,,,,,,,,,,,,,,,,,,2026-08-05 03:08:14.562,6.83,1,,,,,,,,
1.0.0,2026-08-05 03:08:15.716,75,49.21,0,1,0.1689,5.33,0.7,1.19,54.28,83,157.53,83,29,8.37,63.93,12,14.31,298.42,0.157,1.016,1,,,,0,,15.1,54,10,2040,2534.883328,36.766
1.0.0,2026-08-05 03:08:15.993,73,,,,,,,,,,,,,,,,,,,,,2026-08-05 03:08:15.810,18.02,1,,,,,,,,
1.0.0,2026-08-05 03:08:16.924,76,59.11,0,1,0.1983,5.53,0.58,1.23,65.07,96,130.7,93,26,6.97,66.34,12,14.82,283.9,0.14,1.203,1,,,,0,,12.3,54,11,2040,2534.883328,36.494
1.0.0,2026-08-05 03:08:18.061,77,49.36,0,1,0.1873,5.65,0.51,1.32,58.71,90,138.19,93,26,6.18,67.82,12,15.8,286.7,0.156,1.14,0,,,,0,,12.7,54,18,2040,2534.883328,36.781
1.0.0,2026-08-05 03:08:18.288,75,,,,,,,,,,,,,,,,,,,,,2026-08-05 03:08:18.116,12.33,1,,,,,,,,
1.0.0,2026-08-05 03:08:18.928,74,,,,,,,,,,,,,,,,,,,,,2026-08-05 03:08:18.770,3.28,1,,,,,,,,
1.0.0,2026-08-05 03:08:19.311,78,49.27,0,1,0.2415,5.74,0.56,1.32,71.38,100,153.38,100,23,6.77,68.92,12,15.83,316.28,0.156,1.25,1,,,,0,,9.7,54,5,2040,2534.883328,36.449
1.0.0,2026-08-05 03:08:19.483,76,,,,,,,,,,,,,,,,,,,,,2026-08-05 03:08:19.324,4.11,1,,,,,,,,
1.0.0,2026-08-05 03:08:20.760,79,49.23,0,1,0.2057,5.16,0.6,1.19,73.32,117,163.58,117,29,7.19,61.97,12,14.23,320.29,0.157,1.454,0,,,,0,,12.3,54,3,2040,2534.883328,36.977
1.0.0,2026-08-05 03:08:21.611,80,49.28,0,1,0.2252,9.56,0.58,1.22,41.9,67,109.33,67,22,6.97,114.66,12,14.65,287.51,0.156,0.843,1,,,,0,,12.3,54,10,2040,2534.883328,36.667
1.0.0,2026-08-05 03:08:21.884,78,,,,,,,,,,,,,,,,,,,,,2026-08-05 03:08:21.711,14.27,1,,,,,,,,
1.0.0,2026-08-05 03:08:22.286,77,,,,,,,,,,,,,,,,,,,,,2026-08-05 03:08:22.132,2.0,1,,,,,,,,
1.0.0,2026-08-05 03:08:22.765,81,49.28,0,1,0.1935,5.5,0.6,1.3,57.21,93,137.27,93,28,7.19,65.96,12,15.61,283.24,0.172,1.157,0,,,,0,,12.5,54,11,2040,2534.883328,36.527
1.0.0,2026-08-05 03:08:23.807,82,49.25,0,1,0.2104,5.08,0.53,1.19,56.63,83,131.95,83,25,6.38,60.95,12,14.3,270.21,0.171,1.046,1,,,,0,,12.5,54,10,2040,2534.883328,36.556
1.0.0,2026-08-05 03:08:24.170,80,,,,,,,,,,,,,,,,,,,,,2026-08-05 03:08:24.012,3.5,1,,,,,,,,
1.0.0,2026-08-05 03:08:24.966,83,49.28,0,1,0.1249,5.65,0.57,1.37,60.99,93,127.28,93,33,6.8,67.74,12,16.42,279.23,0.172,1.157,1,,,,0,,9.0,54,10,2040,2534.883328,36.165
1.0.0,2026-08-05 03:08:24.994,79,,,,,,,,,,,,,,,,,,,,,2026-08-05 03:08:24.831,8.94,1,,,,,,,,
1.0.0,2026-08-05 03:08:26.243,84,68.75,0,1,0.2007,5.16,0.51,1.15,62.91,101,173.25,99,27,6.1,61.93,12,13.83,318.02,0.172,1.265,1,,,,0,,12.9,54,5,2040,2534.883328,36.28
1.0.0,2026-08-05 03:08:26.400,82,,,,,,,,,,,,,,,,,,,,,2026-08-05 03:08:26.207,29.35,1,,,,,,,,
1.0.0,2026-08-05 03:08:26.995,81,,,,,,,,,,,,,,,,,,,,,2026-08-05 03:08:26.837,3.77,1,,,,,,,,
1.0.0,2026-08-05 03:08:27.516,85,49.35,0,1,0.1933,6.38,0.71,1.28,68.47,103,153.79,105,26,8.47,76.6,12,15.42,322.75,0.157,1.282,0,,,,0,,12.6,54,3,2040,2534.883328,36.265
1.0.0,2026-08-05 03:08:27.524,83,,,,,,,,,,,,,,,,,,,,,2026-08-05 03:08:27.366,4.1,1,,,,,,,,
1.0.0,2026-08-05 03:08:28.557,86,49.32,0,1,0.1689,5.08,0.54,1.16,52.73,83,130.88,83,28,6.49,60.99,12,13.86,264.95,0.187,1.046,1,,,,0,,13.3,54,13,2040,2534.883328,36.769
1.0.0,2026-08-05 03:08:28.830,84,,,,,,,,,,,,,,,,,,,,,2026-08-05 03:08:28.644,28.5,1,,,,,,,,
1.0.0,2026-08-05 03:08:29.765,87,49.29,0,1,0.1975,5.59,0.54,1.17,62.96,97,137.04,97,27,6.48,67.08,12,13.99,287.55,0.204,1.204,1,,,,0,,11.9,54,12,2040,2534.883328,36.813
1.0.0,2026-08-05 03:08:30.901,88,49.3,0,1,0.1875,6.05,0.74,1.22,59.79,90,134.74,90,27,8.92,72.58,12,14.6,290.63,0.172,1.14,0,,,,0,,11.4,54,10,2040,2534.883328,36.568
1.0.0,2026-08-05 03:08:31.119,86,,,,,,,,,,,,,,,,,,,,,2026-08-05 03:08:30.961,3.83,1,,,,,,,,
1.0.0,2026-08-05 03:08:31.744,85,,,,,,,,,,,,,,,,,,,,,2026-08-05 03:08:31.587,3.28,1,,,,,,,,
1.0.0,2026-08-05 03:08:32.161,89,49.23,0,1,0.2409,5.77,0.48,1.22,66.51,101,152.05,101,22,5.82,69.26,12,14.66,308.3,0.156,1.25,1,,,,0,,12.5,54,18,2040,2534.883328,36.365
1.0.0,2026-08-05 03:08:32.331,87,,,,,,,,,,,,,,,,,,,,,2026-08-05 03:08:32.165,3.88,1,,,,,,,,
1.0.0,2026-08-05 03:08:33.600,90,49.27,0,1,0.215,5.87,0.51,1.25,73.84,115,154.89,115,28,6.15,70.49,12,15.05,320.42,0.125,1.438,0,,,,0,,11.7,54,4,2040,2534.883328,36.954
1.0.0,2026-08-05 03:08:34.411,91,49.16,0,1,0.2253,5.41,0.56,1.27,43.86,65,104.58,65,21,6.7,64.9,12,15.29,235.33,0.156,0.812,1,,,,0,,12.2,54,5,2040,2534.883328,36.869
1.0.0,2026-08-05 03:08:34.736,89,,,,,,,,,,,,,,,,,,,,,2026-08-05 03:08:34.561,14.35,1,,,,,,,,
1.0.0,2026-08-05 03:08:35.132,88,,,,,,,,,,,,,,,,,,,,,2026-08-05 03:08:34.972,5.77,1,,,,,,,,
1.0.0,2026-08-05 03:08:35.565,92,53.95,0,1,0.1937,5.32,0.64,1.2,67.35,93,138.9,91,26,7.71,63.89,12,14.46,292.31,0.156,1.156,0,,,,0,,9.2,54,3,2040,2534.883328,36.459
1.0.0,2026-08-05 03:08:36.611,93,56.52,0,1,0.2106,5.81,0.6,1.2,52.35,83,130.4,85,25,7.21,69.73,12,14.39,274.08,0.203,1.047,1,,,,0,,9.8,54,10,2040,2534.883328,36.621
1.0.0,2026-08-05 03:08:36.975,91,,,,,,,,,,,,,,,,,,,,,2026-08-05 03:08:36.811,6.71,1,,,,,,,,
1.0.0,2026-08-05 03:08:37.765,94,49.33,0,1,0.1245,5.72,0.63,1.22,58.75,93,121.54,93,33,7.52,68.61,12,14.7,271.12,0.11,1.157,1,,,,0,,14.5,54,10,2040,2534.883328,36.759
1.0.0,2026-08-05 03:08:37.832,90,,,,,,,,,,,,,,,,,,,,,2026-08-05 03:08:37.671,6.62,1,,,,,,,,
1.0.0,2026-08-05 03:08:39.061,95,49.11,0,1,0.2006,5.38,0.55,1.31,66.7,103,147.8,103,26,6.54,64.55,12,15.71,301.3,0.203,1.296,1,,,,0,,13.1,54,14,2040,2534.883328,36.648
1.0.0,2026-08-05 03:08:39.171,93,,,,,,,,,,,,,,,,,,,,,2026-08-05 03:08:39.011,4.09,1,,,,,,,,
1.0.0,2026-08-05 03:08:39.794,92,,,,,,,,,,,,,,,,,,,,,2026-08-05 03:08:39.636,3.75,1,,,,,,,,
1.0.0,2026-08-05 03:08:40.311,96,49.1,0,1,0.1932,6.66,0.64,1.3,62.28,100,147.26,100,26,7.69,79.94,12,15.59,312.76,0.156,1.25,0,,,,0,,12.6,54,4,2040,2534.883328,36.203
1.0.0,2026-08-05 03:08:40.323,94,,,,,,,,,,,,,,,,,,,,,2026-08-05 03:08:40.165,4.33,1,,,,,,,,
1.0.0,2026-08-05 03:08:41.361,97,49.23,0,1,0.169,9.0,0.68,1.34,52.09,84,133.79,84,28,8.16,107.97,12,16.03,318.04,0.156,1.047,1,,,,0,,12.2,54,3,2040,2534.883328,36.808
1.0.0,2026-08-05 03:08:41.635,95,,,,,,,,,,,,,,,,,,,,,2026-08-05 03:08:41.461,14.46,1,,,,,,,,
1.0.0,2026-08-05 03:08:42.561,98,49.28,0,1,0.1979,5.83,0.5,1.2,65.58,96,135.18,96,28,5.95,69.96,12,14.35,291.02,0.156,1.203,1,,,,0,,13.3,54,4,2040,2534.883328,36.736
1.0.0,2026-08-05 03:08:43.715,99,49.31,0,1,0.1872,5.56,0.5,1.29,59.98,93,134.07,93,27,6.01,66.72,12,15.54,282.32,0.203,1.157,0,,,,0,,13.1,54,10,2040,2534.883328,36.963
1.0.0,2026-08-05 03:08:43.922,97,,,,,,,,,,,,,,,,,,,,,2026-08-05 03:08:43.761,8.55,1,,,,,,,,
1.0.0,2026-08-05 03:08:44.540,96,,,,,,,,,,,,,,,,,,,,,2026-08-05 03:08:44.382,3.25,1,,,,,,,,
1.0.0,2026-08-05 03:08:44.965,100,43.17,0,1,0.2439,5.3,0.52,1.23,64.51,100,147.62,100,22,6.23,63.57,12,14.79,296.72,0.157,1.25,1,,,,0,,13.0,54,11,2040,2534.883328,36.794
1.0.0,2026-08-05 03:08:45.117,98,,,,,,,,,,,,,,,,,,,,,2026-08-05 03:08:44.961,4.48,1,,,,,,,,
1.0.0,2026-08-05 03:08:46.440,101,49.2,0,1,0.2049,5.49,0.6,1.19,112.32,118,166.24,118,28,7.16,65.89,12,14.25,365.86,0.218,1.468,0,,,,0,,12.1,54,10,2040,2534.883328,36.256
1.0.0,2026-08-05 03:08:47.250,102,49.3,0,1,0.2253,4.86,0.63,1.16,44.8,64,105.61,64,22,7.53,58.27,12,13.89,230.1,0.172,0.813,1,,,,0,,12.2,54,13,2040,2534.883328,37.06
1.0.0,2026-08-05 03:08:47.527,100,,,,,,,,,,,,,,,,,,,,,2026-08-05 03:08:47.365,3.99,1,,,,,,,,
1.0.0,2026-08-05 03:08:47.944,99,,,,,,,,,,,,,,,,,,,,,2026-08-05 03:08:47.786,3.56,1,,,,,,,,
1.0.0,2026-08-05 03:08:48.411,103,49.19,0,1,0.193,5.54,0.51,1.25,60.83,93,134.13,93,25,6.14,66.46,12,15.0,282.56,0.187,1.156,0,,,,0,,13.1,54,4,2040,2534.883328,36.209
1.0.0,2026-08-05 03:08:49.410,104,49.13,0,1,0.211,4.83,0.6,1.23,53.39,80,124.43,80,25,7.16,57.92,12,14.71,257.61,0.156,1.0,1,,,,0,,12.4,54,5,2040,2534.883328,36.884
1.0.0,2026-08-05 03:08:49.813,102,,,,,,,,,,,,,,,,,,,,,2026-08-05 03:08:49.650,4.22,1,,,,,,,,
1.0.0,2026-08-05 03:08:50.610,105,49.25,0,1,0.1244,7.99,0.59,1.23,61.3,96,123.07,96,31,7.03,95.93,12,14.81,302.14,0.156,1.203,1,,,,0,,13.0,54,5,2040,2534.883328,36.366
1.0.0,2026-08-05 03:08:50.681,101,,,,,,,,,,,,,,,,,,,,,2026-08-05 03:08:50.511,15.88,1,,,,,,,,
1.0.0,2026-08-05 03:08:51.861,106,49.3,0,1,0.2002,5.77,0.63,1.32,68.53,100,148.45,100,26,7.55,69.2,12,15.84,309.57,0.156,1.25,1,,,,0,,12.1,54,11,2040,2534.883328,36.854
1.0.0,2026-08-05 03:08:51.988,104,,,,,,,,,,,,,,,,,,,,,2026-08-05 03:08:51.810,4.35,1,,,,,,,,
1.0.0,2026-08-05 03:08:52.640,103,,,,,,,,,,,,,,,,,,,,,2026-08-05 03:08:52.482,3.61,1,,,,,,,,
1.0.0,2026-08-05 03:08:53.111,107,49.18,0,1,0.1933,5.91,0.49,1.29,65.23,100,141.47,100,28,5.93,70.9,12,15.49,299.02,0.156,1.25,0,,,,0,,11.6,54,20,2040,2534.883328,36.679
1.0.0,2026-08-05 03:08:53.182,105,,,,,,,,,,,,,,,,,,,,,2026-08-05 03:08:53.010,4.29,1,,,,,,,,
1.0.0,2026-08-05 03:08:54.173,108,49.32,0,1,0.169,5.16,0.53,1.15,90.22,86,130.9,86,28,6.41,61.92,12,13.86,303.31,0.172,1.063,1,,,,0,,12.2,54,9,2040,2534.883328,37.106
1.0.0,2026-08-05 03:08:54.423,106,,,,,,,,,,,,,,,,,,,,,2026-08-05 03:08:54.261,3.75,1,,,,,,,,
1.0.0,2026-08-05 03:08:55.360,109,49.21,0,1,0.1979,5.45,0.59,1.25,67.67,94,137.78,94,26,7.13,65.42,12,15.01,293.01,0.156,1.187,1,,,,0,,11.8,54,4,2040,2534.883328,36.19
1.0.0,2026-08-05 03:08:56.514,110,49.26,0,1,0.187,5.55,0.46,1.17,58.0,93,126.48,93,26,5.51,66.56,12,13.98,270.53,0.172,1.157,0,,,,0,,12.0,54,4,2040,2534.883328,36.722
1.0.0,2026-08-05 03:08:56.741,108,,,,,,,,,,,,,,,,,,,,,2026-08-05 03:08:56.573,3.9,1,,,,,,,,
1.0.0,2026-08-05 03:08:57.339,107,,,,,,,,,,,,,,,,,,,,,2026-08-05 03:08:57.182,3.22,1,,,,,,,,
1.0.0,2026-08-05 03:08:57.765,111,49.27,0,1,0.2439,6.46,0.51,1.34,69.86,100,161.07,100,23,6.09,77.46,12,16.13,330.61,0.157,1.25,1,,,,0,,8.3,54,12,2040,2534.883328,36.685
1.0.0,2026-08-05 03:08:57.920,109,,,,,,,,,,,,,,,,,,,,,2026-08-05 03:08:57.760,4.48,1,,,,,,,,
1.0.0,2026-08-05 03:08:59.248,112,49.37,0,1,0.2155,5.44,0.57,1.35,75.96,118,162.67,118,29,6.89,65.28,12,16.24,327.04,0.188,1.484,0,,,,0,,12.0,54,12,2040,2534.883328,36.092
1.0.0,2026-08-05 03:09:00.050,113,49.25,0,1,0.225,5.66,0.57,1.29,43.55,64,106.07,64,21,6.83,67.91,12,15.46,239.82,0.141,0.797,1,,,,0,,13.5,54,11,2040,2534.883328,37.479
1.0.0,2026-08-05 03:09:00.339,111,,,,,,,,,,,,,,,,,,,,,2026-08-05 03:09:00.165,15.6,1,,,,,,,,
1.0.0,2026-08-05 03:09:00.743,110,,,,,,,,,,,,,,,,,,,,,2026-08-05 03:09:00.585,3.73,1,,,,,,,,
1.0.0,2026-08-05 03:09:01.215,114,49.4,0,1,0.193,5.21,0.56,1.21,61.66,94,137.96,94,27,6.75,62.57,12,14.49,283.43,0.203,1.172,0,,,,0,,12.4,54,7,2040,2534.883328,36.058
1.0.0,2026-08-05 03:09:02.264,115,49.34,0,1,0.2107,5.89,0.5,1.16,56.29,84,134.92,84,24,6.01,70.71,12,13.91,281.84,0.219,1.047,1,,,,0,,11.3,54,5,2040,2534.883328,36.995
1.0.0,2026-08-05 03:09:02.615,113,,,,,,,,,,,,,,,,,,,,,2026-08-05 03:09:02.450,6.3,1,,,,,,,,
1.0.0,2026-08-05 03:09:03.410,116,49.1,0,1,0.1246,5.44,0.63,1.33,58.6,91,157.6,91,32,7.52,65.3,12,15.99,305.01,0.14,1.14,1,,,,0,,8.7,54,3,2040,2534.883328,36.898
1.0.0,2026-08-05 03:09:03.481,112,,,,,,,,,,,,,,,,,,,,,2026-08-05 03:09:03.319,7.31,1,,,,,,,,
1.0.0,2026-08-05 03:09:04.660,117,39.82,0,1,0.2005,5.95,0.52,1.28,65.27,100,145.13,100,28,6.23,71.38,12,15.31,303.32,0.156,1.25,1,,,,0,,10.6,54,5,2040,2534.883328,36.861
1.0.0,2026-08-05 03:09:04.824,115,,,,,,,,,,,,,,,,,,,,,2026-08-05 03:09:04.664,7.24,1,,,,,,,,
1.0.0,2026-08-05 03:09:05.447,114,,,,,,,,,,,,,,,,,,,,,2026-08-05 03:09:05.286,7.46,1,,,,,,,,
1.0.0,2026-08-05 03:09:05.910,118,49.19,0,1,0.1934,5.75,0.55,1.26,68.3,100,148.82,100,27,6.59,69.04,12,15.15,307.9,0.156,1.25,0,,,,0,,13.1,54,11,2040,2534.883328,36.758
1.0.0,2026-08-05 03:09:05.969,116,,,,,,,,,,,,,,,,,,,,,2026-08-05 03:09:05.810,4.75,1,,,,,,,,
1.0.0,2026-08-05 03:09:07.014,119,49.3,0,1,0.1689,5.83,0.49,1.2,56.69,89,132.27,89,28,5.92,69.99,12,14.34,279.21,0.204,1.11,1,,,,0,,11.9,54,12,2040,2534.883328,36.718
1.0.0,2026-08-05 03:09:07.217,117,,,,,,,,,,,,,,,,,,,,,2026-08-05 03:09:07.060,4.35,1,,,,,,,,
1.0.0,2026-08-05 03:09:08.201,120,49.18,0,1,0.1974,6.56,0.67,4.04,63.69,94,140.6,94,25,8.03,78.73,12,48.47,339.52,0.187,1.187,1,,,,0,,11.5,54,10,2040,2534.883328,36.482
1.0.0,2026-08-05 03:09:09.310,121,49.29,0,1,0.1874,7.95,0.55,1.32,58.11,90,136.78,90,27,6.62,95.4,12,15.81,312.72,0.156,1.109,0,,,,0,,11.5,54,4,2040,2534.883328,36.798
1.0.0,2026-08-05 03:09:09.576,119,,,,,,,,,,,,,,,,,,,,,2026-08-05 03:09:09.414,8.4,1,,,,,,,,
1.0.0,2026-08-05 03:09:10.139,118,,,,,,,,,,,,,,,,,,,,,2026-08-05 03:09:09.981,3.73,1,,,,,,,,
1.0.0,2026-08-05 03:09:10.601,122,49.26,0,1,0.2408,6.12,0.57,1.35,64.9,102,155.84,102,22,6.84,73.47,12,16.17,317.22,0.188,1.282,1,,,,0,,12.9,54,4,2040,2534.883328,36.558
1.0.0,2026-08-05 03:09:10.799,120,,,,,,,,,,,,,,,,,,,,,2026-08-05 03:09:10.601,4.65,1,,,,,,,,
1.0.0,2026-08-05 03:09:12.050,123,49.25,0,1,0.2172,5.35,0.63,1.31,79.56,117,167.8,117,28,7.61,64.14,12,15.73,334.84,0.188,1.453,0,,,,0,,11.7,54,17,2040,2534.883328,36.587
1.0.0,2026-08-05 03:09:12.881,124,59.5,0,1,0.2253,5.45,0.52,1.18,41.97,66,101.64,63,21,6.28,65.4,12,14.2,229.49,0.156,0.828,1,,,,0,,11.7,54,17,2040,2534.883328,36.587
1.0.0,2026-08-05 03:09:13.169,122,,,,,,,,,,,,,,,,,,,,,2026-08-05 03:09:13.002,7.99,1,,,,,,,,
1.0.0,2026-08-05 03:09:13.552,121,,,,,,,,,,,,,,,,,,,,,2026-08-05 03:09:13.381,18.45,1,,,,,,,,
1.0.0,2026-08-05 03:09:14.014,125,49.21,0,1,0.1934,6.74,0.46,1.28,58.59,91,181.44,94,26,5.56,80.83,12,15.41,341.83,0.141,1.141,0,,,,0,,10.1,54,16,2040,2534.883328,36.207
1.0.0,2026-08-05 03:09:15.060,126,49.27,0,1,0.2105,5.56,0.55,1.26,54.14,83,131.34,83,26,6.59,66.74,12,15.09,273.9,0.187,1.046,1,,,,0,,11.5,54,13,2040,2534.883328,36.961
1.0.0,2026-08-05 03:09:15.448,124,,,,,,,,,,,,,,,,,,,,,2026-08-05 03:09:15.281,8.84,1,,,,,,,,
1.0.0,2026-08-05 03:09:16.201,127,49.21,0,1,0.1249,6.14,0.54,1.35,61.07,91,135.73,91,31,6.52,73.7,12,16.24,293.26,0.156,1.141,1,,,,0,,13.9,54,4,2040,2534.883328,36.59
1.0.0,2026-08-05 03:09:16.293,123,,,,,,,,,,,,,,,,,,,,,2026-08-05 03:09:16.122,17.35,1,,,,,,,,
1.0.0,2026-08-05 03:09:17.451,128,49.27,0,1,0.2007,5.6,0.57,1.25,64.87,100,150.45,100,27,6.84,67.16,12,14.99,304.31,0.141,1.25,1,,,,0,,13.8,54,3,2040,2534.883328,36.898
1.0.0,2026-08-05 03:09:17.631,126,,,,,,,,,,,,,,,,,,,,,2026-08-05 03:09:17.460,6.35,1,,,,,,,,
1.0.0,2026-08-05 03:09:18.247,125,,,,,,,,,,,,,,,,,,,,,2026-08-05 03:09:18.085,7.98,1,,,,,,,,
1.0.0,2026-08-05 03:09:18.760,127,,,,,,,,,,,,,,,,,,,,,2026-08-05 03:09:18.602,4.03,1,,,,,,,,
1.0.0,2026-08-05 03:09:18.764,129,49.35,0,1,0.1931,5.26,0.58,1.35,62.47,106,187.11,106,27,6.95,63.1,12,16.21,335.84,0.157,1.313,0,,,,0,,13.6,54,12,2040,2534.883328,37.049
1.0.0,2026-08-05 03:09:19.810,130,49.25,0,1,0.169,5.28,0.55,1.21,53.74,83,136.72,83,28,6.61,63.4,12,14.51,274.98,0.203,1.046,1,,,,0,,10.0,54,11,2040,2534.883328,36.586
1.0.0,2026-08-05 03:09:20.016,128,,,,,,,,,,,,,,,,,,,,,2026-08-05 03:09:19.851,4.38,1,,,,,,,,
1.0.0,2026-08-05 03:09:21.014,131,49.14,0,1,0.1978,5.9,0.53,1.18,62.6,97,137.83,97,28,6.4,70.74,12,14.2,291.77,0.204,1.204,1,,,,0,,10.9,54,13,2040,2534.883328,36.589
1.0.0,2026-08-05 03:09:22.110,132,49.26,0,1,0.1875,5.1,0.54,1.23,60.95,87,132.74,87,27,6.44,61.25,12,14.72,276.1,0.156,1.093,0,,,,0,,12.0,54,14,2040,2534.883328,36.535
1.0.0,2026-08-05 03:09:22.376,130,,,,,,,,,,,,,,,,,,,,,2026-08-05 03:09:22.210,7.33,1,,,,,,,,
1.0.0,2026-08-05 03:09:22.997,129,,,,,,,,,,,,,,,,,,,,,2026-08-05 03:09:22.835,7.46,1,,,,,,,,
1.0.0,2026-08-05 03:09:23.414,133,49.34,0,1,0.2438,5.38,0.56,1.29,69.26,105,160.9,105,21,6.67,64.61,12,15.51,316.95,0.172,1.313,1,,,,0,,13.7,54,3,2040,2534.883328,36.86
1.0.0,2026-08-05 03:09:23.581,131,,,,,,,,,,,,,,,,,,,,,2026-08-05 03:09:23.414,4.45,1,,,,,,,,
1.0.0,2026-08-05 03:09:24.912,134,49.19,0,1,0.2108,6.86,0.51,1.26,77.09,119,174.57,119,30,6.09,82.29,12,15.12,355.16,0.203,1.484,0,,,,0,,13.1,54,8,2040,2534.883328,37.14
1.0.0,2026-08-05 03:09:25.700,135,49.24,0,1,0.2253,5.69,0.55,1.21,120.69,63,104.13,63,21,6.61,68.26,12,14.53,314.22,0.187,0.781,1,,,,0,,11.9,54,11,2040,2534.883328,36.637
1.0.0,2026-08-05 03:09:25.980,133,,,,,,,,,,,,,,,,,,,,,2026-08-05 03:09:25.814,6.66,1,,,,,,,,
1.0.0,2026-08-05 03:09:26.339,132,,,,,,,,,,,,,,,,,,,,,2026-08-05 03:09:26.181,4.35,1,,,,,,,,
1.0.0,2026-08-05 03:09:26.851,136,49.17,0,1,0.1942,8.34,0.57,1.42,65.85,92,142.54,92,27,6.83,100.02,12,17.08,332.32,0.188,1.141,0,,,,0,,11.4,54,7,2040,2534.883328,36.72
1.0.0,2026-08-05 03:09:27.901,137,49.31,0,1,0.21,9.0,0.51,1.41,54.1,84,138.07,84,25,6.17,108.06,12,16.93,323.33,0.219,1.047,1,,,,0,,15.1,54,10,2040,2534.883328,36.154
1.0.0,2026-08-05 03:09:28.276,135,,,,,,,,,,,,,,,,,,,,,2026-08-05 03:09:28.100,18.5,1,,,,,,,,
1.0.0,2026-08-05 03:09:29.009,138,49.24,0,1,0.1241,10.55,0.59,1.31,58.55,89,126.19,89,32,7.1,126.61,12,15.71,334.16,0.157,1.125,1,,,,0,,12.3,54,17,2040,2534.883328,36.846
1.0.0,2026-08-05 03:09:29.146,134,,,,,,,,,,,,,,,,,,,,,2026-08-05 03:09:28.983,5.87,1,,,,,,,,
1.0.0,2026-08-05 03:09:30.310,139,49.27,0,1,0.2002,5.35,0.5,1.24,99.54,104,152.24,104,25,6.0,64.18,12,14.83,336.79,0.171,1.296,1,,,,0,,9.6,54,7,2040,2534.883328,36.657
1.0.0,2026-08-05 03:09:30.461,137,,,,,,,,,,,,,,,,,,,,,2026-08-05 03:09:30.301,4.05,1,,,,,,,,
1.0.0,2026-08-05 03:09:31.080,136,,,,,,,,,,,,,,,,,,,,,2026-08-05 03:09:30.922,3.6,1,,,,,,,,
1.0.0,2026-08-05 03:09:31.567,140,54.4,0,1,0.1932,5.76,0.56,1.52,66.56,101,144.83,99,27,6.75,69.11,12,18.21,305.46,0.156,1.25,0,,,,0,,9.6,54,2,2040,2534.883328,37.058
1.0.0,2026-08-05 03:09:31.567,138,,,,,,,,,,,,,,,,,,,,,2026-08-05 03:09:31.409,4.48,1,,,,,,,,
1.0.0,2026-08-05 03:09:32.610,141,63.34,0,1,0.169,5.44,0.55,1.22,53.95,83,131.85,85,29,6.65,65.26,12,14.64,272.35,0.156,1.047,1,,,,0,,13.2,54,10,2040,2534.883328,36.888
1.0.0,2026-08-05 03:09:32.877,139,,,,,,,,,,,,,,,,,,,,,2026-08-05 03:09:32.710,9.02,1,,,,,,,,
1.0.0,2026-08-05 03:09:33.809,142,49.35,0,1,0.1982,5.58,0.56,1.23,62.78,96,146.93,96,28,6.7,67.01,12,14.77,298.19,0.156,1.203,1,,,,0,,11.9,54,11,2040,2534.883328,36.628
1.0.0,2026-08-05 03:09:34.963,143,49.27,0,1,0.1872,5.44,0.58,1.28,59.44,93,133.3,93,27,6.97,65.24,12,15.3,280.25,0.172,1.157,0,,,,0,,12.3,54,10,2040,2534.883328,36.612
1.0.0,2026-08-05 03:09:35.174,141,,,,,,,,,,,,,,,,,,,,,2026-08-05 03:09:35.010,4.44,1,,,,,,,,
1.0.0,2026-08-05 03:09:35.797,140,,,,,,,,,,,,,,,,,,,,,2026-08-05 03:09:35.639,3.8,1,,,,,,,,
1.0.0,2026-08-05 03:09:36.216,144,49.27,0,1,0.2434,9.76,0.72,1.27,105.04,100,159.15,100,21,8.67,117.15,12,15.23,405.24,0.157,1.25,1,,,,0,,9.6,54,9,2040,2534.883328,36.284
1.0.0,2026-08-05 03:09:36.368,142,,,,,,,,,,,,,,,,,,,,,2026-08-05 03:09:36.209,4.17,1,,,,,,,,
1.0.0,2026-08-05 03:09:37.772,145,57.2,0,1,0.2071,5.35,0.57,1.31,82.24,124,201.25,122,28,6.79,64.15,12,15.76,370.19,0.188,1.547,0,,,,0,,12.0,54,3,2040,2534.883328,36.952
1.0.0,2026-08-05 03:09:38.501,146,49.3,0,1,0.2253,5.63,0.49,1.27,38.17,58,100.22,60,21,5.93,67.52,12,15.2,227.04,0.141,0.734,1,,,,0,,12.4,54,9,2040,2534.883328,36.778
1.0.0,2026-08-05 03:09:38.799,144,,,,,,,,,,,,,,,,,,,,,2026-08-05 03:09:38.616,10.75,1,,,,,,,,
1.0.0,2026-08-05 03:09:39.193,143,,,,,,,,,,,,,,,,,,,,,2026-08-05 03:09:39.035,7.72,1,,,,,,,,
1.0.0,2026-08-05 03:09:39.662,147,49.24,0,1,0.193,5.18,0.55,1.46,59.54,93,137.57,93,26,6.59,62.18,12,17.48,283.36,0.187,1.156,0,,,,0,,13.5,54,10,2040,2534.883328,36.777
1.0.0,2026-08-05 03:09:40.659,148,49.31,0,1,0.211,5.14,0.56,1.22,53.94,80,124.09,80,24,6.74,61.71,12,14.66,261.14,0.156,1.0,1,,,,0,,12.5,54,10,2040,2534.883328,36.699
1.0.0,2026-08-05 03:09:41.071,146,,,,,,,,,,,,,,,,,,,,,2026-08-05 03:09:40.901,10.7,1,,,,,,,,
1.0.0,2026-08-05 03:09:41.859,149,49.29,0,1,0.1246,5.89,0.49,1.26,95.27,96,130.54,96,32,5.85,70.67,12,15.17,317.5,0.156,1.203,1,,,,0,,10.2,54,11,2040,2534.883328,36.612
1.0.0,2026-08-05 03:09:42.003,145,,,,,,,,,,,,,,,,,,,,,2026-08-05 03:09:41.843,3.72,1,,,,,,,,
1.0.0,2026-08-05 03:09:43.109,150,49.26,0,1,0.2004,5.9,0.57,1.26,68.94,100,145.34,100,26,6.82,70.85,12,15.17,307.12,0.156,1.25,1,,,,0,,13.1,54,19,2040,2534.883328,36.576
1.0.0,2026-08-05 03:09:43.217,148,,,,,,,,,,,,,,,,,,,,,2026-08-05 03:09:43.059,4.09,1,,,,,,,,
1.0.0,2026-08-05 03:09:43.892,147,,,,,,,,,,,,,,,,,,,,,2026-08-05 03:09:43.733,4.64,1,,,,,,,,
1.0.0,2026-08-05 03:09:44.401,151,49.3,0,1,0.1934,5.71,0.62,1.27,65.95,103,143.19,103,26,7.45,68.55,12,15.2,300.34,0.188,1.282,0,,,,0,,12.5,54,3,2040,2534.883328,36.844
1.0.0,2026-08-05 03:09:44.421,149,,,,,,,,,,,,,,,,,,,,,2026-08-05 03:09:44.259,8.33,1,,,,,,,,
1.0.0,2026-08-05 03:09:45.409,152,49.28,0,1,0.169,5.28,0.55,1.2,60.72,81,130.44,81,28,6.63,63.33,12,14.38,275.5,0.14,1.015,1,,,,0,,12.0,54,7,2040,2534.883328,36.977
1.0.0,2026-08-05 03:09:45.675,150,,,,,,,,,,,,,,,,,,,,,2026-08-05 03:09:45.509,7.26,1,,,,,,,,
1.0.0,2026-08-05 03:09:46.659,153,49.34,0,1,0.1982,10.04,0.63,1.22,64.64,100,143.89,100,26,7.6,120.42,12,14.63,351.18,0.203,1.25,1,,,,0,,11.5,54,6,2040,2534.883328,36.447
1.0.0,2026-08-05 03:09:47.759,154,49.25,0,1,0.1873,6.04,0.55,1.22,61.7,88,132.17,88,26,6.56,72.5,12,14.63,287.56,0.157,1.11,0,,,,0,,11.1,54,10,2040,2534.883328,36.837
1.0.0,2026-08-05 03:09:47.977,152,,,,,,,,,,,,,,,,,,,,,2026-08-05 03:09:47.809,4.57,1,,,,,,,,
1.0.0,2026-08-05 03:09:48.630,151,,,,,,,,,,,,,,,,,,,,,2026-08-05 03:09:48.472,3.74,1,,,,,,,,
1.0.0,2026-08-05 03:09:49.051,155,49.24,0,1,0.2406,5.71,0.52,1.24,64.14,103,148.75,103,22,6.3,68.52,12,14.89,302.6,0.188,1.281,1,,,,0,,11.3,54,17,2040,2534.883328,36.733
1.0.0,2026-08-05 03:09:49.219,153,,,,,,,,,,,,,,,,,,,,,2026-08-05 03:09:49.059,6.66,1,,,,,,,,
1.0.0,2026-08-05 03:09:50.492,156,49.32,0,1,0.2172,5.81,0.59,1.28,77.92,116,159.85,116,27,7.12,69.76,12,15.4,330.05,0.141,1.453,0,,,,0,,11.8,54,3,2040,2534.883328,36.681
1.0.0,2026-08-05 03:09:51.309,157,41.07,0,1,0.2252,5.28,0.51,1.25,46.33,65,109.98,65,19,6.17,63.36,12,14.98,240.82,0.156,0.812,1,,,,0,,11.7,54,6,2040,2534.883328,36.928
1.0.0,2026-08-05 03:09:51.624,155,,,,,,,,,,,,,,,,,,,,,2026-08-05 03:09:51.451,15.0,1,,,,,,,,
1.0.0,2026-08-05 03:09:51.992,154,,,,,,,,,,,,,,,,,,,,,2026-08-05 03:09:51.830,7.92,1,,,,,,,,
1.0.0,2026-08-05 03:09:52.463,158,49.1,0,1,0.1934,7.06,0.5,1.31,63.45,93,138.33,93,28,5.98,84.78,12,15.76,308.3,0.203,1.157,0,,,,0,,11.9,54,3,2040,2534.883328,36.521
1.0.0,2026-08-05 03:09:53.509,159,49.25,0,1,0.2104,5.0,0.48,1.25,55.71,83,126.04,83,23,5.76,60.01,12,15.0,262.52,0.204,1.047,1,,,,0,,11.4,54,12,2040,2534.883328,37.027
1.0.0,2026-08-05 03:09:53.877,157,,,,,,,,,,,,,,,,,,,,,2026-08-05 03:09:53.709,10.26,1,,,,,,,,
1.0.0,2026-08-05 03:09:54.659,160,49.33,0,1,0.1247,5.19,0.54,1.17,59.15,92,120.29,92,33,6.45,62.29,12,14.04,262.22,0.156,1.14,1,,,,0,,11.5,54,12,2040,2534.883328,36.933
1.0.0,2026-08-05 03:09:54.741,156,,,,,,,,,,,,,,,,,,,,,2026-08-05 03:09:54.563,12.31,1,,,,,,,,
1.0.0,2026-08-05 03:09:55.909,161,49.27,0,1,0.2007,8.11,0.52,1.31,65.62,100,140.58,100,28,6.26,97.35,12,15.72,325.53,0.14,1.25,1,,,,0,,11.8,54,10,2040,2534.883328,36.512
1.0.0,2026-08-05 03:09:56.078,159,,,,,,,,,,,,,,,,,,,,,2026-08-05 03:09:55.909,8.3,1,,,,,,,,
1.0.0,2026-08-05 03:09:56.696,158,,,,,,,,,,,,,,,,,,,,,2026-08-05 03:09:56.538,3.72,1,,,,,,,,
1.0.0,2026-08-05 03:09:57.217,162,49.21,0,1,0.1933,5.38,0.57,1.27,68.82,105,142.67,105,27,6.82,64.61,12,15.24,298.16,0.157,1.313,0,,,,0,,14.1,54,11,2040,2534.883328,36.289
1.0.0,2026-08-05 03:09:57.221,160,,,,,,,,,,,,,,,,,,,,,2026-08-05 03:09:57.059,8.33,1,,,,,,,,
1.0.0,2026-08-05 03:09:58.262,163,49.22,0,1,0.1689,5.77,0.49,1.07,56.15,83,124.48,83,28,5.9,69.21,12,12.89,268.63,0.204,1.047,1,,,,0,,12.1,54,4,2040,2534.883328,37.027
1.0.0,2026-08-05 03:09:58.481,161,,,,,,,,,,,,,,,,,,,,,2026-08-05 03:09:58.309,8.66,1,,,,,,,,
1.0.0,2026-08-05 03:09:59.467,164,49.22,0,1,0.1977,5.52,0.56,1.2,64.21,97,167.85,97,26,6.73,66.24,12,14.44,319.47,0.203,1.203,1,,,,0,,11.9,54,3,2040,2534.883328,36.877
1.0.0,2026-08-05 03:10:00.560,165,57.04,0,1,0.1875,5.68,0.52,1.23,58.28,87,126.33,87,27,6.18,68.17,12,14.77,273.73,0.156,1.093,0,,,,0,,12.0,54,12,2040,2534.883328,36.892
1.0.0,2026-08-05 03:10:00.825,163,,,,,,,,,,,,,,,,,,,,,2026-08-05 03:10:00.662,4.51,1,,,,,,,,
1.0.0,2026-08-05 03:10:01.446,162,,,,,,,,,,,,,,,,,,,,,2026-08-05 03:10:01.288,3.41,1,,,,,,,,
1.0.0,2026-08-05 03:10:01.860,166,49.26,0,1,0.2401,5.32,0.53,1.27,67.63,104,186.54,104,22,6.34,63.87,12,15.29,339.67,0.156,1.297,1,,,,0,,12.7,54,10,2040,2534.883328,36.687
1.0.0,2026-08-05 03:10:02.027,164,,,,,,,,,,,,,,,,,,,,,2026-08-05 03:10:01.867,8.89,1,,,,,,,,
1.0.0,2026-08-05 03:10:03.319,167,49.18,0,1,0.2123,5.07,0.6,1.2,76.5,118,157.6,118,28,7.2,60.81,12,14.44,316.55,0.14,1.453,0,,,,0,,11.7,54,10,2040,2534.883328,36.111
1.0.0,2026-08-05 03:10:04.111,168,49.3,0,1,0.2255,5.91,0.57,1.19,41.81,62,104.33,62,20,6.82,70.92,12,14.23,238.11,0.156,0.797,1,,,,0,,11.3,54,11,2040,2534.883328,37.201
1.0.0,2026-08-05 03:10:04.436,166,,,,,,,,,,,,,,,,,,,,,2026-08-05 03:10:04.260,17.86,1,,,,,,,,
1.0.0,2026-08-05 03:10:04.796,165,,,,,,,,,,,,,,,,,,,,,2026-08-05 03:10:04.631,10.91,1,,,,,,,,
1.0.0,2026-08-05 03:10:05.262,169,49.22,0,1,0.1936,10.06,0.62,1.27,94.47,92,133.61,92,26,7.41,120.76,12,15.23,371.48,0.157,1.157,0,,,,0,,11.7,54,4,2040,2534.883328,36.266
1.0.0,2026-08-05 03:10:06.311,170,49.28,0,1,0.21,8.39,0.49,1.33,58.83,84,134.94,84,25,5.85,100.64,12,15.98,316.24,0.187,1.046,1,,,,0,,12.3,54,3,2040,2534.883328,36.735
1.0.0,2026-08-05 03:10:06.688,168,,,,,,,,,,,,,,,,,,,,,2026-08-05 03:10:06.511,17.7,1,,,,,,,,
1.0.0,2026-08-05 03:10:07.467,171,49.22,0,1,0.1248,5.34,0.57,1.2,61.26,93,121.36,93,31,6.79,64.11,12,14.35,267.87,0.172,1.157,1,,,,0,,13.4,54,3,2040,2534.883328,36.818
1.0.0,2026-08-05 03:10:07.552,167,,,,,,,,,,,,,,,,,,,,,2026-08-05 03:10:07.390,10.62,1,,,,,,,,
1.0.0,2026-08-05 03:10:08.717,172,49.28,0,1,0.2008,5.76,0.56,1.25,66.73,100,134.0,100,27,6.7,69.17,12,15.04,291.64,0.157,1.25,1,,,,0,,12.8,54,12,2040,2534.883328,36.832
1.0.0,2026-08-05 03:10:08.869,170,,,,,,,,,,,,,,,,,,,,,2026-08-05 03:10:08.711,5.55,1,,,,,,,,
1.0.0,2026-08-05 03:10:09.496,169,,,,,,,,,,,,,,,,,,,,,2026-08-05 03:10:09.333,4.88,1,,,,,,,,
1.0.0,2026-08-05 03:10:10.013,173,49.26,0,1,0.1933,6.15,0.49,1.33,74.27,103,176.87,103,28,5.93,73.85,12,15.91,346.83,0.157,1.297,0,,,,0,,11.8,54,18,2040,2534.883328,36.717
1.0.0,2026-08-05 03:10:10.033,171,,,,,,,,,,,,,,,,,,,,,2026-08-05 03:10:09.867,12.57,1,,,,,,,,
1.0.0,2026-08-05 03:10:11.058,174,49.17,0,1,0.169,5.08,0.56,1.2,58.26,84,124.22,84,28,6.68,60.94,12,14.41,264.51,0.156,1.046,1,,,,0,,11.8,54,14,2040,2534.883328,37.122
1.0.0,2026-08-05 03:10:11.280,172,,,,,,,,,,,,,,,,,,,,,2026-08-05 03:10:11.117,4.39,1,,,,,,,,
1.0.0,2026-08-05 03:10:12.262,175,49.31,0,1,0.1979,5.4,0.55,1.2,63.08,97,134.01,97,28,6.56,64.76,12,14.39,282.8,0.157,1.204,1,,,,0,,11.7,54,3,2040,2534.883328,36.79
1.0.0,2026-08-05 03:10:13.412,176,49.19,0,1,0.1872,5.84,0.49,1.23,59.46,91,166.1,91,28,5.86,70.07,12,14.7,316.19,0.187,1.14,0,,,,0,,12.0,54,3,2040,2534.883328,36.974
1.0.0,2026-08-05 03:10:13.632,174,,,,,,,,,,,,,,,,,,,,,2026-08-05 03:10:13.458,8.61,1,,,,,,,,
1.0.0,2026-08-05 03:10:14.241,173,,,,,,,,,,,,,,,,,,,,,2026-08-05 03:10:14.084,3.37,1,,,,,,,,
1.0.0,2026-08-05 03:10:14.661,177,49.31,0,1,0.2383,6.18,0.56,1.22,68.58,100,148.86,100,21,6.71,74.1,12,14.68,312.93,0.14,1.25,1,,,,0,,11.7,54,8,2040,2534.883328,36.827
1.0.0,2026-08-05 03:10:14.825,175,,,,,,,,,,,,,,,,,,,,,2026-08-05 03:10:14.662,8.19,1,,,,,,,,
1.0.0,2026-08-05 03:10:16.150,178,32.03,0,1,0.2051,5.41,0.52,1.28,74.78,119,159.96,119,28,6.24,64.93,12,15.34,321.25,0.203,1.5,0,,,,0,,11.7,54,16,2040,2534.883328,36.246
1.0.0,2026-08-05 03:10:16.950,179,49.26,0,1,0.2253,4.93,0.53,1.28,40.09,64,98.33,64,22,6.35,59.12,12,15.35,219.24,0.187,0.797,1,,,,0,,11.7,54,16,2040,2534.883328,36.246
1.0.0,2026-08-05 03:10:17.227,177,,,,,,,,,,,,,,,,,,,,,2026-08-05 03:10:17.061,9.41,1,,,,,,,,
1.0.0,2026-08-05 03:10:17.641,176,,,,,,,,,,,,,,,,,,,,,2026-08-05 03:10:17.483,3.74,1,,,,,,,,
1.0.0,2026-08-05 03:10:18.062,180,49.34,0,1,0.1936,5.31,0.61,1.25,58.24,89,129.93,89,25,7.35,63.66,12,15.06,274.24,0.14,1.109,0,,,,0,,12.2,54,18,2040,2534.883328,36.367
1.0.0,2026-08-05 03:10:19.111,181,49.02,0,1,0.2101,5.37,0.51,1.31,55.55,84,128.73,84,25,6.11,64.49,12,15.7,270.58,0.187,1.047,1,,,,0,,12.4,54,10,2040,2534.883328,37.006
1.0.0,2026-08-05 03:10:19.517,179,,,,,,,,,,,,,,,,,,,,,2026-08-05 03:10:19.350,9.02,1,,,,,,,,
1.0.0,2026-08-05 03:10:20.308,182,40.83,0,1,0.1242,5.26,0.6,1.2,71.68,96,127.36,96,33,7.14,63.13,12,14.39,283.7,0.156,1.203,1,,,,0,,9.5,54,3,2040,2534.883328,36.846
1.0.0,2026-08-05 03:10:20.387,178,,,,,,,,,,,,,,,,,,,,,2026-08-05 03:10:20.222,11.16,1,,,,,,,,
1.0.0,2026-08-05 03:10:21.562,183,49.27,0,1,0.2003,5.84,0.54,1.26,66.05,100,141.63,100,26,6.43,70.11,12,15.1,299.32,0.156,1.25,1,,,,0,,9.0,54,3,2040,2534.883328,36.965
1.0.0,2026-08-05 03:10:21.682,181,,,,,,,,,,,,,,,,,,,,,2026-08-05 03:10:21.511,6.0,1,,,,,,,,
1.0.0,2026-08-05 03:10:22.296,180,,,,,,,,,,,,,,,,,,,,,2026-08-05 03:10:22.133,3.93,1,,,,,,,,
1.0.0,2026-08-05 03:10:22.812,184,49.29,0,1,0.1932,9.96,3.3,1.44,67.26,100,148.92,100,27,39.56,119.49,12,17.3,392.53,0.156,1.25,0,,,,0,,13.0,54,11,2040,2534.883328,36.99
1.0.0,2026-08-05 03:10:22.870,182,,,,,,,,,,,,,,,,,,,,,2026-08-05 03:10:22.712,3.69,1,,,,,,,,
1.0.0,2026-08-05 03:10:23.862,185,49.13,0,1,0.169,8.34,0.59,4.13,55.32,84,138.14,84,28,7.09,100.07,12,49.57,350.19,0.156,1.047,1,,,,0,,14.4,54,10,2040,2534.883328,36.653
1.0.0,2026-08-05 03:10:24.128,183,,,,,,,,,,,,,,,,,,,,,2026-08-05 03:10:23.962,8.56,1,,,,,,,,
1.0.0,2026-08-05 03:10:25.062,186,49.29,0,1,0.1982,5.66,0.58,1.21,60.63,96,172.32,96,27,6.98,67.95,12,14.54,322.42,0.156,1.203,1,,,,0,,13.1,54,21,2040,2534.883328,36.52
1.0.0,2026-08-05 03:10:26.216,187,49.28,0,1,0.1874,5.92,0.52,1.19,98.59,93,141.57,93,27,6.28,70.98,12,14.3,331.72,0.203,1.157,0,,,,0,,12.2,54,5,2040,2534.883328,36.755
1.0.0,2026-08-05 03:10:26.450,185,,,,,,,,,,,,,,,,,,,,,2026-08-05 03:10:26.262,11.87,1,,,,,,,,
1.0.0,2026-08-05 03:10:27.041,184,,,,,,,,,,,,,,,,,,,,,2026-08-05 03:10:26.883,3.84,1,,,,,,,,
1.0.0,2026-08-05 03:10:27.500,188,49.29,0,1,0.2442,5.97,0.53,1.2,63.39,100,149.66,100,22,6.35,71.68,12,14.44,305.52,0.157,1.25,1,,,,0,,12.5,54,3,2040,2534.883328,36.201
1.0.0,2026-08-05 03:10:27.652,186,,,,,,,,,,,,,,,,,,,,,2026-08-05 03:10:27.462,4.31,1,,,,,,,,
1.0.0,2026-08-05 03:10:29.004,189,49.16,0,1,0.2071,9.11,0.6,1.32,81.28,123,174.08,123,25,7.17,109.32,12,15.86,387.71,0.234,1.531,0,,,,0,,14.1,54,12,2040,2534.883328,36.993
1.0.0,2026-08-05 03:10:29.749,190,49.37,0,1,0.2249,5.11,0.65,1.16,41.71,59,95.43,59,20,7.81,61.29,12,13.9,220.14,0.141,0.75,1,,,,0,,12.8,54,11,2040,2534.883328,36.691
1.0.0,2026-08-05 03:10:30.076,188,,,,,,,,,,,,,,,,,,,,,2026-08-05 03:10:29.900,17.07,1,,,,,,,,
1.0.0,2026-08-05 03:10:30.446,187,,,,,,,,,,,,,,,,,,,,,2026-08-05 03:10:30.287,3.59,1,,,,,,,,
1.0.0,2026-08-05 03:10:30.899,191,49.29,0,1,0.1931,6.05,0.52,1.16,58.53,92,134.81,92,26,6.22,72.57,12,13.94,286.07,0.187,1.156,0,,,,0,,13.4,54,10,2040,2534.883328,36.76
1.0.0,2026-08-05 03:10:31.966,192,49.33,0,1,0.2104,5.05,0.59,1.25,55.42,86,131.72,86,24,7.06,60.54,12,14.97,269.71,0.203,1.063,1,,,,0,,12.3,54,10,2040,2534.883328,36.307
1.0.0,2026-08-05 03:10:32.317,190,,,,,,,,,,,,,,,,,,,,,2026-08-05 03:10:32.149,7.55,1,,,,,,,,
1.0.0,2026-08-05 03:10:33.112,193,48.99,0,1,0.1245,5.44,0.57,1.27,57.7,91,122.86,91,33,6.81,65.23,12,15.26,267.86,0.172,1.14,1,,,,0,,14.2,54,17,2040,2534.883328,36.878
1.0.0,2026-08-05 03:10:33.244,189,,,,,,,,,,,,,,,,,,,,,2026-08-05 03:10:33.075,11.8,1,,,,,,,,
1.0.0,2026-08-05 03:10:34.362,194,49.3,0,1,0.2005,6.04,0.6,1.28,62.11,100,146.44,100,27,7.17,72.43,12,15.37,303.52,0.14,1.25,1,,,,0,,14.0,54,5,2040,2534.883328,36.44
1.0.0,2026-08-05 03:10:34.522,192,,,,,,,,,,,,,,,,,,,,,2026-08-05 03:10:34.366,4.09,1,,,,,,,,
1.0.0,2026-08-05 03:10:35.132,191,,,,,,,,,,,,,,,,,,,,,2026-08-05 03:10:34.970,8.06,1,,,,,,,,
1.0.0,2026-08-05 03:10:35.612,195,49.29,0,1,0.1934,5.9,0.53,1.24,63.53,100,138.75,100,27,6.3,70.84,12,14.83,294.25,0.156,1.25,0,,,,0,,13.5,54,3,2040,2534.883328,36.962
1.0.0,2026-08-05 03:10:35.670,193,,,,,,,,,,,,,,,,,,,,,2026-08-05 03:10:35.512,4.39,1,,,,,,,,
1.0.0,2026-08-05 03:10:36.716,196,49.3,0,1,0.1688,5.64,0.6,1.17,56.8,89,131.31,89,29,7.18,67.65,12,14.09,277.03,0.203,1.11,1,,,,0,,12.2,54,12,2040,2534.883328,36.874
1.0.0,2026-08-05 03:10:36.929,194,,,,,,,,,,,,,,,,,,,,,2026-08-05 03:10:36.762,4.5,1,,,,,,,,
1.0.0,2026-08-05 03:10:37.874,197,58.91,0,1,0.1986,6.34,0.56,1.18,59.28,93,126.74,90,26,6.7,76.04,12,14.14,282.9,0.156,1.156,1,,,,0,,12.4,54,11,2040,2534.883328,36.825
1.0.0,2026-08-05 03:10:39.012,198,49.34,0,1,0.1874,5.61,0.61,1.22,57.58,90,136.08,93,26,7.29,67.35,12,14.59,282.89,0.172,1.141,0,,,,0,,12.3,54,11,2040,2534.883328,36.95
1.0.0,2026-08-05 03:10:39.283,196,,,,,,,,,,,,,,,,,,,,,2026-08-05 03:10:39.116,9.0,1,,,,,,,,
1.0.0,2026-08-05 03:10:39.841,195,,,,,,,,,,,,,,,,,,,,,2026-08-05 03:10:39.683,4.67,1,,,,,,,,
1.0.0,2026-08-05 03:10:40.299,199,49.31,0,1,0.2407,5.6,0.56,1.24,65.13,103,152.65,103,23,6.72,67.24,12,14.89,306.63,0.188,1.281,1,,,,0,,13.8,54,13,2040,2534.883328,36.216
1.0.0,2026-08-05 03:10:40.435,197,,,,,,,,,,,,,,,,,,,,,2026-08-05 03:10:40.274,4.09,1,,,,,,,,
1.0.0,2026-08-05 03:10:41.853,200,49.21,0,1,0.2185,5.39,0.63,1.27,80.47,124,174.44,124,26,7.57,64.63,12,15.2,342.31,0.235,1.547,0,,,,0,,12.3,54,4,2040,2534.883328,37.144
1.0.0,2026-08-05 03:10:42.561,201,49.33,0,1,0.2254,12.46,0.56,1.46,39.6,57,101.78,57,21,6.73,149.48,12,17.52,315.11,0.14,0.718,1,,,,0,,11.7,54,9,2040,2534.883328,36.881
1.0.0,2026-08-05 03:10:42.872,199,,,,,,,,,,,,,,,,,,,,,2026-08-05 03:10:42.699,15.4,1,,,,,,,,
1.0.0,2026-08-05 03:10:43.241,198,,,,,,,,,,,,,,,,,,,,,2026-08-05 03:10:43.083,3.67,1,,,,,,,,
1.0.0,2026-08-05 03:10:43.716,202,49.34,0,1,0.1936,5.62,0.59,1.28,60.29,93,176.33,93,28,7.11,67.45,12,15.37,326.55,0.172,1.157,0,,,,0,,10.6,54,9,2040,2534.883328,36.549
1.0.0,2026-08-05 03:10:44.766,203,49.26,0,1,0.2105,5.75,0.57,1.35,54.88,84,128.81,84,25,6.88,69.06,12,16.22,275.85,0.172,1.047,1,,,,0,,14.5,54,11,2040,2534.883328,36.669
1.0.0,2026-08-05 03:10:45.126,201,,,,,,,,,,,,,,,,,,,,,2026-08-05 03:10:44.961,6.26,1,,,,,,,,
1.0.0,2026-08-05 03:10:45.899,204,49.34,0,1,0.1248,5.6,0.58,1.23,63.34,90,122.3,90,32,6.94,67.2,12,14.73,274.51,0.156,1.14,1,,,,0,,14.8,54,10,2040,2534.883328,36.817
1.0.0,2026-08-05 03:10:46.093,200,,,,,,,,,,,,,,,,,,,,,2026-08-05 03:10:45.924,3.89,1,,,,,,,,
1.0.0,2026-08-05 03:10:47.151,205,49.34,0,1,0.2006,5.39,0.62,1.27,65.45,100,142.02,100,27,7.39,64.74,12,15.23,294.83,0.14,1.25,1,,,,0,,12.0,54,20,2040,2534.883328,36.866
1.0.0,2026-08-05 03:10:47.336,203,,,,,,,,,,,,,,,,,,,,,2026-08-05 03:10:47.166,3.62,1,,,,,,,,
1.0.0,2026-08-05 03:10:47.945,202,,,,,,,,,,,,,,,,,,,,,2026-08-05 03:10:47.787,3.67,1,,,,,,,,
1.0.0,2026-08-05 03:10:48.462,204,,,,,,,,,,,,,,,,,,,,,2026-08-05 03:10:48.299,8.33,1,,,,,,,,
1.0.0,2026-08-05 03:10:48.466,206,49.14,0,1,0.1933,6.46,0.5,1.28,73.08,106,185.61,106,26,5.96,77.55,12,15.4,357.6,0.157,1.313,0,,,,0,,9.8,54,3,2040,2534.883328,36.825
1.0.0,2026-08-05 03:10:49.512,207,49.31,0,1,0.1691,5.18,0.58,1.21,55.54,83,132.26,83,28,7.0,62.18,12,14.54,271.52,0.188,1.047,1,,,,0,,12.4,54,6,2040,2534.883328,37.086
1.0.0,2026-08-05 03:10:49.717,205,,,,,,,,,,,,,,,,,,,,,2026-08-05 03:10:49.551,6.5,1,,,,,,,,
1.0.0,2026-08-05 03:10:50.715,208,49.27,0,1,0.1977,5.54,0.55,1.26,62.5,97,134.63,97,27,6.64,66.48,12,15.17,285.42,0.203,1.203,1,,,,0,,12.6,54,9,2040,2534.883328,36.796
1.0.0,2026-08-05 03:10:51.849,209,49.27,0,1,0.1875,5.51,0.56,1.29,57.46,90,168.54,90,26,6.72,66.13,12,15.53,314.38,0.188,1.125,0,,,,0,,13.1,54,10,2040,2534.883328,36.914
1.0.0,2026-08-05 03:10:52.086,207,,,,,,,,,,,,,,,,,,,,,2026-08-05 03:10:51.912,8.18,1,,,,,,,,
1.0.0,2026-08-05 03:10:52.695,206,,,,,,,,,,,,,,,,,,,,,2026-08-05 03:10:52.537,3.5,1,,,,,,,,
1.0.0,2026-08-05 03:10:53.111,210,49.22,0,1,0.2407,5.4,0.58,1.2,64.53,101,150.05,101,22,6.9,64.8,12,14.42,300.7,0.156,1.265,1,,,,0,,11.1,54,16,2040,2534.883328,36.985
1.0.0,2026-08-05 03:10:53.279,208,,,,,,,,,,,,,,,,,,,,,2026-08-05 03:10:53.115,4.15,1,,,,,,,,
1.0.0,2026-08-05 03:10:54.611,211,49.2,0,1,0.2172,5.09,0.51,1.28,79.99,120,167.63,120,29,6.1,61.11,12,15.38,330.21,0.156,1.5,0,,,,0,,12.7,54,4,2040,2534.883328,36.488
1.0.0,2026-08-05 03:10:55.361,212,49.12,0,1,0.2255,5.2,0.53,1.31,37.87,60,99.63,60,20,6.31,62.43,12,15.76,222.0,0.156,0.75,1,,,,0,,14.2,54,10,2040,2534.883328,36.511
1.0.0,2026-08-05 03:10:55.681,210,,,,,,,,,,,,,,,,,,,,,2026-08-05 03:10:55.511,11.77,1,,,,,,,,
1.0.0,2026-08-05 03:10:56.086,209,,,,,,,,,,,,,,,,,,,,,2026-08-05 03:10:55.920,11.15,1,,,,,,,,
1.0.0,2026-08-05 03:10:56.524,213,67.27,0,1,0.1936,5.48,0.51,1.26,61.9,94,167.43,91,26,6.14,65.71,12,15.12,316.3,0.157,1.172,0,,,,0,,14.5,54,3,2040,2534.883328,36.416
1.0.0,2026-08-05 03:10:57.565,214,53.2,0,1,0.2101,5.43,0.52,1.29,54.46,83,131.74,84,26,6.23,65.16,12,15.46,273.05,0.187,1.031,1,,,,0,,12.6,54,12,2040,2534.883328,36.843
1.0.0,2026-08-05 03:10:57.936,212,,,,,,,,,,,,,,,,,,,,,2026-08-05 03:10:57.761,15.65,1,,,,,,,,
1.0.0,2026-08-05 03:10:58.699,215,49.26,0,1,0.1238,5.17,0.58,1.25,63.29,90,128.08,92,33,6.98,62.08,12,15.04,275.47,0.141,1.141,1,,,,0,,10.4,54,12,2040,2534.883328,36.649
1.0.0,2026-08-05 03:10:58.848,211,,,,,,,,,,,,,,,,,,,,,2026-08-05 03:10:58.682,3.65,1,,,,,,,,
1.0.0,2026-08-05 03:10:59.965,216,49.28,0,1,0.2008,6.23,0.59,1.34,99.15,102,151.07,102,26,7.11,74.81,12,16.12,348.26,0.157,1.266,1,,,,0,,9.1,54,10,2040,2534.883328,36.943
1.0.0,2026-08-05 03:11:00.127,214,,,,,,,,,,,,,,,,,,,,,2026-08-05 03:10:59.965,4.51,1,,,,,,,,
1.0.0,2026-08-05 03:11:00.761,213,,,,,,,,,,,,,,,,,,,,,2026-08-05 03:11:00.595,16.07,1,,,,,,,,
1.0.0,2026-08-05 03:11:01.261,215,,,,,,,,,,,,,,,,,,,,,2026-08-05 03:11:01.099,7.7,1,,,,,,,,
1.0.0,2026-08-05 03:11:01.266,217,49.31,0,1,0.1933,7.64,0.58,1.28,68.12,104,145.86,104,26,6.92,91.71,12,15.34,327.95,0.157,1.297,0,,,,0,,12.9,54,13,2040,2534.883328,36.268
1.0.0,2026-08-05 03:11:02.311,218,49.27,0,1,0.1693,6.46,0.69,1.22,54.18,83,131.57,83,28,8.29,77.56,12,14.62,286.22,0.171,1.046,1,,,,0,,12.7,54,4,2040,2534.883328,37.087
1.0.0,2026-08-05 03:11:02.533,216,,,,,,,,,,,,,,,,,,,,,2026-08-05 03:11:02.365,4.58,1,,,,,,,,
1.0.0,2026-08-05 03:11:03.515,219,49.29,0,1,0.1979,5.91,0.6,1.3,64.52,97,137.18,97,28,7.16,70.95,12,15.64,295.45,0.157,1.204,1,,,,0,,12.3,54,4,2040,2534.883328,36.897
1.0.0,2026-08-05 03:11:04.648,220,49.28,0,1,0.1873,5.82,0.49,1.21,64.1,90,140.49,90,26,5.83,69.8,12,14.47,294.69,0.187,1.14,0,,,,0,,11.2,54,12,2040,2534.883328,37.032
1.0.0,2026-08-05 03:11:04.868,218,,,,,,,,,,,,,,,,,,,,,2026-08-05 03:11:04.711,4.95,1,,,,,,,,
1.0.0,2026-08-05 03:11:05.494,217,,,,,,,,,,,,,,,,,,,,,2026-08-05 03:11:05.337,3.14,1,,,,,,,,
1.0.0,2026-08-05 03:11:05.899,221,29.77,0,1,0.2412,5.31,0.56,1.31,68.43,100,184.64,100,22,6.73,63.75,12,15.71,339.26,0.156,1.25,1,,,,0,,10.1,54,10,2040,2534.883328,36.628
1.0.0,2026-08-05 03:11:06.078,219,,,,,,,,,,,,,,,,,,,,,2026-08-05 03:11:05.915,4.63,1,,,,,,,,
1.0.0,2026-08-05 03:11:07.461,222,49.33,0,1,0.2013,8.27,0.55,1.38,83.19,126,176.11,126,29,6.61,99.22,12,16.59,381.72,0.203,1.563,1,,,,0,,12.6,54,10,2040,2534.883328,36.29
1.0.0,2026-08-05 03:11:08.198,223,49.28,0,1,0.2254,5.81,0.54,1.32,40.56,58,94.32,58,22,6.43,69.74,12,15.85,226.9,0.203,0.734,1,,,,0,,12.5,54,16,2040,2534.883328,37.452
1.0.0,2026-08-05 03:11:08.470,221,,,,,,,,,,,,,,,,,,,,,2026-08-05 03:11:08.302,8.08,1,,,,,,,,
1.0.0,2026-08-05 03:11:08.886,220,,,,,,,,,,,,,,,,,,,,,2026-08-05 03:11:08.719,12.1,1,,,,,,,,
1.0.0,2026-08-05 03:11:09.311,224,49.25,0,1,0.1936,4.9,0.51,1.25,56.45,89,128.34,89,25,6.11,58.85,12,15.02,264.77,0.156,1.109,0,,,,0,,12.0,54,3,2040,2534.883328,36.096
1.0.0,2026-08-05 03:11:10.023,222,,,,,,,,,,,,,,,,,,,,,2026-08-05 03:11:09.861,8.38,1,,,,,,,,
1.0.0,2026-08-05 03:11:10.361,225,49.3,0,1,0.2111,5.45,0.56,1.34,58.73,84,133.83,84,24,6.69,65.35,12,16.07,280.67,0.156,1.047,1,,,,0,,12.0,54,4,2040,2534.883328,36.869
1.0.0,2026-08-05 03:11:10.773,223,,,,,,,,,,,,,,,,,,,,,2026-08-05 03:11:10.598,16.54,1,,,,,,,,
1.0.0,2026-08-05 03:11:11.561,226,49.16,0,1,0.1244,8.2,0.58,1.42,66.98,96,137.27,96,32,6.95,98.38,12,17.1,326.68,0.156,1.203,1,,,,0,,12.1,54,3,2040,2534.883328,36.837
1.0.0,2026-08-05 03:11:12.811,227,49.21,0,1,0.2003,5.8,0.53,1.28,67.29,100,144.85,100,26,6.4,69.59,12,15.34,303.47,0.156,1.25,1,,,,0,,12.8,54,12,2040,2534.883328,36.935
1.0.0,2026-08-05 03:11:12.935,225,,,,,,,,,,,,,,,,,,,,,2026-08-05 03:11:12.761,4.53,1,,,,,,,,
1.0.0,2026-08-05 03:11:13.540,224,,,,,,,,,,,,,,,,,,,,,2026-08-05 03:11:13.382,3.9,1,,,,,,,,
1.0.0,2026-08-05 03:11:14.061,228,49.32,0,1,0.1934,5.87,0.49,1.32,63.56,100,141.82,100,28,5.87,70.39,12,15.86,297.5,0.156,1.25,0,,,,0,,12.8,54,13,2040,2534.883328,36.827
1.0.0,2026-08-05 03:11:14.123,226,,,,,,,,,,,,,,,,,,,,,2026-08-05 03:11:13.961,4.05,1,,,,,,,,
1.0.0,2026-08-05 03:11:15.160,229,52.0,0,1,0.1689,5.11,0.49,1.25,66.22,88,135.35,87,27,5.91,61.27,12,15.05,283.8,0.187,1.094,1,,,,0,,12.4,54,15,2040,2534.883328,36.942
1.0.0,2026-08-05 03:11:15.370,227,,,,,,,,,,,,,,,,,,,,,2026-08-05 03:11:15.211,3.91,1,,,,,,,,
1.0.0,2026-08-05 03:11:16.311,230,49.28,0,1,0.1984,5.45,0.54,1.25,59.16,92,170.98,93,27,6.51,65.42,12,14.95,317.02,0.156,1.156,1,,,,0,,13.0,54,3,2040,2534.883328,36.807
1.0.0,2026-08-05 03:11:17.465,231,49.28,0,1,0.1873,5.3,0.56,1.24,93.91,93,135.79,93,26,6.74,63.6,12,14.88,314.92,0.172,1.157,0,,,,0,,13.4,54,3,2040,2534.883328,36.777
1.0.0,2026-08-05 03:11:17.739,229,,,,,,,,,,,,,,,,,,,,,2026-08-05 03:11:17.565,16.74,1,,,,,,,,
1.0.0,2026-08-05 03:11:18.290,228,,,,,,,,,,,,,,,,,,,,,2026-08-05 03:11:18.132,3.26,1,,,,,,,,
1.0.0,2026-08-05 03:11:18.723,232,49.31,0,1,0.2419,5.57,0.52,1.37,64.38,101,156.23,101,25,6.23,66.83,12,16.38,310.05,0.157,1.25,1,,,,0,,14.0,54,6,2040,2534.883328,36.89
1.0.0,2026-08-05 03:11:18.871,230,,,,,,,,,,,,,,,,,,,,,2026-08-05 03:11:18.711,3.59,1,,,,,,,,
1.0.0,2026-08-05 03:11:20.294,233,49.16,0,1,0.2205,5.25,0.55,1.29,80.03,125,205.61,125,27,6.61,63.02,12,15.48,370.75,0.172,1.578,0,,,,0,,13.1,54,13,2040,2534.883328,35.914
1.0.0,2026-08-05 03:11:21.002,234,49.22,0,1,0.2251,4.91,0.57,1.18,40.53,56,138.38,56,21,6.81,58.92,12,14.22,258.86,0.141,0.703,1,,,,0,,13.1,54,13,2040,2534.883328,35.914
1.0.0,2026-08-05 03:11:21.301,232,,,,,,,,,,,,,,,,,,,,,2026-08-05 03:11:21.123,19.4,1,,,,,,,,
1.0.0,2026-08-05 03:11:21.706,231,,,,,,,,,,,,,,,,,,,,,2026-08-05 03:11:21.536,12.13,1,,,,,,,,
1.0.0,2026-08-05 03:11:22.163,235,49.3,0,1,0.1932,5.73,0.48,1.32,91.62,93,140.04,93,27,5.74,68.79,12,15.9,322.09,0.187,1.156,0,,,,0,,11.3,54,19,2040,2534.883328,36.362
1.0.0,2026-08-05 03:11:23.223,236,49.3,0,1,0.2107,5.04,0.47,1.31,56.7,86,135.84,86,25,5.59,60.5,12,15.7,274.33,0.203,1.063,1,,,,0,,12.9,54,10,2040,2534.883328,37.111
1.0.0,2026-08-05 03:11:23.574,234,,,,,,,,,,,,,,,,,,,,,2026-08-05 03:11:23.402,11.66,1,,,,,,,,
1.0.0,2026-08-05 03:11:24.366,237,49.23,0,1,0.1248,5.49,0.57,1.28,56.64,91,121.32,91,33,6.89,65.91,12,15.35,266.11,0.156,1.14,1,,,,0,,13.1,54,3,2040,2534.883328,36.786
1.0.0,2026-08-05 03:11:24.531,233,,,,,,,,,,,,,,,,,,,,,2026-08-05 03:11:24.365,13.17,1,,,,,,,,
1.0.0,2026-08-05 03:11:25.619,238,3.8,0,1,0.2005,5.67,0.52,1.31,193.22,99,270.32,99,27,6.28,68.01,12,15.7,553.53,0.156,1.25,1,,,,0,,13.5,54,3,2040,2534.883328,36.123
1.0.0,2026-08-05 03:11:25.791,236,,,,,,,,,,,,,,,,,,,,,2026-08-05 03:11:25.623,4.11,1,,,,,,,,
1.0.0,2026-08-05 03:11:26.394,235,,,,,,,,,,,,,,,,,,,,,2026-08-05 03:11:26.234,5.53,1,,,,,,,,
1.0.0,2026-08-05 03:11:26.901,239,49.27,0,1,0.1935,5.4,0.57,1.41,69.55,103,156.21,103,27,6.85,64.84,12,16.94,314.39,0.203,1.297,0,,,,0,,10.7,54,10,2040,2534.883328,36.705
1.0.0,2026-08-05 03:11:26.927,237,,,,,,,,,,,,,,,,,,,,,2026-08-05 03:11:26.766,6.88,1,,,,,,,,
1.0.0,2026-08-05 03:11:27.973,240,49.2,0,1,0.169,5.28,0.45,1.17,59.62,87,135.81,87,28,5.46,63.34,12,14.05,278.28,0.203,1.063,1,,,,0,,12.1,54,10,2040,2534.883328,36.818
1.0.0,2026-08-05 03:11:28.182,238,,,,,,,,,,,,,,,,,,,,,2026-08-05 03:11:28.019,4.37,1,,,,,,,,
1.0.0,2026-08-05 03:11:29.164,241,49.21,0,1,0.1977,6.14,0.57,1.26,61.07,95,136.55,95,25,6.87,73.67,12,15.13,293.29,0.203,1.203,1,,,,0,,14.0,54,20,2040,2534.883328,36.87
1.0.0,2026-08-05 03:11:30.264,242,49.26,0,1,0.1875,12.38,0.51,1.36,55.76,88,167.34,88,27,6.16,148.54,12,16.26,394.06,0.157,1.094,0,,,,0,,12.6,54,4,2040,2534.883328,36.742
1.0.0,2026-08-05 03:11:30.540,240,,,,,,,,,,,,,,,,,,,,,2026-08-05 03:11:30.373,4.61,1,,,,,,,,
1.0.0,2026-08-05 03:11:31.131,239,,,,,,,,,,,,,,,,,,,,,2026-08-05 03:11:30.973,3.4,1,,,,,,,,
1.0.0,2026-08-05 03:11:31.560,243,49.28,0,1,0.2403,5.44,0.5,1.22,70.11,103,156.3,103,22,6.04,65.23,12,14.69,312.37,0.156,1.296,1,,,,0,,12.2,54,4,2040,2534.883328,36.893
1.0.0,2026-08-05 03:11:31.728,241,,,,,,,,,,,,,,,,,,,,,2026-08-05 03:11:31.564,10.99,1,,,,,,,,
1.0.0,2026-08-05 03:11:33.152,244,49.35,0,1,0.2202,5.28,0.52,1.38,82.89,127,176.33,127,27,6.27,63.38,12,16.6,345.47,0.188,1.579,0,,,,0,,12.7,54,17,2040,2534.883328,36.324
1.0.0,2026-08-05 03:11:33.810,245,49.35,0,1,0.2254,5.81,0.49,1.28,32.51,53,85.76,53,20,5.91,69.73,12,15.37,209.28,0.156,0.671,1,,,,0,,12.7,54,17,2040,2534.883328,36.324
1.0.0,2026-08-05 03:11:34.138,243,,,,,,,,,,,,,,,,,,,,,2026-08-05 03:11:33.960,18.06,1,,,,,,,,
1.0.0,2026-08-05 03:11:34.498,242,,,,,,,,,,,,,,,,,,,,,2026-08-05 03:11:34.335,7.94,1,,,,,,,,
1.0.0,2026-08-05 03:11:34.964,246,44.75,0,1,0.1935,5.62,0.53,1.31,64.16,93,140.17,93,27,6.39,67.39,12,15.76,293.87,0.172,1.157,0,,,,0,,13.0,54,4,2040,2534.883328,37.486
1.0.0,2026-08-05 03:11:36.022,247,49.19,0,1,0.2105,5.47,0.52,1.24,58.01,85,135.06,85,26,6.24,65.65,12,14.93,279.89,0.204,1.047,1,,,,0,,12.5,54,10,2040,2534.883328,36.433
1.0.0,2026-08-05 03:11:36.377,245,,,,,,,,,,,,,,,,,,,,,2026-08-05 03:11:36.210,7.61,1,,,,,,,,
1.0.0,2026-08-05 03:11:37.164,248,49.18,0,1,0.1249,5.79,0.51,1.23,62.83,91,121.04,91,31,6.17,69.5,12,14.78,274.32,0.172,1.156,1,,,,0,,8.8,54,18,2040,2534.883328,36.86
1.0.0,2026-08-05 03:11:37.390,244,,,,,,,,,,,,,,,,,,,,,2026-08-05 03:11:37.223,4.17,1,,,,,,,,
1.0.0,2026-08-05 03:11:38.502,249,49.16,0,1,0.2007,5.41,0.49,1.28,99.25,106,150.61,106,27,5.91,64.9,12,15.38,336.05,0.25,1.328,1,,,,0,,10.1,54,3,2040,2534.883328,36.795
1.0.0,2026-08-05 03:11:38.585,247,,,,,,,,,,,,,,,,,,,,,2026-08-05 03:11:38.422,8.35,1,,,,,,,,
1.0.0,2026-08-05 03:11:39.197,246,,,,,,,,,,,,,,,,,,,,,2026-08-05 03:11:39.035,7.88,1,,,,,,,,
1.0.0,2026-08-05 03:11:39.702,250,49.19,0,1,0.1934,5.38,0.55,1.34,64.98,96,144.32,96,26,6.62,64.61,12,16.1,296.63,0.141,1.203,0,,,,0,,14.0,54,12,2040,2534.883328,37.108
1.0.0,2026-08-05 03:11:39.727,248,,,,,,,,,,,,,,,,,,,,,2026-08-05 03:11:39.564,8.09,1,,,,,,,,
1.0.0,2026-08-05 03:11:40.766,251,49.23,0,1,0.169,5.29,0.54,1.26,92.13,86,144.52,86,26,6.5,63.44,12,15.17,321.76,0.188,1.063,1,,,,0,,13.9,54,10,2040,2534.883328,36.843
1.0.0,2026-08-05 03:11:41.070,249,,,,,,,,,,,,,,,,,,,,,2026-08-05 03:11:40.902,8.54,1,,,,,,,,
1.0.0,2026-08-05 03:11:41.914,252,49.17,0,1,0.1977,5.49,0.58,1.23,60.24,92,137.3,92,27,6.93,65.89,12,14.72,285.08,0.172,1.156,1,,,,0,,12.5,54,11,2040,2534.883328,36.986
1.0.0,2026-08-05 03:11:43.110,253,49.34,0,1,0.1873,5.07,0.53,1.2,65.26,95,138.27,95,26,6.41,60.8,12,14.41,285.15,0.187,1.187,0,,,,0,,12.0,54,17,2040,2534.883328,36.812
1.0.0,2026-08-05 03:11:43.346,251,,,,,,,,,,,,,,,,,,,,,2026-08-05 03:11:43.166,18.27,1,,,,,,,,
1.0.0,2026-08-05 03:11:43.931,250,,,,,,,,,,,,,,,,,,,,,2026-08-05 03:11:43.773,3.35,1,,,,,,,,
1.0.0,2026-08-05 03:11:44.360,254,49.28,0,1,0.2444,5.56,0.5,1.26,66.47,100,152.24,100,21,6.04,66.69,12,15.11,306.55,0.156,1.25,1,,,,0,,11.4,54,4,2040,2534.883328,36.29
1.0.0,2026-08-05 03:11:44.476,252,,,,,,,,,,,,,,,,,,,,,2026-08-05 03:11:44.314,8.34,1,,,,,,,,
1.0.0,2026-08-05 03:11:45.602,255,49.29,0,1,0.2001,5.6,0.54,1.29,95.65,99,141.91,99,26,6.54,67.26,12,15.42,326.78,0.188,1.235,0,,,,0,,12.4,54,3,2040,2534.883328,36.996
1.0.0,2026-08-05 03:11:46.610,256,49.29,0,1,0.2252,5.27,0.57,1.16,54.63,81,129.89,81,22,6.85,63.28,12,13.88,268.53,0.156,1.015,1,,,,0,,13.0,54,10,2040,2534.883328,36.919
1.0.0,2026-08-05 03:11:46.935,254,,,,,,,,,,,,,,,,,,,,,2026-08-05 03:11:46.760,16.08,1,,,,,,,,
1.0.0,2026-08-05 03:11:47.343,253,,,,,,,,,,,,,,,,,,,,,2026-08-05 03:11:47.181,7.91,1,,,,,,,,
1.0.0,2026-08-05 03:11:47.764,257,49.3,0,1,0.1934,5.16,0.53,1.22,59.94,93,137.66,93,26,6.35,61.91,12,14.59,280.45,0.157,1.157,0,,,,0,,13.1,54,10,2040,2534.883328,36.619
1.0.0,2026-08-05 03:11:48.810,258,49.29,0,1,0.2101,5.06,0.56,4.13,56.35,83,133.9,83,25,6.77,60.71,12,49.51,307.24,0.203,1.046,1,,,,0,,9.6,54,10,2040,2534.883328,36.869
1.0.0,2026-08-05 03:11:49.184,256,,,,,,,,,,,,,,,,,,,,,2026-08-05 03:11:49.010,14.94,1,,,,,,,,
1.0.0,2026-08-05 03:11:49.831,255,,,,,,,,,,,,,,,,,,,,,2026-08-05 03:11:49.673,3.59,1,,,,,,,,
1.0.0,2026-08-05 03:11:50.010,259,49.26,0,1,0.1244,8.72,0.61,1.31,62.08,96,159.09,96,31,7.35,104.69,12,15.78,348.99,0.157,1.204,1,,,,0,,10.5,54,10,2040,2534.883328,36.934
1.0.0,2026-08-05 03:11:51.260,260,49.39,0,1,0.2004,5.26,0.56,1.27,64.93,100,177.14,100,26,6.77,63.11,12,15.27,327.22,0.172,1.25,1,,,,0,,12.6,54,12,2040,2534.883328,36.419
1.0.0,2026-08-05 03:11:51.372,258,,,,,,,,,,,,,,,,,,,,,2026-08-05 03:11:51.210,8.17,1,,,,,,,,
1.0.0,2026-08-05 03:11:51.997,257,,,,,,,,,,,,,,,,,,,,,2026-08-05 03:11:51.835,7.92,1,,,,,,,,
1.0.0,2026-08-05 03:11:52.510,261,56.88,0,1,0.1933,5.34,0.56,1.31,65.89,100,140.27,100,27,6.75,64.1,12,15.7,292.71,0.157,1.25,0,,,,0,,14.5,54,4,2040,2534.883328,37.123
1.0.0,2026-08-05 03:11:52.572,259,,,,,,,,,,,,,,,,,,,,,2026-08-05 03:11:52.410,8.33,1,,,,,,,,
1.0.0,2026-08-05 03:11:53.560,262,50.53,0,1,0.1691,5.86,0.57,1.2,57.97,84,129.51,84,27,6.9,70.3,12,14.39,279.07,0.156,1.046,1,,,,0,,12.5,54,12,2040,2534.883328,37.193
1.0.0,2026-08-05 03:11:53.837,260,,,,,,,,,,,,,,,,,,,,,2026-08-05 03:11:53.660,19.33,1,,,,,,,,
1.0.0,2026-08-05 03:11:54.760,263,49.31,0,1,0.1983,5.09,0.51,1.21,63.48,96,139.88,96,27,6.13,61.1,12,14.5,285.09,0.172,1.204,1,,,,0,,12.7,54,12,2040,2534.883328,37.096
1.0.0,2026-08-05 03:11:55.910,264,49.19,0,1,0.1872,5.18,0.55,1.24,91.21,92,132.24,92,26,6.62,62.2,12,14.88,307.15,0.14,1.14,0,,,,0,,12.6,54,11,2040,2534.883328,36.516
1.0.0,2026-08-05 03:11:56.121,262,,,,,,,,,,,,,,,,,,,,,2026-08-05 03:11:55.960,8.37,1,,,,,,,,
1.0.0,2026-08-05 03:11:56.743,261,,,,,,,,,,,,,,,,,,,,,2026-08-05 03:11:56.581,7.73,1,,,,,,,,
1.0.0,2026-08-05 03:11:57.161,265,49.24,0,1,0.2418,6.87,0.52,1.62,98.88,100,148.7,100,23,6.26,82.44,12,19.41,355.69,0.14,1.25,1,,,,0,,15.2,54,18,2040,2534.883328,36.663
1.0.0,2026-08-05 03:11:57.331,263,,,,,,,,,,,,,,,,,,,,,2026-08-05 03:11:57.160,7.7,1,,,,,,,,
1.0.0,2026-08-05 03:11:58.401,266,49.13,0,1,0.2036,5.58,0.54,1.31,68.75,99,139.24,99,24,6.53,66.92,12,15.71,297.15,0.188,1.235,0,,,,0,,12.6,54,4,2040,2534.883328,36.87
1.0.0,2026-08-05 03:11:59.463,267,49.25,0,1,0.2248,6.98,0.61,1.26,62.43,86,134.12,86,20,7.34,83.78,12,15.06,302.73,0.172,1.078,1,,,,0,,12.1,54,3,2040,2534.883328,37.065
1.0.0,2026-08-05 03:11:59.755,265,,,,,,,,,,,,,,,,,,,,,2026-08-05 03:11:59.561,18.24,1,,,,,,,,
1.0.0,2026-08-05 03:12:00.143,264,,,,,,,,,,,,,,,,,,,,,2026-08-05 03:11:59.981,7.42,1,,,,,,,,
1.0.0,2026-08-05 03:12:00.609,268,49.27,0,1,0.1931,6.25,0.53,1.23,59.85,91,165.43,91,25,6.39,74.99,12,14.74,321.4,0.187,1.14,0,,,,0,,10.7,54,6,2040,2534.883328,36.845
1.0.0,2026-08-05 03:12:01.609,269,49.22,0,1,0.2112,5.33,0.64,1.17,53.84,80,121.83,80,24,7.66,63.98,12,14.08,261.39,0.156,1.0,1,,,,0,,13.7,54,11,2040,2534.883328,37.002
1.0.0,2026-08-05 03:12:02.040,267,,,,,,,,,,,,,,,,,,,,,2026-08-05 03:12:01.867,12.85,1,,,,,,,,
1.0.0,2026-08-05 03:12:02.630,266,,,,,,,,,,,,,,,,,,,,,2026-08-05 03:12:02.472,3.76,1,,,,,,,,
1.0.0,2026-08-05 03:12:02.809,270,49.28,0,1,0.1249,5.31,0.63,1.29,65.14,96,156.66,96,34,7.5,63.67,12,15.53,308.5,0.171,1.203,1,,,,0,,13.8,54,10,2040,2534.883328,36.725
1.0.0,2026-08-05 03:12:04.063,271,49.14,0,1,0.2003,5.63,0.53,1.24,74.7,100,142.06,100,27,6.32,67.58,12,14.92,305.58,0.156,1.25,1,,,,0,,14.4,54,10,2040,2534.883328,36.868
1.0.0,2026-08-05 03:12:04.180,269,,,,,,,,,,,,,,,,,,,,,2026-08-05 03:12:04.009,20.11,1,,,,,,,,
1.0.0,2026-08-05 03:12:04.842,268,,,,,,,,,,,,,,,,,,,,,2026-08-05 03:12:04.685,3.73,1,,,,,,,,
1.0.0,2026-08-05 03:12:05.309,272,49.21,0,1,0.1934,5.3,0.6,1.26,72.73,100,143.39,100,28,7.24,63.65,12,15.1,302.11,0.156,1.25,0,,,,0,,10.6,54,5,2040,2534.883328,36.662
1.0.0,2026-08-05 03:12:05.372,270,,,,,,,,,,,,,,,,,,,,,2026-08-05 03:12:05.209,8.17,1,,,,,,,,
1.0.0,2026-08-05 03:12:06.359,273,49.22,0,1,0.1691,5.21,0.57,1.15,56.83,84,130.22,84,28,6.87,62.51,12,13.83,270.26,0.156,1.047,1,,,,0,,12.7,54,3,2040,2534.883328,37.023
1.0.0,2026-08-05 03:12:06.630,271,,,,,,,,,,,,,,,,,,,,,2026-08-05 03:12:06.463,7.67,1,,,,,,,,
1.0.0,2026-08-05 03:12:07.559,274,49.31,0,1,0.1985,10.63,0.64,1.37,96.29,96,135.47,96,26,7.67,127.5,12,16.39,383.32,0.156,1.203,1,,,,0,,12.5,54,3,2040,2534.883328,36.885
1.0.0,2026-08-05 03:12:08.709,275,49.18,0,1,0.1874,5.27,0.53,1.2,59.9,92,128.26,92,27,6.35,63.28,12,14.41,272.2,0.156,1.141,0,,,,0,,12.7,54,12,2040,2534.883328,37.122
1.0.0,2026-08-05 03:12:08.933,273,,,,,,,,,,,,,,,,,,,,,2026-08-05 03:12:08.759,8.29,1,,,,,,,,
1.0.0,2026-08-05 03:12:09.542,272,,,,,,,,,,,,,,,,,,,,,2026-08-05 03:12:09.380,7.99,1,,,,,,,,
1.0.0,2026-08-05 03:12:10.001,276,49.2,0,1,0.2406,5.33,0.58,1.21,77.1,103,154.43,103,21,6.97,63.98,12,14.55,317.03,0.188,1.297,1,,,,0,,12.4,54,11,2040,2534.883328,36.884
1.0.0,2026-08-05 03:12:10.137,274,,,,,,,,,,,,,,,,,,,,,2026-08-05 03:12:09.959,8.66,1,,,,,,,,
1.0.0,2026-08-05 03:12:11.251,277,49.38,0,1,0.2025,5.19,0.59,1.23,99.47,100,148.91,100,24,7.03,62.32,12,14.74,332.47,0.25,1.25,0,,,,0,,12.5,54,13,2040,2534.883328,36.575
1.0.0,2026-08-05 03:12:12.259,278,42.76,0,1,0.2248,4.99,0.54,1.22,54.95,81,129.92,81,21,6.45,59.85,12,14.67,265.84,0.157,1.016,1,,,,0,,12.5,54,3,2040,2534.883328,37.117
1.0.0,2026-08-05 03:12:12.570,276,,,,,,,,,,,,,,,,,,,,,2026-08-05 03:12:12.401,9.51,1,,,,,,,,
1.0.0,2026-08-05 03:12:12.942,275,,,,,,,,,,,,,,,,,,,,,2026-08-05 03:12:12.780,7.82,1,,,,,,,,
1.0.0,2026-08-05 03:12:13.413,279,49.19,0,1,0.1934,5.48,0.53,1.24,61.32,92,132.28,92,27,6.36,65.75,12,14.88,280.59,0.187,1.14,0,,,,0,,14.1,54,4,2040,2534.883328,36.503
1.0.0,2026-08-05 03:12:14.467,280,49.25,0,1,0.2104,5.04,0.52,1.27,54.27,85,126.28,85,25,6.22,60.47,12,15.22,262.46,0.203,1.063,1,,,,0,,12.7,54,3,2040,2534.883328,37.034
1.0.0,2026-08-05 03:12:14.828,278,,,,,,,,,,,,,,,,,,,,,2026-08-05 03:12:14.663,5.96,1,,,,,,,,
1.0.0,2026-08-05 03:12:15.480,277,,,,,,,,,,,,,,,,,,,,,2026-08-05 03:12:15.322,3.76,1,,,,,,,,
1.0.0,2026-08-05 03:12:15.613,281,49.22,0,1,0.1248,6.45,0.53,1.19,64.46,91,154.21,91,32,6.33,77.4,12,14.33,316.73,0.156,1.14,1,,,,0,,11.8,54,6,2040,2534.883328,36.929
1.0.0,2026-08-05 03:12:16.862,282,49.28,0,1,0.2007,8.65,0.52,1.27,63.59,100,144.11,100,26,6.18,103.77,12,15.26,332.91,0.156,1.25,1,,,,0,,9.6,54,11,2040,2534.883328,36.919
1.0.0,2026-08-05 03:12:17.022,280,,,,,,,,,,,,,,,,,,,,,2026-08-05 03:12:16.867,4.12,1,,,,,,,,
1.0.0,2026-08-05 03:12:17.642,279,,,,,,,,,,,,,,,,,,,,,2026-08-05 03:12:17.484,3.8,1,,,,,,,,
1.0.0,2026-08-05 03:12:18.151,283,49.11,0,1,0.1937,5.72,0.57,1.32,65.99,103,173.33,103,27,6.79,68.68,12,15.85,330.64,0.188,1.282,0,,,,0,,11.9,54,20,2040,2534.883328,36.703
1.0.0,2026-08-05 03:12:18.172,281,,,,,,,,,,,,,,,,,,,,,2026-08-05 03:12:18.013,4.66,1,,,,,,,,
1.0.0,2026-08-05 03:12:19.176,284,49.29,0,1,0.1691,5.09,0.58,1.21,54.97,83,162.92,83,28,6.9,61.08,12,14.53,300.4,0.172,1.031,1,,,,0,,12.1,54,11,2040,2534.883328,37.193
1.0.0,2026-08-05 03:12:19.425,282,,,,,,,,,,,,,,,,,,,,,2026-08-05 03:12:19.263,4.1,1,,,,,,,,
1.0.0,2026-08-05 03:12:20.413,285,49.3,0,1,0.1977,5.54,0.5,1.27,66.78,98,135.51,98,26,6.04,66.52,12,15.22,290.07,0.187,1.234,1,,,,0,,12.6,54,3,2040,2534.883328,36.273
1.0.0,2026-08-05 03:12:21.426,286,49.3,0,1,0.1854,4.79,0.56,1.12,60.25,82,122.55,82,27,6.78,57.51,12,13.41,260.5,0.172,1.016,0,,,,0,,11.6,54,3,2040,2534.883328,37.027
1.0.0,2026-08-05 03:12:21.750,284,,,,,,,,,,,,,,,,,,,,,2026-08-05 03:12:21.576,15.74,1,,,,,,,,
1.0.0,2026-08-05 03:12:22.380,283,,,,,,,,,,,,,,,,,,,,,2026-08-05 03:12:22.222,3.5,1,,,,,,,,
1.0.0,2026-08-05 03:12:22.812,287,49.2,0,1,0.2438,5.5,0.53,1.21,72.99,110,156.62,110,22,6.31,66.03,12,14.56,316.51,0.156,1.39,1,,,,0,,11.6,54,4,2040,2534.883328,36.395
1.0.0,2026-08-05 03:12:22.981,285,,,,,,,,,,,,,,,,,,,,,2026-08-05 03:12:22.813,8.06,1,,,,,,,,
1.0.0,2026-08-05 03:12:24.101,288,49.41,0,1,0.1943,5.76,0.58,1.23,67.26,103,144.57,103,25,6.98,69.07,12,14.74,302.62,0.235,1.282,0,,,,0,,12.7,54,16,2040,2534.883328,36.582
1.0.0,2026-08-05 03:12:25.059,289,49.35,0,1,0.2251,7.85,0.62,1.21,51.3,77,125.85,77,21,7.38,94.18,12,14.48,293.19,0.171,0.968,1,,,,0,,12.7,54,16,2040,2534.883328,36.582
1.0.0,2026-08-05 03:12:25.383,287,,,,,,,,,,,,,,,,,,,,,2026-08-05 03:12:25.212,11.95,1,,,,,,,,
1.0.0,2026-08-05 03:12:25.671,286,,,,,,,,,,,,,,,,,,,,,2026-08-05 03:12:25.497,13.51,1,,,,,,,,
1.0.0,2026-08-05 03:12:26.263,290,49.17,0,1,0.1937,13.56,0.64,1.34,282.5,96,254.88,94,26,7.63,162.72,12,16.03,723.76,0.204,1.204,0,,,,0,,10.7,54,8,2040,2534.883328,36.371
1.0.0,2026-08-05 03:12:27.263,291,49.16,0,1,0.2102,8.51,0.58,1.41,59.22,80,134.52,80,25,6.97,102.14,12,16.93,319.78,0.204,1.0,1,,,,0,,12.2,54,5,2040,2534.883328,36.311
1.0.0,2026-08-05 03:12:27.628,289,,,,,,,,,,,,,,,,,,,,,2026-08-05 03:12:27.463,5.58,1,,,,,,,,
1.0.0,2026-08-05 03:12:28.329,288,,,,,,,,,,,,,,,,,,,,,2026-08-05 03:12:28.172,3.84,1,,,,,,,,
1.0.0,2026-08-05 03:12:28.413,292,49.37,0,1,0.1247,5.62,0.62,1.28,62.97,92,124.63,92,33,7.44,67.5,12,15.32,277.86,0.14,1.14,1,,,,0,,13.0,54,3,2040,2534.883328,36.397
1.0.0,2026-08-05 03:12:29.676,293,49.19,0,1,0.201,5.92,0.59,1.23,67.33,102,146.91,102,26,7.09,71.01,12,14.82,307.16,0.156,1.266,1,,,,0,,12.8,54,3,2040,2534.883328,36.59
1.0.0,2026-08-05 03:12:29.830,291,,,,,,,,,,,,,,,,,,,,,2026-08-05 03:12:29.663,4.59,1,,,,,,,,
1.0.0,2026-08-05 03:12:30.492,290,,,,,,,,,,,,,,,,,,,,,2026-08-05 03:12:30.334,3.86,1,,,,,,,,
1.0.0,2026-08-05 03:12:30.967,294,49.29,0,1,0.1934,6.16,0.62,1.2,102.43,103,148.07,103,26,7.41,73.94,12,14.44,346.29,0.157,1.297,0,,,,0,,12.5,54,10,2040,2534.883328,36.895
1.0.0,2026-08-05 03:12:30.975,292,,,,,,,,,,,,,,,,,,,,,2026-08-05 03:12:30.813,8.5,1,,,,,,,,
1.0.0,2026-08-05 03:12:32.013,295,49.16,0,1,0.1691,6.08,0.56,1.18,56.33,83,122.29,83,28,6.74,73.0,12,14.15,272.51,0.157,1.047,1,,,,0,,13.0,54,10,2040,2534.883328,36.848
1.0.0,2026-08-05 03:12:32.236,293,,,,,,,,,,,,,,,,,,,,,2026-08-05 03:12:32.076,4.08,1,,,,,,,,
1.0.0,2026-08-05 03:12:33.217,296,49.28,0,1,0.1983,5.42,0.56,1.26,60.18,97,136.06,97,27,6.69,65.07,12,15.16,283.16,0.157,1.203,1,,,,0,,10.9,54,11,2040,2534.883328,36.588
1.0.0,2026-08-05 03:12:34.250,297,49.28,0,1,0.1854,5.19,0.51,1.18,56.11,82,121.9,82,26,6.15,62.23,12,14.12,260.51,0.203,1.031,0,,,,0,,12.1,54,4,2040,2534.883328,37.129
1.0.0,2026-08-05 03:12:34.576,295,,,,,,,,,,,,,,,,,,,,,2026-08-05 03:12:34.413,4.0,1,,,,,,,,
1.0.0,2026-08-05 03:12:35.196,294,,,,,,,,,,,,,,,,,,,,,2026-08-05 03:12:35.038,3.19,1,,,,,,,,
1.0.0,2026-08-05 03:12:35.615,298,49.3,0,1,0.2445,8.67,0.53,1.31,71.69,110,160.07,110,22,6.4,103.99,12,15.72,357.87,0.14,1.359,1,,,,0,,12.9,54,4,2040,2534.883328,36.883
1.0.0,2026-08-05 03:12:35.781,296,,,,,,,,,,,,,,,,,,,,,2026-08-05 03:12:35.617,13.74,1,,,,,,,,
1.0.0,2026-08-05 03:12:36.900,299,49.29,0,1,0.2011,5.35,0.52,1.26,92.67,102,141.53,102,26,6.3,64.21,12,15.14,319.85,0.188,1.297,0,,,,0,,13.0,54,8,2040,2534.883328,37.056
1.0.0,2026-08-05 03:12:37.900,300,49.44,0,1,0.2253,5.08,0.49,1.1,50.38,80,125.01,80,22,5.93,60.93,12,13.18,255.43,0.188,1.0,1,,,,0,,11.4,54,10,2040,2534.883328,36.826
1.0.0,2026-08-05 03:12:38.184,298,,,,,,,,,,,,,,,,,,,,,2026-08-05 03:12:38.015,11.32,1,,,,,,,,
1.0.0,2026-08-05 03:12:38.479,297,,,,,,,,,,,,,,,,,,,,,2026-08-05 03:12:38.321,5.42,1,,,,,,,,
1.0.0,2026-08-05 03:12:39.063,301,49.24,0,1,0.1933,5.38,0.53,1.24,65.67,93,141.02,93,25,6.41,64.53,12,14.93,292.56,0.203,1.156,0,,,,0,,10.2,54,10,2040,2534.883328,36.823
1.0.0,2026-08-05 03:12:40.062,302,49.38,0,1,0.2102,5.05,0.54,1.23,57.53,80,130.44,80,24,6.45,60.65,12,14.72,269.79,0.203,1.0,1,,,,0,,12.2,54,15,2040,2534.883328,36.465
1.0.0,2026-08-05 03:12:40.467,300,,,,,,,,,,,,,,,,,,,,,2026-08-05 03:12:40.300,7.84,1,,,,,,,,
1.0.0,2026-08-05 03:12:41.133,299,,,,,,,,,,,,,,,,,,,,,2026-08-05 03:12:40.971,7.77,1,,,,,,,,
1.0.0,2026-08-05 03:12:41.262,303,40.47,0,1,0.1244,5.38,0.5,1.24,63.41,96,159.44,96,31,5.97,64.59,12,14.93,308.34,0.157,1.204,1,,,,0,,12.4,54,5,2040,2534.883328,36.053
1.0.0,2026-08-05 03:12:42.466,304,49.33,0,1,0.2013,5.52,0.6,1.28,61.72,97,141.01,97,26,7.15,66.28,12,15.31,291.47,0.157,1.203,1,,,,0,,13.0,54,3,2040,2534.883328,37.019
1.0.0,2026-08-05 03:12:42.618,302,,,,,,,,,,,,,,,,,,,,,2026-08-05 03:12:42.462,4.08,1,,,,,,,,
1.0.0,2026-08-05 03:12:43.291,301,,,,,,,,,,,,,,,,,,,,,2026-08-05 03:12:43.134,3.22,1,,,,,,,,
1.0.0,2026-08-05 03:12:43.763,305,49.32,0,1,0.1933,10.08,0.66,1.54,71.62,103,150.84,103,28,7.9,120.99,12,18.45,369.8,0.157,1.297,0,,,,0,,9.5,54,8,2040,2534.883328,37.077
1.0.0,2026-08-05 03:12:43.821,303,,,,,,,,,,,,,,,,,,,,,2026-08-05 03:12:43.662,4.39,1,,,,,,,,
1.0.0,2026-08-05 03:12:44.812,306,49.29,0,1,0.1692,9.39,0.56,1.4,55.54,84,165.18,84,28,6.75,112.68,12,16.84,356.99,0.156,1.046,1,,,,0,,9.9,54,10,2040,2534.883328,36.79
1.0.0,2026-08-05 03:12:45.035,304,,,,,,,,,,,,,,,,,,,,,2026-08-05 03:12:44.866,4.06,1,,,,,,,,
1.0.0,2026-08-05 03:12:46.021,307,49.3,0,1,0.1983,5.84,0.58,1.2,60.66,98,136.82,98,27,7.0,70.1,12,14.35,288.93,0.157,1.204,1,,,,0,,12.0,54,10,2040,2534.883328,36.799
1.0.0,2026-08-05 03:12:47.163,308,49.07,0,1,0.1869,5.45,0.5,1.25,57.38,90,131.97,90,26,5.99,65.42,12,15.0,275.76,0.187,1.14,0,,,,0,,12.2,54,14,2040,2534.883328,36.548
1.0.0,2026-08-05 03:12:47.370,306,,,,,,,,,,,,,,,,,,,,,2026-08-05 03:12:47.212,4.78,1,,,,,,,,
1.0.0,2026-08-05 03:12:47.991,305,,,,,,,,,,,,,,,,,,,,,2026-08-05 03:12:47.834,3.44,1,,,,,,,,
1.0.0,2026-08-05 03:12:48.400,309,49.32,0,1,0.2447,5.36,0.58,1.23,62.22,99,146.74,99,23,7.0,64.34,12,14.72,295.02,0.14,1.25,1,,,,0,,10.3,54,3,2040,2534.883328,36.764
1.0.0,2026-08-05 03:12:48.607,307,,,,,,,,,,,,,,,,,,,,,2026-08-05 03:12:48.421,33.13,1,,,,,,,,
1.0.0,2026-08-05 03:12:49.750,310,49.31,0,1,0.2046,5.63,0.55,1.32,71.62,108,152.21,108,25,6.63,67.55,12,15.86,313.87,0.234,1.344,0,,,,0,,11.9,54,4,2040,2534.883328,37.105
1.0.0,2026-08-05 03:12:50.716,311,49.26,0,1,0.2249,5.25,0.51,1.21,53.36,78,128.94,78,21,6.14,62.99,12,14.56,265.99,0.172,0.969,1,,,,0,,11.8,54,11,2040,2534.883328,36.903
1.0.0,2026-08-05 03:12:50.969,309,,,,,,,,,,,,,,,,,,,,,2026-08-05 03:12:50.800,11.1,1,,,,,,,,
1.0.0,2026-08-05 03:12:51.391,308,,,,,,,,,,,,,,,,,,,,,2026-08-05 03:12:51.234,4.66,1,,,,,,,,
1.0.0,2026-08-05 03:12:51.862,312,49.37,0,1,0.1931,5.94,0.49,1.33,61.02,91,142.26,91,26,5.87,71.3,12,15.98,296.43,0.187,1.14,0,,,,0,,12.9,54,10,2040,2534.883328,36.843
1.0.0,2026-08-05 03:12:52.911,313,49.33,0,1,0.2107,4.8,0.53,1.2,55.7,85,129.94,85,24,6.3,57.63,12,14.44,264.01,0.203,1.047,1,,,,0,,12.4,54,10,2040,2534.883328,36.819
1.0.0,2026-08-05 03:12:53.290,311,,,,,,,,,,,,,,,,,,,,,2026-08-05 03:12:53.116,15.27,1,,,,,,,,
1.0.0,2026-08-05 03:12:53.983,310,,,,,,,,,,,,,,,,,,,,,2026-08-05 03:12:53.821,7.4,1,,,,,,,,
1.0.0,2026-08-05 03:12:54.062,314,49.21,0,1,0.1249,5.72,0.58,1.23,60.84,91,120.62,91,32,6.95,68.67,12,14.75,271.83,0.187,1.156,1,,,,0,,12.5,54,11,2040,2534.883328,36.821
1.0.0,2026-08-05 03:12:55.312,315,49.23,0,1,0.2005,5.76,0.58,1.28,65.44,100,148.31,100,27,6.97,69.16,12,15.36,305.24,0.14,1.25,1,,,,0,,11.0,54,3,2040,2534.883328,36.703
1.0.0,2026-08-05 03:12:55.482,313,,,,,,,,,,,,,,,,,,,,,2026-08-05 03:12:55.311,9.06,1,,,,,,,,
1.0.0,2026-08-05 03:12:56.091,312,,,,,,,,,,,,,,,,,,,,,2026-08-05 03:12:55.933,3.53,1,,,,,,,,
1.0.0,2026-08-05 03:12:56.612,316,49.33,0,1,0.1931,5.85,0.53,1.34,66.49,104,147.09,104,27,6.37,70.19,12,16.08,306.22,0.187,1.297,0,,,,0,,13.6,54,3,2040,2534.883328,37.041
1.0.0,2026-08-05 03:12:56.621,314,,,,,,,,,,,,,,,,,,,,,2026-08-05 03:12:56.462,3.7,1,,,,,,,,
1.0.0,2026-08-05 03:12:57.612,317,49.19,0,1,0.1691,5.37,0.47,1.15,50.97,80,125.25,80,28,5.68,64.42,12,13.85,260.17,0.156,1.0,1,,,,0,,13.6,54,11,2040,2534.883328,37.003
1.0.0,2026-08-05 03:12:57.884,315,,,,,,,,,,,,,,,,,,,,,2026-08-05 03:12:57.712,14.72,1,,,,,,,,
1.0.0,2026-08-05 03:12:58.812,318,51.48,0,1,0.1984,5.44,0.6,1.25,68.53,96,132.66,95,26,7.26,65.32,12,15.01,288.78,0.156,1.203,1,,,,0,,12.1,54,10,2040,2534.883328,36.653
1.0.0,2026-08-05 03:12:59.966,319,49.3,0,1,0.1872,5.19,0.62,1.14,64.09,93,136.39,94,25,7.49,62.25,12,13.66,283.88,0.157,1.157,0,,,,0,,11.6,54,10,2040,2534.883328,36.811
1.0.0,2026-08-05 03:13:00.167,317,,,,,,,,,,,,,,,,,,,,,2026-08-05 03:13:00.012,3.71,1,,,,,,,,
1.0.0,2026-08-05 03:13:00.841,316,,,,,,,,,,,,,,,,,,,,,2026-08-05 03:13:00.683,3.3,1,,,,,,,,
1.0.0,2026-08-05 03:13:01.249,320,49.3,0,1,0.2441,6.18,0.62,1.3,65.22,102,155.71,102,22,7.42,74.15,12,15.54,318.04,0.188,1.281,1,,,,0,,12.2,54,13,2040,2534.883328,36.187
1.0.0,2026-08-05 03:13:01.382,318,,,,,,,,,,,,,,,,,,,,,2026-08-05 03:13:01.212,4.35,1,,,,,,,,
1.0.0,2026-08-05 03:13:02.553,321,49.27,0,1,0.1943,5.9,0.59,1.3,68.62,104,149.8,104,25,7.06,70.78,12,15.63,311.89,0.188,1.297,0,,,,0,,11.7,54,3,2040,2534.883328,37.099
1.0.0,2026-08-05 03:13:03.512,322,49.36,0,1,0.2251,7.43,0.74,1.23,51.78,77,161.87,77,22,8.85,89.17,12,14.77,326.44,0.172,0.969,1,,,,0,,12.4,54,12,2040,2534.883328,37.178
1.0.0,2026-08-05 03:13:03.817,320,,,,,,,,,,,,,,,,,,,,,2026-08-05 03:13:03.649,8.67,1,,,,,,,,
1.0.0,2026-08-05 03:13:04.195,319,,,,,,,,,,,,,,,,,,,,,2026-08-05 03:13:04.037,3.76,1,,,,,,,,
1.0.0,2026-08-05 03:13:04.675,323,49.36,0,1,0.1934,6.04,0.53,1.31,64.08,94,138.14,94,28,6.32,72.47,12,15.75,296.76,0.188,1.156,0,,,,0,,12.3,54,12,2040,2534.883328,36.603
1.0.0,2026-08-05 03:13:05.716,324,49.2,0,1,0.2105,5.51,0.49,1.16,55.61,83,131.99,83,25,5.9,66.07,12,13.97,273.54,0.203,1.047,1,,,,0,,9.0,54,11,2040,2534.883328,36.931
1.0.0,2026-08-05 03:13:06.078,322,,,,,,,,,,,,,,,,,,,,,2026-08-05 03:13:05.912,7.32,1,,,,,,,,
1.0.0,2026-08-05 03:13:06.782,321,,,,,,,,,,,,,,,,,,,,,2026-08-05 03:13:06.625,3.4,1,,,,,,,,
1.0.0,2026-08-05 03:13:06.862,325,49.28,0,1,0.1248,5.29,0.52,1.27,59.14,91,120.22,91,32,6.25,63.5,12,15.22,264.33,0.156,1.14,1,,,,0,,10.3,54,10,2040,2534.883328,37.108
1.0.0,2026-08-05 03:13:08.124,326,57.6,0,1,0.2008,5.39,0.54,1.36,107.13,101,144.9,99,28,6.46,64.71,12,16.35,339.55,0.156,1.266,1,,,,0,,12.4,54,20,2040,2534.883328,36.579
1.0.0,2026-08-05 03:13:08.279,324,,,,,,,,,,,,,,,,,,,,,2026-08-05 03:13:08.116,3.86,1,,,,,,,,
1.0.0,2026-08-05 03:13:08.903,323,,,,,,,,,,,,,,,,,,,,,2026-08-05 03:13:08.746,3.31,1,,,,,,,,
1.0.0,2026-08-05 03:13:09.399,327,49.3,0,1,0.1934,5.54,0.57,1.27,64.01,102,147.28,104,27,6.82,66.51,12,15.23,299.85,0.14,1.281,0,,,,0,,14.2,54,3,2040,2534.883328,36.727
1.0.0,2026-08-05 03:13:09.419,325,,,,,,,,,,,,,,,,,,,,,2026-08-05 03:13:09.262,3.95,1,,,,,,,,
1.0.0,2026-08-05 03:13:10.466,328,49.33,0,1,0.1691,5.05,0.54,1.15,54.59,86,130.48,86,29,6.53,60.6,12,13.82,266.02,0.203,1.063,1,,,,0,,11.9,54,5,2040,2534.883328,36.927
1.0.0,2026-08-05 03:13:10.691,326,,,,,,,,,,,,,,,,,,,,,2026-08-05 03:13:10.524,4.08,1,,,,,,,,
1.0.0,2026-08-05 03:13:11.649,329,49.31,0,1,0.1979,5.72,0.51,1.29,61.28,94,137.17,94,27,6.11,68.68,12,15.51,288.75,0.187,1.187,1,,,,0,,12.8,54,9,2040,2534.883328,36.919
1.0.0,2026-08-05 03:13:12.765,330,49.24,0,1,0.1873,11.01,0.54,4.15,58.83,90,132.75,90,26,6.42,132.16,12,49.74,379.9,0.141,1.11,0,,,,0,,12.5,54,11,2040,2534.883328,36.945
1.0.0,2026-08-05 03:13:13.041,328,,,,,,,,,,,,,,,,,,,,,2026-08-05 03:13:12.866,15.67,1,,,,,,,,
1.0.0,2026-08-05 03:13:13.632,327,,,,,,,,,,,,,,,,,,,,,2026-08-05 03:13:13.470,7.95,1,,,,,,,,
1.0.0,2026-08-05 03:13:14.061,331,49.29,0,1,0.244,5.7,0.56,1.27,68.75,103,153.43,103,22,6.77,68.4,12,15.23,312.58,0.156,1.296,1,,,,0,,12.6,54,17,2040,2534.883328,36.867
1.0.0,2026-08-05 03:13:14.218,329,,,,,,,,,,,,,,,,,,,,,2026-08-05 03:13:14.049,8.73,1,,,,,,,,
1.0.0,2026-08-05 03:13:15.370,332,54.49,0,1,0.2017,5.46,0.58,1.29,72.12,105,149.03,103,27,6.97,65.57,12,15.51,309.2,0.188,1.297,0,,,,0,,12.3,54,4,2040,2534.883328,36.568
1.0.0,2026-08-05 03:13:16.311,333,49.24,0,1,0.2252,5.64,0.55,1.19,48.43,75,129.43,77,22,6.57,67.66,12,14.34,266.43,0.156,0.953,1,,,,0,,11.5,54,3,2040,2534.883328,37.085
1.0.0,2026-08-05 03:13:16.636,331,,,,,,,,,,,,,,,,,,,,,2026-08-05 03:13:16.461,16.73,1,,,,,,,,
1.0.0,2026-08-05 03:13:16.995,330,,,,,,,,,,,,,,,,,,,,,2026-08-05 03:13:16.837,3.81,1,,,,,,,,
1.0.0,2026-08-05 03:13:17.465,334,32.9,0,1,0.1936,5.95,0.53,1.34,92.95,93,143.28,93,26,6.33,71.38,12,16.03,329.97,0.157,1.157,0,,,,0,,10.3,54,3,2040,2534.883328,36.326
1.0.0,2026-08-05 03:13:18.515,335,40.5,0,1,0.2102,5.52,0.5,1.31,55.29,84,131.01,84,25,5.95,66.2,12,15.73,274.18,0.204,1.047,1,,,,0,,12.4,54,11,2040,2534.883328,37.04
1.0.0,2026-08-05 03:13:18.888,333,,,,,,,,,,,,,,,,,,,,,2026-08-05 03:13:18.711,18.74,1,,,,,,,,
1.0.0,2026-08-05 03:13:19.599,332,,,,,,,,,,,,,,,,,,,,,2026-08-05 03:13:19.441,3.28,1,,,,,,,,
1.0.0,2026-08-05 03:13:19.674,336,49.24,0,1,0.1247,5.75,0.6,1.3,59.29,93,121.88,93,31,7.17,69.01,12,15.55,272.9,0.125,1.156,1,,,,0,,13.3,54,12,2040,2534.883328,37.02
1.0.0,2026-08-05 03:13:20.941,337,49.14,0,1,0.2012,5.6,0.53,1.3,65.73,101,174.37,101,28,6.31,67.17,12,15.55,329.13,0.172,1.265,1,,,,0,,13.7,54,11,2040,2534.883328,36.905
1.0.0,2026-08-05 03:13:21.086,335,,,,,,,,,,,,,,,,,,,,,2026-08-05 03:13:20.915,9.4,1,,,,,,,,
1.0.0,2026-08-05 03:13:21.735,334,,,,,,,,,,,,,,,,,,,,,2026-08-05 03:13:21.537,40.43,1,,,,,,,,
1.0.0,2026-08-05 03:13:22.211,338,49.34,0,1,0.1934,6.52,0.56,1.34,69.26,102,151.85,102,27,6.78,78.26,12,16.04,322.19,0.141,1.282,0,,,,0,,9.1,54,2,2040,2534.883328,35.656
1.0.0,2026-08-05 03:13:22.236,336,,,,,,,,,,,,,,,,,,,,,2026-08-05 03:13:22.074,9.07,1,,,,,,,,
1.0.0,2026-08-05 03:13:23.263,339,49.32,0,1,0.1691,5.16,0.69,1.23,54.04,84,128.47,84,27,8.24,61.87,12,14.77,267.39,0.157,1.047,1,,,,0,,12.1,54,3,2040,2534.883328,36.276
1.0.0,2026-08-05 03:13:23.517,337,,,,,,,,,,,,,,,,,,,,,2026-08-05 03:13:23.341,17.21,1,,,,,,,,
1.0.0,2026-08-05 03:13:24.473,340,49.36,0,1,0.1982,5.46,0.54,1.22,59.95,97,134.27,97,29,6.54,65.48,12,14.62,280.86,0.157,1.203,1,,,,0,,11.7,54,3,2040,2534.883328,36.184
1.0.0,2026-08-05 03:13:25.606,341,49.31,0,1,0.187,5.68,0.5,1.36,57.49,90,128.64,90,27,5.98,68.13,12,16.35,276.59,0.156,1.14,0,,,,0,,12.0,54,6,2040,2534.883328,36.221
1.0.0,2026-08-05 03:13:25.828,339,,,,,,,,,,,,,,,,,,,,,2026-08-05 03:13:25.663,8.89,1,,,,,,,,
1.0.0,2026-08-05 03:13:26.451,338,,,,,,,,,,,,,,,,,,,,,2026-08-05 03:13:26.282,11.3,1,,,,,,,,
1.0.0,2026-08-05 03:13:26.868,342,41.99,0,1,0.2419,5.11,0.49,1.29,197.53,101,212.95,100,22,5.88,61.33,12,15.44,493.13,0.156,1.25,1,,,,0,,11.8,54,4,2040,2534.883328,36.288
1.0.0,2026-08-05 03:13:27.030,340,,,,,,,,,,,,,,,,,,,,,2026-08-05 03:13:26.873,6.67,1,,,,,,,,
1.0.0,2026-08-05 03:13:28.251,343,49.29,0,1,0.2071,4.99,0.58,1.26,69.59,110,156.2,110,27,7.0,59.92,12,15.15,307.86,0.234,1.391,0,,,,0,,11.9,54,7,2040,2534.883328,35.665
1.0.0,2026-08-05 03:13:29.151,344,48.79,0,1,0.225,4.86,0.71,1.19,48.35,72,153.42,72,21,8.54,58.27,12,14.31,282.89,0.125,0.906,1,,,,0,,10.6,54,11,2040,2534.883328,36.529
1.0.0,2026-08-05 03:13:29.435,342,,,,,,,,,,,,,,,,,,,,,2026-08-05 03:13:29.268,8.4,1,,,,,,,,
1.0.0,2026-08-05 03:13:29.847,341,,,,,,,,,,,,,,,,,,,,,2026-08-05 03:13:29.678,11.37,1,,,,,,,,
1.0.0,2026-08-05 03:13:30.310,345,49.26,0,1,0.1933,4.98,0.52,1.22,63.88,93,137.37,93,25,6.22,59.78,12,14.66,281.91,0.203,1.156,0,,,,0,,12.0,54,3,2040,2534.883328,36.075
1.0.0,2026-08-05 03:13:31.311,346,49.23,0,1,0.2111,5.89,0.55,1.27,51.47,80,125.13,80,24,6.65,70.7,12,15.28,269.23,0.171,1.0,1,,,,0,,11.7,54,3,2040,2534.883328,36.113
1.0.0,2026-08-05 03:13:31.713,344,,,,,,,,,,,,,,,,,,,,,2026-08-05 03:13:31.551,3.75,1,,,,,,,,
1.0.0,2026-08-05 03:13:32.491,343,,,,,,,,,,,,,,,,,,,,,2026-08-05 03:13:32.322,9.88,1,,,,,,,,
1.0.0,2026-08-05 03:13:32.512,347,49.33,0,1,0.1245,6.48,0.61,3.76,62.8,96,131.16,96,32,7.35,77.82,12,45.16,324.29,0.157,1.204,1,,,,0,,8.9,54,3,2040,2534.883328,36.036
1.0.0,2026-08-05 03:13:33.759,348,49.31,0,1,0.2005,4.96,0.56,1.19,63.97,100,181.47,100,27,6.72,59.53,12,14.28,325.97,0.172,1.25,1,,,,0,,9.2,54,5,2040,2534.883328,36.036
1.0.0,2026-08-05 03:13:33.885,346,,,,,,,,,,,,,,,,,,,,,2026-08-05 03:13:33.711,16.3,1,,,,,,,,
1.0.0,2026-08-05 03:13:34.549,345,,,,,,,,,,,,,,,,,,,,,2026-08-05 03:13:34.381,10.36,1,,,,,,,,
1.0.0,2026-08-05 03:13:35.010,349,49.26,0,1,0.1934,5.52,0.53,1.29,68.3,100,147.14,100,26,6.31,66.3,12,15.45,303.5,0.157,1.25,0,,,,0,,13.2,54,4,2040,2534.883328,35.894
1.0.0,2026-08-05 03:13:35.072,347,,,,,,,,,,,,,,,,,,,,,2026-08-05 03:13:34.912,2.87,1,,,,,,,,
1.0.0,2026-08-05 03:13:36.054,350,49.41,0,1,0.1691,5.0,0.54,1.17,55.93,84,132.23,84,29,6.52,60.03,12,13.99,268.7,0.156,1.046,1,,,,0,,13.5,54,6,2040,2534.883328,35.938
1.0.0,2026-08-05 03:13:36.322,348,,,,,,,,,,,,,,,,,,,,,2026-08-05 03:13:36.159,6.46,1,,,,,,,,
1.0.0,2026-08-05 03:13:38.634,350,,,,,,,,,,,,,,,,,,,,,2026-08-05 03:13:38.454,21.07,1,,,,,,,,
1.0.0,2026-08-05 03:13:39.272,349,,,,,,,,,,,,,,,,,,,,,2026-08-05 03:13:39.081,14.78,1,,,,,,,,
# === SESSION END   2026-08-05 03:13:42 ===
# === SESSION START 2026-08-05 03:15:10 ===
1.0.0,2026-08-05 03:15:27.438,1,49.03,0,1,0.1945,7.08,0.43,1.02,16496.96,606,199.95,117,42,2.56,42.48,6,6.1,16748.05,0.14,11.406,0,,,,0,,16.5,51,7,2040,2589.024256,24.445
1.0.0,2026-08-05 03:15:28.744,2,49.27,0,1,0.2421,7.12,0.46,1.2,111.46,105,175.55,105,33,5.52,85.45,12,14.45,392.43,0.156,1.313,1,,,,0,,0.0,51,11,2040,2589.024256,24.171
1.0.0,2026-08-05 03:15:30.151,3,49.12,0,1,0.1982,7.23,0.59,1.24,116.46,112,165.75,112,27,7.05,86.8,12,14.87,390.93,0.25,1.391,0,,,,0,,0.0,51,5,2040,2589.024256,25.049
1.0.0,2026-08-05 03:15:31.040,4,49.14,0,1,0.225,7.86,0.55,1.23,53.56,71,126.51,71,22,6.6,94.29,12,14.73,295.69,0.14,0.89,1,,,,0,,0.0,51,5,2040,2589.024256,25.066
1.0.0,2026-08-05 03:15:31.312,2,,,,,,,,,,,,,,,,,,,,,2026-08-05 03:15:31.144,13.11,1,,,,,,,,
1.0.0,2026-08-05 03:15:31.671,1,,,,,,,,,,,,,,,,,,,,,2026-08-05 03:15:31.509,8.13,1,,,,,,,,
1.0.0,2026-08-05 03:15:32.202,5,49.28,0,1,0.1935,6.78,0.46,1.15,66.12,94,147.62,94,25,5.54,81.41,12,13.86,314.55,0.187,1.172,0,,,,0,,17.8,51,9,2040,2589.024256,25.307
1.0.0,2026-08-05 03:15:33.186,6,48.93,0,1,0.2111,8.47,0.53,1.31,58.49,78,137.5,78,24,6.34,101.65,12,15.66,319.64,0.14,0.984,1,,,,0,,17.0,51,5,2040,2589.024256,25.345
1.0.0,2026-08-05 03:15:33.607,4,,,,,,,,,,,,,,,,,,,,,2026-08-05 03:15:33.440,12.0,1,,,,,,,,
1.0.0,2026-08-05 03:15:34.384,3,,,,,,,,,,,,,,,,,,,,,2026-08-05 03:15:34.222,8.73,1,,,,,,,,
1.0.0,2026-08-05 03:15:34.405,7,49.34,0,1,0.1243,17.18,0.65,1.36,79.25,99,197.38,99,32,7.75,206.14,12,16.27,506.79,0.156,1.219,1,,,,0,,13.0,51,5,2040,2589.024256,25.18
1.0.0,2026-08-05 03:15:35.657,8,49.14,0,1,0.2004,7.36,0.46,1.19,76.16,100,154.79,100,26,5.58,88.36,12,14.31,339.2,0.172,1.25,1,,,,0,,15.6,51,16,2040,2589.024256,25.115
1.0.0,2026-08-05 03:15:35.749,6,,,,,,,,,,,,,,,,,,,,,2026-08-05 03:15:35.586,8.51,1,,,,,,,,
1.0.0,2026-08-05 03:15:36.434,5,,,,,,,,,,,,,,,,,,,,,2026-08-05 03:15:36.274,7.3,1,,,,,,,,
1.0.0,2026-08-05 03:15:36.898,9,49.36,0,1,0.1931,6.95,0.48,1.15,69.34,99,141.62,99,28,5.79,83.39,12,13.8,313.94,0.172,1.25,0,,,,0,,15.9,51,5,2040,2589.024256,25.191
1.0.0,2026-08-05 03:15:36.979,7,,,,,,,,,,,,,,,,,,,,,2026-08-05 03:15:36.805,18.27,1,,,,,,,,
1.0.0,2026-08-05 03:15:37.981,10,63.23,0,1,0.1692,7.47,0.64,1.2,60.42,85,139.4,84,27,7.66,89.65,12,14.38,311.51,0.156,1.078,1,,,,0,,14.6,51,5,2040,2589.024256,25.543
1.0.0,2026-08-05 03:15:38.227,8,,,,,,,,,,,,,,,,,,,,,2026-08-05 03:15:38.057,16.29,1,,,,,,,,
1.0.0,2026-08-05 03:15:39.153,11,49.21,0,1,0.1986,6.96,0.81,1.17,68.34,96,186.78,97,26,9.76,83.55,12,14.03,362.46,0.156,1.172,1,,,,0,,15.1,51,5,2040,2589.024256,25.369
1.0.0,2026-08-05 03:15:40.297,12,49.22,0,1,0.1877,7.75,0.62,1.22,64.68,90,148.14,90,26,7.4,92.97,12,14.61,327.8,0.156,1.141,0,,,,0,,14.9,51,5,2040,2589.024256,25.339
1.0.0,2026-08-05 03:15:40.549,10,,,,,,,,,,,,,,,,,,,,,2026-08-05 03:15:40.381,13.33,1,,,,,,,,
1.0.0,2026-08-05 03:15:41.133,9,,,,,,,,,,,,,,,,,,,,,2026-08-05 03:15:40.969,10.41,1,,,,,,,,
1.0.0,2026-08-05 03:15:41.599,13,49.21,0,1,0.2404,10.7,0.67,1.26,72.45,104,209.38,104,23,8.0,128.39,12,15.16,433.38,0.203,1.297,1,,,,0,,15.9,51,9,2040,2589.024256,25.171
1.0.0,2026-08-05 03:15:41.727,11,,,,,,,,,,,,,,,,,,,,,2026-08-05 03:15:41.553,19.35,1,,,,,,,,
1.0.0,2026-08-05 03:15:42.950,14,49.31,0,1,0.1987,7.55,0.54,1.26,75.7,108,200.45,108,28,6.52,90.61,12,15.11,388.39,0.203,1.359,0,,,,0,,14.7,51,3,2040,2589.024256,24.794
1.0.0,2026-08-05 03:15:43.850,15,49.24,0,1,0.2251,7.84,0.49,1.22,56.89,72,139.07,72,21,5.91,94.05,12,14.66,310.58,0.157,0.891,1,,,,0,,15.0,51,5,2040,2589.024256,25.502
1.0.0,2026-08-05 03:15:44.157,13,,,,,,,,,,,,,,,,,,,,,2026-08-05 03:15:43.999,4.28,1,,,,,,,,
1.0.0,2026-08-05 03:15:44.526,12,,,,,,,,,,,,,,,,,,,,,2026-08-05 03:15:44.368,4.9,1,,,,,,,,
1.0.0,2026-08-05 03:15:45.004,16,49.19,0,1,0.1934,7.12,0.61,1.21,77.89,93,170.31,93,26,7.34,85.44,12,14.56,355.54,0.188,1.156,0,,,,0,,11.6,51,5,2040,2589.024256,25.477
1.0.0,2026-08-05 03:15:46.042,17,49.2,0,1,0.2104,7.14,0.52,1.22,56.25,83,172.78,83,24,6.21,85.71,12,14.63,335.58,0.188,1.047,1,,,,0,,13.2,51,5,2040,2589.024256,25.28
1.0.0,2026-08-05 03:15:46.421,15,,,,,,,,,,,,,,,,,,,,,2026-08-05 03:15:46.250,17.08,1,,,,,,,,
1.0.0,2026-08-05 03:15:47.181,14,,,,,,,,,,,,,,,,,,,,,2026-08-05 03:15:47.021,5.17,1,,,,,,,,
1.0.0,2026-08-05 03:15:47.202,18,49.11,0,1,0.1245,8.47,0.47,1.23,95.78,93,135.96,93,33,5.66,101.61,12,14.81,353.82,0.156,1.156,1,,,,0,,17.2,51,10,2040,2589.024256,25.475
1.0.0,2026-08-05 03:15:48.448,19,48.84,0,1,0.2006,7.98,0.49,1.17,72.59,100,147.77,100,27,5.86,95.77,12,14.05,336.04,0.156,1.25,1,,,,0,,14.7,51,5,2040,2589.024256,25.323
1.0.0,2026-08-05 03:15:48.614,17,,,,,,,,,,,,,,,,,,,,,2026-08-05 03:15:48.442,16.77,1,,,,,,,,
1.0.0,2026-08-05 03:15:49.238,16,,,,,,,,,,,,,,,,,,,,,2026-08-05 03:15:49.075,9.12,1,,,,,,,,
1.0.0,2026-08-05 03:15:49.749,20,48.88,0,1,0.1931,6.73,0.52,1.2,76.48,103,156.87,103,27,6.19,80.77,12,14.43,334.74,0.203,1.297,0,,,,0,,15.5,51,11,2040,2589.024256,24.951
1.0.0,2026-08-05 03:15:49.769,18,,,,,,,,,,,,,,,,,,,,,2026-08-05 03:15:49.602,14.59,1,,,,,,,,
1.0.0,2026-08-05 03:15:50.791,21,49.23,0,1,0.169,8.37,0.47,1.2,61.85,84,138.93,84,28,5.64,100.39,12,14.39,321.2,0.188,1.047,1,,,,0,,14.7,51,7,2040,2589.024256,25.579
1.0.0,2026-08-05 03:15:51.018,19,,,,,,,,,,,,,,,,,,,,,2026-08-05 03:15:50.848,14.47,1,,,,,,,,
1.0.0,2026-08-05 03:15:51.999,22,49.25,0,1,0.198,19.01,0.69,1.26,66.53,97,149.05,97,26,8.24,228.16,12,15.11,467.09,0.203,1.203,1,,,,0,,15.1,51,5,2040,2589.024256,25.281
1.0.0,2026-08-05 03:15:53.100,23,49.27,0,1,0.1872,8.05,0.77,1.23,61.15,87,135.96,87,27,9.19,96.63,12,14.76,317.69,0.125,1.094,0,,,,0,,14.8,51,5,2040,2589.024256,25.216
1.0.0,2026-08-05 03:15:53.357,21,,,,,,,,,,,,,,,,,,,,,2026-08-05 03:15:53.191,11.71,1,,,,,,,,
1.0.0,2026-08-05 03:15:53.984,20,,,,,,,,,,,,,,,,,,,,,2026-08-05 03:15:53.820,9.52,1,,,,,,,,
1.0.0,2026-08-05 03:15:54.411,24,49.12,0,1,0.2408,6.87,0.57,1.16,72.49,106,175.29,106,22,6.8,82.41,12,13.94,350.93,0.156,1.312,1,,,,0,,14.6,51,5,2040,2589.024256,25.007
1.0.0,2026-08-05 03:15:54.561,22,,,,,,,,,,,,,,,,,,,,,2026-08-05 03:15:54.399,8.31,1,,,,,,,,
1.0.0,2026-08-05 03:15:55.801,25,49.15,0,1,0.1968,7.39,0.45,1.45,84.05,110,160.97,110,26,5.43,88.63,12,17.37,356.45,0.156,1.391,0,,,,0,,14.2,51,5,2040,2589.024256,24.4
1.0.0,2026-08-05 03:15:56.648,26,38.81,0,1,0.2252,8.11,0.6,1.29,80.93,69,118.01,69,21,7.14,97.36,12,15.42,318.86,0.172,0.859,1,,,,0,,14.2,52,16,2040,2589.024256,26.106
1.0.0,2026-08-05 03:15:56.976,24,,,,,,,,,,,,,,,,,,,,,2026-08-05 03:15:56.811,10.64,1,,,,,,,,
1.0.0,2026-08-05 03:15:57.337,23,,,,,,,,,,,,,,,,,,,,,2026-08-05 03:15:57.171,11.39,1,,,,,,,,
1.0.0,2026-08-05 03:15:57.800,27,49.04,0,1,0.1936,7.81,0.49,1.26,95.67,91,151.05,91,28,5.91,93.76,12,15.09,361.48,0.156,1.141,0,,,,0,,17.6,51,5,2040,2589.024256,25.035
1.0.0,2026-08-05 03:15:58.851,28,49.33,0,1,0.2106,7.13,0.45,1.26,58.91,84,147.81,84,25,5.44,85.58,12,15.11,312.85,0.188,1.047,1,,,,0,,14.3,51,5,2040,2589.024256,25.286
1.0.0,2026-08-05 03:15:59.221,26,,,,,,,,,,,,,,,,,,,,,2026-08-05 03:15:59.048,17.54,1,,,,,,,,
1.0.0,2026-08-05 03:15:59.994,29,49.17,0,1,0.1247,7.95,0.54,1.42,65.91,92,134.0,92,32,6.53,95.43,12,17.0,318.87,0.156,1.156,1,,,,0,,15.7,51,5,2040,2589.024256,25.134
1.0.0,2026-08-05 03:16:00.036,25,,,,,,,,,,,,,,,,,,,,,2026-08-05 03:15:59.872,8.62,1,,,,,,,,
1.0.0,2026-08-05 03:16:01.255,30,49.11,0,1,0.2009,11.02,0.5,1.34,73.83,101,154.37,101,27,5.97,132.3,12,16.06,382.53,0.156,1.25,1,,,,0,,15.8,51,9,2040,2589.024256,25.134
1.0.0,2026-08-05 03:16:01.414,28,,,,,,,,,,,,,,,,,,,,,2026-08-05 03:16:01.251,10.07,1,,,,,,,,
1.0.0,2026-08-05 03:16:02.026,27,,,,,,,,,,,,,,,,,,,,,2026-08-05 03:16:01.872,1.68,1,,,,,,,,
1.0.0,2026-08-05 03:16:02.547,31,49.08,0,1,0.1931,7.29,0.52,1.18,73.83,103,154.38,103,27,6.21,87.44,12,14.2,336.06,0.156,1.297,0,,,,0,,15.1,51,7,2040,2589.024256,25.09
1.0.0,2026-08-05 03:16:02.557,29,,,,,,,,,,,,,,,,,,,,,2026-08-05 03:16:02.394,10.25,1,,,,,,,,
1.0.0,2026-08-05 03:16:03.600,32,49.33,0,1,0.1691,6.7,0.47,1.31,62.69,84,139.75,84,27,5.6,80.4,12,15.78,304.22,0.188,1.047,1,,,,0,,14.8,51,10,2040,2589.024256,25.208
1.0.0,2026-08-05 03:16:03.816,30,,,,,,,,,,,,,,,,,,,,,2026-08-05 03:16:03.655,6.71,1,,,,,,,,
1.0.0,2026-08-05 03:16:04.794,33,49.28,0,1,0.1982,7.89,0.46,1.29,70.11,96,144.66,96,28,5.48,94.69,12,15.51,330.45,0.156,1.203,1,,,,0,,15.2,51,5,2040,2589.024256,24.669
1.0.0,2026-08-05 03:16:05.962,34,63.69,0,1,0.1874,8.43,0.51,1.21,106.6,94,141.2,91,26,6.12,101.21,12,14.46,369.59,0.172,1.172,0,,,,0,,15.0,51,5,2040,2589.024256,25.047
1.0.0,2026-08-05 03:16:06.158,32,,,,,,,,,,,,,,,,,,,,,2026-08-05 03:16:06.000,3.46,1,,,,,,,,
1.0.0,2026-08-05 03:16:06.782,31,,,,,,,,,,,,,,,,,,,,,2026-08-05 03:16:06.618,10.21,1,,,,,,,,
1.0.0,2026-08-05 03:16:07.199,35,49.25,0,1,0.2418,8.6,0.66,1.27,68.57,98,169.96,101,22,7.95,103.2,12,15.19,364.87,0.156,1.234,1,,,,0,,11.7,51,5,2040,2589.024256,25.134
1.0.0,2026-08-05 03:16:07.365,33,,,,,,,,,,,,,,,,,,,,,2026-08-05 03:16:07.194,17.51,1,,,,,,,,
1.0.0,2026-08-05 03:16:08.591,36,49.14,0,1,0.2064,11.28,0.65,4.09,79.46,111,199.08,111,25,7.74,135.36,12,49.05,470.69,0.25,1.391,0,,,,0,,15.4,51,16,2040,2589.024256,24.985
1.0.0,2026-08-05 03:16:09.497,37,49.22,0,1,0.225,8.47,0.62,1.26,56.2,73,127.47,73,22,7.45,101.66,12,15.07,307.85,0.156,0.906,1,,,,0,,16.9,51,5,2040,2589.024256,25.787
1.0.0,2026-08-05 03:16:09.758,35,,,,,,,,,,,,,,,,,,,,,2026-08-05 03:16:09.599,6.3,1,,,,,,,,
1.0.0,2026-08-05 03:16:10.198,34,,,,,,,,,,,,,,,,,,,,,2026-08-05 03:16:10.034,10.65,1,,,,,,,,
1.0.0,2026-08-05 03:16:10.654,38,49.05,0,1,0.1931,12.3,0.48,3.89,66.28,93,155.96,93,26,5.71,147.64,12,46.63,422.22,0.203,1.156,0,,,,0,,15.3,52,14,2040,2589.024256,25.242
1.0.0,2026-08-05 03:16:11.651,39,49.25,0,1,0.211,17.71,0.61,1.35,56.87,80,139.47,80,23,7.38,212.56,12,16.16,432.44,0.156,1.0,1,,,,0,,15.5,52,12,2040,2589.024256,25.66
1.0.0,2026-08-05 03:16:12.061,37,,,,,,,,,,,,,,,,,,,,,2026-08-05 03:16:11.897,9.96,1,,,,,,,,
1.0.0,2026-08-05 03:16:12.821,36,,,,,,,,,,,,,,,,,,,,,2026-08-05 03:16:12.662,4.8,1,,,,,,,,
1.0.0,2026-08-05 03:16:12.853,40,49.32,0,1,0.1245,7.56,0.47,1.21,68.6,96,131.48,96,31,5.61,90.74,12,14.47,310.9,0.172,1.203,1,,,,0,,15.9,51,5,2040,2589.024256,25.051
1.0.0,2026-08-05 03:16:14.094,41,49.16,0,1,0.2002,6.73,0.52,1.15,72.44,99,157.49,99,26,6.19,80.72,12,13.8,330.64,0.157,1.235,1,,,,0,,15.2,51,4,2040,2589.024256,25.232
1.0.0,2026-08-05 03:16:14.239,39,,,,,,,,,,,,,,,,,,,,,2026-08-05 03:16:14.051,12.47,1,,,,,,,,
1.0.0,2026-08-05 03:16:14.885,38,,,,,,,,,,,,,,,,,,,,,2026-08-05 03:16:14.725,6.39,1,,,,,,,,
1.0.0,2026-08-05 03:16:15.349,42,36.7,0,1,0.193,6.93,0.46,1.25,71.24,100,142.76,100,27,5.55,83.1,12,15.05,317.7,0.157,1.25,0,,,,0,,16.3,51,7,2040,2589.024256,25.302
1.0.0,2026-08-05 03:16:15.431,40,,,,,,,,,,,,,,,,,,,,,2026-08-05 03:16:15.253,24.25,1,,,,,,,,
1.0.0,2026-08-05 03:16:16.387,43,38.62,0,1,0.1692,8.72,0.48,1.26,81.01,83,145.51,83,29,5.75,104.66,12,15.17,352.1,0.157,1.047,1,,,,0,,17.0,51,5,2040,2589.024256,25.366
1.0.0,2026-08-05 03:16:16.664,41,,,,,,,,,,,,,,,,,,,,,2026-08-05 03:16:16.494,16.31,1,,,,,,,,
1.0.0,2026-08-05 03:16:17.596,44,49.24,0,1,0.1984,8.04,0.66,1.35,73.33,97,148.34,97,26,7.89,96.42,12,16.21,342.19,0.141,1.203,1,,,,0,,14.8,51,14,2040,2589.024256,24.931
1.0.0,2026-08-05 03:16:18.754,45,49.11,0,1,0.1877,8.33,0.63,1.38,66.32,93,137.04,93,28,7.56,99.96,12,16.62,327.5,0.188,1.156,0,,,,0,,15.2,51,11,2040,2589.024256,24.988
1.0.0,2026-08-05 03:16:18.956,43,,,,,,,,,,,,,,,,,,,,,2026-08-05 03:16:18.787,15.22,1,,,,,,,,
1.0.0,2026-08-05 03:16:19.584,42,,,,,,,,,,,,,,,,,,,,,2026-08-05 03:16:19.421,9.74,1,,,,,,,,
1.0.0,2026-08-05 03:16:19.993,46,49.33,0,1,0.2466,15.74,3.21,1.29,71.02,99,173.28,99,25,38.48,188.82,12,15.54,487.14,0.156,1.25,1,,,,0,,16.0,51,5,2040,2589.024256,25.282
1.0.0,2026-08-05 03:16:20.157,44,,,,,,,,,,,,,,,,,,,,,2026-08-05 03:16:19.996,6.26,1,,,,,,,,
1.0.0,2026-08-05 03:16:21.434,47,49.16,0,1,0.1988,7.26,0.54,1.19,81.02,115,173.01,115,28,6.53,87.08,12,14.27,361.91,0.25,1.437,0,,,,0,,15.0,51,5,2040,2589.024256,25.045
1.0.0,2026-08-05 03:16:22.283,48,49.17,0,1,0.225,8.92,0.62,1.33,49.31,68,117.12,68,21,7.41,107.01,12,15.91,296.76,0.14,0.844,1,,,,0,,15.0,51,5,2040,2589.024256,25.045
1.0.0,2026-08-05 03:16:22.560,46,,,,,,,,,,,,,,,,,,,,,2026-08-05 03:16:22.393,13.36,1,,,,,,,,
1.0.0,2026-08-05 03:16:22.989,45,,,,,,,,,,,,,,,,,,,,,2026-08-05 03:16:22.825,11.09,1,,,,,,,,
1.0.0,2026-08-05 03:16:23.400,49,49.31,0,1,0.1935,8.7,0.56,1.27,61.9,89,169.65,89,26,6.78,104.45,12,15.24,358.02,0.141,1.11,0,,,,0,,16.1,51,5,2040,2589.024256,25.131
1.0.0,2026-08-05 03:16:24.434,50,49.08,0,1,0.2111,6.93,0.51,1.19,61.22,83,136.27,83,24,6.1,83.12,12,14.27,300.98,0.14,1.046,1,,,,0,,15.7,51,5,2040,2589.024256,25.248
1.0.0,2026-08-05 03:16:24.853,48,,,,,,,,,,,,,,,,,,,,,2026-08-05 03:16:24.683,15.92,1,,,,,,,,
1.0.0,2026-08-05 03:16:25.651,51,58.4,0,1,0.1246,8.36,0.48,1.2,70.15,98,130.76,98,33,5.82,100.3,12,14.41,321.44,0.156,1.219,1,,,,0,,14.8,52,16,2040,2589.024256,24.953
1.0.0,2026-08-05 03:16:25.671,47,,,,,,,,,,,,,,,,,,,,,2026-08-05 03:16:25.505,11.67,1,,,,,,,,
1.0.0,2026-08-05 03:16:26.900,52,49.17,0,1,0.2004,6.99,0.5,1.17,70.14,100,148.61,100,26,5.95,83.91,12,14.02,322.63,0.156,1.25,1,,,,0,,14.8,51,5,2040,2589.024256,24.875
1.0.0,2026-08-05 03:16:27.000,50,,,,,,,,,,,,,,,,,,,,,2026-08-05 03:16:26.834,12.19,1,,,,,,,,
1.0.0,2026-08-05 03:16:27.636,49,,,,,,,,,,,,,,,,,,,,,2026-08-05 03:16:27.471,11.31,1,,,,,,,,
1.0.0,2026-08-05 03:16:28.137,53,49.33,0,1,0.1932,6.02,0.46,1.6,107.96,98,154.7,98,27,5.46,72.23,12,19.26,359.61,0.141,1.235,0,,,,0,,11.9,51,5,2040,2589.024256,25.281
1.0.0,2026-08-05 03:16:28.219,51,,,,,,,,,,,,,,,,,,,,,2026-08-05 03:16:28.051,14.49,1,,,,,,,,
1.0.0,2026-08-05 03:16:29.204,54,49.28,0,1,0.1692,7.64,0.51,1.24,64.04,87,141.22,87,28,6.07,91.69,12,14.93,317.95,0.156,1.062,1,,,,0,,13.4,51,5,2040,2589.024256,25.146
1.0.0,2026-08-05 03:16:29.471,52,,,,,,,,,,,,,,,,,,,,,2026-08-05 03:16:29.300,17.38,1,,,,,,,,
1.0.0,2026-08-05 03:16:30.406,55,49.28,0,1,0.198,11.27,0.5,1.49,71.0,96,143.97,96,26,5.99,135.25,12,17.88,374.09,0.109,1.203,1,,,,0,,17.2,51,5,2040,2589.024256,25.285
1.0.0,2026-08-05 03:16:31.543,56,49.24,0,1,0.1871,7.22,0.56,1.18,65.22,90,130.19,90,24,6.66,86.65,12,14.12,302.84,0.156,1.141,0,,,,0,,15.1,51,9,2040,2589.024256,25.219
1.0.0,2026-08-05 03:16:31.770,54,,,,,,,,,,,,,,,,,,,,,2026-08-05 03:16:31.604,11.39,1,,,,,,,,
1.0.0,2026-08-05 03:16:32.372,53,,,,,,,,,,,,,,,,,,,,,2026-08-05 03:16:32.208,10.57,1,,,,,,,,
1.0.0,2026-08-05 03:16:32.855,57,49.29,0,1,0.2439,6.96,0.47,1.37,77.96,106,164.92,106,23,5.69,83.52,12,16.42,348.51,0.203,1.312,1,,,,0,,17.7,51,5,2040,2589.024256,24.53
1.0.0,2026-08-05 03:16:32.979,55,,,,,,,,,,,,,,,,,,,,,2026-08-05 03:16:32.806,17.9,1,,,,,,,,
1.0.0,2026-08-05 03:16:34.233,58,49.19,0,1,0.1999,6.41,0.52,1.2,80.93,109,160.75,109,27,6.21,76.91,12,14.39,339.19,0.187,1.375,0,,,,0,,15.9,51,5,2040,2589.024256,25.268
1.0.0,2026-08-05 03:16:35.102,59,49.25,0,1,0.2252,8.27,0.54,1.26,50.3,70,152.2,70,22,6.49,99.2,12,15.08,323.27,0.156,0.875,1,,,,0,,17.2,51,5,2040,2589.024256,24.992
1.0.0,2026-08-05 03:16:35.420,57,,,,,,,,,,,,,,,,,,,,,2026-08-05 03:16:35.255,11.08,1,,,,,,,,
1.0.0,2026-08-05 03:16:35.778,56,,,,,,,,,,,,,,,,,,,,,2026-08-05 03:16:35.614,10.7,1,,,,,,,,
1.0.0,2026-08-05 03:16:36.238,60,49.25,0,1,0.1948,6.53,0.46,1.16,66.81,90,141.15,90,26,5.55,78.31,12,13.93,305.75,0.187,1.125,0,,,,0,,16.1,51,4,2040,2589.024256,25.373
1.0.0,2026-08-05 03:16:37.299,61,49.25,0,1,0.2105,7.78,0.47,1.2,61.41,85,131.52,85,26,5.68,93.4,12,14.4,306.41,0.188,1.063,1,,,,0,,15.6,51,7,2040,2589.024256,25.134
1.0.0,2026-08-05 03:16:37.665,59,,,,,,,,,,,,,,,,,,,,,2026-08-05 03:16:37.502,8.1,1,,,,,,,,
1.0.0,2026-08-05 03:16:38.436,62,49.01,0,1,0.1247,5.67,0.54,1.18,71.23,91,128.15,91,32,6.49,68.02,12,14.2,288.09,0.14,1.14,1,,,,0,,11.1,51,5,2040,2589.024256,25.175
1.0.0,2026-08-05 03:16:38.477,58,,,,,,,,,,,,,,,,,,,,,2026-08-05 03:16:38.304,18.57,1,,,,,,,,
1.0.0,2026-08-05 03:16:39.700,63,49.2,0,1,0.2007,16.13,0.76,1.52,72.69,101,164.17,101,27,9.12,193.5,12,18.26,457.74,0.156,1.266,1,,,,0,,12.8,52,7,2040,2589.024256,24.602
1.0.0,2026-08-05 03:16:39.864,61,,,,,,,,,,,,,,,,,,,,,2026-08-05 03:16:39.699,12.04,1,,,,,,,,
1.0.0,2026-08-05 03:16:40.470,60,,,,,,,,,,,,,,,,,,,,,2026-08-05 03:16:40.309,6.68,1,,,,,,,,
1.0.0,2026-08-05 03:16:40.997,64,49.21,0,1,0.193,7.69,0.57,1.22,80.43,104,160.34,104,27,6.79,92.23,12,14.63,354.42,0.156,1.297,0,,,,0,,17.4,51,5,2040,2589.024256,25.475
1.0.0,2026-08-05 03:16:41.005,62,,,,,,,,,,,,,,,,,,,,,2026-08-05 03:16:40.836,15.84,1,,,,,,,,
1.0.0,2026-08-05 03:16:42.000,65,49.38,0,1,0.169,8.49,0.51,1.36,57.62,80,127.99,80,27,6.14,101.85,12,16.38,309.98,0.141,1.0,1,,,,0,,15.7,51,11,2040,2589.024256,25.432
1.0.0,2026-08-05 03:16:42.257,63,,,,,,,,,,,,,,,,,,,,,2026-08-05 03:16:42.100,3.18,1,,,,,,,,
1.0.0,2026-08-05 03:16:43.283,66,66.06,0,1,0.198,7.81,0.51,1.24,72.84,102,150.58,100,27,6.17,93.73,12,14.85,338.17,0.188,1.281,1,,,,0,,15.8,51,12,2040,2589.024256,25.581
1.0.0,2026-08-05 03:16:44.401,67,48.69,0,1,0.1859,7.72,0.46,1.22,66.45,91,143.87,93,28,5.5,92.68,12,14.65,323.15,0.203,1.125,0,,,,0,,17.2,51,5,2040,2589.024256,25.286
1.0.0,2026-08-05 03:16:44.564,65,,,,,,,,,,,,,,,,,,,,,2026-08-05 03:16:44.400,10.89,1,,,,,,,,
1.0.0,2026-08-05 03:16:45.231,64,,,,,,,,,,,,,,,,,,,,,2026-08-05 03:16:45.068,9.21,1,,,,,,,,
1.0.0,2026-08-05 03:16:45.652,68,49.29,0,1,0.2407,7.02,0.55,1.23,68.66,100,156.22,100,22,6.61,84.19,12,14.74,330.42,0.156,1.25,1,,,,0,,16.6,52,15,2040,2589.024256,25.164
1.0.0,2026-08-05 03:16:45.846,66,,,,,,,,,,,,,,,,,,,,,2026-08-05 03:16:45.683,9.47,1,,,,,,,,
1.0.0,2026-08-05 03:16:47.084,69,49.31,0,1,0.2,8.77,0.55,1.14,79.56,114,194.94,114,29,6.55,105.24,12,13.72,400.01,0.234,1.422,0,,,,0,,16.3,51,4,2040,2589.024256,25.185
1.0.0,2026-08-05 03:16:47.935,70,49.29,0,1,0.2255,11.32,0.67,1.29,87.91,68,129.06,68,23,8.04,135.88,12,15.47,376.36,0.172,0.859,1,,,,0,,16.6,51,5,2040,2589.024256,25.468
1.0.0,2026-08-05 03:16:48.218,68,,,,,,,,,,,,,,,,,,,,,2026-08-05 03:16:48.052,14.8,1,,,,,,,,
1.0.0,2026-08-05 03:16:48.639,67,,,,,,,,,,,,,,,,,,,,,2026-08-05 03:16:48.473,12.55,1,,,,,,,,
1.0.0,2026-08-05 03:16:49.041,71,49.11,0,1,0.1935,14.49,0.67,4.7,63.81,88,150.93,88,27,8.0,173.94,12,56.38,453.06,0.141,1.11,0,,,,0,,15.5,51,4,2040,2589.024256,25.315
1.0.0,2026-08-05 03:16:50.111,72,49.37,0,1,0.2101,11.85,0.75,1.45,57.97,87,143.39,87,26,8.97,142.14,12,17.36,369.83,0.203,1.062,1,,,,0,,11.3,51,10,2040,2589.024256,25.201
1.0.0,2026-08-05 03:16:50.530,70,,,,,,,,,,,,,,,,,,,,,2026-08-05 03:16:50.335,11.09,1,,,,,,,,
1.0.0,2026-08-05 03:16:51.254,73,49.02,0,1,0.1249,8.24,0.53,1.31,65.38,91,161.47,91,32,6.36,98.92,12,15.68,347.81,0.156,1.141,1,,,,0,,14.4,51,5,2040,2589.024256,25.294
1.0.0,2026-08-05 03:16:51.321,69,,,,,,,,,,,,,,,,,,,,,2026-08-05 03:16:51.155,12.01,1,,,,,,,,
1.0.0,2026-08-05 03:16:52.535,74,49.12,0,1,0.201,9.75,0.6,1.26,102.57,102,164.63,102,27,7.26,117.05,12,15.15,406.66,0.187,1.281,1,,,,0,,15.7,51,7,2040,2589.024256,25.073
1.0.0,2026-08-05 03:16:52.677,72,,,,,,,,,,,,,,,,,,,,,2026-08-05 03:16:52.511,11.74,1,,,,,,,,
1.0.0,2026-08-05 03:16:53.270,71,,,,,,,,,,,,,,,,,,,,,2026-08-05 03:16:53.113,2.87,1,,,,,,,,
1.0.0,2026-08-05 03:16:53.799,75,49.09,0,1,0.193,8.51,0.56,1.35,76.06,101,153.91,101,27,6.67,102.16,12,16.16,354.96,0.156,1.266,0,,,,0,,16.6,51,5,2040,2589.024256,24.59
1.0.0,2026-08-05 03:16:53.814,73,,,,,,,,,,,,,,,,,,,,,2026-08-05 03:16:53.654,6.95,1,,,,,,,,
1.0.0,2026-08-05 03:16:54.841,76,49.27,0,1,0.169,8.24,0.75,1.27,61.62,84,146.1,84,26,8.95,98.83,12,15.23,330.73,0.141,1.047,1,,,,0,,15.8,51,4,2040,2589.024256,25.274
1.0.0,2026-08-05 03:16:55.097,74,,,,,,,,,,,,,,,,,,,,,2026-08-05 03:16:54.935,8.26,1,,,,,,,,
1.0.0,2026-08-05 03:16:56.050,77,49.17,0,1,0.1982,7.83,0.58,1.32,74.09,96,144.89,96,28,7.02,93.99,12,15.81,335.8,0.156,1.203,1,,,,0,,17.2,51,5,2040,2589.024256,25.113
1.0.0,2026-08-05 03:16:57.198,78,49.31,0,1,0.1869,6.58,0.46,1.33,64.5,92,137.14,92,26,5.51,78.95,12,15.97,302.07,0.156,1.156,0,,,,0,,16.2,51,10,2040,2589.024256,25.571
1.0.0,2026-08-05 03:16:57.412,76,,,,,,,,,,,,,,,,,,,,,2026-08-05 03:16:57.251,7.9,1,,,,,,,,
1.0.0,2026-08-05 03:16:58.029,75,,,,,,,,,,,,,,,,,,,,,2026-08-05 03:16:57.870,5.42,1,,,,,,,,
1.0.0,2026-08-05 03:16:58.451,79,49.34,0,1,0.2419,6.63,0.54,1.24,72.61,100,162.5,100,22,6.54,79.6,12,14.91,336.16,0.156,1.25,1,,,,0,,16.3,51,5,2040,2589.024256,25.13
1.0.0,2026-08-05 03:16:58.609,77,,,,,,,,,,,,,,,,,,,,,2026-08-05 03:16:58.450,5.42,1,,,,,,,,
1.0.0,2026-08-05 03:16:59.854,80,57.61,0,1,0.194,6.56,0.52,1.16,88.47,114,169.86,111,24,6.25,78.7,12,13.94,357.22,0.141,1.406,0,,,,0,,15.6,51,5,2040,2589.024256,24.25
1.0.0,2026-08-05 03:17:00.735,81,49.34,0,1,0.2249,7.95,0.58,1.3,50.55,69,128.39,72,22,6.92,95.36,12,15.56,296.78,0.14,0.875,1,,,,0,,15.3,51,16,2040,2589.024256,25.661
1.0.0,2026-08-05 03:17:01.045,79,,,,,,,,,,,,,,,,,,,,,2026-08-05 03:17:00.851,8.62,1,,,,,,,,
1.0.0,2026-08-05 03:17:01.436,78,,,,,,,,,,,,,,,,,,,,,2026-08-05 03:17:01.269,12.24,1,,,,,,,,
1.0.0,2026-08-05 03:17:01.932,82,61.0,0,1,0.1932,7.0,0.48,1.2,96.98,95,134.69,93,26,5.79,83.96,12,14.36,335.78,0.188,1.188,0,,,,0,,17.4,51,5,2040,2589.024256,25.162
1.0.0,2026-08-05 03:17:02.904,83,49.38,0,1,0.2111,7.77,0.51,1.21,58.21,80,138.21,82,24,6.16,93.22,12,14.55,310.35,0.156,0.984,1,,,,0,,16.4,51,5,2040,2589.024256,25.271
1.0.0,2026-08-05 03:17:03.305,81,,,,,,,,,,,,,,,,,,,,,2026-08-05 03:17:03.135,15.76,1,,,,,,,,
1.0.0,2026-08-05 03:17:04.091,80,,,,,,,,,,,,,,,,,,,,,2026-08-05 03:17:03.925,12.87,1,,,,,,,,
1.0.0,2026-08-05 03:17:04.102,84,49.11,0,1,0.1244,7.84,0.54,1.43,70.37,95,132.35,95,32,6.51,94.04,12,17.13,320.4,0.156,1.203,1,,,,0,,16.9,51,5,2040,2589.024256,25.358
1.0.0,2026-08-05 03:17:05.340,85,49.15,0,1,0.2003,8.61,0.48,1.31,69.84,98,149.62,98,28,5.78,103.32,12,15.7,344.26,0.141,1.235,1,,,,0,,18.0,51,11,2040,2589.024256,25.525
1.0.0,2026-08-05 03:17:05.473,83,,,,,,,,,,,,,,,,,,,,,2026-08-05 03:17:05.304,15.75,1,,,,,,,,
1.0.0,2026-08-05 03:17:06.167,82,,,,,,,,,,,,,,,,,,,,,2026-08-05 03:17:06.003,10.18,1,,,,,,,,
1.0.0,2026-08-05 03:17:06.608,86,49.18,0,1,0.1931,11.89,0.54,1.34,73.2,103,158.45,103,26,6.53,142.73,12,16.08,396.99,0.172,1.265,0,,,,0,,16.4,51,9,2040,2589.024256,25.123
1.0.0,2026-08-05 03:17:06.668,84,,,,,,,,,,,,,,,,,,,,,2026-08-05 03:17:06.502,13.26,1,,,,,,,,
1.0.0,2026-08-05 03:17:07.654,87,49.26,0,1,0.169,12.24,0.65,1.29,58.62,84,137.37,84,27,7.83,146.91,12,15.44,366.17,0.156,1.047,1,,,,0,,16.1,52,15,2040,2589.024256,25.747
1.0.0,2026-08-05 03:17:07.901,85,,,,,,,,,,,,,,,,,,,,,2026-08-05 03:17:07.740,7.41,1,,,,,,,,
1.0.0,2026-08-05 03:17:08.850,88,49.28,0,1,0.1985,8.6,0.65,1.24,65.59,94,143.94,94,26,7.84,103.16,12,14.84,335.37,0.157,1.188,1,,,,0,,16.0,51,6,2040,2589.024256,25.215
1.0.0,2026-08-05 03:17:10.004,89,49.08,0,1,0.1869,9.06,0.56,1.19,69.24,93,137.97,93,25,6.75,108.67,12,14.24,336.87,0.156,1.156,0,,,,0,,16.0,51,4,2040,2589.024256,25.335
1.0.0,2026-08-05 03:17:10.230,87,,,,,,,,,,,,,,,,,,,,,2026-08-05 03:17:10.054,19.09,1,,,,,,,,
1.0.0,2026-08-05 03:17:10.843,86,,,,,,,,,,,,,,,,,,,,,2026-08-05 03:17:10.685,5.02,1,,,,,,,,
1.0.0,2026-08-05 03:17:11.245,90,50.63,0,1,0.2421,7.49,0.49,1.22,74.74,98,193.78,98,25,5.92,89.85,12,14.66,378.95,0.156,1.25,1,,,,0,,10.3,51,3,2040,2589.024256,25.294
1.0.0,2026-08-05 03:17:11.407,88,,,,,,,,,,,,,,,,,,,,,2026-08-05 03:17:11.250,2.67,1,,,,,,,,
1.0.0,2026-08-05 03:17:12.685,91,49.16,0,1,0.1963,6.92,0.52,1.2,83.21,116,167.19,116,27,6.22,83.06,12,14.46,354.14,0.203,1.437,0,,,,0,,15.6,51,14,2040,2589.024256,24.952
1.0.0,2026-08-05 03:17:13.548,92,49.32,0,1,0.225,7.37,0.47,1.3,48.25,69,120.82,69,19,5.59,88.46,12,15.66,278.78,0.156,0.86,1,,,,0,,15.1,51,5,2040,2589.024256,25.885
1.0.0,2026-08-05 03:17:13.808,90,,,,,,,,,,,,,,,,,,,,,2026-08-05 03:17:13.645,8.99,1,,,,,,,,
1.0.0,2026-08-05 03:17:14.236,89,,,,,,,,,,,,,,,,,,,,,2026-08-05 03:17:14.075,8.21,1,,,,,,,,
1.0.0,2026-08-05 03:17:14.695,93,49.16,0,1,0.1931,6.22,0.45,1.22,64.13,92,140.54,92,26,5.37,74.69,12,14.66,299.39,0.203,1.156,0,,,,0,,17.3,52,14,2040,2589.024256,25.374
1.0.0,2026-08-05 03:17:15.750,94,49.0,0,1,0.2107,6.8,0.5,1.24,62.27,85,169.33,85,25,5.95,81.57,12,14.89,334.01,0.203,1.047,1,,,,0,,15.7,51,15,2040,2589.024256,25.393
1.0.0,2026-08-05 03:17:16.111,92,,,,,,,,,,,,,,,,,,,,,2026-08-05 03:17:15.948,7.93,1,,,,,,,,
1.0.0,2026-08-05 03:17:16.908,95,49.36,0,1,0.1243,8.15,0.45,1.27,78.15,93,135.4,93,33,5.45,97.82,12,15.19,332.01,0.156,1.156,1,,,,0,,17.3,51,5,2040,2589.024256,25.007
1.0.0,2026-08-05 03:17:16.926,91,,,,,,,,,,,,,,,,,,,,,2026-08-05 03:17:16.757,15.27,1,,,,,,,,
1.0.0,2026-08-05 03:17:18.154,96,49.14,0,1,0.2005,8.93,0.72,1.33,70.12,100,153.28,100,27,8.68,107.12,12,15.93,355.13,0.172,1.25,1,,,,0,,16.3,51,5,2040,2589.024256,25.252
1.0.0,2026-08-05 03:17:18.317,94,,,,,,,,,,,,,,,,,,,,,2026-08-05 03:17:18.150,13.68,1,,,,,,,,
1.0.0,2026-08-05 03:17:18.931,93,,,,,,,,,,,,,,,,,,,,,2026-08-05 03:17:18.766,11.19,1,,,,,,,,
1.0.0,2026-08-05 03:17:19.435,97,49.26,0,1,0.1934,7.36,0.5,1.29,71.01,101,148.5,101,27,6.06,88.37,12,15.44,329.38,0.187,1.281,0,,,,0,,17.0,51,5,2040,2589.024256,25.266
1.0.0,2026-08-05 03:17:19.476,95,,,,,,,,,,,,,,,,,,,,,2026-08-05 03:17:19.308,14.2,1,,,,,,,,
1.0.0,2026-08-05 03:17:20.502,98,49.4,0,1,0.169,7.88,0.47,1.32,59.27,86,142.89,86,28,5.67,94.57,12,15.84,318.24,0.188,1.063,1,,,,0,,16.0,51,5,2040,2589.024256,25.365
1.0.0,2026-08-05 03:17:20.728,96,,,,,,,,,,,,,,,,,,,,,2026-08-05 03:17:20.554,20.19,1,,,,,,,,
1.0.0,2026-08-05 03:17:21.705,99,49.09,0,1,0.1977,8.51,0.54,1.21,73.17,96,146.49,96,25,6.45,102.13,12,14.56,342.8,0.203,1.203,1,,,,0,,16.1,52,13,2040,2589.024256,25.163
1.0.0,2026-08-05 03:17:22.801,100,48.91,0,1,0.1872,8.51,0.54,1.27,92.82,87,134.97,87,28,6.49,102.13,12,15.23,351.64,0.156,1.094,0,,,,0,,17.2,51,10,2040,2589.024256,25.114
1.0.0,2026-08-05 03:17:23.068,98,,,,,,,,,,,,,,,,,,,,,2026-08-05 03:17:22.902,11.77,1,,,,,,,,
1.0.0,2026-08-05 03:17:23.675,97,,,,,,,,,,,,,,,,,,,,,2026-08-05 03:17:23.506,15.37,1,,,,,,,,
1.0.0,2026-08-05 03:17:24.107,101,49.19,0,1,0.244,7.31,0.58,1.18,77.48,106,166.03,106,22,6.9,87.66,12,14.15,352.22,0.218,1.312,1,,,,0,,24.2,51,5,2040,2589.024256,25.05
1.0.0,2026-08-05 03:17:24.270,99,,,,,,,,,,,,,,,,,,,,,2026-08-05 03:17:24.105,12.01,1,,,,,,,,
1.0.0,2026-08-05 03:17:25.483,102,49.17,0,1,0.1969,8.45,0.64,1.36,76.4,109,165.99,109,26,7.69,101.45,12,16.32,367.85,0.187,1.375,1,,,,0,,17.5,51,5,2040,2589.024256,25.094
1.0.0,2026-08-05 03:17:26.362,103,49.22,0,1,0.2251,12.06,0.55,3.91,49.29,71,122.54,71,21,6.59,144.7,12,46.98,370.1,0.172,0.875,1,,,,0,,17.5,51,5,2040,2589.024256,25.094
1.0.0,2026-08-05 03:17:26.673,101,,,,,,,,,,,,,,,,,,,,,2026-08-05 03:17:26.507,12.33,1,,,,,,,,
1.0.0,2026-08-05 03:17:27.033,100,,,,,,,,,,,,,,,,,,,,,2026-08-05 03:17:26.872,6.66,1,,,,,,,,
1.0.0,2026-08-05 03:17:27.496,104,49.12,0,1,0.1935,7.78,0.59,1.43,70.19,90,153.82,90,27,7.13,93.41,12,17.12,341.67,0.156,1.141,0,,,,0,,15.3,51,5,2040,2589.024256,25.106
1.0.0,2026-08-05 03:17:28.048,102,,,,,,,,,,,,,,,,,,,,,2026-08-05 03:17:27.883,10.87,1,,,,,,,,
1.0.0,2026-08-05 03:17:28.542,105,49.25,0,1,0.2105,7.41,0.49,1.29,63.35,84,139.82,84,25,5.86,88.9,12,15.49,313.42,0.188,1.047,1,,,,0,,17.0,51,5,2040,2589.024256,25.201
1.0.0,2026-08-05 03:17:28.921,103,,,,,,,,,,,,,,,,,,,,,2026-08-05 03:17:28.762,6.86,1,,,,,,,,
1.0.0,2026-08-05 03:17:29.704,106,49.18,0,1,0.1248,7.17,0.54,1.22,67.41,93,123.21,93,34,6.46,86.08,12,14.58,297.74,0.156,1.156,1,,,,0,,16.7,52,15,2040,2589.024256,25.035
1.0.0,2026-08-05 03:17:30.955,107,31.22,0,1,0.2008,7.78,0.52,1.24,68.22,101,151.83,101,27,6.23,93.36,12,14.84,334.48,0.156,1.25,1,,,,0,,15.3,51,5,2040,2589.024256,25.081
1.0.0,2026-08-05 03:17:31.109,105,,,,,,,,,,,,,,,,,,,,,2026-08-05 03:17:30.942,12.4,1,,,,,,,,
1.0.0,2026-08-05 03:17:31.737,104,,,,,,,,,,,,,,,,,,,,,2026-08-05 03:17:31.567,15.69,1,,,,,,,,
1.0.0,2026-08-05 03:17:32.248,108,49.14,0,1,0.193,7.36,0.62,1.23,77.14,102,155.88,102,27,7.48,88.33,12,14.79,343.62,0.156,1.297,0,,,,0,,15.4,51,5,2040,2589.024256,25.259
1.0.0,2026-08-05 03:17:32.268,106,,,,,,,,,,,,,,,,,,,,,2026-08-05 03:17:32.104,10.43,1,,,,,,,,
1.0.0,2026-08-05 03:17:33.293,109,49.18,0,1,0.1691,7.11,0.56,1.29,60.4,84,137.41,84,27,6.72,85.3,12,15.5,305.33,0.156,1.047,1,,,,0,,14.5,51,5,2040,2589.024256,25.527
1.0.0,2026-08-05 03:17:33.521,107,,,,,,,,,,,,,,,,,,,,,2026-08-05 03:17:33.355,10.95,1,,,,,,,,
1.0.0,2026-08-05 03:17:34.497,110,49.03,0,1,0.198,7.19,0.67,1.29,67.91,96,172.7,96,28,8.1,86.32,12,15.53,350.56,0.188,1.203,1,,,,0,,15.3,51,5,2040,2589.024256,25.448
1.0.0,2026-08-05 03:17:35.593,111,49.21,0,1,0.1874,11.57,3.13,1.29,61.53,88,142.78,88,28,37.6,138.78,12,15.52,396.21,0.141,1.094,0,,,,0,,15.1,52,10,2040,2589.024256,25.368
1.0.0,2026-08-05 03:17:35.859,109,,,,,,,,,,,,,,,,,,,,,2026-08-05 03:17:35.693,13.62,1,,,,,,,,
1.0.0,2026-08-05 03:17:36.485,108,,,,,,,,,,,,,,,,,,,,,2026-08-05 03:17:36.319,12.98,1,,,,,,,,
1.0.0,2026-08-05 03:17:36.905,112,49.41,0,1,0.2423,7.1,0.55,1.31,72.23,106,169.05,106,21,6.54,85.19,12,15.7,348.71,0.172,1.312,1,,,,0,,15.5,51,4,2040,2589.024256,24.938
1.0.0,2026-08-05 03:17:37.059,110,,,,,,,,,,,,,,,,,,,,,2026-08-05 03:17:36.897,7.84,1,,,,,,,,
1.0.0,2026-08-05 03:17:38.294,113,49.2,0,1,0.1968,6.86,0.53,1.19,77.53,110,193.92,110,27,6.38,82.38,12,14.34,374.55,0.203,1.391,0,,,,0,,16.0,51,4,2040,2589.024256,25.58
1.0.0,2026-08-05 03:17:39.158,114,49.39,0,1,0.2253,9.29,0.71,1.34,46.71,70,123.54,70,22,8.57,111.5,12,16.11,306.43,0.172,0.859,1,,,,0,,16.2,51,5,2040,2589.024256,25.324
1.0.0,2026-08-05 03:17:39.477,112,,,,,,,,,,,,,,,,,,,,,2026-08-05 03:17:39.305,17.49,1,,,,,,,,
1.0.0,2026-08-05 03:17:39.836,111,,,,,,,,,,,,,,,,,,,,,2026-08-05 03:17:39.664,17.84,1,,,,,,,,
1.0.0,2026-08-05 03:17:40.296,115,42.5,0,1,0.1936,7.3,0.49,1.21,69.78,90,140.54,90,27,5.88,87.6,12,14.55,318.35,0.141,1.141,0,,,,0,,16.7,51,9,2040,2589.024256,25.562
1.0.0,2026-08-05 03:17:41.343,116,39.69,0,1,0.21,7.63,0.46,1.24,58.51,84,165.01,84,25,5.5,91.55,12,14.87,335.44,0.188,1.047,1,,,,0,,16.1,51,5,2040,2589.024256,25.357
1.0.0,2026-08-05 03:17:41.723,114,,,,,,,,,,,,,,,,,,,,,2026-08-05 03:17:41.558,10.91,1,,,,,,,,
1.0.0,2026-08-05 03:17:42.493,117,48.93,0,1,0.1248,7.53,0.56,1.13,98.75,92,126.07,92,31,6.68,90.37,12,13.6,335.47,0.141,1.156,1,,,,0,,12.1,51,5,2040,2589.024256,25.141
1.0.0,2026-08-05 03:17:42.534,113,,,,,,,,,,,,,,,,,,,,,2026-08-05 03:17:42.365,15.36,1,,,,,,,,
1.0.0,2026-08-05 03:17:43.798,118,49.11,0,1,0.2003,6.69,0.77,1.32,74.3,104,161.37,104,26,9.28,80.28,12,15.89,341.12,0.156,1.297,1,,,,0,,12.5,51,10,2040,2589.024256,24.773
1.0.0,2026-08-05 03:17:43.916,116,,,,,,,,,,,,,,,,,,,,,2026-08-05 03:17:43.743,17.68,1,,,,,,,,
1.0.0,2026-08-05 03:17:44.551,115,,,,,,,,,,,,,,,,,,,,,2026-08-05 03:17:44.368,32.38,1,,,,,,,,
1.0.0,2026-08-05 03:17:45.046,119,49.27,0,1,0.1932,9.42,0.7,1.4,71.12,100,148.63,100,27,8.36,113.04,12,16.81,357.96,0.141,1.25,0,,,,0,,17.0,51,5,2040,2589.024256,25.324
1.0.0,2026-08-05 03:17:45.066,117,,,,,,,,,,,,,,,,,,,,,2026-08-05 03:17:44.893,18.93,1,,,,,,,,
1.0.0,2026-08-05 03:17:46.112,120,49.14,0,1,0.169,9.49,0.64,1.3,64.62,86,140.8,86,29,7.63,113.87,12,15.61,342.53,0.156,1.062,1,,,,0,,15.6,51,5,2040,2589.024256,25.45
1.0.0,2026-08-05 03:17:46.361,118,,,,,,,,,,,,,,,,,,,,,2026-08-05 03:17:46.201,5.6,1,,,,,,,,
1.0.0,2026-08-05 03:17:47.295,121,49.22,0,1,0.198,8.5,0.5,1.18,69.81,94,145.36,94,27,5.99,102.0,12,14.13,337.29,0.141,1.188,1,,,,0,,15.2,51,9,2040,2589.024256,25.376
1.0.0,2026-08-05 03:17:48.463,122,49.27,0,1,0.1868,9.84,0.59,1.34,68.85,94,143.82,94,26,7.1,118.07,12,16.09,353.93,0.156,1.156,0,,,,0,,13.8,51,5,2040,2589.024256,25.334
1.0.0,2026-08-05 03:17:48.701,120,,,,,,,,,,,,,,,,,,,,,2026-08-05 03:17:48.512,5.04,1,,,,,,,,
1.0.0,2026-08-05 03:17:49.289,119,,,,,,,,,,,,,,,,,,,,,2026-08-05 03:17:49.117,16.62,1,,,,,,,,
1.0.0,2026-08-05 03:17:49.700,123,49.21,0,1,0.2391,7.75,0.62,1.29,72.73,99,163.43,99,23,7.48,92.99,12,15.53,352.16,0.156,1.25,1,,,,0,,14.7,52,15,2040,2589.024256,25.175
1.0.0,2026-08-05 03:17:49.865,121,,,,,,,,,,,,,,,,,,,,,2026-08-05 03:17:49.695,15.55,1,,,,,,,,
1.0.0,2026-08-05 03:17:51.141,124,49.38,0,1,0.212,9.16,3.08,1.35,77.42,114,168.78,114,25,36.93,109.9,12,16.23,409.26,0.172,1.438,0,,,,0,,14.9,51,5,2040,2589.024256,24.631
1.0.0,2026-08-05 03:17:51.997,125,49.36,0,1,0.225,9.27,0.52,1.29,51.64,69,124.04,69,20,6.28,111.23,12,15.43,308.62,0.156,0.859,1,,,,0,,14.5,51,9,2040,2589.024256,25.261
1.0.0,2026-08-05 03:17:52.263,123,,,,,,,,,,,,,,,,,,,,,2026-08-05 03:17:52.100,9.34,1,,,,,,,,
1.0.0,2026-08-05 03:17:52.695,122,,,,,,,,,,,,,,,,,,,,,2026-08-05 03:17:52.534,6.69,1,,,,,,,,
1.0.0,2026-08-05 03:17:53.105,126,49.26,0,1,0.1934,9.38,0.55,1.26,66.13,89,144.41,89,25,6.63,112.54,12,15.17,344.88,0.156,1.109,0,,,,0,,12.6,51,4,2040,2589.024256,25.26
1.0.0,2026-08-05 03:17:54.233,127,49.29,0,1,0.2107,7.29,0.57,1.26,61.91,90,180.5,90,24,6.85,87.45,12,15.12,351.83,0.234,1.125,1,,,,0,,13.1,51,11,2040,2589.024256,25.103
1.0.0,2026-08-05 03:17:54.560,125,,,,,,,,,,,,,,,,,,,,,2026-08-05 03:17:54.397,10.95,1,,,,,,,,
1.0.0,2026-08-05 03:17:55.349,128,49.16,0,1,0.1245,13.64,0.56,1.37,61.14,89,127.75,89,32,6.73,163.66,12,16.43,375.71,0.157,1.11,1,,,,0,,15.4,51,5,2040,2589.024256,25.085
1.0.0,2026-08-05 03:17:55.370,124,,,,,,,,,,,,,,,,,,,,,2026-08-05 03:17:55.212,3.96,1,,,,,,,,
1.0.0,2026-08-05 03:17:56.588,129,49.17,0,1,0.2003,7.34,0.46,1.29,68.3,99,145.25,99,27,5.47,88.12,12,15.44,322.58,0.157,1.25,1,,,,0,,14.4,51,6,2040,2589.024256,24.697
1.0.0,2026-08-05 03:17:56.834,127,,,,,,,,,,,,,,,,,,,,,2026-08-05 03:17:56.633,16.36,1,,,,,,,,
1.0.0,2026-08-05 03:17:57.334,126,,,,,,,,,,,,,,,,,,,,,2026-08-05 03:17:57.176,5.63,1,,,,,,,,
1.0.0,2026-08-05 03:17:57.900,130,53.3,0,1,0.1932,7.16,0.47,1.22,72.06,105,185.3,105,28,5.69,85.91,12,14.59,363.55,0.204,1.297,0,,,,0,,16.0,51,5,2040,2589.024256,24.312
1.0.0,2026-08-05 03:17:57.910,128,,,,,,,,,,,,,,,,,,,,,2026-08-05 03:17:57.749,6.15,1,,,,,,,,
1.0.0,2026-08-05 03:17:58.928,131,68.08,0,1,0.1692,6.62,0.49,1.14,57.24,82,122.74,79,27,5.84,79.49,12,13.68,278.99,0.172,1.016,1,,,,0,,14.7,51,5,2040,2589.024256,24.999
1.0.0,2026-08-05 03:17:59.153,129,,,,,,,,,,,,,,,,,,,,,2026-08-05 03:17:58.988,10.9,1,,,,,,,,
1.0.0,2026-08-05 03:18:00.092,132,49.24,0,1,0.1981,6.49,0.5,1.24,64.96,94,149.69,97,27,5.95,77.93,12,14.86,313.39,0.157,1.172,1,,,,0,,15.6,51,4,2040,2589.024256,25.088
1.0.0,2026-08-05 03:18:01.249,133,49.18,0,1,0.187,6.82,0.46,1.18,60.69,92,132.38,92,25,5.49,81.86,12,14.19,294.61,0.156,1.156,0,,,,0,,15.8,51,11,2040,2589.024256,25.148
1.0.0,2026-08-05 03:18:01.489,131,,,,,,,,,,,,,,,,,,,,,2026-08-05 03:18:01.328,7.36,1,,,,,,,,
1.0.0,2026-08-05 03:18:02.137,130,,,,,,,,,,,,,,,,,,,,,2026-08-05 03:18:01.971,11.64,1,,,,,,,,
1.0.0,2026-08-05 03:18:02.536,134,49.26,0,1,0.2409,8.05,0.54,1.27,107.1,103,162.23,103,22,6.51,96.65,12,15.2,387.69,0.187,1.281,1,,,,0,,15.4,51,5,2040,2589.024256,25.122
1.0.0,2026-08-05 03:18:02.659,132,,,,,,,,,,,,,,,,,,,,,2026-08-05 03:18:02.502,3.29,1,,,,,,,,
1.0.0,2026-08-05 03:18:03.892,135,49.2,0,1,0.1987,6.68,0.47,1.16,75.98,109,157.01,109,26,5.66,80.14,12,13.87,332.66,0.204,1.36,1,,,,0,,14.5,52,5,2040,2589.024256,24.487
1.0.0,2026-08-05 03:18:04.794,136,49.25,0,1,0.2251,7.38,0.51,1.31,52.61,72,127.61,72,20,6.07,88.55,12,15.69,290.53,0.156,0.906,1,,,,0,,14.6,52,8,2040,2589.024256,25.354
1.0.0,2026-08-05 03:18:05.101,134,,,,,,,,,,,,,,,,,,,,,2026-08-05 03:18:04.936,11.21,1,,,,,,,,
1.0.0,2026-08-05 03:18:05.482,133,,,,,,,,,,,,,,,,,,,,,2026-08-05 03:18:05.320,8.19,1,,,,,,,,
1.0.0,2026-08-05 03:18:05.945,137,49.4,0,1,0.193,7.49,0.52,1.24,62.51,92,174.59,92,27,6.24,89.91,12,14.82,348.07,0.203,1.156,0,,,,0,,15.1,51,5,2040,2589.024256,25.191
1.0.0,2026-08-05 03:18:06.460,135,,,,,,,,,,,,,,,,,,,,,2026-08-05 03:18:06.292,13.94,1,,,,,,,,
1.0.0,2026-08-05 03:18:07.000,138,49.12,0,1,0.2107,6.83,0.54,1.15,59.26,84,135.56,84,24,6.45,81.98,12,13.84,297.09,0.203,1.047,1,,,,0,,15.0,51,4,2040,2589.024256,25.403
1.0.0,2026-08-05 03:18:07.374,136,,,,,,,,,,,,,,,,,,,,,2026-08-05 03:18:07.194,15.1,1,,,,,,,,
1.0.0,2026-08-05 03:18:08.151,139,49.32,0,1,0.1247,6.98,0.67,1.32,67.12,93,160.38,93,31,8.01,83.73,12,15.88,335.12,0.156,1.156,1,,,,0,,15.2,51,5,2040,2589.024256,25.13
1.0.0,2026-08-05 03:18:09.387,140,49.3,0,1,0.2005,6.83,0.47,1.15,66.99,98,173.53,98,27,5.59,82.01,12,13.81,341.93,0.141,1.235,1,,,,0,,14.1,51,10,2040,2589.024256,25.034
1.0.0,2026-08-05 03:18:09.562,138,,,,,,,,,,,,,,,,,,,,,2026-08-05 03:18:09.400,7.64,1,,,,,,,,
1.0.0,2026-08-05 03:18:10.187,137,,,,,,,,,,,,,,,,,,,,,2026-08-05 03:18:10.017,17.32,1,,,,,,,,
1.0.0,2026-08-05 03:18:10.702,141,49.27,0,1,0.1931,6.7,0.53,1.24,74.5,106,192.63,106,27,6.32,80.39,12,14.87,368.71,0.156,1.312,0,,,,0,,15.0,52,16,2040,2589.024256,25.144
1.0.0,2026-08-05 03:18:10.712,139,,,,,,,,,,,,,,,,,,,,,2026-08-05 03:18:10.551,7.45,1,,,,,,,,
1.0.0,2026-08-05 03:18:11.696,142,49.48,0,1,0.1691,8.21,0.52,1.29,56.87,79,137.7,79,28,6.27,98.56,12,15.44,314.84,0.156,1.0,1,,,,0,,14.9,52,16,2040,2589.024256,25.769
1.0.0,2026-08-05 03:18:11.952,140,,,,,,,,,,,,,,,,,,,,,2026-08-05 03:18:11.787,11.21,1,,,,,,,,
1.0.0,2026-08-05 03:18:12.954,143,49.39,0,1,0.1969,12.79,0.58,1.27,70.66,102,152.1,102,27,6.93,153.5,12,15.22,398.41,0.187,1.25,1,,,,0,,14.5,51,5,2040,2589.024256,24.87
1.0.0,2026-08-05 03:18:14.051,144,49.12,0,1,0.1869,9.29,0.57,1.31,66.42,86,140.59,86,26,6.87,111.49,12,15.75,341.12,0.125,1.094,0,,,,0,,14.6,51,4,2040,2589.024256,25.428
1.0.0,2026-08-05 03:18:14.256,142,,,,,,,,,,,,,,,,,,,,,2026-08-05 03:18:14.096,6.91,1,,,,,,,,
1.0.0,2026-08-05 03:18:14.942,141,,,,,,,,,,,,,,,,,,,,,2026-08-05 03:18:14.773,16.06,1,,,,,,,,
1.0.0,2026-08-05 03:18:15.342,145,49.04,0,1,0.2438,8.43,0.52,1.39,78.94,103,164.88,103,22,6.25,101.16,12,16.63,367.86,0.141,1.297,1,,,,0,,10.8,51,7,2040,2589.024256,25.619
1.0.0,2026-08-05 03:18:15.527,143,,,,,,,,,,,,,,,,,,,,,2026-08-05 03:18:15.354,19.21,1,,,,,,,,
1.0.0,2026-08-05 03:18:16.705,146,49.32,0,1,0.2003,7.66,0.64,1.26,111.11,111,208.52,111,28,7.7,91.87,12,15.18,434.38,0.25,1.359,0,,,,0,,14.8,52,10,2040,2589.024256,25.107
1.0.0,2026-08-05 03:18:17.610,147,28.43,0,1,0.2254,7.73,0.51,1.31,85.94,72,122.44,72,22,6.07,92.75,12,15.75,322.95,0.172,0.906,1,,,,0,,15.3,52,8,2040,2589.024256,25.785
1.0.0,2026-08-05 03:18:17.899,145,,,,,,,,,,,,,,,,,,,,,2026-08-05 03:18:17.743,1.3,1,,,,,,,,
1.0.0,2026-08-05 03:18:18.286,144,,,,,,,,,,,,,,,,,,,,,2026-08-05 03:18:18.122,11.38,1,,,,,,,,
1.0.0,2026-08-05 03:18:18.748,148,49.23,0,1,0.1936,8.65,0.51,1.25,68.99,90,137.88,90,28,6.1,103.8,12,14.98,331.75,0.141,1.141,0,,,,0,,17.1,52,14,2040,2589.024256,25.31
1.0.0,2026-08-05 03:18:19.795,149,49.14,0,1,0.2101,8.98,0.49,1.31,57.43,84,140.83,84,25,5.83,107.78,12,15.75,327.62,0.188,1.047,1,,,,0,,15.5,52,10,2040,2589.024256,25.57
1.0.0,2026-08-05 03:18:20.174,147,,,,,,,,,,,,,,,,,,,,,2026-08-05 03:18:20.010,10.12,1,,,,,,,,
1.0.0,2026-08-05 03:18:20.945,146,,,,,,,,,,,,,,,,,,,,,2026-08-05 03:18:20.776,15.35,1,,,,,,,,
1.0.0,2026-08-05 03:18:20.948,150,49.28,0,1,0.1245,7.98,0.84,1.23,97.68,92,125.25,92,33,10.09,95.72,12,14.82,343.56,0.125,1.156,1,,,,0,,14.0,51,5,2040,2589.024256,25.469
1.0.0,2026-08-05 03:18:22.251,151,49.18,0,1,0.2007,9.69,0.8,1.34,75.96,105,158.34,105,26,9.54,116.24,12,16.05,376.13,0.203,1.297,1,,,,0,,13.7,51,5,2040,2589.024256,25.233
1.0.0,2026-08-05 03:18:22.363,149,,,,,,,,,,,,,,,,,,,,,2026-08-05 03:18:22.195,15.72,1,,,,,,,,
1.0.0,2026-08-05 03:18:22.977,148,,,,,,,,,,,,,,,,,,,,,2026-08-05 03:18:22.819,4.44,1,,,,,,,,
1.0.0,2026-08-05 03:18:23.505,152,49.22,0,1,0.193,7.39,0.5,1.23,68.5,100,153.33,100,26,5.98,88.72,12,14.81,331.34,0.188,1.25,0,,,,0,,14.7,51,5,2040,2589.024256,25.154
1.0.0,2026-08-05 03:18:23.511,150,,,,,,,,,,,,,,,,,,,,,2026-08-05 03:18:23.348,9.73,1,,,,,,,,
1.0.0,2026-08-05 03:18:24.551,153,49.08,0,1,0.1691,7.48,0.5,1.21,59.32,83,136.29,83,27,5.94,89.77,12,14.55,305.87,0.188,1.047,1,,,,0,,14.6,51,5,2040,2589.024256,25.42
1.0.0,2026-08-05 03:18:24.829,151,,,,,,,,,,,,,,,,,,,,,2026-08-05 03:18:24.651,13.86,1,,,,,,,,
1.0.0,2026-08-05 03:18:25.748,154,48.96,0,1,0.1977,7.46,0.51,1.32,98.58,96,139.12,96,27,6.17,89.51,12,15.81,349.19,0.156,1.203,1,,,,0,,14.5,52,14,2040,2589.024256,24.733
1.0.0,2026-08-05 03:18:26.905,155,51.41,0,1,0.187,8.07,0.47,1.21,60.69,94,136.69,94,26,5.61,96.82,12,14.57,314.38,0.172,1.156,0,,,,0,,15.3,51,5,2040,2589.024256,24.781
1.0.0,2026-08-05 03:18:27.109,153,,,,,,,,,,,,,,,,,,,,,2026-08-05 03:18:26.951,5.13,1,,,,,,,,
1.0.0,2026-08-05 03:18:27.735,152,,,,,,,,,,,,,,,,,,,,,2026-08-05 03:18:27.576,4.65,1,,,,,,,,
1.0.0,2026-08-05 03:18:28.156,156,49.19,0,1,0.2414,6.69,0.59,1.25,69.68,100,190.57,100,23,7.08,80.31,12,15.06,362.7,0.172,1.25,1,,,,0,,15.9,51,5,2040,2589.024256,25.349
1.0.0,2026-08-05 03:18:28.309,154,,,,,,,,,,,,,,,,,,,,,2026-08-05 03:18:28.148,5.88,1,,,,,,,,
1.0.0,2026-08-05 03:18:29.491,157,49.12,0,1,0.2115,6.88,0.64,1.26,78.04,105,162.76,105,30,7.72,82.56,12,15.08,346.16,0.187,1.328,0,,,,0,,14.1,51,5,2040,2589.024256,25.242
1.0.0,2026-08-05 03:18:30.445,158,49.13,0,1,0.2247,7.41,0.5,1.2,57.22,77,133.82,77,21,6.02,88.97,12,14.43,300.46,0.156,0.969,1,,,,0,,14.3,51,5,2040,2589.024256,25.406
1.0.0,2026-08-05 03:18:30.721,156,,,,,,,,,,,,,,,,,,,,,2026-08-05 03:18:30.556,11.04,1,,,,,,,,
1.0.0,2026-08-05 03:18:31.140,155,,,,,,,,,,,,,,,,,,,,,2026-08-05 03:18:30.977,9.97,1,,,,,,,,
1.0.0,2026-08-05 03:18:31.551,159,49.15,0,1,0.1936,10.48,3.21,4.07,60.96,88,145.83,88,26,38.48,125.81,12,48.89,419.97,0.156,1.094,0,,,,0,,14.0,52,5,2040,2589.024256,25.287
1.0.0,2026-08-05 03:18:32.591,160,49.17,0,1,0.2111,13.44,0.77,1.48,59.65,83,146.46,83,25,9.24,161.28,12,17.73,394.36,0.157,1.047,1,,,,0,,14.7,52,15,2040,2589.024256,25.402
1.0.0,2026-08-05 03:18:33.009,158,,,,,,,,,,,,,,,,,,,,,2026-08-05 03:18:32.845,10.57,1,,,,,,,,
1.0.0,2026-08-05 03:18:33.724,157,,,,,,,,,,,,,,,,,,,,,2026-08-05 03:18:33.562,8.37,1,,,,,,,,
1.0.0,2026-08-05 03:18:33.796,161,49.22,0,1,0.1243,7.12,0.52,1.18,66.21,97,140.32,97,31,6.24,85.39,12,14.21,312.37,0.156,1.203,1,,,,0,,14.3,52,8,2040,2589.024256,24.567
1.0.0,2026-08-05 03:18:35.049,162,49.1,0,1,0.2005,7.42,0.55,1.14,69.38,100,149.2,100,26,6.64,89.07,12,13.67,327.96,0.156,1.25,1,,,,0,,13.9,51,5,2040,2589.024256,24.954
1.0.0,2026-08-05 03:18:35.181,160,,,,,,,,,,,,,,,,,,,,,2026-08-05 03:18:34.991,5.05,1,,,,,,,,
1.0.0,2026-08-05 03:18:35.785,159,,,,,,,,,,,,,,,,,,,,,2026-08-05 03:18:35.622,10.18,1,,,,,,,,
1.0.0,2026-08-05 03:18:36.298,163,44.01,0,1,0.193,8.66,0.61,1.36,81.28,100,160.43,100,28,7.34,103.86,12,16.26,369.17,0.156,1.25,0,,,,0,,9.6,51,7,2040,2589.024256,25.024
1.0.0,2026-08-05 03:18:36.370,161,,,,,,,,,,,,,,,,,,,,,2026-08-05 03:18:36.196,9.18,1,,,,,,,,
1.0.0,2026-08-05 03:18:37.355,164,49.24,0,1,0.1692,10.17,0.54,1.32,62.63,86,141.31,86,28,6.44,122.01,12,15.86,348.25,0.172,1.062,1,,,,0,,13.5,51,5,2040,2589.024256,25.134
1.0.0,2026-08-05 03:18:37.611,162,,,,,,,,,,,,,,,,,,,,,2026-08-05 03:18:37.449,8.28,1,,,,,,,,
1.0.0,2026-08-05 03:18:38.549,165,49.07,0,1,0.1984,6.89,0.57,1.2,65.36,94,138.69,94,26,6.81,82.67,12,14.44,307.97,0.141,1.188,1,,,,0,,18.1,52,5,2040,2589.024256,25.226
1.0.0,2026-08-05 03:18:39.592,166,49.12,0,1,0.1881,7.06,0.58,1.27,62.14,84,134.7,84,26,7.02,84.66,12,15.23,303.75,0.141,1.047,0,,,,0,,14.3,52,7,2040,2589.024256,25.382
1.0.0,2026-08-05 03:18:39.921,164,,,,,,,,,,,,,,,,,,,,,2026-08-05 03:18:39.755,11.22,1,,,,,,,,
1.0.0,2026-08-05 03:18:40.529,163,,,,,,,,,,,,,,,,,,,,,2026-08-05 03:18:40.369,5.94,1,,,,,,,,
1.0.0,2026-08-05 03:18:40.949,167,49.01,0,1,0.2444,15.56,0.72,1.39,83.51,109,169.16,109,23,8.69,186.69,12,16.66,464.71,0.156,1.359,1,,,,0,,14.8,51,5,2040,2589.024256,24.557
1.0.0,2026-08-05 03:18:41.113,165,,,,,,,,,,,,,,,,,,,,,2026-08-05 03:18:40.952,7.28,1,,,,,,,,
1.0.0,2026-08-05 03:18:42.292,168,49.27,0,1,0.2086,7.54,0.47,1.41,75.66,106,158.21,106,28,5.64,90.46,12,16.9,346.87,0.187,1.328,1,,,,0,,14.6,51,5,2040,2589.024256,25.331
1.0.0,2026-08-05 03:18:43.251,169,49.24,0,1,0.2249,8.51,0.46,1.33,57.14,77,153.93,77,20,5.58,102.17,12,16.01,334.83,0.156,0.969,1,,,,0,,15.3,51,5,2040,2589.024256,25.302
1.0.0,2026-08-05 03:18:43.520,167,,,,,,,,,,,,,,,,,,,,,2026-08-05 03:18:43.349,17.6,1,,,,,,,,
1.0.0,2026-08-05 03:18:43.837,166,,,,,,,,,,,,,,,,,,,,,2026-08-05 03:18:43.663,20.82,1,,,,,,,,
1.0.0,2026-08-05 03:18:44.407,170,49.26,0,1,0.1931,9.04,0.53,1.36,100.41,94,149.98,94,25,6.41,108.49,12,16.33,381.62,0.203,1.156,0,,,,0,,14.3,51,5,2040,2589.024256,25.613
1.0.0,2026-08-05 03:18:44.857,168,,,,,,,,,,,,,,,,,,,,,2026-08-05 03:18:44.692,11.38,1,,,,,,,,
1.0.0,2026-08-05 03:18:45.450,171,48.95,0,1,0.2105,8.22,0.57,1.27,63.81,83,144.22,83,24,6.88,98.61,12,15.29,328.81,0.203,1.047,1,,,,0,,15.2,52,5,2040,2589.024256,25.487
1.0.0,2026-08-05 03:18:45.811,169,,,,,,,,,,,,,,,,,,,,,2026-08-05 03:18:45.651,5.38,1,,,,,,,,
1.0.0,2026-08-05 03:18:46.588,172,69.69,0,1,0.1247,6.87,0.5,1.16,67.39,90,124.78,90,33,5.95,82.49,12,13.93,294.54,0.157,1.141,1,,,,0,,14.5,52,8,2040,2589.024256,25.017
1.0.0,2026-08-05 03:18:47.861,173,49.25,0,1,0.2005,9.46,0.53,1.3,73.85,103,157.18,103,26,6.33,113.51,12,15.65,366.52,0.172,1.265,1,,,,0,,14.7,51,5,2040,2589.024256,24.247
1.0.0,2026-08-05 03:18:48.014,171,,,,,,,,,,,,,,,,,,,,,2026-08-05 03:18:47.850,10.36,1,,,,,,,,
1.0.0,2026-08-05 03:18:48.647,170,,,,,,,,,,,,,,,,,,,,,2026-08-05 03:18:48.479,16.38,1,,,,,,,,
1.0.0,2026-08-05 03:18:49.089,174,49.34,0,1,0.1931,8.75,0.57,1.41,69.6,97,145.47,97,27,6.81,105.0,12,16.92,343.8,0.157,1.235,0,,,,0,,16.0,51,5,2040,2589.024256,24.981
1.0.0,2026-08-05 03:18:49.151,172,,,,,,,,,,,,,,,,,,,,,2026-08-05 03:18:48.988,9.24,1,,,,,,,,
1.0.0,2026-08-05 03:18:50.189,175,49.12,0,1,0.1693,9.57,0.59,1.37,70.33,88,184.57,88,28,7.12,114.87,12,16.4,393.29,0.187,1.093,1,,,,0,,15.2,51,9,2040,2589.024256,24.927
1.0.0,2026-08-05 03:18:50.421,173,,,,,,,,,,,,,,,,,,,,,2026-08-05 03:18:50.261,6.0,1,,,,,,,,
1.0.0,2026-08-05 03:18:51.402,176,49.16,0,1,0.1966,7.59,0.47,1.19,72.69,98,151.09,98,26,5.6,91.04,12,14.33,334.75,0.187,1.219,1,,,,0,,14.7,51,5,2040,2589.024256,24.98
1.0.0,2026-08-05 03:18:52.403,177,49.21,0,1,0.1831,9.07,0.54,1.4,55.57,80,124.62,80,26,6.53,108.86,12,16.76,312.34,0.156,1.0,0,,,,0,,15.1,51,5,2040,2589.024256,25.027
1.0.0,2026-08-05 03:18:52.749,175,,,,,,,,,,,,,,,,,,,,,2026-08-05 03:18:52.589,7.23,1,,,,,,,,
1.0.0,2026-08-05 03:18:53.325,174,,,,,,,,,,,,,,,,,,,,,2026-08-05 03:18:53.160,10.3,1,,,,,,,,
1.0.0,2026-08-05 03:18:53.791,178,49.27,0,1,0.2411,7.42,0.56,1.2,80.02,110,160.19,110,22,6.67,89.02,12,14.36,350.26,0.187,1.375,1,,,,0,,14.6,52,12,2040,2589.024256,24.794
1.0.0,2026-08-05 03:18:53.995,176,,,,,,,,,,,,,,,,,,,,,2026-08-05 03:18:53.802,27.38,1,,,,,,,,
1.0.0,2026-08-05 03:18:55.114,179,49.27,0,1,0.2096,7.11,0.46,1.35,149.25,107,170.91,107,29,5.48,85.27,12,16.24,427.15,0.218,1.328,0,,,,0,,15.1,51,5,2040,2589.024256,25.491
1.0.0,2026-08-05 03:18:56.051,180,49.32,0,1,0.225,6.79,0.56,1.3,57.22,74,136.42,74,21,6.67,81.43,12,15.56,297.3,0.156,0.938,1,,,,0,,15.2,51,10,2040,2589.024256,25.505
1.0.0,2026-08-05 03:18:56.351,178,,,,,,,,,,,,,,,,,,,,,2026-08-05 03:18:56.191,6.93,1,,,,,,,,
1.0.0,2026-08-05 03:18:56.649,177,,,,,,,,,,,,,,,,,,,,,2026-08-05 03:18:56.474,11.13,1,,,,,,,,
1.0.0,2026-08-05 03:18:57.202,181,49.29,0,1,0.1936,9.42,0.73,1.44,76.16,93,166.52,93,26,8.77,113.09,12,17.26,381.8,0.156,1.156,0,,,,0,,12.0,51,11,2040,2589.024256,25.522
1.0.0,2026-08-05 03:18:58.249,182,49.2,0,1,0.2106,7.1,0.55,1.36,59.22,83,171.6,83,25,6.55,85.14,12,16.32,338.83,0.188,1.047,1,,,,0,,13.4,51,5,2040,2589.024256,25.385
1.0.0,2026-08-05 03:18:58.609,180,,,,,,,,,,,,,,,,,,,,,2026-08-05 03:18:58.451,3.49,1,,,,,,,,
1.0.0,2026-08-05 03:18:59.347,179,,,,,,,,,,,,,,,,,,,,,2026-08-05 03:18:59.185,8.05,1,,,,,,,,
1.0.0,2026-08-05 03:18:59.398,183,49.14,0,1,0.1247,7.22,0.47,1.25,97.95,92,129.5,92,33,5.59,86.61,12,14.99,334.64,0.156,1.156,1,,,,0,,15.9,51,5,2040,2589.024256,25.332
1.0.0,2026-08-05 03:19:00.656,184,49.34,0,1,0.2006,13.2,0.49,1.29,70.81,102,159.97,102,26,5.89,158.38,12,15.52,410.57,0.156,1.25,1,,,,0,,14.8,52,20,2040,2589.024256,25.255
1.0.0,2026-08-05 03:19:00.809,182,,,,,,,,,,,,,,,,,,,,,2026-08-05 03:19:00.649,6.64,1,,,,,,,,
1.0.0,2026-08-05 03:19:01.434,181,,,,,,,,,,,,,,,,,,,,,2026-08-05 03:19:01.273,7.71,1,,,,,,,,
1.0.0,2026-08-05 03:19:01.937,185,49.16,0,1,0.1931,7.26,0.5,1.25,67.17,101,150.79,101,27,6.0,87.12,12,14.95,326.03,0.14,1.281,0,,,,0,,16.2,51,4,2040,2589.024256,25.146
1.0.0,2026-08-05 03:19:01.958,183,,,,,,,,,,,,,,,,,,,,,2026-08-05 03:19:01.798,5.16,1,,,,,,,,
1.0.0,2026-08-05 03:19:02.994,186,49.47,0,1,0.169,7.62,0.45,1.2,61.69,85,140.23,85,26,5.46,91.44,12,14.43,313.25,0.188,1.063,1,,,,0,,14.9,51,4,2040,2589.024256,25.13
1.0.0,2026-08-05 03:19:03.220,184,,,,,,,,,,,,,,,,,,,,,2026-08-05 03:19:03.056,10.37,1,,,,,,,,
1.0.0,2026-08-05 03:19:04.203,187,54.24,0,1,0.1977,7.86,0.55,1.25,68.75,97,179.59,95,27,6.59,94.37,12,15.02,364.32,0.187,1.203,1,,,,0,,15.1,51,2,2040,2589.024256,25.156
1.0.0,2026-08-05 03:19:05.199,188,49.22,0,1,0.1854,5.72,0.63,1.2,54.72,80,132.38,82,28,7.53,68.59,12,14.4,277.62,0.156,1.0,0,,,,0,,15.0,51,5,2040,2589.024256,25.571
1.0.0,2026-08-05 03:19:05.558,186,,,,,,,,,,,,,,,,,,,,,2026-08-05 03:19:05.394,11.08,1,,,,,,,,
1.0.0,2026-08-05 03:19:06.174,185,,,,,,,,,,,,,,,,,,,,,2026-08-05 03:19:06.008,11.45,1,,,,,,,,
1.0.0,2026-08-05 03:19:06.604,189,49.09,0,1,0.2413,7.79,0.58,1.34,85.58,112,174.35,112,22,6.93,93.52,12,16.07,376.45,0.156,1.406,1,,,,0,,15.2,52,10,2040,2589.024256,25.216
1.0.0,2026-08-05 03:19:06.768,187,,,,,,,,,,,,,,,,,,,,,2026-08-05 03:19:06.603,11.75,1,,,,,,,,
1.0.0,2026-08-05 03:19:07.902,190,49.29,0,1,0.208,15.71,0.77,1.4,89.11,104,213.28,104,24,9.22,188.56,12,16.81,516.98,0.156,1.297,0,,,,0,,14.3,51,5,2040,2589.024256,24.761
1.0.0,2026-08-05 03:19:08.855,191,49.16,0,1,0.2255,11.55,0.58,1.24,53.39,77,132.09,77,22,6.96,138.6,12,14.87,345.91,0.156,0.953,1,,,,0,,14.1,51,5,2040,2589.024256,25.501
1.0.0,2026-08-05 03:19:09.163,189,,,,,,,,,,,,,,,,,,,,,2026-08-05 03:19:09.004,4.39,1,,,,,,,,
1.0.0,2026-08-05 03:19:09.440,188,,,,,,,,,,,,,,,,,,,,,2026-08-05 03:19:09.270,16.58,1,,,,,,,,
1.0.0,2026-08-05 03:19:10.001,192,49.24,0,1,0.1938,11.48,0.74,1.43,97.61,90,190.75,90,28,8.86,137.75,12,17.17,452.14,0.156,1.141,0,,,,0,,17.6,51,5,2040,2589.024256,25.728
1.0.0,2026-08-05 03:19:11.050,193,49.36,0,1,0.2102,11.62,0.51,1.43,58.75,84,138.1,84,25,6.16,139.45,12,17.11,359.57,0.188,1.047,1,,,,0,,14.1,51,5,2040,2589.024256,25.557
1.0.0,2026-08-05 03:19:11.462,191,,,,,,,,,,,,,,,,,,,,,2026-08-05 03:19:11.255,20.96,1,,,,,,,,
1.0.0,2026-08-05 03:19:12.138,190,,,,,,,,,,,,,,,,,,,,,2026-08-05 03:19:11.973,10.87,1,,,,,,,,
1.0.0,2026-08-05 03:19:12.251,194,49.12,0,1,0.1246,6.82,0.7,1.2,75.42,97,135.83,97,32,8.45,81.81,12,14.39,315.9,0.203,1.203,1,,,,0,,15.1,51,11,2040,2589.024256,25.65
1.0.0,2026-08-05 03:19:13.492,195,49.11,0,1,0.2011,7.3,0.5,1.24,70.63,98,147.59,98,28,6.04,87.57,12,14.84,326.67,0.187,1.234,1,,,,0,,14.5,51,5,2040,2589.024256,25.232
1.0.0,2026-08-05 03:19:13.614,193,,,,,,,,,,,,,,,,,,,,,2026-08-05 03:19:13.450,11.18,1,,,,,,,,
1.0.0,2026-08-05 03:19:14.228,192,,,,,,,,,,,,,,,,,,,,,2026-08-05 03:19:14.072,3.15,1,,,,,,,,
1.0.0,2026-08-05 03:19:14.750,196,49.15,0,1,0.1931,7.42,0.51,1.24,77.18,102,155.77,102,26,6.16,88.99,12,14.85,342.95,0.156,1.266,0,,,,0,,16.4,52,13,2040,2589.024256,24.697
1.0.0,2026-08-05 03:19:14.812,194,,,,,,,,,,,,,,,,,,,,,2026-08-05 03:19:14.651,7.72,1,,,,,,,,
1.0.0,2026-08-05 03:19:15.799,197,49.04,0,1,0.1691,8.33,0.71,1.24,60.44,83,139.26,83,26,8.47,99.91,12,14.85,322.93,0.156,1.047,1,,,,0,,14.8,51,7,2040,2589.024256,25.234
1.0.0,2026-08-05 03:19:16.057,195,,,,,,,,,,,,,,,,,,,,,2026-08-05 03:19:15.892,8.69,1,,,,,,,,
1.0.0,2026-08-05 03:19:16.997,198,49.19,0,1,0.1978,8.23,0.56,1.31,105.1,96,155.1,96,27,6.69,98.72,12,15.68,381.29,0.156,1.203,1,,,,0,,16.3,51,5,2040,2589.024256,25.169
1.0.0,2026-08-05 03:19:18.046,199,49.21,0,1,0.1845,7.75,0.46,1.21,60.83,84,128.23,84,26,5.55,93.01,12,14.49,302.11,0.156,1.047,0,,,,0,,15.9,51,5,2040,2589.024256,25.324
1.0.0,2026-08-05 03:19:18.365,197,,,,,,,,,,,,,,,,,,,,,2026-08-05 03:19:18.199,11.2,1,,,,,,,,
1.0.0,2026-08-05 03:19:18.989,196,,,,,,,,,,,,,,,,,,,,,2026-08-05 03:19:18.822,13.55,1,,,,,,,,
1.0.0,2026-08-05 03:19:19.402,200,49.11,0,1,0.2434,8.0,0.58,1.3,76.75,108,172.26,108,20,6.95,96.03,12,15.57,367.56,0.141,1.359,1,,,,0,,13.1,51,11,2040,2589.024256,25.277
1.0.0,2026-08-05 03:19:19.565,198,,,,,,,,,,,,,,,,,,,,,2026-08-05 03:19:19.397,13.36,1,,,,,,,,
1.0.0,2026-08-05 03:19:20.736,201,49.14,0,1,0.1994,7.81,0.46,1.37,79.89,107,162.53,107,25,5.03,85.9,11,15.05,348.4,0.14,1.328,0,,,,0,,15.5,52,11,2040,2589.024256,24.386
1.0.0,2026-08-05 03:19:21.691,202,49.09,0,1,0.2249,7.7,0.49,1.29,55.12,76,126.42,76,22,5.82,92.35,12,15.48,295.19,0.14,0.953,1,,,,0,,16.1,52,17,2040,2589.024256,25.822
1.0.0,2026-08-05 03:19:21.983,200,,,,,,,,,,,,,,,,,,,,,2026-08-05 03:19:21.802,29.09,1,,,,,,,,
1.0.0,2026-08-05 03:19:22.281,199,,,,,,,,,,,,,,,,,,,,,2026-08-05 03:19:22.118,9.43,1,,,,,,,,
1.0.0,2026-08-05 03:19:22.863,203,63.03,0,1,0.1934,6.61,0.48,1.2,72.21,95,167.6,92,25,5.74,79.33,12,14.38,339.26,0.203,1.172,0,,,,0,,17.3,51,5,2040,2589.024256,25.094
1.0.0,2026-08-05 03:19:23.853,204,49.2,0,1,0.2111,6.87,0.47,1.23,56.73,79,139.85,82,24,5.59,82.4,12,14.74,299.31,0.172,1.0,1,,,,0,,16.0,51,5,2040,2589.024256,25.196
1.0.0,2026-08-05 03:19:24.253,202,,,,,,,,,,,,,,,,,,,,,2026-08-05 03:19:24.091,7.69,1,,,,,,,,
1.0.0,2026-08-05 03:19:24.979,201,,,,,,,,,,,,,,,,,,,,,2026-08-05 03:19:24.808,17.25,1,,,,,,,,
1.0.0,2026-08-05 03:19:25.051,205,49.33,0,1,0.1245,8.29,0.49,1.25,70.14,95,133.94,95,32,5.88,99.45,12,14.98,324.39,0.188,1.188,1,,,,0,,15.9,51,5,2040,2589.024256,25.358
1.0.0,2026-08-05 03:19:26.301,206,49.17,0,1,0.2003,7.89,0.47,1.25,74.54,100,146.8,100,27,5.58,94.72,12,15.01,336.65,0.156,1.25,1,,,,0,,16.0,51,11,2040,2589.024256,25.353
1.0.0,2026-08-05 03:19:26.414,204,,,,,,,,,,,,,,,,,,,,,2026-08-05 03:19:26.253,6.1,1,,,,,,,,
1.0.0,2026-08-05 03:19:27.102,203,,,,,,,,,,,,,,,,,,,,,2026-08-05 03:19:26.934,14.33,1,,,,,,,,
1.0.0,2026-08-05 03:19:27.546,207,49.24,0,1,0.1932,10.48,0.57,1.23,75.46,100,151.92,100,27,6.83,125.7,12,14.74,374.65,0.156,1.25,0,,,,0,,15.8,52,6,2040,2589.024256,25.114
1.0.0,2026-08-05 03:19:27.617,205,,,,,,,,,,,,,,,,,,,,,2026-08-05 03:19:27.451,11.58,1,,,,,,,,
1.0.0,2026-08-05 03:19:28.606,208,49.25,0,1,0.1692,13.54,0.52,1.33,63.29,86,141.64,86,28,6.23,162.52,12,15.92,389.6,0.156,1.062,1,,,,0,,15.8,52,14,2040,2589.024256,25.463
1.0.0,2026-08-05 03:19:28.862,206,,,,,,,,,,,,,,,,,,,,,2026-08-05 03:19:28.701,7.72,1,,,,,,,,
1.0.0,2026-08-05 03:19:29.795,209,49.24,0,1,0.1979,7.46,0.51,1.18,65.09,94,147.54,94,27,6.07,89.53,12,14.18,322.41,0.156,1.188,1,,,,0,,15.9,51,6,2040,2589.024256,25.0
1.0.0,2026-08-05 03:19:30.851,210,49.23,0,1,0.1873,7.81,0.51,1.3,63.78,84,135.89,84,27,6.13,93.75,12,15.55,315.1,0.141,1.047,0,,,,0,,16.5,51,4,2040,2589.024256,25.363
1.0.0,2026-08-05 03:19:31.172,208,,,,,,,,,,,,,,,,,,,,,2026-08-05 03:19:31.006,11.4,1,,,,,,,,
1.0.0,2026-08-05 03:19:31.788,207,,,,,,,,,,,,,,,,,,,,,2026-08-05 03:19:31.617,16.1,1,,,,,,,,
1.0.0,2026-08-05 03:19:32.200,211,56.99,0,1,0.2416,8.45,0.46,1.27,80.22,109,171.2,109,23,5.56,101.38,12,15.25,373.61,0.156,1.359,1,,,,0,,17.6,51,3,2040,2589.024256,25.414
1.0.0,2026-08-05 03:19:32.363,209,,,,,,,,,,,,,,,,,,,,,2026-08-05 03:19:32.195,15.1,1,,,,,,,,
1.0.0,2026-08-05 03:19:33.546,212,48.91,0,1,0.2034,7.18,0.54,1.2,76.11,107,159.83,107,27,6.45,86.15,12,14.39,342.93,0.141,1.344,0,,,,0,,15.9,52,5,2040,2589.024256,25.425
1.0.0,2026-08-05 03:19:34.501,213,49.12,0,1,0.2251,7.28,0.49,1.23,55.8,77,128.32,77,21,5.93,87.34,12,14.8,292.19,0.156,0.953,1,,,,0,,15.0,51,5,2040,2589.024256,25.782
1.0.0,2026-08-05 03:19:34.768,211,,,,,,,,,,,,,,,,,,,,,2026-08-05 03:19:34.600,13.8,1,,,,,,,,
1.0.0,2026-08-05 03:19:35.085,210,,,,,,,,,,,,,,,,,,,,,2026-08-05 03:19:34.922,9.55,1,,,,,,,,
1.0.0,2026-08-05 03:19:35.610,214,49.1,0,1,0.1945,7.41,0.55,1.26,66.23,89,141.75,89,27,6.65,88.92,12,15.18,318.73,0.172,1.109,0,,,,0,,15.6,52,12,2040,2589.024256,25.695
1.0.0,2026-08-05 03:19:36.701,215,49.24,0,1,0.2108,6.9,0.48,1.29,63.73,86,138.14,86,23,5.74,82.76,12,15.47,305.84,0.219,1.094,1,,,,0,,16.3,52,16,2040,2589.024256,25.639
1.0.0,2026-08-05 03:19:37.067,213,,,,,,,,,,,,,,,,,,,,,2026-08-05 03:19:36.901,12.03,1,,,,,,,,
1.0.0,2026-08-05 03:19:37.784,212,,,,,,,,,,,,,,,,,,,,,2026-08-05 03:19:37.617,13.16,1,,,,,,,,
1.0.0,2026-08-05 03:19:37.891,216,49.12,0,1,0.1246,10.91,0.53,1.39,69.53,95,136.12,95,33,6.38,130.92,12,16.7,359.65,0.188,1.188,1,,,,0,,15.1,51,5,2040,2589.024256,25.382
1.0.0,2026-08-05 03:19:39.093,217,49.38,0,1,0.2006,8.43,0.48,1.38,71.85,96,153.95,96,28,5.79,101.19,12,16.6,349.38,0.157,1.203,1,,,,0,,15.0,51,5,2040,2589.024256,25.602
1.0.0,2026-08-05 03:19:39.264,215,,,,,,,,,,,,,,,,,,,,,2026-08-05 03:19:39.101,8.72,1,,,,,,,,
1.0.0,2026-08-05 03:19:39.851,214,,,,,,,,,,,,,,,,,,,,,2026-08-05 03:19:39.682,14.83,1,,,,,,,,
1.0.0,2026-08-05 03:19:40.403,218,49.12,0,1,0.1934,6.16,0.55,1.18,84.84,105,154.68,105,27,6.62,73.87,12,14.15,334.16,0.188,1.297,0,,,,0,,16.0,51,9,2040,2589.024256,25.479
1.0.0,2026-08-05 03:19:40.484,216,,,,,,,,,,,,,,,,,,,,,2026-08-05 03:19:40.291,8.8,1,,,,,,,,
1.0.0,2026-08-05 03:19:41.438,219,49.12,0,1,0.169,5.94,0.48,1.25,58.47,83,166.94,83,28,5.78,71.22,12,15.0,317.41,0.171,1.046,1,,,,0,,18.8,52,5,2040,2589.024256,25.13
1.0.0,2026-08-05 03:19:41.674,217,,,,,,,,,,,,,,,,,,,,,2026-08-05 03:19:41.493,27.0,1,,,,,,,,
1.0.0,2026-08-05 03:19:42.651,220,47.98,0,1,0.1979,6.46,0.48,1.16,71.29,97,180.07,97,26,5.78,77.56,12,13.88,348.58,0.172,1.219,1,,,,0,,17.7,52,13,2040,2589.024256,25.298
1.0.0,2026-08-05 03:19:43.691,221,49.06,0,1,0.186,7.25,0.45,1.24,57.94,83,122.81,83,27,5.42,86.95,12,14.87,287.99,0.187,1.031,0,,,,0,,16.2,52,16,2040,2589.024256,25.28
1.0.0,2026-08-05 03:19:44.004,219,,,,,,,,,,,,,,,,,,,,,2026-08-05 03:19:43.838,12.79,1,,,,,,,,
1.0.0,2026-08-05 03:19:44.639,218,,,,,,,,,,,,,,,,,,,,,2026-08-05 03:19:44.474,11.2,1,,,,,,,,
1.0.0,2026-08-05 03:19:45.049,222,49.28,0,1,0.2411,7.79,0.57,1.25,77.38,109,167.14,109,22,6.8,93.45,12,15.04,359.81,0.156,1.36,1,,,,0,,15.8,52,5,2040,2589.024256,24.665
1.0.0,2026-08-05 03:19:45.214,220,,,,,,,,,,,,,,,,,,,,,2026-08-05 03:19:45.051,8.53,1,,,,,,,,
1.0.0,2026-08-05 03:19:46.352,223,49.21,0,1,0.2091,8.27,0.59,1.37,80.87,104,163.08,104,28,7.05,99.28,12,16.38,366.66,0.141,1.297,0,,,,0,,16.0,52,10,2040,2589.024256,25.583
1.0.0,2026-08-05 03:19:47.300,224,49.29,0,1,0.2253,10.15,0.48,3.99,57.83,76,135.89,76,21,5.71,121.75,12,47.88,369.06,0.156,0.953,1,,,,0,,16.0,52,5,2040,2589.024256,25.129
1.0.0,2026-08-05 03:19:47.617,222,,,,,,,,,,,,,,,,,,,,,2026-08-05 03:19:47.449,11.96,1,,,,,,,,
1.0.0,2026-08-05 03:19:47.923,221,,,,,,,,,,,,,,,,,,,,,2026-08-05 03:19:47.763,7.39,1,,,,,,,,
1.0.0,2026-08-05 03:19:48.447,225,49.36,0,1,0.1937,7.82,0.78,1.29,71.31,92,146.38,92,28,9.32,93.86,12,15.5,336.37,0.141,1.156,0,,,,0,,15.7,52,5,2040,2589.024256,25.384
1.0.0,2026-08-05 03:19:49.502,226,49.25,0,1,0.2106,7.93,0.64,1.46,61.07,84,139.4,84,26,7.71,95.13,12,17.54,320.85,0.188,1.047,1,,,,0,,15.8,52,5,2040,2589.024256,25.351
1.0.0,2026-08-05 03:19:49.861,224,,,,,,,,,,,,,,,,,,,,,2026-08-05 03:19:49.700,6.1,1,,,,,,,,
1.0.0,2026-08-05 03:19:50.581,223,,,,,,,,,,,,,,,,,,,,,2026-08-05 03:19:50.423,3.82,1,,,,,,,,
1.0.0,2026-08-05 03:19:50.657,227,49.23,0,1,0.1248,7.66,0.65,1.14,78.5,93,135.85,93,32,7.78,91.88,12,13.67,327.68,0.156,1.156,1,,,,0,,11.1,52,15,2040,2589.024256,25.111
1.0.0,2026-08-05 03:19:51.902,228,62.48,0,1,0.201,7.96,0.55,1.32,71.43,99,152.05,99,28,6.64,95.48,12,15.81,341.41,0.141,1.235,1,,,,0,,13.4,52,5,2040,2589.024256,24.924
1.0.0,2026-08-05 03:19:52.066,226,,,,,,,,,,,,,,,,,,,,,2026-08-05 03:19:51.902,10.3,1,,,,,,,,
1.0.0,2026-08-05 03:19:52.681,225,,,,,,,,,,,,,,,,,,,,,2026-08-05 03:19:52.518,9.4,1,,,,,,,,
1.0.0,2026-08-05 03:19:53.207,229,49.11,0,1,0.1931,7.01,0.48,1.38,74.79,105,155.0,105,27,5.82,84.11,12,16.6,336.32,0.156,1.312,0,,,,0,,18.5,52,5,2040,2589.024256,25.261
1.0.0,2026-08-05 03:19:53.213,227,,,,,,,,,,,,,,,,,,,,,2026-08-05 03:19:53.057,2.48,1,,,,,,,,
1.0.0,2026-08-05 03:19:54.246,230,49.26,0,1,0.1692,8.05,0.55,1.3,64.19,83,137.61,83,27,6.55,96.6,12,15.64,320.59,0.172,1.047,1,,,,0,,15.6,52,5,2040,2589.024256,24.851
1.0.0,2026-08-05 03:19:54.461,228,,,,,,,,,,,,,,,,,,,,,2026-08-05 03:19:54.302,4.63,1,,,,,,,,
1.0.0,2026-08-05 03:19:55.436,231,49.33,0,1,0.198,7.02,0.48,1.19,66.21,95,176.51,95,28,5.77,84.23,12,14.31,347.03,0.14,1.187,1,,,,0,,15.5,52,5,2040,2589.024256,25.083
1.0.0,2026-08-05 03:19:56.451,232,49.2,0,1,0.1847,7.97,0.63,1.21,94.91,82,136.33,82,27,7.52,95.61,12,14.53,348.9,0.156,1.016,0,,,,0,,15.9,52,5,2040,2589.024256,25.293
1.0.0,2026-08-05 03:19:56.810,230,,,,,,,,,,,,,,,,,,,,,2026-08-05 03:19:56.646,9.4,1,,,,,,,,
1.0.0,2026-08-05 03:19:57.435,229,,,,,,,,,,,,,,,,,,,,,2026-08-05 03:19:57.278,3.31,1,,,,,,,,
1.0.0,2026-08-05 03:19:57.858,233,49.13,0,1,0.2414,7.76,0.48,1.26,80.6,113,172.75,113,21,5.8,93.06,12,15.07,367.28,0.172,1.406,1,,,,0,,15.9,52,6,2040,2589.024256,24.218
1.0.0,2026-08-05 03:19:58.003,231,,,,,,,,,,,,,,,,,,,,,2026-08-05 03:19:57.836,12.81,1,,,,,,,,
1.0.0,2026-08-05 03:19:59.193,234,30.16,0,1,0.2067,7.23,0.56,1.25,76.36,105,162.69,105,28,6.67,86.71,12,14.99,347.42,0.187,1.328,0,,,,0,,15.6,52,4,2040,2589.024256,25.446
1.0.0,2026-08-05 03:20:00.164,235,63.91,0,1,0.2254,7.3,0.6,1.19,57.08,79,132.55,76,22,7.25,87.62,12,14.29,298.79,0.172,0.985,1,,,,0,,15.9,52,4,2040,2589.024256,25.373
1.0.0,2026-08-05 03:20:00.422,233,,,,,,,,,,,,,,,,,,,,,2026-08-05 03:20:00.258,8.39,1,,,,,,,,
1.0.0,2026-08-05 03:20:00.687,232,,,,,,,,,,,,,,,,,,,,,2026-08-05 03:20:00.522,12.54,1,,,,,,,,
1.0.0,2026-08-05 03:20:01.248,236,42.89,0,1,0.1945,6.1,0.47,1.15,70.32,86,158.32,89,27,5.63,73.16,12,13.75,321.18,0.156,1.078,0,,,,0,,15.5,51,4,2040,2589.024256,25.641
1.0.0,2026-08-05 03:20:02.300,237,40.34,0,1,0.2103,7.44,0.51,1.34,55.74,84,138.65,84,25,6.12,89.32,12,16.07,305.9,0.188,1.047,1,,,,0,,11.3,52,5,2040,2589.024256,25.286
1.0.0,2026-08-05 03:20:02.736,235,,,,,,,,,,,,,,,,,,,,,2026-08-05 03:20:02.564,17.26,1,,,,,,,,
1.0.0,2026-08-05 03:20:03.435,234,,,,,,,,,,,,,,,,,,,,,2026-08-05 03:20:03.264,17.27,1,,,,,,,,
1.0.0,2026-08-05 03:20:03.445,238,49.2,0,1,0.124,7.77,0.51,1.27,66.83,92,164.26,92,34,6.12,93.19,12,15.27,345.67,0.156,1.156,1,,,,0,,17.4,52,5,2040,2589.024256,25.582
1.0.0,2026-08-05 03:20:04.746,239,49.19,0,1,0.2004,7.81,0.46,1.28,78.79,104,155.93,104,25,5.47,93.7,12,15.4,349.29,0.172,1.297,1,,,,0,,14.9,52,11,2040,2589.024256,25.121
1.0.0,2026-08-05 03:20:04.858,237,,,,,,,,,,,,,,,,,,,,,2026-08-05 03:20:04.702,2.59,1,,,,,,,,
1.0.0,2026-08-05 03:20:05.505,236,,,,,,,,,,,,,,,,,,,,,2026-08-05 03:20:05.319,32.15,1,,,,,,,,
1.0.0,2026-08-05 03:20:05.996,240,49.22,0,1,0.1931,7.31,0.54,1.2,66.52,100,148.92,100,28,6.5,87.71,12,14.36,324.01,0.141,1.25,0,,,,0,,16.2,52,5,2040,2589.024256,24.779
1.0.0,2026-08-05 03:20:06.016,238,,,,,,,,,,,,,,,,,,,,,2026-08-05 03:20:05.845,17.94,1,,,,,,,,
1.0.0,2026-08-05 03:20:07.049,241,49.27,0,1,0.1691,8.27,0.53,1.3,61.35,84,136.36,84,28,6.3,99.28,12,15.57,318.86,0.156,1.047,1,,,,0,,16.7,51,5,2040,2589.024256,25.403
1.0.0,2026-08-05 03:20:07.307,239,,,,,,,,,,,,,,,,,,,,,2026-08-05 03:20:07.146,9.29,1,,,,,,,,
1.0.0,2026-08-05 03:20:08.252,242,49.16,0,1,0.1983,7.11,0.6,1.27,66.4,96,182.64,96,28,7.16,85.27,12,15.29,356.76,0.156,1.203,1,,,,0,,15.5,52,10,2040,2589.024256,25.362
1.0.0,2026-08-05 03:20:09.301,243,49.27,0,1,0.187,8.05,0.56,1.29,61.77,84,128.88,84,26,6.66,96.6,12,15.53,309.44,0.156,1.047,0,,,,0,,16.0,52,5,2040,2589.024256,25.129
1.0.0,2026-08-05 03:20:09.645,241,,,,,,,,,,,,,,,,,,,,,2026-08-05 03:20:09.449,40.78,1,,,,,,,,
1.0.0,2026-08-05 03:20:10.229,240,,,,,,,,,,,,,,,,,,,,,2026-08-05 03:20:10.067,8.76,1,,,,,,,,
1.0.0,2026-08-05 03:20:10.652,244,49.25,0,1,0.2422,6.73,0.6,1.31,80.73,108,171.13,108,23,7.15,80.81,12,15.69,355.51,0.156,1.359,1,,,,0,,15.9,52,7,2040,2589.024256,25.127
1.0.0,2026-08-05 03:20:10.814,242,,,,,,,,,,,,,,,,,,,,,2026-08-05 03:20:10.652,7.32,1,,,,,,,,
1.0.0,2026-08-05 03:20:11.995,245,49.46,0,1,0.2052,6.82,0.47,1.11,90.15,108,176.35,108,26,5.69,81.89,12,13.34,367.42,0.203,1.344,0,,,,0,,15.5,52,5,2040,2589.024256,24.735
1.0.0,2026-08-05 03:20:12.936,246,49.15,0,1,0.225,9.02,0.67,1.54,55.67,75,135.61,75,20,8.09,108.24,12,18.43,326.04,0.14,0.937,1,,,,0,,15.1,52,5,2040,2589.024256,25.458
1.0.0,2026-08-05 03:20:13.211,244,,,,,,,,,,,,,,,,,,,,,2026-08-05 03:20:13.052,5.37,1,,,,,,,,
1.0.0,2026-08-05 03:20:13.538,243,,,,,,,,,,,,,,,,,,,,,2026-08-05 03:20:13.372,12.16,1,,,,,,,,
1.0.0,2026-08-05 03:20:14.101,247,49.19,0,1,0.1933,11.27,0.59,1.39,65.83,93,142.83,93,25,7.07,135.27,12,16.68,367.68,0.188,1.157,0,,,,0,,14.9,52,5,2040,2589.024256,25.404
1.0.0,2026-08-05 03:20:15.093,248,49.27,0,1,0.2112,9.05,0.52,1.41,61.01,80,136.59,80,24,6.29,108.59,12,16.98,329.46,0.141,1.0,1,,,,0,,16.8,52,5,2040,2589.024256,25.549
1.0.0,2026-08-05 03:20:15.504,246,,,,,,,,,,,,,,,,,,,,,2026-08-05 03:20:15.336,14.01,1,,,,,,,,
1.0.0,2026-08-05 03:20:16.233,245,,,,,,,,,,,,,,,,,,,,,2026-08-05 03:20:16.066,12.79,1,,,,,,,,
1.0.0,2026-08-05 03:20:16.317,249,53.78,0,1,0.1248,11.85,0.51,1.41,118.59,98,136.08,95,32,6.13,142.14,12,16.87,419.81,0.188,1.218,1,,,,0,,15.7,52,5,2040,2589.024256,25.501
1.0.0,2026-08-05 03:20:17.548,250,49.22,0,1,0.2005,7.95,0.51,1.27,75.3,98,157.16,101,26,6.12,95.4,12,15.18,349.16,0.141,1.235,1,,,,0,,15.5,52,5,2040,2589.024256,25.122
1.0.0,2026-08-05 03:20:17.661,248,,,,,,,,,,,,,,,,,,,,,2026-08-05 03:20:17.493,14.93,1,,,,,,,,
1.0.0,2026-08-05 03:20:18.332,247,,,,,,,,,,,,,,,,,,,,,2026-08-05 03:20:18.172,7.64,1,,,,,,,,
1.0.0,2026-08-05 03:20:18.821,251,62.4,0,1,0.1932,7.36,0.59,1.37,70.5,102,183.56,99,28,7.14,88.32,12,16.39,365.91,0.156,1.281,0,,,,0,,16.3,52,15,2040,2589.024256,24.903
1.0.0,2026-08-05 03:20:18.881,249,,,,,,,,,,,,,,,,,,,,,2026-08-05 03:20:18.717,11.58,1,,,,,,,,
1.0.0,2026-08-05 03:20:19.857,252,58.14,0,1,0.1693,8.32,0.64,1.27,57.81,84,139.72,84,28,7.65,99.85,12,15.27,320.3,0.141,1.031,1,,,,0,,15.8,52,9,2040,2589.024256,25.479
1.0.0,2026-08-05 03:20:20.112,250,,,,,,,,,,,,,,,,,,,,,2026-08-05 03:20:19.948,10.56,1,,,,,,,,
1.0.0,2026-08-05 03:20:21.047,253,49.21,0,1,0.1981,8.43,0.5,1.28,65.93,94,148.67,97,25,5.95,101.16,12,15.36,337.07,0.156,1.188,1,,,,0,,16.6,52,5,2040,2589.024256,25.208
1.0.0,2026-08-05 03:20:22.089,254,49.58,0,1,0.186,7.58,0.54,1.34,62.27,83,135.84,83,27,6.48,90.95,12,16.04,311.58,0.157,1.047,0,,,,0,,16.9,52,4,2040,2589.024256,25.477
1.0.0,2026-08-05 03:20:22.428,252,,,,,,,,,,,,,,,,,,,,,2026-08-05 03:20:22.257,16.93,1,,,,,,,,
1.0.0,2026-08-05 03:20:23.053,251,,,,,,,,,,,,,,,,,,,,,2026-08-05 03:20:22.893,7.67,1,,,,,,,,
1.0.0,2026-08-05 03:20:23.484,255,49.33,0,1,0.2416,8.98,0.57,1.48,90.3,112,182.5,112,23,6.87,107.72,12,17.78,405.17,0.172,1.39,1,,,,0,,15.5,52,5,2040,2589.024256,25.31
1.0.0,2026-08-05 03:20:23.617,253,,,,,,,,,,,,,,,,,,,,,2026-08-05 03:20:23.447,15.48,1,,,,,,,,
1.0.0,2026-08-05 03:20:24.790,256,49.25,0,1,0.202,7.98,0.57,1.27,73.79,104,158.28,104,28,6.82,95.76,12,15.19,349.84,0.156,1.313,0,,,,0,,15.7,52,14,2040,2589.024256,24.665
1.0.0,2026-08-05 03:20:25.743,257,49.34,0,1,0.2252,7.19,0.47,1.26,51.8,77,163.27,77,23,5.6,86.22,12,15.12,322.01,0.156,0.953,1,,,,0,,15.4,52,17,2040,2589.024256,25.875
1.0.0,2026-08-05 03:20:26.071,255,,,,,,,,,,,,,,,,,,,,,2026-08-05 03:20:25.884,13.32,1,,,,,,,,
1.0.0,2026-08-05 03:20:26.326,254,,,,,,,,,,,,,,,,,,,,,2026-08-05 03:20:26.160,13.11,1,,,,,,,,
1.0.0,2026-08-05 03:20:26.901,258,49.03,0,1,0.1934,7.73,0.46,1.27,67.15,92,148.67,92,26,5.54,92.76,12,15.22,329.34,0.188,1.141,0,,,,0,,15.3,52,7,2040,2589.024256,24.759
1.0.0,2026-08-05 03:20:27.937,259,49.12,0,1,0.2106,6.16,0.58,1.18,56.52,83,137.79,83,25,6.96,73.89,12,14.19,289.35,0.171,1.046,1,,,,0,,15.3,52,5,2040,2589.024256,25.297
1.0.0,2026-08-05 03:20:28.317,257,,,,,,,,,,,,,,,,,,,,,2026-08-05 03:20:28.143,19.81,1,,,,,,,,
1.0.0,2026-08-05 03:20:29.025,256,,,,,,,,,,,,,,,,,,,,,2026-08-05 03:20:28.861,10.33,1,,,,,,,,
1.0.0,2026-08-05 03:20:29.086,260,49.2,0,1,0.1248,6.43,0.65,1.23,66.56,92,129.07,92,33,7.74,77.14,12,14.71,295.22,0.141,1.157,1,,,,0,,16.4,52,6,2040,2589.024256,25.155
1.0.0,2026-08-05 03:20:30.356,261,49.16,0,1,0.2008,8.04,0.6,1.39,104.51,102,158.57,102,27,7.21,96.5,12,16.65,383.44,0.172,1.265,1,,,,0,,16.2,52,4,2040,2589.024256,25.153
1.0.0,2026-08-05 03:20:30.505,259,,,,,,,,,,,,,,,,,,,,,2026-08-05 03:20:30.337,14.99,1,,,,,,,,
1.0.0,2026-08-05 03:20:31.129,258,,,,,,,,,,,,,,,,,,,,,2026-08-05 03:20:30.972,3.5,1,,,,,,,,
1.0.0,2026-08-05 03:20:31.654,260,,,,,,,,,,,,,,,,,,,,,2026-08-05 03:20:31.486,14.07,1,,,,,,,,
1.0.0,2026-08-05 03:20:31.664,262,48.94,0,1,0.1932,8.13,0.54,1.29,79.24,105,161.0,105,27,6.53,97.51,12,15.53,359.81,0.203,1.297,0,,,,0,,15.3,52,7,2040,2589.024256,25.201
1.0.0,2026-08-05 03:20:32.698,263,49.31,0,1,0.1691,6.3,0.51,1.16,61.5,82,132.9,82,28,6.08,75.61,12,13.91,290.0,0.203,1.047,1,,,,0,,15.3,52,10,2040,2589.024256,25.472
1.0.0,2026-08-05 03:20:32.923,261,,,,,,,,,,,,,,,,,,,,,2026-08-05 03:20:32.756,12.89,1,,,,,,,,
1.0.0,2026-08-05 03:20:33.861,264,49.17,0,1,0.1981,13.31,0.55,1.25,74.62,94,145.98,94,27,6.54,159.77,12,14.95,401.86,0.156,1.156,1,,,,0,,14.8,52,8,2040,2589.024256,25.021
1.0.0,2026-08-05 03:20:34.950,265,49.22,0,1,0.185,14.24,0.49,1.39,62.4,86,133.79,86,26,5.85,170.87,12,16.68,389.59,0.203,1.094,0,,,,0,,15.8,52,5,2040,2589.024256,25.464
1.0.0,2026-08-05 03:20:35.269,263,,,,,,,,,,,,,,,,,,,,,2026-08-05 03:20:35.098,16.44,1,,,,,,,,
1.0.0,2026-08-05 03:20:35.892,262,,,,,,,,,,,,,,,,,,,,,2026-08-05 03:20:35.736,4.67,1,,,,,,,,
1.0.0,2026-08-05 03:20:36.293,266,49.29,0,1,0.2406,8.85,0.47,1.4,72.6,108,161.69,108,22,5.66,106.24,12,16.76,362.95,0.141,1.344,1,,,,0,,18.6,52,5,2040,2589.024256,25.529
1.0.0,2026-08-05 03:20:36.436,264,,,,,,,,,,,,,,,,,,,,,2026-08-05 03:20:36.261,11.4,1,,,,,,,,
1.0.0,2026-08-05 03:20:37.649,267,49.16,0,1,0.2046,7.44,0.46,1.32,80.72,108,173.27,108,28,5.49,89.22,12,15.88,364.58,0.203,1.359,0,,,,0,,15.6,52,7,2040,2589.024256,25.08
1.0.0,2026-08-05 03:20:38.550,268,50.9,0,1,0.2256,7.22,0.45,1.34,52.9,72,124.7,72,22,5.45,86.6,12,16.07,285.72,0.156,0.891,1,,,,0,,16.4,52,5,2040,2589.024256,25.557
1.0.0,2026-08-05 03:20:38.863,266,,,,,,,,,,,,,,,,,,,,,2026-08-05 03:20:38.693,15.93,1,,,,,,,,
1.0.0,2026-08-05 03:20:39.180,265,,,,,,,,,,,,,,,,,,,,,2026-08-05 03:20:39.022,4.93,1,,,,,,,,
1.0.0,2026-08-05 03:20:39.703,269,49.12,0,1,0.1936,7.11,0.5,1.27,66.85,93,147.2,93,28,5.96,85.36,12,15.25,320.62,0.141,1.156,0,,,,0,,15.6,52,12,2040,2589.024256,25.301
1.0.0,2026-08-05 03:20:40.752,270,49.28,0,1,0.2106,6.72,0.52,1.3,58.97,83,166.37,83,25,6.18,80.61,12,15.55,327.68,0.188,1.047,1,,,,0,,15.5,52,14,2040,2589.024256,25.409
1.0.0,2026-08-05 03:20:41.116,268,,,,,,,,,,,,,,,,,,,,,2026-08-05 03:20:40.950,11.99,1,,,,,,,,
1.0.0,2026-08-05 03:20:41.886,267,,,,,,,,,,,,,,,,,,,,,2026-08-05 03:20:41.720,10.84,1,,,,,,,,
1.0.0,2026-08-05 03:20:41.907,271,49.13,0,1,0.1246,9.26,0.52,1.36,65.65,94,129.23,94,34,6.27,111.13,12,16.29,328.57,0.14,1.156,1,,,,0,,16.8,52,5,2040,2589.024256,25.249
1.0.0,2026-08-05 03:20:43.188,272,49.22,0,1,0.2013,10.88,0.53,1.27,71.17,101,159.26,101,28,6.39,130.52,12,15.18,382.52,0.188,1.281,1,,,,0,,16.8,52,5,2040,2589.024256,25.557
1.0.0,2026-08-05 03:20:43.312,270,,,,,,,,,,,,,,,,,,,,,2026-08-05 03:20:43.152,5.0,1,,,,,,,,
1.0.0,2026-08-05 03:20:43.941,269,,,,,,,,,,,,,,,,,,,,,2026-08-05 03:20:43.775,13.03,1,,,,,,,,
1.0.0,2026-08-05 03:20:44.456,273,49.17,0,1,0.1932,8.41,0.49,1.16,107.6,103,169.62,103,27,5.9,100.94,12,13.96,398.02,0.156,1.266,0,,,,0,,14.8,52,5,2040,2589.024256,25.172
1.0.0,2026-08-05 03:20:44.475,271,,,,,,,,,,,,,,,,,,,,,2026-08-05 03:20:44.307,13.38,1,,,,,,,,
1.0.0,2026-08-05 03:20:45.495,274,49.3,0,1,0.1691,9.06,0.68,1.38,61.94,82,175.07,82,26,8.14,108.69,12,16.56,370.4,0.156,1.047,1,,,,0,,15.5,52,5,2040,2589.024256,25.443
1.0.0,2026-08-05 03:20:45.784,272,,,,,,,,,,,,,,,,,,,,,2026-08-05 03:20:45.588,9.99,1,,,,,,,,
1.0.0,2026-08-05 03:20:46.700,275,49.12,0,1,0.1981,8.51,0.65,1.23,68.37,97,142.65,97,28,7.82,102.15,12,14.74,335.73,0.156,1.203,1,,,,0,,15.4,52,13,2040,2589.024256,25.149
1.0.0,2026-08-05 03:20:47.736,276,49.27,0,1,0.183,8.01,0.52,1.22,57.67,82,125.83,82,26,6.25,96.08,12,14.7,300.53,0.187,1.031,0,,,,0,,15.5,52,15,2040,2589.024256,25.57
1.0.0,2026-08-05 03:20:48.063,274,,,,,,,,,,,,,,,,,,,,,2026-08-05 03:20:47.895,15.42,1,,,,,,,,
1.0.0,2026-08-05 03:20:48.695,273,,,,,,,,,,,,,,,,,,,,,2026-08-05 03:20:48.527,14.13,1,,,,,,,,
1.0.0,2026-08-05 03:20:49.102,277,49.22,0,1,0.2416,7.78,0.47,1.48,80.25,110,171.46,110,22,5.7,93.4,12,17.75,368.56,0.156,1.375,1,,,,0,,15.4,51,5,2040,2589.024256,24.83
1.0.0,2026-08-05 03:20:49.266,275,,,,,,,,,,,,,,,,,,,,,2026-08-05 03:20:49.100,12.23,1,,,,,,,,
1.0.0,2026-08-05 03:20:50.486,278,49.18,0,1,0.2038,13.57,0.6,1.41,75.91,110,174.2,110,30,7.26,162.87,12,16.93,437.17,0.172,1.375,1,,,,0,,15.1,52,5,2040,2589.024256,25.175
1.0.0,2026-08-05 03:20:51.387,279,49.25,0,1,0.2254,7.42,0.53,1.25,52.31,72,125.37,72,22,6.33,89.06,12,15.06,288.13,0.204,0.907,1,,,,0,,15.1,52,5,2040,2589.024256,25.175
1.0.0,2026-08-05 03:20:51.663,277,,,,,,,,,,,,,,,,,,,,,2026-08-05 03:20:51.502,7.4,1,,,,,,,,
1.0.0,2026-08-05 03:20:52.000,276,,,,,,,,,,,,,,,,,,,,,2026-08-05 03:20:51.807,8.93,1,,,,,,,,
1.0.0,2026-08-05 03:20:52.498,280,49.05,0,1,0.1938,12.67,0.6,1.34,64.87,89,144.68,89,26,7.14,152.02,12,16.08,384.79,0.156,1.109,0,,,,0,,15.8,52,5,2040,2589.024256,25.36
1.0.0,2026-08-05 03:20:53.052,278,,,,,,,,,,,,,,,,,,,,,2026-08-05 03:20:52.886,13.14,1,,,,,,,,
1.0.0,2026-08-05 03:20:53.553,281,48.89,0,1,0.2103,11.22,0.57,4.16,92.26,84,143.87,84,24,6.82,134.65,12,49.96,427.56,0.188,1.047,1,,,,0,,15.6,52,5,2040,2589.024256,25.342
1.0.0,2026-08-05 03:20:53.954,279,,,,,,,,,,,,,,,,,,,,,2026-08-05 03:20:53.787,11.99,1,,,,,,,,
1.0.0,2026-08-05 03:20:54.743,282,49.05,0,1,0.1247,10.58,0.95,1.43,80.92,96,139.18,96,32,11.44,126.94,12,17.12,375.6,0.172,1.203,1,,,,0,,14.9,52,15,2040,2589.024256,25.382
1.0.0,2026-08-05 03:20:55.994,283,49.22,0,1,0.2004,8.44,0.53,1.28,70.55,100,155.38,100,26,6.41,101.26,12,15.3,348.9,0.156,1.25,1,,,,0,,14.8,51,5,2040,2589.024256,25.091
1.0.0,2026-08-05 03:20:56.146,281,,,,,,,,,,,,,,,,,,,,,2026-08-05 03:20:55.953,11.55,1,,,,,,,,
1.0.0,2026-08-05 03:20:56.730,280,,,,,,,,,,,,,,,,,,,,,2026-08-05 03:20:56.569,8.17,1,,,,,,,,
1.0.0,2026-08-05 03:20:57.251,284,41.63,0,1,0.1932,7.07,0.5,1.22,68.34,101,150.45,101,29,6.03,84.86,12,14.66,324.34,0.156,1.25,0,,,,0,,17.1,51,4,2040,2589.024256,25.419
1.0.0,2026-08-05 03:20:57.344,282,,,,,,,,,,,,,,,,,,,,,2026-08-05 03:20:57.143,15.24,1,,,,,,,,
1.0.0,2026-08-05 03:20:58.300,285,37.24,0,1,0.1692,7.12,0.47,1.29,57.75,83,129.11,83,28,5.65,85.44,12,15.53,293.48,0.156,1.047,1,,,,0,,15.2,51,4,2040,2589.024256,25.476
1.0.0,2026-08-05 03:20:58.568,283,,,,,,,,,,,,,,,,,,,,,2026-08-05 03:20:58.394,18.66,1,,,,,,,,
1.0.0,2026-08-05 03:20:59.506,286,48.53,0,1,0.1983,7.75,0.54,1.29,69.37,97,150.18,97,26,6.47,92.96,12,15.5,334.48,0.156,1.203,1,,,,0,,15.6,52,5,2040,2589.024256,25.313
1.0.0,2026-08-05 03:21:00.547,287,49.28,0,1,0.189,8.42,0.5,1.47,56.84,83,127.88,83,26,5.96,101.03,12,17.69,309.4,0.156,1.047,0,,,,0,,15.1,52,5,2040,2589.024256,25.548
1.0.0,2026-08-05 03:21:00.865,285,,,,,,,,,,,,,,,,,,,,,2026-08-05 03:21:00.700,11.68,1,,,,,,,,
1.0.0,2026-08-05 03:21:01.499,284,,,,,,,,,,,,,,,,,,,,,2026-08-05 03:21:01.322,13.23,1,,,,,,,,
1.0.0,2026-08-05 03:21:01.890,288,49.25,0,1,0.2416,16.21,0.76,1.54,76.35,107,207.43,107,24,9.15,194.49,12,18.47,505.89,0.141,1.344,1,,,,0,,17.3,51,5,2040,2589.024256,24.553
1.0.0,2026-08-05 03:21:02.065,286,,,,,,,,,,,,,,,,,,,,,2026-08-05 03:21:01.906,4.91,1,,,,,,,,
1.0.0,2026-08-05 03:21:03.253,289,49.28,0,1,0.2041,7.04,0.52,1.33,71.49,109,162.03,109,27,6.29,84.44,12,15.97,340.22,0.156,1.359,1,,,,0,,15.3,51,5,2040,2589.024256,25.303
1.0.0,2026-08-05 03:21:04.205,290,49.28,0,1,0.2249,9.34,0.49,1.37,54.75,77,130.07,77,20,5.83,112.12,12,16.39,319.16,0.156,0.953,1,,,,0,,15.9,51,5,2040,2589.024256,25.326
1.0.0,2026-08-05 03:21:04.453,288,,,,,,,,,,,,,,,,,,,,,2026-08-05 03:21:04.290,7.48,1,,,,,,,,
1.0.0,2026-08-05 03:21:04.785,287,,,,,,,,,,,,,,,,,,,,,2026-08-05 03:21:04.618,11.68,1,,,,,,,,
1.0.0,2026-08-05 03:21:05.351,291,49.28,0,1,0.1933,5.88,0.47,1.24,71.17,91,135.07,91,25,5.58,70.61,12,14.87,297.3,0.188,1.141,0,,,,0,,15.2,51,4,2040,2589.024256,25.579
1.0.0,2026-08-05 03:21:05.810,289,,,,,,,,,,,,,,,,,,,,,2026-08-05 03:21:05.653,3.86,1,,,,,,,,
1.0.0,2026-08-05 03:21:06.404,292,49.36,0,1,0.2105,6.05,0.53,1.32,56.73,85,132.89,85,24,6.37,72.64,12,15.81,284.44,0.203,1.062,1,,,,0,,15.0,51,5,2040,2589.024256,25.361
1.0.0,2026-08-05 03:21:06.762,290,,,,,,,,,,,,,,,,,,,,,2026-08-05 03:21:06.605,4.47,1,,,,,,,,
1.0.0,2026-08-05 03:21:07.557,293,57.64,0,1,0.1247,6.36,0.47,1.22,69.71,92,123.24,90,32,5.68,76.29,12,14.67,289.59,0.156,1.156,1,,,,0,,15.2,51,5,2040,2589.024256,25.188
1.0.0,2026-08-05 03:21:08.800,294,49.03,0,1,0.2006,5.89,0.48,1.25,70.01,99,151.05,101,26,5.76,70.69,12,15.02,312.53,0.156,1.235,1,,,,0,,15.1,51,14,2040,2589.024256,24.795
1.0.0,2026-08-05 03:21:08.966,292,,,,,,,,,,,,,,,,,,,,,2026-08-05 03:21:08.804,6.54,1,,,,,,,,
1.0.0,2026-08-05 03:21:09.589,291,,,,,,,,,,,,,,,,,,,,,2026-08-05 03:21:09.422,13.29,1,,,,,,,,
1.0.0,2026-08-05 03:21:10.051,295,49.2,0,1,0.1932,9.48,0.55,1.42,100.96,100,151.14,100,27,6.64,113.76,12,17.08,389.58,0.156,1.25,0,,,,0,,15.1,51,5,2040,2589.024256,25.037
1.0.0,2026-08-05 03:21:10.123,293,,,,,,,,,,,,,,,,,,,,,2026-08-05 03:21:09.957,11.97,1,,,,,,,,
1.0.0,2026-08-05 03:21:11.109,296,49.38,0,1,0.1693,8.0,0.62,1.28,55.49,86,140.15,86,28,7.42,96.05,12,15.33,314.44,0.172,1.062,1,,,,0,,15.9,51,5,2040,2589.024256,25.214
1.0.0,2026-08-05 03:21:11.366,294,,,,,,,,,,,,,,,,,,,,,2026-08-05 03:21:11.200,11.46,1,,,,,,,,
1.0.0,2026-08-05 03:21:12.300,297,49.32,0,1,0.1974,11.76,0.61,4.02,66.34,94,145.19,94,26,7.33,141.09,12,48.19,408.14,0.156,1.188,1,,,,0,,16.6,51,9,2040,2589.024256,25.223
1.0.0,2026-08-05 03:21:13.361,298,48.91,0,1,0.1857,11.13,0.71,4.13,58.29,86,134.91,86,25,8.58,133.55,12,49.61,384.94,0.172,1.062,0,,,,0,,16.4,51,5,2040,2589.024256,25.081
1.0.0,2026-08-05 03:21:13.670,296,,,,,,,,,,,,,,,,,,,,,2026-08-05 03:21:13.509,6.24,1,,,,,,,,
1.0.0,2026-08-05 03:21:14.286,295,,,,,,,,,,,,,,,,,,,,,2026-08-05 03:21:14.122,10.04,1,,,,,,,,
1.0.0,2026-08-05 03:21:14.748,299,49.13,0,1,0.243,7.9,0.51,1.35,78.98,110,177.55,110,22,6.13,94.77,12,16.16,373.59,0.156,1.391,1,,,,0,,15.7,51,14,2040,2589.024256,24.742
1.0.0,2026-08-05 03:21:14.861,297,,,,,,,,,,,,,,,,,,,,,2026-08-05 03:21:14.700,7.53,1,,,,,,,,
1.0.0,2026-08-05 03:21:16.105,300,49.22,0,1,0.2056,6.58,0.48,1.21,86.28,109,215.45,109,29,5.73,78.97,12,14.48,400.91,0.203,1.359,1,,,,0,,15.5,51,5,2040,2589.024256,24.691
1.0.0,2026-08-05 03:21:16.993,301,49.17,0,1,0.2252,14.17,0.59,1.72,130.48,71,136.59,71,21,7.09,170.05,12,20.7,464.91,0.125,0.891,1,,,,0,,15.1,51,11,2040,2589.024256,24.928
1.0.0,2026-08-05 03:21:17.308,299,,,,,,,,,,,,,,,,,,,,,2026-08-05 03:21:17.148,7.07,1,,,,,,,,
1.0.0,2026-08-05 03:21:17.592,298,,,,,,,,,,,,,,,,,,,,,2026-08-05 03:21:17.432,7.56,1,,,,,,,,
1.0.0,2026-08-05 03:21:18.157,302,49.32,0,1,0.1935,7.22,0.46,1.27,60.53,94,173.4,94,25,5.56,86.59,12,15.2,341.28,0.203,1.156,0,,,,0,,15.6,51,5,2040,2589.024256,25.114
1.0.0,2026-08-05 03:21:18.668,300,,,,,,,,,,,,,,,,,,,,,2026-08-05 03:21:18.505,9.42,1,,,,,,,,
1.0.0,2026-08-05 03:21:19.206,303,49.2,0,1,0.2106,7.58,0.45,1.25,59.4,83,140.99,83,25,5.44,90.94,12,15.01,311.78,0.203,1.047,1,,,,0,,16.5,51,9,2040,2589.024256,25.082
1.0.0,2026-08-05 03:21:19.558,301,,,,,,,,,,,,,,,,,,,,,2026-08-05 03:21:19.393,13.02,1,,,,,,,,
1.0.0,2026-08-05 03:21:20.357,304,49.11,0,1,0.1249,8.22,0.62,1.81,62.49,93,133.58,93,33,7.45,98.64,12,21.73,323.89,0.172,1.156,1,,,,0,,14.8,51,4,2040,2589.024256,25.241
1.0.0,2026-08-05 03:21:21.604,305,49.06,0,1,0.2009,14.46,0.52,1.45,70.23,99,188.37,99,29,6.29,173.55,12,17.41,455.85,0.172,1.25,1,,,,0,,15.0,51,6,2040,2589.024256,25.294
1.0.0,2026-08-05 03:21:21.769,303,,,,,,,,,,,,,,,,,,,,,2026-08-05 03:21:21.606,7.93,1,,,,,,,,
1.0.0,2026-08-05 03:21:22.394,302,,,,,,,,,,,,,,,,,,,,,2026-08-05 03:21:22.228,11.6,1,,,,,,,,
1.0.0,2026-08-05 03:21:22.914,306,49.16,0,1,0.193,7.02,0.59,1.3,73.28,105,155.67,105,27,7.05,84.21,12,15.55,335.76,0.156,1.297,0,,,,0,,16.2,51,5,2040,2589.024256,24.577
1.0.0,2026-08-05 03:21:22.928,304,,,,,,,,,,,,,,,,,,,,,2026-08-05 03:21:22.757,16.61,1,,,,,,,,
1.0.0,2026-08-05 03:21:23.954,307,49.13,0,1,0.1691,7.7,0.48,1.31,60.39,83,129.21,83,28,5.73,92.4,12,15.66,303.39,0.203,1.047,1,,,,0,,15.4,51,5,2040,2589.024256,25.344
1.0.0,2026-08-05 03:21:24.167,305,,,,,,,,,,,,,,,,,,,,,2026-08-05 03:21:24.004,11.34,1,,,,,,,,
1.0.0,2026-08-05 03:21:25.172,308,63.91,0,1,0.198,6.96,0.53,1.26,69.88,97,145.3,95,28,6.39,83.5,12,15.15,320.22,0.172,1.219,1,,,,0,,15.1,51,5,2040,2589.024256,25.433
1.0.0,2026-08-05 03:21:26.152,309,49.22,0,1,0.1876,7.26,0.51,1.18,57.64,78,129.59,80,27,6.16,87.09,12,14.2,294.68,0.156,0.984,0,,,,0,,15.6,51,8,2040,2589.024256,25.488
1.0.0,2026-08-05 03:21:26.516,307,,,,,,,,,,,,,,,,,,,,,2026-08-05 03:21:26.354,7.41,1,,,,,,,,
1.0.0,2026-08-05 03:21:27.143,306,,,,,,,,,,,,,,,,,,,,,2026-08-05 03:21:26.985,3.78,1,,,,,,,,
1.0.0,2026-08-05 03:21:27.553,310,48.82,0,1,0.2441,7.06,0.47,1.23,79.64,112,173.4,112,22,5.64,84.76,12,14.75,358.19,0.156,1.391,1,,,,0,,13.4,51,5,2040,2589.024256,25.283
1.0.0,2026-08-05 03:21:27.739,308,,,,,,,,,,,,,,,,,,,,,2026-08-05 03:21:27.572,11.88,1,,,,,,,,
1.0.0,2026-08-05 03:21:28.908,311,49.06,0,1,0.204,10.1,0.5,1.32,74.85,109,201.34,109,28,6.06,121.22,12,15.84,419.31,0.187,1.359,0,,,,0,,15.2,51,8,2040,2589.024256,24.628
1.0.0,2026-08-05 03:21:29.851,312,48.98,0,1,0.2252,8.91,0.7,1.26,53.46,75,127.14,75,22,8.37,106.88,12,15.09,310.94,0.203,0.938,1,,,,0,,14.9,52,10,2040,2589.024256,25.743
1.0.0,2026-08-05 03:21:30.117,310,,,,,,,,,,,,,,,,,,,,,2026-08-05 03:21:29.954,9.51,1,,,,,,,,
1.0.0,2026-08-05 03:21:30.384,309,,,,,,,,,,,,,,,,,,,,,2026-08-05 03:21:30.223,7.95,1,,,,,,,,
1.0.0,2026-08-05 03:21:30.938,313,49.28,0,1,0.1937,12.11,0.57,1.64,64.8,87,145.18,87,27,6.83,145.38,12,19.62,381.81,0.14,1.093,0,,,,0,,15.6,51,5,2040,2589.024256,25.341
1.0.0,2026-08-05 03:21:32.002,314,49.16,0,1,0.2101,10.06,0.68,4.24,60.09,85,151.52,85,24,8.15,120.75,12,50.91,391.42,0.188,1.063,1,,,,0,,15.0,51,5,2040,2589.024256,25.372
1.0.0,2026-08-05 03:21:32.425,312,,,,,,,,,,,,,,,,,,,,,2026-08-05 03:21:32.251,8.44,1,,,,,,,,
1.0.0,2026-08-05 03:21:33.141,311,,,,,,,,,,,,,,,,,,,,,2026-08-05 03:21:32.979,9.33,1,,,,,,,,
1.0.0,2026-08-05 03:21:33.202,315,49.19,0,1,0.1245,7.34,0.53,1.33,67.75,97,133.25,97,32,6.42,88.11,12,16.0,311.53,0.203,1.203,1,,,,0,,15.2,51,5,2040,2589.024256,25.443
1.0.0,2026-08-05 03:21:34.454,316,49.3,0,1,0.2002,8.56,0.56,1.27,72.32,100,152.29,100,25,6.69,102.74,12,15.18,349.22,0.172,1.25,1,,,,0,,15.2,51,4,2040,2589.024256,25.261
1.0.0,2026-08-05 03:21:34.567,314,,,,,,,,,,,,,,,,,,,,,2026-08-05 03:21:34.402,11.78,1,,,,,,,,
1.0.0,2026-08-05 03:21:35.173,313,,,,,,,,,,,,,,,,,,,,,2026-08-05 03:21:35.010,9.97,1,,,,,,,,
1.0.0,2026-08-05 03:21:35.696,317,49.16,0,1,0.193,6.81,0.56,1.28,74.92,99,154.77,99,25,6.76,81.67,12,15.39,333.51,0.156,1.25,0,,,,0,,15.4,52,15,2040,2589.024256,25.339
1.0.0,2026-08-05 03:21:35.767,315,,,,,,,,,,,,,,,,,,,,,2026-08-05 03:21:35.602,12.0,1,,,,,,,,
1.0.0,2026-08-05 03:21:36.750,318,48.77,0,1,0.1691,7.25,0.49,1.3,63.19,84,146.01,84,28,5.89,86.96,12,15.6,317.65,0.156,1.047,1,,,,0,,15.1,52,15,2040,2589.024256,25.674
1.0.0,2026-08-05 03:21:37.018,316,,,,,,,,,,,,,,,,,,,,,2026-08-05 03:21:36.854,9.58,1,,,,,,,,
1.0.0,2026-08-05 03:21:37.952,319,49.25,0,1,0.1981,8.06,0.55,1.33,70.4,96,151.37,96,28,6.65,96.75,12,15.98,341.15,0.156,1.203,1,,,,0,,14.8,51,5,2040,2589.024256,25.241
1.0.0,2026-08-05 03:21:38.990,320,49.24,0,1,0.1829,7.44,0.46,1.4,57.37,83,126.53,83,28,5.5,89.33,12,16.85,295.58,0.187,1.031,0,,,,0,,15.5,51,5,2040,2589.024256,25.332
1.0.0,2026-08-05 03:21:39.313,318,,,,,,,,,,,,,,,,,,,,,2026-08-05 03:21:39.150,9.72,1,,,,,,,,
1.0.0,2026-08-05 03:21:39.933,317,,,,,,,,,,,,,,,,,,,,,2026-08-05 03:21:39.767,14.36,1,,,,,,,,
1.0.0,2026-08-05 03:21:40.354,321,49.26,0,1,0.2413,9.65,0.52,1.4,80.78,110,207.26,110,23,6.27,115.84,12,16.76,426.91,0.156,1.375,1,,,,0,,17.5,51,4,2040,2589.024256,25.396
1.0.0,2026-08-05 03:21:40.514,319,,,,,,,,,,,,,,,,,,,,,2026-08-05 03:21:40.352,9.26,1,,,,,,,,
1.0.0,2026-08-05 03:21:41.789,322,46.45,0,1,0.2041,7.48,0.51,1.3,83.55,114,164.74,114,31,6.08,89.71,12,15.58,359.66,0.188,1.438,0,,,,0,,15.5,52,13,2040,2589.024256,24.822
1.0.0,2026-08-05 03:21:42.652,323,49.29,0,1,0.2251,7.89,0.69,1.31,45.74,69,117.34,69,21,8.32,94.68,12,15.74,281.82,0.156,0.859,1,,,,0,,15.6,52,11,2040,2589.024256,26.11
1.0.0,2026-08-05 03:21:42.938,321,,,,,,,,,,,,,,,,,,,,,2026-08-05 03:21:42.754,29.67,1,,,,,,,,
1.0.0,2026-08-05 03:21:43.225,320,,,,,,,,,,,,,,,,,,,,,2026-08-05 03:21:43.064,8.11,1,,,,,,,,
1.0.0,2026-08-05 03:21:43.819,324,67.7,0,1,0.1932,8.89,0.55,1.36,71.03,94,141.97,91,26,6.64,106.66,12,16.27,342.57,0.188,1.156,0,,,,0,,15.5,52,12,2040,2589.024256,24.846
1.0.0,2026-08-05 03:21:44.851,325,53.7,0,1,0.2106,7.34,0.47,1.43,58.84,83,143.56,84,24,5.6,88.12,12,17.18,313.3,0.203,1.032,1,,,,0,,16.5,52,11,2040,2589.024256,25.16
1.0.0,2026-08-05 03:21:45.209,323,,,,,,,,,,,,,,,,,,,,,2026-08-05 03:21:45.052,4.23,1,,,,,,,,
1.0.0,2026-08-05 03:21:46.003,326,49.26,0,1,0.1243,7.53,0.63,1.42,58.79,91,162.78,93,32,7.6,90.34,12,17.05,336.56,0.156,1.156,1,,,,0,,20.5,51,5,2040,2589.024256,25.148
1.0.0,2026-08-05 03:21:46.047,322,,,,,,,,,,,,,,,,,,,,,2026-08-05 03:21:45.860,32.8,1,,,,,,,,
1.0.0,2026-08-05 03:21:47.253,327,49.01,0,1,0.2005,7.71,0.6,1.27,66.31,100,145.36,100,27,7.24,92.57,12,15.26,326.74,0.156,1.25,1,,,,0,,20.1,51,5,2040,2589.024256,25.062
1.0.0,2026-08-05 03:21:47.420,325,,,,,,,,,,,,,,,,,,,,,2026-08-05 03:21:47.251,14.92,1,,,,,,,,
1.0.0,2026-08-05 03:21:48.057,324,,,,,,,,,,,,,,,,,,,,,2026-08-05 03:21:47.890,12.27,1,,,,,,,,
1.0.0,2026-08-05 03:21:48.500,328,49.21,0,1,0.1931,10.12,0.5,1.36,72.34,100,160.82,100,25,6.05,121.42,12,16.27,376.9,0.156,1.25,0,,,,0,,18.6,52,5,2040,2589.024256,24.827
1.0.0,2026-08-05 03:21:48.565,326,,,,,,,,,,,,,,,,,,,,,2026-08-05 03:21:48.403,10.88,1,,,,,,,,
1.0.0,2026-08-05 03:21:49.541,329,49.3,0,1,0.1692,12.99,0.59,1.44,58.35,83,146.64,83,28,7.08,155.86,12,17.27,385.2,0.141,1.047,1,,,,0,,16.9,52,5,2040,2589.024256,25.081
1.0.0,2026-08-05 03:21:49.811,327,,,,,,,,,,,,,,,,,,,,,2026-08-05 03:21:49.653,3.51,1,,,,,,,,
1.0.0,2026-08-05 03:21:50.753,330,49.16,0,1,0.1978,9.84,0.47,1.37,68.41,97,143.73,97,26,5.58,118.07,12,16.42,352.21,0.141,1.203,1,,,,0,,18.0,52,16,2040,2589.024256,24.709
1.0.0,2026-08-05 03:21:51.803,331,49.14,0,1,0.1838,6.67,0.6,1.23,57.03,84,155.84,84,28,7.2,80.05,12,14.76,314.88,0.141,1.047,0,,,,0,,18.2,52,12,2040,2589.024256,25.439
1.0.0,2026-08-05 03:21:52.120,329,,,,,,,,,,,,,,,,,,,,,2026-08-05 03:21:51.941,5.61,1,,,,,,,,
1.0.0,2026-08-05 03:21:52.730,328,,,,,,,,,,,,,,,,,,,,,2026-08-05 03:21:52.571,5.31,1,,,,,,,,
1.0.0,2026-08-05 03:21:53.192,332,49.36,0,1,0.2412,6.95,0.46,1.38,109.76,111,166.08,111,23,5.48,83.37,12,16.61,381.3,0.187,1.39,1,,,,0,,16.9,51,5,2040,2589.024256,25.259
1.0.0,2026-08-05 03:21:53.325,330,,,,,,,,,,,,,,,,,,,,,2026-08-05 03:21:53.153,12.02,1,,,,,,,,
1.0.0,2026-08-05 03:21:54.503,333,49.16,0,1,0.2014,7.64,0.54,1.25,70.79,105,148.99,105,28,6.51,91.63,12,14.98,332.9,0.141,1.313,0,,,,0,,17.1,52,4,2040,2589.024256,25.001
1.0.0,2026-08-05 03:21:55.451,334,49.14,0,1,0.225,6.87,0.5,1.25,51.6,76,161.14,76,21,5.96,82.4,12,15.02,316.12,0.156,0.953,1,,,,0,,17.1,52,4,2040,2589.024256,25.001
1.0.0,2026-08-05 03:21:55.757,332,,,,,,,,,,,,,,,,,,,,,2026-08-05 03:21:55.592,11.68,1,,,,,,,,
1.0.0,2026-08-05 03:21:56.032,331,,,,,,,,,,,,,,,,,,,,,2026-08-05 03:21:55.874,5.48,1,,,,,,,,
1.0.0,2026-08-05 03:21:56.545,335,49.18,0,1,0.1934,7.94,0.47,1.37,59.93,88,135.12,88,26,5.67,95.3,12,16.48,312.5,0.141,1.094,0,,,,0,,16.6,52,5,2040,2589.024256,25.166
1.0.0,2026-08-05 03:21:57.654,336,49.04,0,1,0.2107,6.59,0.47,1.42,67.84,89,144.34,89,24,5.67,79.11,12,17.03,313.99,0.203,1.109,1,,,,0,,17.0,52,7,2040,2589.024256,25.103
1.0.0,2026-08-05 03:21:58.014,334,,,,,,,,,,,,,,,,,,,,,2026-08-05 03:21:57.853,6.87,1,,,,,,,,
1.0.0,2026-08-05 03:21:58.731,333,,,,,,,,,,,,,,,,,,,,,2026-08-05 03:21:58.574,4.16,1,,,,,,,,
1.0.0,2026-08-05 03:21:58.803,337,49.26,0,1,0.1247,6.44,0.49,1.27,69.23,91,122.25,91,33,5.89,77.27,12,15.19,289.83,0.156,1.141,1,,,,0,,12.2,52,10,2040,2589.024256,24.941
1.0.0,2026-08-05 03:22:00.043,338,49.15,0,1,0.2008,7.17,0.54,1.36,66.99,100,183.26,100,28,6.45,86.07,12,16.32,359.09,0.156,1.25,1,,,,0,,14.3,51,5,2040,2589.024256,25.194
1.0.0,2026-08-05 03:22:00.217,336,,,,,,,,,,,,,,,,,,,,,2026-08-05 03:22:00.054,9.67,1,,,,,,,,
1.0.0,2026-08-05 03:22:00.783,335,,,,,,,,,,,,,,,,,,,,,2026-08-05 03:22:00.616,11.97,1,,,,,,,,
1.0.0,2026-08-05 03:22:01.338,339,49.19,0,1,0.1934,7.8,0.52,1.36,77.16,103,153.37,103,27,6.25,93.64,12,16.36,346.78,0.172,1.297,0,,,,0,,17.6,51,5,2040,2589.024256,25.462
1.0.0,2026-08-05 03:22:01.369,337,,,,,,,,,,,,,,,,,,,,,2026-08-05 03:22:01.203,11.73,1,,,,,,,,
1.0.0,2026-08-05 03:22:02.403,340,49.19,0,1,0.1691,7.25,0.58,1.45,69.64,86,148.33,86,28,6.93,87.06,12,17.39,329.35,0.203,1.062,1,,,,0,,14.2,51,5,2040,2589.024256,25.607
1.0.0,2026-08-05 03:22:02.650,338,,,,,,,,,,,,,,,,,,,,,2026-08-05 03:22:02.453,11.51,1,,,,,,,,
1.0.0,2026-08-05 03:22:03.602,341,36.24,0,1,0.1976,6.46,0.56,1.28,72.02,95,180.94,95,26,6.67,77.49,12,15.42,352.54,0.188,1.188,1,,,,0,,14.8,52,5,2040,2589.024256,25.43
1.0.0,2026-08-05 03:22:04.698,342,49.22,0,1,0.1874,7.81,0.47,1.26,65.97,88,135.94,88,25,5.64,93.72,12,15.17,316.44,0.156,1.109,0,,,,0,,16.0,52,16,2040,2589.024256,25.564
1.0.0,2026-08-05 03:22:04.966,340,,,,,,,,,,,,,,,,,,,,,2026-08-05 03:22:04.803,8.6,1,,,,,,,,
1.0.0,2026-08-05 03:22:05.602,339,,,,,,,,,,,,,,,,,,,,,2026-08-05 03:22:05.409,7.19,1,,,,,,,,
1.0.0,2026-08-05 03:22:06.002,343,49.09,0,1,0.2405,7.04,0.51,1.25,70.85,104,157.3,104,22,6.17,84.45,12,14.95,333.72,0.156,1.297,1,,,,0,,15.7,51,4,2040,2589.024256,25.101
1.0.0,2026-08-05 03:22:06.166,341,,,,,,,,,,,,,,,,,,,,,2026-08-05 03:22:06.002,10.1,1,,,,,,,,
1.0.0,2026-08-05 03:22:07.341,344,49.31,0,1,0.21,6.87,0.52,1.26,70.91,107,157.88,107,28,6.24,82.45,12,15.1,332.58,0.188,1.344,1,,,,0,,14.8,51,5,2040,2589.024256,25.493
1.0.0,2026-08-05 03:22:08.248,345,49.11,0,1,0.2252,12.9,0.56,1.26,52.8,73,161.66,73,20,6.74,154.83,12,15.15,391.18,0.156,0.906,1,,,,0,,15.3,51,5,2040,2589.024256,25.223
1.0.0,2026-08-05 03:22:08.565,343,,,,,,,,,,,,,,,,,,,,,2026-08-05 03:22:08.402,10.17,1,,,,,,,,
1.0.0,2026-08-05 03:22:08.935,342,,,,,,,,,,,,,,,,,,,,,2026-08-05 03:22:08.769,11.22,1,,,,,,,,
1.0.0,2026-08-05 03:22:09.407,346,49.3,0,1,0.1936,8.5,0.6,1.4,100.91,93,149.32,93,28,7.25,101.99,12,16.75,376.22,0.14,1.156,0,,,,0,,11.6,51,5,2040,2589.024256,25.507
1.0.0,2026-08-05 03:22:09.906,344,,,,,,,,,,,,,,,,,,,,,2026-08-05 03:22:09.741,11.93,1,,,,,,,,
1.0.0,2026-08-05 03:22:10.452,347,49.27,0,1,0.2107,8.91,0.52,1.31,59.09,84,135.09,84,25,6.28,106.93,12,15.75,323.14,0.203,1.047,1,,,,0,,15.7,51,5,2040,2589.024256,25.359
1.0.0,2026-08-05 03:22:10.810,345,,,,,,,,,,,,,,,,,,,,,2026-08-05 03:22:10.648,8.42,1,,,,,,,,
1.0.0,2026-08-05 03:22:11.606,348,49.28,0,1,0.1249,8.38,0.51,1.29,58.78,92,122.39,92,33,6.14,100.56,12,15.51,303.38,0.156,1.156,1,,,,0,,14.9,51,6,2040,2589.024256,25.237
1.0.0,2026-08-05 03:22:12.871,349,60.75,0,1,0.201,8.06,0.53,1.33,71.29,101,141.49,98,26,6.33,96.74,12,15.99,331.84,0.156,1.25,1,,,,0,,14.6,52,6,2040,2589.024256,24.294
1.0.0,2026-08-05 03:22:13.015,347,,,,,,,,,,,,,,,,,,,,,2026-08-05 03:22:12.852,8.84,1,,,,,,,,
1.0.0,2026-08-05 03:22:13.640,346,,,,,,,,,,,,,,,,,,,,,2026-08-05 03:22:13.478,8.75,1,,,,,,,,
1.0.0,2026-08-05 03:22:14.152,350,49.2,0,1,0.1932,7.74,0.46,1.32,70.07,103,153.11,106,28,5.48,92.88,12,15.89,337.43,0.156,1.297,0,,,,0,,16.6,51,4,2040,2589.024256,25.331
1.0.0,2026-08-05 03:22:14.163,348,,,,,,,,,,,,,,,,,,,,,2026-08-05 03:22:14.006,2.84,1,,,,,,,,
1.0.0,2026-08-05 03:22:15.434,349,,,,,,,,,,,,,,,,,,,,,2026-08-05 03:22:15.271,9.69,1,,,,,,,,
1.0.0,2026-08-05 03:22:18.391,350,,,,,,,,,,,,,,,,,,,,,2026-08-05 03:22:18.223,13.69,1,,,,,,,,
# === SESSION END   2026-08-05 03:22:19 ===
