schema_version,timestamp,cycle_id,capture_latency[ms],frame_dropped[n],hsv_flag,hsv_mask_ratio,infer_latency[ms],preproc[ms],postproc[ms],eject_flag,planned_eject_ts,eject_delay[ms],outcome_flag,cpu_temp,cpu_util[%],gpu_temp,gpu_util[%],gpu_clock[mhz],gpu_mem_used[mb],gpu_power[w]
1.0.0,2026-06-23 19:42:38.955,1,49.36,0,1,0.1104,12.1,0.5,0.29,0,,,,,5.2,55,13,2040,2331.348992,36.65
1.0.0,2026-06-23 19:42:41.341,1,,,,,,,,,2026-06-23 19:42:41.088,1.64,1,,,,,,,
1.0.0,2026-06-23 19:42:41.431,2,49.25,0,1,0.0851,10.95,0.51,0.27,1,,,,,4.8,56,9,2040,2331.144192,41.252
1.0.0,2026-06-23 19:42:42.759,2,,,,,,,,,2026-06-23 19:42:42.498,10.31,1,,,,,,,
1.0.0,2026-06-23 19:42:45.644,3,48.82,0,1,0.1179,12.44,0.5,0.28,1,,,,,5.7,56,9,2040,2326.4256,39.555
1.0.0,2026-06-23 19:42:46.965,3,,,,,,,,,2026-06-23 19:42:46.711,3.48,1,,,,,,,
1.0.0,2026-06-23 19:42:47.121,4,49.05,0,1,0.1228,11.38,0.52,0.28,0,,,,,3.6,56,10,2040,2321.772544,40.36
1.0.0,2026-06-23 19:42:49.514,4,,,,,,,,,2026-06-23 19:42:49.254,9.74,1,,,,,,,
1.0.0,2026-06-23 19:42:49.951,5,49.07,0,1,0.1379,11.59,0.52,0.28,1,,,,,4.3,56,13,2040,2321.707008,37.439
1.0.0,2026-06-23 19:42:51.273,5,,,,,,,,,2026-06-23 19:42:51.017,5.0,1,,,,,,,
1.0.0,2026-06-23 19:42:51.809,6,49.23,0,1,0.1084,11.76,0.51,0.3,0,,,,,3.9,56,13,2040,2321.707008,38.089
1.0.0,2026-06-23 19:42:54.194,6,,,,,,,,,2026-06-23 19:42:53.942,1.09,1,,,,,,,
1.0.0,2026-06-23 19:42:54.370,7,48.81,0,1,0.0797,12.63,0.5,0.28,0,,,,,3.9,56,8,2040,2321.772544,42.474
1.0.0,2026-06-23 19:42:56.756,7,,,,,,,,,2026-06-23 19:42:56.503,2.18,1,,,,,,,
1.0.0,2026-06-23 19:42:58.509,8,49.34,0,1,0.1129,11.84,0.51,0.28,1,,,,,4.9,56,10,2040,2321.772544,40.931
1.0.0,2026-06-23 19:42:59.829,8,,,,,,,,,2026-06-23 19:42:59.576,2.66,1,,,,,,,
1.0.0,2026-06-23 19:42:59.883,9,48.91,0,1,0.1214,12.67,0.51,0.29,0,,,,,3.9,56,11,2040,2321.83808,40.932
1.0.0,2026-06-23 19:43:02.280,9,,,,,,,,,2026-06-23 19:43:02.016,13.12,1,,,,,,,
1.0.0,2026-06-23 19:43:02.879,10,49.14,0,1,0.1375,13.48,0.5,0.3,1,,,,,4.5,56,10,2040,2322.296832,38.914
1.0.0,2026-06-23 19:43:04.201,10,,,,,,,,,2026-06-23 19:43:03.946,4.25,1,,,,,,,
1.0.0,2026-06-23 19:43:04.644,11,48.55,1,1,0.1024,12.39,0.51,0.28,0,,,,,5.2,56,10,2040,2322.362368,39.462
1.0.0,2026-06-23 19:43:06.982,12,49.12,0,1,0.0794,12.08,0.54,0.3,1,,,,,5.0,56,15,2040,2322.362368,37.556
1.0.0,2026-06-23 19:43:07.032,11,,,,,,,,,2026-06-23 19:43:06.778,4.01,1,,,,,,,
1.0.0,2026-06-23 19:43:08.309,12,,,,,,,,,2026-06-23 19:43:08.049,9.52,1,,,,,,,
1.0.0,2026-06-23 19:43:11.240,13,49.24,0,1,0.1194,12.68,0.53,0.29,1,,,,,4.2,56,2,2040,2317.512704,35.526
1.0.0,2026-06-23 19:43:12.570,13,,,,,,,,,2026-06-23 19:43:12.307,13.2,1,,,,,,,
1.0.0,2026-06-23 19:43:12.703,14,48.36,0,1,0.1229,11.57,0.51,0.29,0,,,,,4.1,56,11,2040,2317.512704,40.983
1.0.0,2026-06-23 19:43:15.097,14,,,,,,,,,2026-06-23 19:43:14.836,11.12,1,,,,,,,
1.0.0,2026-06-23 19:43:15.593,15,49.12,0,1,0.1391,11.16,0.51,0.3,1,,,,,7.9,56,10,2040,2317.512704,40.131
1.0.0,2026-06-23 19:43:16.919,15,,,,,,,,,2026-06-23 19:43:16.660,7.85,1,,,,,,,
1.0.0,2026-06-23 19:43:17.243,16,49.16,0,1,0.1176,11.34,0.5,0.29,0,,,,,5.6,56,2,2040,2317.512704,39.391
1.0.0,2026-06-23 19:43:19.630,16,,,,,,,,,2026-06-23 19:43:19.376,3.75,1,,,,,,,
1.0.0,2026-06-23 19:43:19.773,17,49.34,0,1,0.066,11.22,0.52,0.28,1,,,,,6.9,57,11,2040,2317.512704,39.568
1.0.0,2026-06-23 19:43:21.092,17,,,,,,,,,2026-06-23 19:43:20.839,1.52,1,,,,,,,
1.0.0,2026-06-23 19:43:24.072,18,48.78,0,1,0.1128,13.41,0.76,0.31,1,,,,,5.7,56,7,2040,2344.128512,37.26
1.0.0,2026-06-23 19:43:25.400,18,,,,,,,,,2026-06-23 19:43:25.138,10.59,1,,,,,,,
1.0.0,2026-06-23 19:43:25.584,19,49.31,0,1,0.123,13.88,0.7,0.33,0,,,,,5.3,57,10,2040,2342.03136,41.061
1.0.0,2026-06-23 19:43:27.977,19,,,,,,,,,2026-06-23 19:43:27.718,8.39,1,,,,,,,
1.0.0,2026-06-23 19:43:28.388,20,49.04,0,1,0.1427,13.42,0.62,0.33,1,,,,,5.4,57,13,2040,2317.971456,42.293
1.0.0,2026-06-23 19:43:29.711,20,,,,,,,,,2026-06-23 19:43:29.455,4.96,1,,,,,,,
1.0.0,2026-06-23 19:43:30.405,21,49.09,0,1,0.0958,13.79,0.69,0.32,0,,,,,5.7,57,13,2040,2317.971456,43.308
1.0.0,2026-06-23 19:43:32.798,21,,,,,,,,,2026-06-23 19:43:32.538,8.17,1,,,,,,,
1.0.0,2026-06-23 19:43:32.873,22,48.95,0,1,0.0943,14.43,0.73,0.34,0,,,,,4.5,57,9,2040,2317.971456,41.138
1.0.0,2026-06-23 19:43:35.259,22,,,,,,,,,2026-06-23 19:43:35.007,1.84,1,,,,,,,
1.0.0,2026-06-23 19:43:36.883,23,49.14,0,1,0.1122,14.0,0.63,0.34,1,,,,,4.9,57,10,2040,2317.971456,39.283
1.0.0,2026-06-23 19:43:38.213,23,,,,,,,,,2026-06-23 19:43:37.949,12.82,1,,,,,,,
1.0.0,2026-06-23 19:43:38.460,24,49.34,0,1,0.1215,14.25,0.73,0.33,0,,,,,5.3,57,8,2040,2317.971456,42.521
1.0.0,2026-06-23 19:43:40.849,24,,,,,,,,,2026-06-23 19:43:40.598,0.79,1,,,,,,,
1.0.0,2026-06-23 19:43:41.274,25,48.97,0,1,0.1324,13.43,0.75,0.35,1,,,,,5.8,56,7,2040,2317.971456,36.496
1.0.0,2026-06-23 19:43:42.604,25,,,,,,,,,2026-06-23 19:43:42.341,12.94,1,,,,,,,
1.0.0,2026-06-23 19:43:43.081,26,48.95,0,1,0.1014,13.88,0.66,0.3,0,,,,,4.2,56,9,2040,2317.971456,38.715
1.0.0,2026-06-23 19:43:45.468,26,,,,,,,,,2026-06-23 19:43:45.216,0.57,1,,,,,,,
1.0.0,2026-06-23 19:43:45.668,27,49.13,0,1,0.0702,14.26,0.7,0.32,1,,,,,5.8,57,11,2040,2317.971456,41.835
1.0.0,2026-06-23 19:43:46.991,27,,,,,,,,,2026-06-23 19:43:46.735,5.74,1,,,,,,,
1.0.0,2026-06-23 19:43:49.713,28,48.36,0,1,0.1188,14.35,0.72,0.31,1,,,,,4.9,57,8,2040,2317.971456,40.762
1.0.0,2026-06-23 19:43:51.030,28,,,,,,,,,2026-06-23 19:43:50.779,0.79,1,,,,,,,
1.0.0,2026-06-23 19:43:51.120,29,49.21,0,1,0.1251,14.18,0.67,0.32,0,,,,,5.9,57,7,2040,2317.971456,40.332
1.0.0,2026-06-23 19:43:53.514,29,,,,,,,,,2026-06-23 19:43:53.253,10.72,1,,,,,,,
1.0.0,2026-06-23 19:43:53.984,30,49.2,0,1,0.1344,14.68,0.7,0.34,1,,,,,5.6,57,10,2040,2317.971456,37.973
1.0.0,2026-06-23 19:43:55.302,30,,,,,,,,,2026-06-23 19:43:55.051,0.74,1,,,,,,,
1.0.0,2026-06-23 19:43:55.702,31,48.3,0,1,0.1156,14.88,0.75,0.32,0,,,,,4.9,57,8,2040,2317.971456,38.62
1.0.0,2026-06-23 19:43:58.090,31,,,,,,,,,2026-06-23 19:43:57.835,4.35,1,,,,,,,
1.0.0,2026-06-23 19:43:58.228,32,48.88,0,1,0.0653,15.67,0.74,0.35,0,,,,,4.5,56,1,2040,2317.971456,37.298
1.0.0,2026-06-23 19:44:00.619,32,,,,,,,,,2026-06-23 19:44:00.361,6.9,1,,,,,,,
1.0.0,2026-06-23 19:44:02.549,33,49.16,0,1,0.1152,15.06,0.7,0.31,1,,,,,6.7,57,13,2040,2317.971456,41.707
1.0.0,2026-06-23 19:44:03.878,33,,,,,,,,,2026-06-23 19:44:03.616,11.06,1,,,,,,,
1.0.0,2026-06-23 19:44:03.897,34,48.9,0,1,0.1231,13.89,0.72,0.31,0,,,,,4.7,57,10,2040,2317.971456,40.751
1.0.0,2026-06-23 19:44:06.285,34,,,,,,,,,2026-06-23 19:44:06.031,4.29,1,,,,,,,
1.0.0,2026-06-23 19:44:06.806,35,48.64,0,1,0.1424,14.58,0.67,0.33,1,,,,,5.4,57,5,2040,2317.971456,38.932
1.0.0,2026-06-23 19:44:08.134,35,,,,,,,,,2026-06-23 19:44:07.873,10.69,1,,,,,,,
1.0.0,2026-06-23 19:44:08.696,36,48.76,0,1,0.1034,14.89,0.62,0.33,0,,,,,5.0,57,13,2040,2317.971456,40.145
1.0.0,2026-06-23 19:44:11.049,37,49.32,0,1,0.0721,15.69,0.71,0.37,0,,,,,8.4,56,8,2040,2317.971456,38.722
1.0.0,2026-06-23 19:44:11.097,36,,,,,,,,,2026-06-23 19:44:10.830,16.13,1,,,,,,,
1.0.0,2026-06-23 19:44:13.449,37,,,,,,,,,2026-06-23 19:44:13.182,15.98,1,,,,,,,
1.0.0,2026-06-23 19:44:15.322,38,49.23,0,1,0.1129,14.75,0.68,0.3,1,,,,,5.1,56,2,2040,2317.971456,36.363
1.0.0,2026-06-23 19:44:16.642,38,,,,,,,,,2026-06-23 19:44:16.388,3.48,1,,,,,,,
1.0.0,2026-06-23 19:44:16.755,39,49.27,0,1,0.1193,14.02,0.72,0.31,0,,,,,5.8,57,10,2040,2317.971456,40.761
1.0.0,2026-06-23 19:44:19.147,39,,,,,,,,,2026-06-23 19:44:18.888,8.07,1,,,,,,,
1.0.0,2026-06-23 19:44:19.578,40,48.83,0,1,0.1311,13.64,0.71,0.3,1,,,,,5.1,57,10,2040,2317.971456,40.607
1.0.0,2026-06-23 19:44:20.908,40,,,,,,,,,2026-06-23 19:44:20.644,13.15,1,,,,,,,
1.0.0,2026-06-23 19:44:21.529,41,49.34,0,1,0.092,13.67,0.66,0.31,0,,,,,5.3,57,9,2040,2317.971456,41.413
1.0.0,2026-06-23 19:44:23.926,41,,,,,,,,,2026-06-23 19:44:23.662,12.92,1,,,,,,,
1.0.0,2026-06-23 19:44:23.926,42,49.11,0,1,0.0896,14.25,0.59,0.32,1,,,,,4.6,57,7,2040,2317.971456,39.464
1.0.0,2026-06-23 19:44:25.249,42,,,,,,,,,2026-06-23 19:44:24.993,6.05,1,,,,,,,
1.0.0,2026-06-23 19:44:28.320,43,49.28,0,1,0.1216,13.92,0.69,0.32,1,,,,,4.5,56,13,2040,2317.971456,37.254
1.0.0,2026-06-23 19:44:29.655,43,,,,,,,,,2026-06-23 19:44:29.403,0.99,1,,,,,,,
1.0.0,2026-06-23 19:44:29.669,44,48.71,0,1,0.1234,14.17,0.71,0.3,1,,,,,4.6,57,6,2040,2317.971456,42.235
1.0.0,2026-06-23 19:44:30.996,44,,,,,,,,,2026-06-23 19:44:30.743,1.28,1,,,,,,,
1.0.0,2026-06-23 19:44:32.572,45,49.3,0,1,0.1394,15.04,0.68,0.34,1,,,,,6.4,57,8,2040,2317.971456,41.392
1.0.0,2026-06-23 19:44:33.898,45,,,,,,,,,2026-06-23 19:44:33.639,8.14,1,,,,,,,
1.0.0,2026-06-23 19:44:34.398,46,49.91,0,1,0.1066,16.05,0.64,0.35,0,,,,,4.7,57,8,2040,2317.971456,42.676
1.0.0,2026-06-23 19:44:36.724,47,48.79,0,1,0.0722,14.88,0.76,0.34,0,,,,,5.3,57,11,2040,2317.971456,40.857
1.0.0,2026-06-23 19:44:36.797,46,,,,,,,,,2026-06-23 19:44:36.531,15.22,1,,,,,,,
1.0.0,2026-06-23 19:44:39.111,47,,,,,,,,,2026-06-23 19:44:38.858,2.96,1,,,,,,,
1.0.0,2026-06-23 19:44:40.915,48,49.38,0,1,0.1128,15.22,0.69,0.33,1,,,,,4.4,57,10,2040,2317.971456,38.654
1.0.0,2026-06-23 19:44:42.234,48,,,,,,,,,2026-06-23 19:44:41.982,0.98,1,,,,,,,
1.0.0,2026-06-23 19:44:42.402,49,49.29,0,1,0.1228,14.6,0.6,0.34,0,,,,,5.4,57,19,2040,2317.971456,42.279
1.0.0,2026-06-23 19:44:44.798,49,,,,,,,,,2026-06-23 19:44:44.536,11.44,1,,,,,,,
1.0.0,2026-06-23 19:44:45.392,50,50.35,0,1,0.144,14.02,0.65,0.32,1,,,,,5.9,57,12,2040,2317.971456,43.369
1.0.0,2026-06-23 19:44:46.717,50,,,,,,,,,2026-06-23 19:44:46.459,7.85,1,,,,,,,
1.0.0,2026-06-23 19:44:47.142,51,48.84,0,1,0.1036,14.82,0.67,0.3,0,,,,,5.3,57,11,2040,2317.971456,39.262
1.0.0,2026-06-23 19:44:49.536,51,,,,,,,,,2026-06-23 19:44:49.275,10.27,1,,,,,,,
1.0.0,2026-06-23 19:44:49.555,52,49.01,0,1,0.0718,13.22,0.67,0.32,0,,,,,4.5,57,9,2040,2317.971456,41.727
1.0.0,2026-06-23 19:44:51.940,52,,,,,,,,,2026-06-23 19:44:51.689,0.8,1,,,,,,,
1.0.0,2026-06-23 19:44:53.769,53,48.49,0,1,0.115,13.6,0.59,0.32,1,,,,,5.9,57,13,2040,2317.971456,39.868
1.0.0,2026-06-23 19:44:55.088,53,,,,,,,,,2026-06-23 19:44:54.836,1.54,1,,,,,,,
1.0.0,2026-06-23 19:44:55.240,54,49.06,0,1,0.1231,15.03,0.75,0.3,0,,,,,5.7,57,2,2040,2317.971456,41.073
1.0.0,2026-06-23 19:44:57.632,54,,,,,,,,,2026-06-23 19:44:57.373,8.44,1,,,,,,,
1.0.0,2026-06-23 19:44:58.103,55,49.1,0,1,0.1288,14.49,0.72,0.33,1,,,,,4.2,57,5,2040,2317.971456,36.752
1.0.0,2026-06-23 19:44:59.422,55,,,,,,,,,2026-06-23 19:44:59.170,1.4,1,,,,,,,
1.0.0,2026-06-23 19:44:59.843,56,49.17,0,1,0.1154,15.11,0.67,0.36,0,,,,,4.7,57,11,2040,2317.971456,38.324
1.0.0,2026-06-23 19:45:02.231,56,,,,,,,,,2026-06-23 19:45:01.976,5.16,1,,,,,,,
1.0.0,2026-06-23 19:45:02.409,57,49.24,0,1,0.0613,14.24,0.72,0.33,1,,,,,5.2,56,1,2040,2317.971456,37.5
1.0.0,2026-06-23 19:45:03.733,57,,,,,,,,,2026-06-23 19:45:03.482,0.86,1,,,,,,,
1.0.0,2026-06-23 19:45:06.613,58,49.32,0,1,0.1137,14.7,0.63,0.33,1,,,,,5.0,57,13,2040,2317.971456,41.145
1.0.0,2026-06-23 19:45:07.932,58,,,,,,,,,2026-06-23 19:45:07.680,1.13,1,,,,,,,
1.0.0,2026-06-23 19:45:07.961,59,49.4,0,1,0.123,14.83,0.71,0.31,0,,,,,5.1,57,11,2040,2317.971456,40.966
1.0.0,2026-06-23 19:45:10.357,59,,,,,,,,,2026-06-23 19:45:10.095,11.59,1,,,,,,,
1.0.0,2026-06-23 19:45:10.710,60,49.02,0,1,0.1289,14.95,0.67,0.31,1,,,,,5.9,57,10,2040,2317.971456,38.315
1.0.0,2026-06-23 19:45:12.036,60,,,,,,,,,2026-06-23 19:45:11.777,8.48,1,,,,,,,
1.0.0,2026-06-23 19:45:12.706,61,49.33,0,1,0.103,14.33,0.66,0.31,0,,,,,4.1,57,13,2040,2317.971456,39.684
1.0.0,2026-06-23 19:45:15.102,61,,,,,,,,,2026-06-23 19:45:14.840,12.13,1,,,,,,,
1.0.0,2026-06-23 19:45:15.139,62,49.04,0,1,0.0778,13.97,0.71,0.33,1,,,,,4.7,57,10,2040,2317.971456,37.945
1.0.0,2026-06-23 19:45:16.473,62,,,,,,,,,2026-06-23 19:45:16.222,0.63,1,,,,,,,
1.0.0,2026-06-23 19:45:19.292,63,48.4,0,1,0.1133,14.85,0.81,0.34,1,,,,,5.6,56,1,2040,2317.971456,36.523
1.0.0,2026-06-23 19:45:20.624,63,,,,,,,,,2026-06-23 19:45:20.358,15.17,1,,,,,,,
1.0.0,2026-06-23 19:45:20.863,64,49.3,0,1,0.1224,14.1,0.68,0.34,0,,,,,4.7,57,10,2040,2317.971456,40.18
1.0.0,2026-06-23 19:45:23.250,64,,,,,,,,,2026-06-23 19:45:22.996,3.04,1,,,,,,,
1.0.0,2026-06-23 19:45:23.739,65,48.77,0,1,0.1429,13.64,0.63,0.31,1,,,,,6.4,57,12,2040,2317.971456,40.237
1.0.0,2026-06-23 19:45:25.059,65,,,,,,,,,2026-06-23 19:45:24.806,2.39,1,,,,,,,
1.0.0,2026-06-23 19:45:25.602,66,49.1,0,1,0.1029,13.2,0.61,0.3,0,,,,,4.8,57,10,2040,2327.867392,40.494
1.0.0,2026-06-23 19:45:27.957,67,48.99,0,1,0.0777,15.08,0.71,0.35,1,,,,,4.4,57,10,2040,2317.971456,39.196
1.0.0,2026-06-23 19:45:27.994,66,,,,,,,,,2026-06-23 19:45:27.735,8.28,1,,,,,,,
1.0.0,2026-06-23 19:45:29.286,67,,,,,,,,,2026-06-23 19:45:29.024,10.9,1,,,,,,,
1.0.0,2026-06-23 19:45:32.265,68,48.62,0,1,0.1128,14.01,0.67,0.33,1,,,,,5.0,56,7,2040,2317.971456,36.736
1.0.0,2026-06-23 19:45:33.585,68,,,,,,,,,2026-06-23 19:45:33.331,3.27,1,,,,,,,
1.0.0,2026-06-23 19:45:33.613,69,49.7,0,1,0.1247,13.82,0.7,0.35,0,,,,,5.0,57,13,2040,2317.971456,41.262
1.0.0,2026-06-23 19:45:36.012,69,,,,,,,,,2026-06-23 19:45:35.747,14.59,1,,,,,,,
1.0.0,2026-06-23 19:45:36.608,70,46.64,0,1,0.1312,15.37,0.67,0.33,1,,,,,4.9,57,11,2040,2317.971456,41.101
1.0.0,2026-06-23 19:45:37.930,70,,,,,,,,,2026-06-23 19:45:37.675,4.86,1,,,,,,,
1.0.0,2026-06-23 19:45:38.402,71,49.11,0,1,0.1097,14.32,0.66,0.33,0,,,,,4.6,56,1,2040,2317.971456,39.532
1.0.0,2026-06-23 19:45:40.796,71,,,,,,,,,2026-06-23 19:45:40.536,9.0,1,,,,,,,
1.0.0,2026-06-23 19:45:40.839,72,49.33,0,1,0.074,13.73,0.65,0.35,0,,,,,5.6,57,10,2040,2317.971456,40.352
1.0.0,2026-06-23 19:45:43.225,72,,,,,,,,,2026-06-23 19:45:42.972,2.48,1,,,,,,,
1.0.0,2026-06-23 19:45:45.035,73,48.48,0,1,0.1128,14.62,0.63,0.31,1,,,,,6.9,57,10,2040,2317.971456,37.874
1.0.0,2026-06-23 19:45:46.366,73,,,,,,,,,2026-06-23 19:45:46.101,14.6,1,,,,,,,
1.0.0,2026-06-23 19:45:46.426,74,48.89,0,1,0.121,14.6,0.61,0.34,0,,,,,6.7,57,2,2040,2317.971456,43.203
1.0.0,2026-06-23 19:45:48.817,74,,,,,,,,,2026-06-23 19:45:48.559,6.89,1,,,,,,,
1.0.0,2026-06-23 19:45:49.381,75,49.05,0,1,0.1305,13.64,0.67,0.3,1,,,,,4.9,56,1,2040,2317.971456,36.133
1.0.0,2026-06-23 19:45:50.704,75,,,,,,,,,2026-06-23 19:45:50.448,5.64,1,,,,,,,
1.0.0,2026-06-23 19:45:50.988,76,48.36,0,1,0.1154,14.67,0.68,0.32,0,,,,,4.6,57,7,2040,2317.971456,38.039
1.0.0,2026-06-23 19:45:53.385,76,,,,,,,,,2026-06-23 19:45:53.121,13.55,1,,,,,,,
1.0.0,2026-06-23 19:45:53.594,77,48.69,0,1,0.0595,13.49,0.66,0.31,1,,,,,4.4,57,13,2040,2317.971456,41.435
1.0.0,2026-06-23 19:45:54.921,77,,,,,,,,,2026-06-23 19:45:54.661,9.85,1,,,,,,,
1.0.0,2026-06-23 19:45:57.852,78,49.11,0,1,0.114,14.13,0.65,0.33,1,,,,,5.5,57,12,2040,2317.971456,39.651
1.0.0,2026-06-23 19:45:59.171,78,,,,,,,,,2026-06-23 19:45:58.919,1.17,1,,,,,,,
1.0.0,2026-06-23 19:45:59.198,79,49.04,0,1,0.1231,14.06,0.64,0.33,0,,,,,4.8,56,0,2040,2317.971456,41.646
1.0.0,2026-06-23 19:46:01.587,79,,,,,,,,,2026-06-23 19:46:01.331,4.49,1,,,,,,,
1.0.0,2026-06-23 19:46:02.123,80,48.8,0,1,0.1472,14.45,0.63,0.36,1,,,,,5.4,57,13,2040,2317.971456,36.939
1.0.0,2026-06-23 19:46:03.456,80,,,,,,,,,2026-06-23 19:46:03.189,16.36,1,,,,,,,
1.0.0,2026-06-23 19:46:04.062,81,49.18,0,1,0.0945,14.54,0.65,0.3,0,,,,,5.8,57,12,2040,2317.971456,37.965
1.0.0,2026-06-23 19:46:06.450,81,,,,,,,,,2026-06-23 19:46:06.196,3.0,1,,,,,,,
1.0.0,2026-06-23 19:46:06.459,82,49.26,0,1,0.0842,14.96,0.69,0.35,0,,,,,5.8,57,0,2040,2317.971456,37.714
1.0.0,2026-06-23 19:46:08.844,82,,,,,,,,,2026-06-23 19:46:08.593,0.95,1,,,,,,,
1.0.0,2026-06-23 19:46:10.568,83,49.02,0,1,0.1204,14.11,0.67,0.32,1,,,,,4.9,56,1,2040,2317.971456,36.323
1.0.0,2026-06-23 19:46:11.889,83,,,,,,,,,2026-06-23 19:46:11.634,4.54,1,,,,,,,
1.0.0,2026-06-23 19:46:12.121,84,49.09,0,1,0.1232,13.94,0.72,0.3,0,,,,,4.7,57,16,2040,2317.971456,41.013
1.0.0,2026-06-23 19:46:14.515,84,,,,,,,,,2026-06-23 19:46:14.254,9.88,1,,,,,,,
1.0.0,2026-06-23 19:46:15.012,85,48.78,0,1,0.1419,13.68,0.64,0.34,1,,,,,5.3,57,8,2040,2317.971456,38.525
1.0.0,2026-06-23 19:46:16.334,85,,,,,,,,,2026-06-23 19:46:16.079,4.87,1,,,,,,,
1.0.0,2026-06-23 19:46:16.850,86,48.97,0,1,0.1033,15.09,0.76,0.31,0,,,,,4.3,57,7,2040,2317.971456,38.788
1.0.0,2026-06-23 19:46:19.204,87,49.19,0,1,0.0758,13.96,0.69,0.33,0,,,,,4.6,56,1,2040,2317.971456,37.379
1.0.0,2026-06-23 19:46:19.242,86,,,,,,,,,2026-06-23 19:46:18.983,9.18,1,,,,,,,
1.0.0,2026-06-23 19:46:21.605,87,,,,,,,,,2026-06-23 19:46:21.353,1.15,1,,,,,,,
1.0.0,2026-06-23 19:46:23.193,88,48.76,0,1,0.1192,14.79,0.65,0.31,1,,,,,5.6,56,1,2040,2317.971456,36.152
1.0.0,2026-06-23 19:46:24.519,88,,,,,,,,,2026-06-23 19:46:24.260,9.19,1,,,,,,,
1.0.0,2026-06-23 19:46:24.929,89,48.85,0,1,0.1232,13.92,0.64,0.31,0,,,,,4.3,57,13,2040,2317.971456,39.162
1.0.0,2026-06-23 19:46:27.324,89,,,,,,,,,2026-06-23 19:46:27.062,10.8,1,,,,,,,
1.0.0,2026-06-23 19:46:27.816,90,49.15,0,1,0.1444,14.01,0.63,0.38,1,,,,,4.8,57,10,2040,2317.971456,39.154
1.0.0,2026-06-23 19:46:29.135,90,,,,,,,,,2026-06-23 19:46:28.883,1.49,1,,,,,,,
1.0.0,2026-06-23 19:46:29.646,91,48.93,0,1,0.1037,14.26,0.67,0.31,0,,,,,5.6,56,1,2040,2317.971456,41.231
1.0.0,2026-06-23 19:46:32.042,91,,,,,,,,,2026-06-23 19:46:31.780,11.67,1,,,,,,,
1.0.0,2026-06-23 19:46:32.053,92,49.39,0,1,0.0708,14.34,0.68,0.33,0,,,,,6.8,57,10,2040,2317.971456,39.139
1.0.0,2026-06-23 19:46:34.444,92,,,,,,,,,2026-06-23 19:46:34.186,6.35,1,,,,,,,
1.0.0,2026-06-23 19:46:36.268,93,48.83,0,1,0.1211,16.77,0.71,0.33,1,,,,,4.9,56,4,2040,2317.971456,36.076
1.0.0,2026-06-23 19:46:37.567,94,48.78,0,1,0.1214,15.37,0.66,0.33,0,,,,,5.2,57,8,2040,2317.971456,43.107
1.0.0,2026-06-23 19:46:37.597,93,,,,,,,,,2026-06-23 19:46:37.335,10.94,1,,,,,,,
1.0.0,2026-06-23 19:46:39.953,94,,,,,,,,,2026-06-23 19:46:39.701,1.43,1,,,,,,,
1.0.0,2026-06-23 19:46:40.712,95,48.72,0,1,0.1427,14.49,0.66,0.34,1,,,,,5.7,57,13,2040,2323.738624,40.249
1.0.0,2026-06-23 19:46:42.031,95,,,,,,,,,2026-06-23 19:46:41.778,2.22,1,,,,,,,
1.0.0,2026-06-23 19:46:42.479,96,48.76,0,1,0.1024,13.86,0.64,0.35,0,,,,,4.3,56,1,2040,2319.020032,40.683
1.0.0,2026-06-23 19:46:44.858,97,48.98,0,1,0.0871,13.23,0.7,0.35,1,,,,,5.4,57,9,2040,2319.020032,38.993
1.0.0,2026-06-23 19:46:44.865,96,,,,,,,,,2026-06-23 19:46:44.612,2.3,1,,,,,,,
1.0.0,2026-06-23 19:46:46.181,97,,,,,,,,,2026-06-23 19:46:45.925,5.55,1,,,,,,,
1.0.0,2026-06-23 19:46:49.324,98,49.01,0,1,0.1141,14.88,0.64,0.34,1,,,,,5.4,57,13,2040,2319.020032,37.406
1.0.0,2026-06-23 19:46:50.513,99,49.1,0,1,0.1234,13.74,0.71,0.32,0,,,,,4.1,57,12,2040,2328.915968,43.551
1.0.0,2026-06-23 19:46:50.652,98,,,,,,,,,2026-06-23 19:46:50.391,9.99,1,,,,,,,
1.0.0,2026-06-23 19:46:52.902,99,,,,,,,,,2026-06-23 19:46:52.646,4.69,1,,,,,,,
1.0.0,2026-06-23 19:46:53.369,100,49.48,0,1,0.1382,13.57,0.6,0.33,1,,,,,4.7,56,0,2040,2317.971456,36.395
1.0.0,2026-06-23 19:46:54.690,100,,,,,,,,,2026-06-23 19:46:54.436,3.07,1,,,,,,,
1.0.0,2026-06-23 19:46:55.085,101,49.25,0,1,0.1164,15.32,0.61,0.31,0,,,,,5.2,56,8,2040,2317.971456,38.032
1.0.0,2026-06-23 19:46:57.470,101,,,,,,,,,2026-06-23 19:46:57.218,1.36,1,,,,,,,
1.0.0,2026-06-23 19:46:57.902,102,49.05,0,1,0.0758,15.31,0.75,0.33,0,,,,,4.8,57,10,2040,2317.971456,40.702
1.0.0,2026-06-23 19:47:00.300,102,,,,,,,,,2026-06-23 19:47:00.036,13.86,1,,,,,,,
1.0.0,2026-06-23 19:47:01.804,103,49.13,0,1,0.1217,13.89,0.62,0.31,1,,,,,5.4,57,12,2040,2317.971456,39.386
1.0.0,2026-06-23 19:47:03.122,103,,,,,,,,,2026-06-23 19:47:02.871,0.76,1,,,,,,,
1.0.0,2026-06-23 19:47:03.372,104,48.77,0,1,0.122,15.16,0.7,0.33,0,,,,,4.2,57,1,2040,2317.971456,40.729
1.0.0,2026-06-23 19:47:05.760,104,,,,,,,,,2026-06-23 19:47:05.505,4.67,1,,,,,,,
1.0.0,2026-06-23 19:47:06.272,105,49.1,0,1,0.1404,15.73,0.67,0.31,1,,,,,6.3,56,6,2040,2317.971456,36.773
1.0.0,2026-06-23 19:47:07.596,105,,,,,,,,,2026-06-23 19:47:07.339,6.74,1,,,,,,,
1.0.0,2026-06-23 19:47:08.132,106,49.31,0,1,0.1001,15.19,0.64,0.32,0,,,,,4.8,57,12,2040,2317.971456,39.067
1.0.0,2026-06-23 19:47:10.493,107,49.0,0,1,0.0832,13.71,0.68,0.34,0,,,,,4.3,57,1,2040,2317.971456,37.682
1.0.0,2026-06-23 19:47:10.521,106,,,,,,,,,2026-06-23 19:47:10.265,4.82,1,,,,,,,
1.0.0,2026-06-23 19:47:12.877,107,,,,,,,,,2026-06-23 19:47:12.626,0.47,1,,,,,,,
1.0.0,2026-06-23 19:47:14.626,108,49.08,0,1,0.1217,13.92,0.69,0.31,1,,,,,4.1,56,0,2040,2317.971456,36.278
1.0.0,2026-06-23 19:47:15.945,108,,,,,,,,,2026-06-23 19:47:15.693,1.95,1,,,,,,,
1.0.0,2026-06-23 19:47:16.146,109,48.98,0,1,0.1228,14.72,0.73,0.32,0,,,,,5.2,57,7,2040,2317.971456,39.713
1.0.0,2026-06-23 19:47:18.536,109,,,,,,,,,2026-06-23 19:47:18.279,5.66,1,,,,,,,
1.0.0,2026-06-23 19:47:18.880,110,48.34,0,1,0.1421,15.6,0.71,0.35,1,,,,,5.5,57,7,2040,2317.971456,38.051
1.0.0,2026-06-23 19:47:20.199,110,,,,,,,,,2026-06-23 19:47:19.947,0.95,1,,,,,,,
1.0.0,2026-06-23 19:47:20.825,111,48.69,0,1,0.1084,14.01,0.66,0.32,0,,,,,4.6,57,13,2040,2317.971456,39.299
1.0.0,2026-06-23 19:47:23.170,112,49.07,0,1,0.0709,15.64,0.76,0.34,0,,,,,10.9,56,2,2040,2317.971456,37.362
1.0.0,2026-06-23 19:47:23.210,111,,,,,,,,,2026-06-23 19:47:22.958,1.35,1,,,,,,,
1.0.0,2026-06-23 19:47:25.569,112,,,,,,,,,2026-06-23 19:47:25.303,15.25,1,,,,,,,
1.0.0,2026-06-23 19:47:27.496,113,48.85,0,1,0.1066,14.91,0.73,0.3,1,,,,,5.8,57,1,2040,2317.971456,36.336
1.0.0,2026-06-23 19:47:28.825,113,,,,,,,,,2026-06-23 19:47:28.563,11.31,1,,,,,,,
1.0.0,2026-06-23 19:47:28.982,114,49.34,0,1,0.1212,14.58,0.65,0.34,0,,,,,7.8,57,8,2040,2317.971456,41.115
1.0.0,2026-06-23 19:47:31.370,114,,,,,,,,,2026-06-23 19:47:31.115,3.99,1,,,,,,,
1.0.0,2026-06-23 19:47:31.702,115,48.99,0,1,0.1408,14.34,0.75,0.31,1,,,,,6.9,57,1,2040,2317.971456,36.156
1.0.0,2026-06-23 19:47:33.027,115,,,,,,,,,2026-06-23 19:47:32.769,7.39,1,,,,,,,
1.0.0,2026-06-23 19:47:33.720,116,48.94,0,1,0.1093,14.97,0.66,0.35,0,,,,,7.4,57,0,2040,2317.971456,40.04
1.0.0,2026-06-23 19:47:36.110,116,,,,,,,,,2026-06-23 19:47:35.858,0.75,1,,,,,,,
1.0.0,2026-06-23 19:47:36.110,117,48.23,0,1,0.0816,16.3,0.74,0.38,1,,,,,6.3,57,8,2040,2317.971456,38.486
1.0.0,2026-06-23 19:47:37.436,117,,,,,,,,,2026-06-23 19:47:37.185,0.87,1,,,,,,,
1.0.0,2026-06-23 19:47:40.271,118,49.4,0,1,0.1132,13.96,0.66,0.31,1,,,,,5.9,57,0,2040,2317.971456,36.485
1.0.0,2026-06-23 19:47:41.589,118,,,,,,,,,2026-06-23 19:47:41.338,0.79,1,,,,,,,
1.0.0,2026-06-23 19:47:41.753,119,48.99,0,1,0.1254,14.49,0.77,0.32,0,,,,,7.4,58,7,2040,2317.971456,40.28
1.0.0,2026-06-23 19:47:44.138,119,,,,,,,,,2026-06-23 19:47:43.886,1.17,1,,,,,,,
1.0.0,2026-06-23 19:47:44.677,120,48.84,0,1,0.1233,15.49,0.7,0.33,1,,,,,8.0,57,1,2040,2317.971456,36.136
1.0.0,2026-06-23 19:47:46.003,120,,,,,,,,,2026-06-23 19:47:45.744,7.99,1,,,,,,,
1.0.0,2026-06-23 19:47:46.529,121,49.28,0,1,0.1001,14.53,0.64,0.34,0,,,,,6.8,57,0,2040,2317.971456,39.843
1.0.0,2026-06-23 19:47:48.916,121,,,,,,,,,2026-06-23 19:47:48.663,2.81,1,,,,,,,
1.0.0,2026-06-23 19:47:48.925,122,49.18,0,1,0.0814,13.49,0.79,0.32,0,,,,,6.9,58,11,2040,2317.971456,43.025
1.0.0,2026-06-23 19:47:51.322,122,,,,,,,,,2026-06-23 19:47:51.059,13.22,1,,,,,,,
1.0.0,2026-06-23 19:47:53.143,123,49.16,0,1,0.1141,15.96,0.79,0.3,1,,,,,6.9,58,7,2040,2317.971456,40.786
1.0.0,2026-06-23 19:47:54.462,123,,,,,,,,,2026-06-23 19:47:54.209,1.56,1,,,,,,,
1.0.0,2026-06-23 19:47:54.796,124,49.13,0,1,0.1234,14.56,0.76,0.3,0,,,,,8.1,57,12,2040,2317.971456,40.899
1.0.0,2026-06-23 19:47:57.182,124,,,,,,,,,2026-06-23 19:47:56.929,2.57,1,,,,,,,
1.0.0,2026-06-23 19:47:57.436,125,48.82,0,1,0.1443,15.13,0.8,0.33,1,,,,,6.7,58,14,2040,2317.971456,39.06
1.0.0,2026-06-23 19:47:58.761,125,,,,,,,,,2026-06-23 19:47:58.502,8.07,1,,,,,,,
1.0.0,2026-06-23 19:47:59.449,126,48.67,1,1,0.0904,15.3,0.67,0.34,0,,,,,6.2,58,10,2040,2317.971456,39.425
1.0.0,2026-06-23 19:48:01.760,127,49.0,0,1,0.0821,15.21,0.72,0.34,0,,,,,9.6,58,10,2040,2317.971456,38.357
1.0.0,2026-06-23 19:48:01.836,126,,,,,,,,,2026-06-23 19:48:01.582,3.06,1,,,,,,,
1.0.0,2026-06-23 19:48:04.153,127,,,,,,,,,2026-06-23 19:48:03.893,8.86,1,,,,,,,
1.0.0,2026-06-23 19:48:06.030,128,49.07,0,1,0.1135,16.81,0.74,0.36,1,,,,,8.3,58,7,2040,2317.971456,42.689
1.0.0,2026-06-23 19:48:07.349,128,,,,,,,,,2026-06-23 19:48:07.097,1.65,1,,,,,,,
1.0.0,2026-06-23 19:48:07.462,129,49.18,0,1,0.1235,14.32,0.84,0.32,0,,,,,7.6,58,11,2040,2317.971456,40.934
1.0.0,2026-06-23 19:48:09.858,129,,,,,,,,,2026-06-23 19:48:09.596,12.01,1,,,,,,,
1.0.0,2026-06-23 19:48:09.956,130,48.16,0,1,0.1612,20.34,0.85,0.36,1,,,,,8.1,58,4,2040,2317.971456,39.121
1.0.0,2026-06-23 19:48:11.274,130,,,,,,,,,2026-06-23 19:48:11.022,1.0,1,,,,,,,
1.0.0,2026-06-23 19:48:11.985,131,48.56,0,1,0.1015,14.68,0.79,0.32,0,,,,,9.3,58,7,2040,2317.971456,40.857
1.0.0,2026-06-23 19:48:14.379,131,,,,,,,,,2026-06-23 19:48:14.118,10.45,1,,,,,,,
1.0.0,2026-06-23 19:48:14.607,132,49.2,0,1,0.0613,15.14,0.72,0.3,0,,,,,7.2,58,12,2040,2317.971456,39.547
1.0.0,2026-06-23 19:48:16.998,132,,,,,,,,,2026-06-23 19:48:16.740,6.77,1,,,,,,,
1.0.0,2026-06-23 19:48:18.826,133,48.53,0,1,0.1131,14.79,0.7,0.29,1,,,,,7.3,58,7,2040,2317.971456,36.894
1.0.0,2026-06-23 19:48:20.145,133,,,,,,,,,2026-06-23 19:48:19.893,2.03,1,,,,,,,
1.0.0,2026-06-23 19:48:20.219,134,49.06,0,1,0.1197,14.85,0.67,0.3,0,,,,,6.1,58,10,2040,2317.971456,41.665
1.0.0,2026-06-23 19:48:22.607,134,,,,,,,,,2026-06-23 19:48:22.353,3.39,1,,,,,,,
1.0.0,2026-06-23 19:48:23.129,135,49.2,0,1,0.1369,14.63,0.66,0.35,1,,,,,4.6,58,11,2040,2317.971456,41.428
1.0.0,2026-06-23 19:48:24.447,135,,,,,,,,,2026-06-23 19:48:24.196,0.85,1,,,,,,,
1.0.0,2026-06-23 19:48:25.024,136,49.09,0,1,0.109,15.61,0.64,0.33,0,,,,,5.5,58,8,2040,2317.971456,41.889
1.0.0,2026-06-23 19:48:27.383,137,49.05,0,1,0.0779,14.6,0.69,0.33,0,,,,,4.3,58,10,2040,2317.971456,40.155
1.0.0,2026-06-23 19:48:27.409,136,,,,,,,,,2026-06-23 19:48:27.157,1.14,1,,,,,,,
1.0.0,2026-06-23 19:48:29.777,137,,,,,,,,,2026-06-23 19:48:29.516,10.12,1,,,,,,,
1.0.0,2026-06-23 19:48:31.446,138,49.18,0,1,0.1141,15.47,0.63,0.37,1,,,,,4.7,58,11,2040,2317.971456,38.125
1.0.0,2026-06-23 19:48:32.772,138,,,,,,,,,2026-06-23 19:48:32.513,8.96,1,,,,,,,
1.0.0,2026-06-23 19:48:33.018,139,48.12,0,1,0.1197,15.21,0.63,0.36,0,,,,,4.8,58,12,2040,2317.971456,41.399
1.0.0,2026-06-23 19:48:35.410,139,,,,,,,,,2026-06-23 19:48:35.151,8.57,1,,,,,,,
1.0.0,2026-06-23 19:48:36.025,140,49.65,0,1,0.1318,15.36,0.62,0.36,1,,,,,5.0,58,8,2040,2317.971456,42.544
1.0.0,2026-06-23 19:48:37.358,140,,,,,,,,,2026-06-23 19:48:37.092,15.45,1,,,,,,,
1.0.0,2026-06-23 19:48:37.740,141,48.76,0,1,0.0968,16.1,0.58,0.31,0,,,,,5.3,57,1,2040,2317.971456,38.743
1.0.0,2026-06-23 19:48:40.138,141,,,,,,,,,2026-06-23 19:48:39.873,14.11,1,,,,,,,
1.0.0,2026-06-23 19:48:40.141,142,49.24,0,1,0.0813,13.97,0.69,0.32,0,,,,,5.0,58,14,2040,2317.971456,41.378
1.0.0,2026-06-23 19:48:42.528,142,,,,,,,,,2026-06-23 19:48:42.274,3.27,1,,,,,,,
1.0.0,2026-06-23 19:48:44.347,143,48.97,0,1,0.1195,15.69,0.68,0.37,1,,,,,4.4,58,13,2040,2317.971456,39.325
1.0.0,2026-06-23 19:48:45.674,143,,,,,,,,,2026-06-23 19:48:45.413,10.07,1,,,,,,,
1.0.0,2026-06-23 19:48:45.832,144,49.12,0,1,0.1228,15.02,0.66,0.34,0,,,,,4.7,57,1,2040,2317.971456,41.279
1.0.0,2026-06-23 19:48:48.220,144,,,,,,,,,2026-06-23 19:48:47.965,4.3,1,,,,,,,
1.0.0,2026-06-23 19:48:48.570,145,48.89,0,1,0.1464,15.01,0.65,0.37,1,,,,,5.2,57,9,2040,2317.971456,36.928
1.0.0,2026-06-23 19:48:49.889,145,,,,,,,,,2026-06-23 19:48:49.637,1.26,1,,,,,,,
1.0.0,2026-06-23 19:48:50.606,146,49.22,0,1,0.1024,14.46,0.66,0.3,0,,,,,4.6,58,7,2040,2317.971456,37.632
1.0.0,2026-06-23 19:48:52.992,146,,,,,,,,,2026-06-23 19:48:52.740,1.34,1,,,,,,,
1.0.0,2026-06-23 19:48:53.029,147,49.01,0,1,0.0655,15.71,0.65,0.33,0,,,,,5.2,58,13,2040,2317.971456,42.478
1.0.0,2026-06-23 19:48:55.418,147,,,,,,,,,2026-06-23 19:48:55.162,5.16,1,,,,,,,
1.0.0,2026-06-23 19:48:57.271,148,49.08,0,1,0.1235,14.59,0.74,0.32,1,,,,,4.5,58,8,2040,2317.971456,40.342
1.0.0,2026-06-23 19:48:58.594,148,,,,,,,,,2026-06-23 19:48:58.338,5.07,1,,,,,,,
1.0.0,2026-06-23 19:48:58.603,149,49.26,0,1,0.123,14.45,0.63,0.32,0,,,,,3.4,58,7,2040,2317.971456,40.686
1.0.0,2026-06-23 19:49:01.002,149,,,,,,,,,2026-06-23 19:49:00.736,15.42,1,,,,,,,
1.0.0,2026-06-23 19:49:01.540,150,49.1,0,1,0.1321,14.83,0.68,0.32,1,,,,,5.5,57,13,2040,2317.971456,38.068
1.0.0,2026-06-23 19:49:02.864,150,,,,,,,,,2026-06-23 19:49:02.607,5.87,1,,,,,,,
1.0.0,2026-06-23 19:49:03.344,151,49.14,0,1,0.1078,15.77,0.68,0.34,0,,,,,5.6,58,12,2040,2317.971456,39.079
1.0.0,2026-06-23 19:49:05.729,151,,,,,,,,,2026-06-23 19:49:05.478,1.12,1,,,,,,,
1.0.0,2026-06-23 19:49:05.856,152,49.26,0,1,0.0569,14.49,0.7,0.31,0,,,,,4.2,57,1,2040,2317.971456,38.567
1.0.0,2026-06-23 19:49:08.247,152,,,,,,,,,2026-06-23 19:49:07.989,7.81,1,,,,,,,
1.0.0,2026-06-23 19:49:09.918,153,48.81,0,1,0.1135,15.0,0.74,0.39,1,,,,,4.4,58,12,2040,2317.971456,41.981
1.0.0,2026-06-23 19:49:11.250,153,,,,,,,,,2026-06-23 19:49:10.985,14.42,1,,,,,,,
1.0.0,2026-06-23 19:49:11.459,154,49.2,0,1,0.1212,13.97,0.71,0.32,0,,,,,3.7,58,10,2040,2317.971456,39.881
1.0.0,2026-06-23 19:49:13.855,154,,,,,,,,,2026-06-23 19:49:13.593,11.95,1,,,,,,,
1.0.0,2026-06-23 19:49:14.377,155,48.71,0,1,0.1312,14.82,0.78,0.39,1,,,,,4.0,57,8,2040,2317.971456,38.937
1.0.0,2026-06-23 19:49:15.702,155,,,,,,,,,2026-06-23 19:49:15.444,7.14,1,,,,,,,
1.0.0,2026-06-23 19:49:16.239,156,48.93,0,1,0.0968,14.48,0.66,0.34,0,,,,,4.7,58,8,2040,2317.971456,39.866
1.0.0,2026-06-23 19:49:18.625,156,,,,,,,,,2026-06-23 19:49:18.374,0.21,1,,,,,,,
1.0.0,2026-06-23 19:49:18.753,157,48.95,0,1,0.0649,13.76,0.8,0.34,0,,,,,4.8,57,10,2040,2317.971456,38.897
1.0.0,2026-06-23 19:49:21.153,157,,,,,,,,,2026-06-23 19:49:20.887,15.82,1,,,,,,,
1.0.0,2026-06-23 19:49:22.875,158,49.22,0,1,0.1132,13.66,0.69,0.32,1,,,,,7.1,57,1,2040,2317.971456,36.936
1.0.0,2026-06-23 19:49:24.201,158,,,,,,,,,2026-06-23 19:49:23.941,9.53,1,,,,,,,
1.0.0,2026-06-23 19:49:24.299,159,49.05,0,1,0.1232,13.96,0.73,0.32,0,,,,,6.8,58,12,2040,2317.971456,41.802
1.0.0,2026-06-23 19:49:26.687,159,,,,,,,,,2026-06-23 19:49:26.432,3.79,1,,,,,,,
1.0.0,2026-06-23 19:49:27.115,160,49.29,0,1,0.129,14.38,0.77,0.33,1,,,,,5.0,58,12,2040,2317.971456,40.35
1.0.0,2026-06-23 19:49:28.445,160,,,,,,,,,2026-06-23 19:49:28.182,12.37,1,,,,,,,
1.0.0,2026-06-23 19:49:29.029,161,49.38,0,1,0.1003,14.17,0.75,0.31,0,,,,,4.8,58,8,2040,2317.971456,41.268
1.0.0,2026-06-23 19:49:31.416,161,,,,,,,,,2026-06-23 19:49:31.162,3.88,1,,,,,,,
1.0.0,2026-06-23 19:49:31.436,162,49.1,0,1,0.0713,15.11,0.67,0.34,0,,,,,4.8,58,11,2040,2317.971456,40.475
1.0.0,2026-06-23 19:49:33.823,162,,,,,,,,,2026-06-23 19:49:33.569,3.4,1,,,,,,,
1.0.0,2026-06-23 19:49:35.752,163,48.68,0,1,0.114,12.95,0.64,0.33,1,,,,,4.9,57,1,2040,2317.971456,36.713
1.0.0,2026-06-23 19:49:37.078,163,,,,,,,,,2026-06-23 19:49:36.819,8.01,1,,,,,,,
1.0.0,2026-06-23 19:49:37.104,164,49.16,0,1,0.1211,14.19,0.72,0.36,0,,,,,4.6,58,12,2040,2317.971456,42.386
1.0.0,2026-06-23 19:49:39.497,164,,,,,,,,,2026-06-23 19:49:39.238,8.41,1,,,,,,,
1.0.0,2026-06-23 19:49:39.728,165,49.18,0,1,0.1459,13.55,0.64,0.32,1,,,,,5.1,57,1,2040,2317.971456,36.438
1.0.0,2026-06-23 19:49:41.047,165,,,,,,,,,2026-06-23 19:49:40.794,1.46,1,,,,,,,
1.0.0,2026-06-23 19:49:41.861,166,49.22,0,1,0.0916,13.76,0.67,0.29,0,,,,,4.9,57,1,2040,2317.971456,37.6
1.0.0,2026-06-23 19:49:44.251,166,,,,,,,,,2026-06-23 19:49:43.994,6.29,1,,,,,,,
1.0.0,2026-06-23 19:49:44.280,167,49.02,0,1,0.0685,14.2,0.66,0.33,0,,,,,4.9,58,13,2040,2317.971456,41.443
1.0.0,2026-06-23 19:49:46.668,167,,,,,,,,,2026-06-23 19:49:46.413,4.69,1,,,,,,,
1.0.0,2026-06-23 19:49:48.489,168,49.17,0,1,0.1143,15.06,0.64,0.33,0,,,,,4.9,58,13,2040,2317.971456,38.887
1.0.0,2026-06-23 19:49:49.930,169,48.55,0,1,0.1217,14.08,0.72,0.33,0,,,,,4.9,57,1,2040,2317.971456,42.824
1.0.0,2026-06-23 19:49:50.887,168,,,,,,,,,2026-06-23 19:49:50.623,12.95,1,,,,,,,
1.0.0,2026-06-23 19:49:52.316,169,,,,,,,,,2026-06-23 19:49:52.063,2.22,1,,,,,,,
1.0.0,2026-06-23 19:49:52.865,170,49.24,0,1,0.1379,14.2,0.69,0.31,1,,,,,4.5,57,0,2040,2317.971456,36.581
1.0.0,2026-06-23 19:49:54.188,170,,,,,,,,,2026-06-23 19:49:53.937,0.51,1,,,,,,,
1.0.0,2026-06-23 19:49:54.577,171,48.96,1,1,0.1152,14.23,0.64,0.35,0,,,,,4.4,57,13,2040,2317.971456,39.185
1.0.0,2026-06-23 19:49:56.962,171,,,,,,,,,2026-06-23 19:49:56.710,0.99,1,,,,,,,
1.0.0,2026-06-23 19:49:57.015,172,49.21,0,1,0.0537,15.38,0.78,0.37,0,,,,,3.7,57,7,2040,2317.971456,39.653
1.0.0,2026-06-23 19:49:59.400,172,,,,,,,,,2026-06-23 19:49:59.148,1.1,1,,,,,,,
1.0.0,2026-06-23 19:50:01.117,173,48.89,0,1,0.1225,14.74,0.66,0.32,1,,,,,5.5,58,12,2040,2317.971456,40.16
1.0.0,2026-06-23 19:50:02.442,173,,,,,,,,,2026-06-23 19:50:02.183,8.22,1,,,,,,,
1.0.0,2026-06-23 19:50:02.702,174,49.32,0,1,0.1242,14.46,0.62,0.35,0,,,,,3.5,57,1,2040,2317.971456,39.958
1.0.0,2026-06-23 19:50:05.092,174,,,,,,,,,2026-06-23 19:50:04.835,6.06,1,,,,,,,
1.0.0,2026-06-23 19:50:05.656,175,49.13,0,1,0.1399,14.27,0.72,0.37,1,,,,,4.8,57,9,2040,2317.971456,37.794
1.0.0,2026-06-23 19:50:06.983,175,,,,,,,,,2026-06-23 19:50:06.723,10.12,1,,,,,,,
1.0.0,2026-06-23 19:50:07.507,176,49.25,0,1,0.1003,13.91,0.68,0.31,0,,,,,5.1,57,14,2040,2317.971456,38.528
1.0.0,2026-06-23 19:50:09.891,176,,,,,,,,,2026-06-23 19:50:09.640,0.42,1,,,,,,,
1.0.0,2026-06-23 19:50:09.898,177,49.16,0,1,0.0698,15.08,0.81,0.33,0,,,,,4.5,57,1,2040,2317.971456,38.522
1.0.0,2026-06-23 19:50:12.285,177,,,,,,,,,2026-06-23 19:50:12.031,3.77,1,,,,,,,
1.0.0,2026-06-23 19:50:14.164,178,48.71,0,1,0.1209,14.84,0.64,0.33,1,,,,,4.8,57,11,2040,2317.971456,41.379
1.0.0,2026-06-23 19:50:15.484,178,,,,,,,,,2026-06-23 19:50:15.230,3.13,1,,,,,,,
1.0.0,2026-06-23 19:50:15.564,179,48.72,0,1,0.1215,13.79,0.65,0.32,0,,,,,4.8,57,12,2040,2317.971456,41.224
1.0.0,2026-06-23 19:50:17.951,179,,,,,,,,,2026-06-23 19:50:17.697,3.05,1,,,,,,,
1.0.0,2026-06-23 19:50:18.403,180,49.01,0,1,0.1373,14.12,0.69,0.37,1,,,,,5.0,57,14,2040,2317.971456,39.272
1.0.0,2026-06-23 19:50:19.726,180,,,,,,,,,2026-06-23 19:50:19.469,6.54,1,,,,,,,
1.0.0,2026-06-23 19:50:20.365,181,48.96,0,1,0.1003,13.5,0.69,0.33,0,,,,,5.2,58,9,2040,2317.971456,39.205
1.0.0,2026-06-23 19:50:22.578,182,49.5,0,1,0.0756,14.15,0.62,0.33,0,,,,,4.2,58,9,2040,2317.971456,37.919
1.0.0,2026-06-23 19:50:22.749,181,,,,,,,,,2026-06-23 19:50:22.498,0.81,1,,,,,,,
1.0.0,2026-06-23 19:50:24.970,182,,,,,,,,,2026-06-23 19:50:24.712,7.44,1,,,,,,,
1.0.0,2026-06-23 19:50:27.134,183,49.21,0,1,0.1222,14.25,0.79,0.32,0,,,,,4.4,57,9,2040,2317.971456,42.171
1.0.0,2026-06-23 19:50:28.343,184,48.98,0,1,0.1216,14.8,0.69,0.32,0,,,,,4.1,57,11,2040,2317.971456,42.496
1.0.0,2026-06-23 19:50:29.521,183,,,,,,,,,2026-06-23 19:50:29.267,2.41,1,,,,,,,
1.0.0,2026-06-23 19:50:30.730,184,,,,,,,,,2026-06-23 19:50:30.476,3.06,1,,,,,,,
1.0.0,2026-06-23 19:50:31.364,185,49.23,0,1,0.1445,13.87,0.7,0.35,1,,,,,5.1,57,13,2040,2317.971456,40.817
1.0.0,2026-06-23 19:50:32.683,185,,,,,,,,,2026-06-23 19:50:32.430,1.88,1,,,,,,,
1.0.0,2026-06-23 19:50:33.030,186,49.23,0,1,0.1157,14.31,0.65,0.36,0,,,,,3.4,57,1,2040,2317.971456,40.86
1.0.0,2026-06-23 19:50:35.416,186,,,,,,,,,2026-06-23 19:50:35.164,0.9,1,,,,,,,
1.0.0,2026-06-23 19:50:35.546,187,49.26,0,1,0.0647,14.47,1.04,0.3,0,,,,,5.4,57,4,2040,2317.971456,39.623
1.0.0,2026-06-23 19:50:37.934,187,,,,,,,,,2026-06-23 19:50:37.680,3.14,1,,,,,,,
1.0.0,2026-06-23 19:50:39.614,188,48.26,0,1,0.1148,15.45,0.74,0.33,1,,,,,4.4,57,5,2040,2317.971456,37.106
1.0.0,2026-06-23 19:50:40.939,188,,,,,,,,,2026-06-23 19:50:40.680,7.75,1,,,,,,,
1.0.0,2026-06-23 19:50:41.104,189,49.12,0,1,0.1244,14.22,0.64,0.33,0,,,,,4.5,57,5,2040,2317.971456,40.779
1.0.0,2026-06-23 19:50:43.498,189,,,,,,,,,2026-06-23 19:50:43.237,9.72,1,,,,,,,
1.0.0,2026-06-23 19:50:44.024,190,49.12,0,1,0.1284,14.92,0.69,0.32,1,,,,,5.0,57,1,2040,2317.971456,36.139
1.0.0,2026-06-23 19:50:45.343,190,,,,,,,,,2026-06-23 19:50:45.092,0.42,1,,,,,,,
1.0.0,2026-06-23 19:50:45.575,191,49.14,0,1,0.1144,13.92,0.57,0.29,0,,,,,4.3,57,1,2040,2317.971456,38.458
1.0.0,2026-06-23 19:50:47.961,191,,,,,,,,,2026-06-23 19:50:47.708,2.52,1,,,,,,,
1.0.0,2026-06-23 19:50:48.319,192,49.11,0,1,0.0711,15.15,0.8,0.35,1,,,,,6.1,57,11,2040,2317.971456,41.689
1.0.0,2026-06-23 19:50:49.638,192,,,,,,,,,2026-06-23 19:50:49.386,0.91,1,,,,,,,
1.0.0,2026-06-23 19:50:52.459,193,48.83,0,1,0.1178,14.17,0.61,0.33,1,,,,,4.4,57,12,2040,2317.971456,39.388
1.0.0,2026-06-23 19:50:53.782,193,,,,,,,,,2026-06-23 19:50:53.525,6.26,1,,,,,,,
1.0.0,2026-06-23 19:50:53.912,194,49.05,0,1,0.1215,14.4,0.71,0.36,0,,,,,4.4,57,1,2040,2317.971456,41.643
1.0.0,2026-06-23 19:50:56.299,194,,,,,,,,,2026-06-23 19:50:56.045,3.27,1,,,,,,,
1.0.0,2026-06-23 19:50:56.978,195,49.15,0,1,0.1318,14.66,0.71,0.32,1,,,,,5.1,57,0,2040,2317.971456,36.361
1.0.0,2026-06-23 19:50:58.299,195,,,,,,,,,2026-06-23 19:50:58.045,3.16,1,,,,,,,
1.0.0,2026-06-23 19:50:58.725,196,48.84,0,1,0.1142,14.19,0.75,0.29,0,,,,,3.5,57,13,2040,2317.971456,39.319
1.0.0,2026-06-23 19:51:01.125,196,,,,,,,,,2026-06-23 19:51:00.858,15.96,1,,,,,,,
1.0.0,2026-06-23 19:51:01.274,197,49.17,0,1,0.0603,14.33,0.7,0.33,0,,,,,5.7,58,10,2040,2317.971456,41.947
1.0.0,2026-06-23 19:51:03.660,197,,,,,,,,,2026-06-23 19:51:03.407,1.5,1,,,,,,,
1.0.0,2026-06-23 19:51:05.329,198,48.91,0,1,0.1182,14.52,0.73,0.32,1,,,,,5.1,57,8,2040,2317.971456,40.066
1.0.0,2026-06-23 19:51:06.662,198,,,,,,,,,2026-06-23 19:51:06.411,0.37,1,,,,,,,
1.0.0,2026-06-23 19:51:06.767,199,48.9,0,1,0.1235,14.59,0.77,0.33,0,,,,,3.3,57,1,2040,2317.971456,40.836
1.0.0,2026-06-23 19:51:09.153,199,,,,,,,,,2026-06-23 19:51:08.901,0.72,1,,,,,,,
1.0.0,2026-06-23 19:51:09.709,200,49.09,0,1,0.1413,13.74,0.74,0.29,1,,,,,4.5,57,11,2040,2317.971456,37.639
1.0.0,2026-06-23 19:51:11.035,200,,,,,,,,,2026-06-23 19:51:10.775,8.4,1,,,,,,,
1.0.0,2026-06-23 19:51:11.532,201,49.09,0,1,0.1031,14.37,0.69,0.32,0,,,,,5.1,57,10,2040,2317.971456,38.209
1.0.0,2026-06-23 19:51:13.824,202,49.57,0,1,0.0686,14.4,0.69,0.34,0,,,,,4.5,57,1,2040,2317.971456,37.926
1.0.0,2026-06-23 19:51:13.930,201,,,,,,,,,2026-06-23 19:51:13.665,14.3,1,,,,,,,
1.0.0,2026-06-23 19:51:16.212,202,,,,,,,,,2026-06-23 19:51:15.957,3.98,1,,,,,,,
1.0.0,2026-06-23 19:51:18.207,203,49.24,0,1,0.1225,14.35,0.66,0.32,1,,,,,5.0,57,12,2040,2317.971456,41.098
1.0.0,2026-06-23 19:51:19.534,203,,,,,,,,,2026-06-23 19:51:19.273,9.31,1,,,,,,,
1.0.0,2026-06-23 19:51:19.641,204,48.49,0,1,0.123,14.78,0.7,0.33,0,,,,,5.0,58,12,2040,2317.971456,41.935
1.0.0,2026-06-23 19:51:22.028,204,,,,,,,,,2026-06-23 19:51:21.774,3.36,1,,,,,,,
1.0.0,2026-06-23 19:51:22.480,205,49.14,0,1,0.1348,13.82,0.66,0.33,1,,,,,4.4,57,4,2040,2317.971456,38.462
1.0.0,2026-06-23 19:51:23.807,205,,,,,,,,,2026-06-23 19:51:23.546,9.28,1,,,,,,,
1.0.0,2026-06-23 19:51:24.402,206,49.09,0,1,0.101,14.3,0.62,0.34,0,,,,,6.7,57,7,2040,2317.971456,39.716
1.0.0,2026-06-23 19:51:26.727,207,49.24,0,1,0.0701,14.64,0.71,0.32,0,,,,,3.8,57,9,2040,2317.971456,38.598
1.0.0,2026-06-23 19:51:26.800,206,,,,,,,,,2026-06-23 19:51:26.536,13.39,1,,,,,,,
1.0.0,2026-06-23 19:51:29.122,207,,,,,,,,,2026-06-23 19:51:28.860,11.38,1,,,,,,,
1.0.0,2026-06-23 19:51:31.038,208,49.2,0,1,0.115,14.1,0.63,0.31,1,,,,,5.3,57,0,2040,2317.971456,36.46
1.0.0,2026-06-23 19:51:32.365,208,,,,,,,,,2026-06-23 19:51:32.105,9.13,1,,,,,,,
1.0.0,2026-06-23 19:51:32.422,209,49.25,0,1,0.1229,13.3,0.68,0.32,0,,,,,5.1,57,13,2040,2317.971456,41.939
1.0.0,2026-06-23 19:51:34.871,209,,,,,,,,,2026-06-23 19:51:34.561,0.54,1,,,,,,,
1.0.0,2026-06-23 19:51:35.280,210,49.1,0,1,0.1286,14.85,0.72,0.34,1,,,,,4.7,58,12,2040,2317.971456,40.153
1.0.0,2026-06-23 19:51:36.609,210,,,,,,,,,2026-06-23 19:51:36.347,11.6,1,,,,,,,
1.0.0,2026-06-23 19:51:36.983,211,49.33,0,1,0.1154,14.43,0.62,0.32,0,,,,,5.0,57,1,2040,2317.971456,40.14
1.0.0,2026-06-23 19:51:39.384,211,,,,,,,,,2026-06-23 19:51:39.117,15.6,1,,,,,,,
1.0.0,2026-06-23 19:51:39.757,212,48.9,0,1,0.0699,14.23,0.67,0.35,0,,,,,5.1,57,10,2040,2317.971456,40.191
1.0.0,2026-06-23 19:51:42.149,212,,,,,,,,,2026-06-23 19:51:41.898,0.43,1,,,,,,,
1.0.0,2026-06-23 19:51:43.665,213,48.94,0,1,0.1159,13.24,0.62,0.35,1,,,,,5.0,57,7,2040,2317.971456,37.042
1.0.0,2026-06-23 19:51:44.997,213,,,,,,,,,2026-06-23 19:51:44.732,14.63,1,,,,,,,
1.0.0,2026-06-23 19:51:45.204,214,48.56,0,1,0.123,14.44,0.6,0.34,0,,,,,3.6,57,13,2040,2317.971456,40.505
1.0.0,2026-06-23 19:51:47.590,214,,,,,,,,,2026-06-23 19:51:47.338,1.52,1,,,,,,,
1.0.0,2026-06-23 19:51:48.158,215,49.08,0,1,0.1441,13.76,0.69,0.33,1,,,,,4.5,57,1,2040,2317.971456,36.247
1.0.0,2026-06-23 19:51:49.483,215,,,,,,,,,2026-06-23 19:51:49.225,7.72,1,,,,,,,
1.0.0,2026-06-23 19:51:49.836,216,49.24,0,1,0.1158,14.54,0.62,0.29,0,,,,,5.3,57,1,2040,2317.971456,39.834
1.0.0,2026-06-23 19:51:52.235,216,,,,,,,,,2026-06-23 19:51:51.969,15.25,1,,,,,,,
1.0.0,2026-06-23 19:51:52.380,217,49.28,0,1,0.0667,14.69,0.75,0.32,1,,,,,5.0,57,9,2040,2317.971456,40.723
1.0.0,2026-06-23 19:51:53.711,217,,,,,,,,,2026-06-23 19:51:53.446,14.34,1,,,,,,,
1.0.0,2026-06-23 19:51:56.589,218,49.21,0,1,0.114,14.44,0.63,0.33,0,,,,,4.5,57,9,2040,2317.971456,38.154
1.0.0,2026-06-23 19:51:58.069,219,49.01,0,1,0.1256,13.14,0.65,0.29,0,,,,,4.3,57,1,2040,2317.971456,42.848
1.0.0,2026-06-23 19:51:58.984,218,,,,,,,,,2026-06-23 19:51:58.722,10.73,1,,,,,,,
1.0.0,2026-06-23 19:52:00.455,219,,,,,,,,,2026-06-23 19:52:00.203,0.7,1,,,,,,,
1.0.0,2026-06-23 19:52:00.925,220,48.94,0,1,0.1375,13.99,0.65,0.39,1,,,,,5.1,57,1,2040,2317.971456,36.223
1.0.0,2026-06-23 19:52:02.257,220,,,,,,,,,2026-06-23 19:52:01.992,13.5,1,,,,,,,
1.0.0,2026-06-23 19:52:02.740,221,48.39,0,1,0.1026,13.67,0.66,0.34,0,,,,,3.6,57,4,2040,2317.971456,37.761
1.0.0,2026-06-23 19:52:05.136,221,,,,,,,,,2026-06-23 19:52:04.873,12.6,1,,,,,,,
1.0.0,2026-06-23 19:52:05.205,222,49.15,0,1,0.0749,14.47,0.62,0.33,0,,,,,6.1,57,7,2040,2317.971456,38.82
1.0.0,2026-06-23 19:52:07.592,222,,,,,,,,,2026-06-23 19:52:07.338,1.82,1,,,,,,,
1.0.0,2026-06-23 19:52:09.451,223,48.25,0,1,0.1219,14.75,0.69,0.31,1,,,,,5.0,57,10,2040,2317.971456,39.346
1.0.0,2026-06-23 19:52:10.771,223,,,,,,,,,2026-06-23 19:52:10.518,2.66,1,,,,,,,
1.0.0,2026-06-23 19:52:10.884,224,49.45,0,1,0.123,14.13,0.7,0.34,0,,,,,4.7,57,1,2040,2317.971456,41.849
1.0.0,2026-06-23 19:52:13.283,224,,,,,,,,,2026-06-23 19:52:13.017,14.84,1,,,,,,,
1.0.0,2026-06-23 19:52:13.786,225,47.93,0,1,0.1313,13.17,0.67,0.34,1,,,,,3.9,57,4,2040,2317.971456,36.615
1.0.0,2026-06-23 19:52:15.111,225,,,,,,,,,2026-06-23 19:52:14.852,8.07,1,,,,,,,
1.0.0,2026-06-23 19:52:15.484,226,48.84,0,1,0.1075,14.2,0.61,0.36,0,,,,,5.7,58,7,2040,2317.971456,38.505
1.0.0,2026-06-23 19:52:17.873,226,,,,,,,,,2026-06-23 19:52:17.617,5.26,1,,,,,,,
1.0.0,2026-06-23 19:52:17.966,227,49.19,0,1,0.066,14.24,0.61,0.32,1,,,,,4.2,57,1,2040,2317.971456,38.351
1.0.0,2026-06-23 19:52:19.293,227,,,,,,,,,2026-06-23 19:52:19.041,0.79,1,,,,,,,
1.0.0,2026-06-23 19:52:22.205,228,49.23,0,1,0.1141,13.91,0.59,0.31,1,,,,,4.7,57,1,2040,2317.971456,36.595
1.0.0,2026-06-23 19:52:23.527,228,,,,,,,,,2026-06-23 19:52:23.272,4.2,1,,,,,,,
1.0.0,2026-06-23 19:52:23.687,229,49.31,0,1,0.1215,14.45,0.74,0.32,0,,,,,4.6,57,13,2040,2317.971456,40.926
1.0.0,2026-06-23 19:52:26.083,229,,,,,,,,,2026-06-23 19:52:25.820,12.05,1,,,,,,,
1.0.0,2026-06-23 19:52:26.390,230,49.01,0,1,0.1282,16.12,0.66,0.35,1,,,,,4.9,57,10,2040,2317.971456,37.482
1.0.0,2026-06-23 19:52:27.721,230,,,,,,,,,2026-06-23 19:52:27.457,13.11,1,,,,,,,
1.0.0,2026-06-23 19:52:28.296,231,49.1,0,1,0.1143,14.13,0.62,0.31,0,,,,,4.3,57,10,2040,2317.971456,39.135
1.0.0,2026-06-23 19:52:30.692,231,,,,,,,,,2026-06-23 19:52:30.430,12.01,1,,,,,,,
1.0.0,2026-06-23 19:52:30.788,232,49.31,0,1,0.0604,14.99,0.72,0.32,0,,,,,4.5,57,1,2040,2317.971456,37.994
1.0.0,2026-06-23 19:52:33.183,232,,,,,,,,,2026-06-23 19:52:32.921,11.18,1,,,,,,,
1.0.0,2026-06-23 19:52:35.122,233,0.18,0,1,0.1232,16.25,0.63,0.31,1,,,,,4.2,57,1,2040,2317.971456,36.175
1.0.0,2026-06-23 19:52:36.442,233,,,,,,,,,2026-06-23 19:52:36.189,2.57,1,,,,,,,
1.0.0,2026-06-23 19:52:36.542,234,48.59,0,1,0.1233,14.43,0.7,0.29,1,,,,,5.9,57,12,2040,2317.971456,41.601
1.0.0,2026-06-23 19:52:37.861,234,,,,,,,,,2026-06-23 19:52:37.608,1.48,1,,,,,,,
1.0.0,2026-06-23 19:52:39.413,235,49.34,0,1,0.1188,13.77,0.63,0.33,1,,,,,4.5,57,13,2040,2317.971456,42.85
1.0.0,2026-06-23 19:52:40.732,235,,,,,,,,,2026-06-23 19:52:40.479,1.94,1,,,,,,,
1.0.0,2026-06-23 19:52:41.344,236,48.99,0,1,0.0947,14.05,0.65,0.31,0,,,,,5.3,57,7,2040,2317.971456,43.72
1.0.0,2026-06-23 19:52:43.744,236,,,,,,,,,2026-06-23 19:52:43.478,15.53,1,,,,,,,
1.0.0,2026-06-23 19:52:43.780,237,49.08,0,1,0.0762,14.76,0.7,0.31,0,,,,,5.7,57,12,2040,2317.971456,42.138
1.0.0,2026-06-23 19:52:46.166,237,,,,,,,,,2026-06-23 19:52:45.914,1.21,1,,,,,,,
1.0.0,2026-06-23 19:52:47.880,238,49.02,0,1,0.1128,15.23,0.56,0.37,1,,,,,4.4,57,12,2040,2317.971456,39.753
1.0.0,2026-06-23 19:52:49.205,238,,,,,,,,,2026-06-23 19:52:48.946,7.69,1,,,,,,,
1.0.0,2026-06-23 19:52:49.373,239,48.89,0,1,0.123,14.6,0.62,0.34,0,,,,,4.4,58,9,2040,2317.971456,43.142
1.0.0,2026-06-23 19:52:51.771,239,,,,,,,,,2026-06-23 19:52:51.506,13.29,1,,,,,,,
1.0.0,2026-06-23 19:52:52.157,240,48.24,0,1,0.135,14.34,0.63,0.33,1,,,,,4.1,57,7,2040,2317.971456,37.176
1.0.0,2026-06-23 19:52:53.476,240,,,,,,,,,2026-06-23 19:52:53.223,1.89,1,,,,,,,
1.0.0,2026-06-23 19:52:53.941,241,49.09,0,1,0.1172,14.83,0.69,0.33,0,,,,,4.4,57,10,2040,2317.971456,38.094
1.0.0,2026-06-23 19:52:56.330,241,,,,,,,,,2026-06-23 19:52:56.074,5.63,1,,,,,,,
1.0.0,2026-06-23 19:52:56.606,242,48.86,0,1,0.0624,14.59,0.75,0.35,0,,,,,5.0,58,13,2040,2317.971456,42.358
1.0.0,2026-06-23 19:52:58.996,242,,,,,,,,,2026-06-23 19:52:58.739,3.71,1,,,,,,,
1.0.0,2026-06-23 19:53:00.694,243,48.63,0,1,0.1127,13.84,0.62,0.32,1,,,,,5.4,57,12,2040,2317.971456,41.16
1.0.0,2026-06-23 19:53:02.027,243,,,,,,,,,2026-06-23 19:53:01.776,0.31,1,,,,,,,
1.0.0,2026-06-23 19:53:02.113,244,48.95,0,1,0.1229,14.69,0.68,0.33,0,,,,,5.2,57,10,2040,2317.971456,41.871
1.0.0,2026-06-23 19:53:04.501,244,,,,,,,,,2026-06-23 19:53:04.247,4.15,1,,,,,,,
1.0.0,2026-06-23 19:53:04.986,245,48.79,0,1,0.1396,14.98,0.7,0.3,1,,,,,4.9,57,12,2040,2317.971456,38.137
1.0.0,2026-06-23 19:53:06.305,245,,,,,,,,,2026-06-23 19:53:06.053,1.76,1,,,,,,,
1.0.0,2026-06-23 19:53:06.732,246,48.14,0,1,0.1083,14.3,0.78,0.32,0,,,,,4.3,57,8,2040,2317.971456,39.657
1.0.0,2026-06-23 19:53:09.126,246,,,,,,,,,2026-06-23 19:53:08.865,9.64,1,,,,,,,
1.0.0,2026-06-23 19:53:09.310,247,49.18,0,1,0.0581,14.33,0.66,0.32,0,,,,,4.3,57,7,2040,2317.971456,38.358
1.0.0,2026-06-23 19:53:11.697,247,,,,,,,,,2026-06-23 19:53:11.443,2.53,1,,,,,,,
1.0.0,2026-06-23 19:53:13.457,248,47.59,0,1,0.1227,15.36,0.76,0.39,1,,,,,4.7,57,13,2040,2317.971456,41.714
1.0.0,2026-06-23 19:53:14.778,248,,,,,,,,,2026-06-23 19:53:14.524,3.71,1,,,,,,,
1.0.0,2026-06-23 19:53:14.842,249,49.19,0,1,0.1213,13.52,0.62,0.39,0,,,,,4.1,57,13,2040,2317.971456,40.615
1.0.0,2026-06-23 19:53:17.240,249,,,,,,,,,2026-06-23 19:53:16.975,14.55,1,,,,,,,
1.0.0,2026-06-23 19:53:17.879,250,49.18,0,1,0.1337,12.98,0.65,0.31,1,,,,,5.8,57,9,2040,2317.971456,39.863
1.0.0,2026-06-23 19:53:19.199,250,,,,,,,,,2026-06-23 19:53:18.946,3.01,1,,,,,,,
1.0.0,2026-06-23 19:53:19.525,251,49.0,0,1,0.114,14.25,0.68,0.32,0,,,,,5.4,57,12,2040,2317.971456,40.837
1.0.0,2026-06-23 19:53:21.913,251,,,,,,,,,2026-06-23 19:53:21.658,5.15,1,,,,,,,
1.0.0,2026-06-23 19:53:22.113,252,49.42,0,1,0.064,13.12,0.74,0.31,1,,,,,6.5,57,6,2040,2317.971456,38.924
1.0.0,2026-06-23 19:53:23.439,252,,,,,,,,,2026-06-23 19:53:23.180,8.0,1,,,,,,,
1.0.0,2026-06-23 19:53:26.114,253,49.09,0,1,0.1143,14.74,0.72,0.32,1,,,,,6.0,57,4,2040,2317.971456,36.703
1.0.0,2026-06-23 19:53:27.433,253,,,,,,,,,2026-06-23 19:53:27.180,2.0,1,,,,,,,
1.0.0,2026-06-23 19:53:27.657,254,48.98,0,1,0.1214,14.18,0.7,0.37,0,,,,,4.9,57,10,2040,2317.971456,39.718
1.0.0,2026-06-23 19:53:30.043,254,,,,,,,,,2026-06-23 19:53:29.790,1.75,1,,,,,,,
1.0.0,2026-06-23 19:53:30.623,255,49.34,0,1,0.1483,15.16,0.7,0.36,1,,,,,5.2,57,8,2040,2317.971456,40.786
1.0.0,2026-06-23 19:53:31.946,255,,,,,,,,,2026-06-23 19:53:31.689,5.74,1,,,,,,,
1.0.0,2026-06-23 19:53:32.228,256,49.14,0,1,0.1156,14.01,0.7,0.39,0,,,,,6.3,57,2,2040,2317.971456,39.656
1.0.0,2026-06-23 19:53:34.619,256,,,,,,,,,2026-06-23 19:53:34.361,7.27,1,,,,,,,
1.0.0,2026-06-23 19:53:35.121,257,49.21,0,1,0.0663,13.6,0.69,0.31,0,,,,,5.2,57,10,2040,2317.971456,40.306
1.0.0,2026-06-23 19:53:37.521,257,,,,,,,,,2026-06-23 19:53:37.270,0.76,1,,,,,,,
1.0.0,2026-06-23 19:53:39.135,258,48.74,0,1,0.1136,14.01,0.61,0.33,1,,,,,4.6,57,10,2040,2317.971456,37.755
1.0.0,2026-06-23 19:53:40.463,258,,,,,,,,,2026-06-23 19:53:40.201,11.6,1,,,,,,,
1.0.0,2026-06-23 19:53:40.608,259,49.11,0,1,0.1229,13.48,0.72,0.32,1,,,,,4.2,57,10,2040,2317.971456,41.716
1.0.0,2026-06-23 19:53:41.931,259,,,,,,,,,2026-06-23 19:53:41.675,5.23,1,,,,,,,
1.0.0,2026-06-23 19:53:43.504,260,49.22,0,1,0.1322,14.26,0.63,0.36,1,,,,,5.6,57,12,2040,2317.971456,42.447
1.0.0,2026-06-23 19:53:44.826,260,,,,,,,,,2026-06-23 19:53:44.571,3.93,1,,,,,,,
1.0.0,2026-06-23 19:53:45.077,261,48.2,0,1,0.1156,14.13,0.63,0.32,0,,,,,4.5,57,0,2040,2317.971456,38.763
1.0.0,2026-06-23 19:53:47.476,261,,,,,,,,,2026-06-23 19:53:47.211,14.56,1,,,,,,,
1.0.0,2026-06-23 19:53:47.676,262,49.15,0,1,0.0525,13.73,0.79,0.31,0,,,,,4.5,57,11,2040,2317.971456,41.664
1.0.0,2026-06-23 19:53:50.065,262,,,,,,,,,2026-06-23 19:53:49.809,4.86,1,,,,,,,
1.0.0,2026-06-23 19:53:52.093,263,48.9,0,1,0.1229,15.71,0.74,0.4,1,,,,,4.3,57,11,2040,2317.971456,39.272
1.0.0,2026-06-23 19:53:53.276,264,48.89,0,1,0.1218,13.8,0.62,0.31,0,,,,,5.4,57,1,2040,2317.971456,43.096
1.0.0,2026-06-23 19:53:53.419,263,,,,,,,,,2026-06-23 19:53:53.160,8.62,1,,,,,,,
1.0.0,2026-06-23 19:53:55.663,264,,,,,,,,,2026-06-23 19:53:55.409,2.82,1,,,,,,,
1.0.0,2026-06-23 19:53:56.242,265,49.07,0,1,0.1282,14.4,0.67,0.34,1,,,,,5.6,57,10,2040,2317.971456,36.798
1.0.0,2026-06-23 19:53:57.563,265,,,,,,,,,2026-06-23 19:53:57.309,3.53,1,,,,,,,
1.0.0,2026-06-23 19:53:57.914,266,49.16,0,1,0.1153,15.13,0.66,0.32,0,,,,,4.3,57,13,2040,2317.971456,38.666
1.0.0,2026-06-23 19:54:00.313,266,,,,,,,,,2026-06-23 19:54:00.047,14.18,1,,,,,,,
1.0.0,2026-06-23 19:54:00.468,267,49.71,0,1,0.0652,14.02,0.71,0.34,0,,,,,5.7,57,12,2040,2317.971456,42.796
1.0.0,2026-06-23 19:54:02.860,267,,,,,,,,,2026-06-23 19:54:02.601,8.11,1,,,,,,,
1.0.0,2026-06-23 19:54:04.679,268,48.79,0,1,0.1227,14.39,0.64,0.32,1,,,,,5.4,57,8,2040,2317.971456,40.99
1.0.0,2026-06-23 19:54:06.010,268,,,,,,,,,2026-06-23 19:54:05.746,13.78,1,,,,,,,
1.0.0,2026-06-23 19:54:06.222,269,49.05,0,1,0.123,14.87,0.64,0.34,0,,,,,4.7,57,13,2040,2317.971456,40.226
1.0.0,2026-06-23 19:54:08.608,269,,,,,,,,,2026-06-23 19:54:08.355,2.75,1,,,,,,,
1.0.0,2026-06-23 19:54:09.125,270,49.03,0,1,0.1291,13.28,0.74,0.3,1,,,,,4.4,57,10,2040,2317.971456,38.233
1.0.0,2026-06-23 19:54:10.451,270,,,,,,,,,2026-06-23 19:54:10.191,9.16,1,,,,,,,
1.0.0,2026-06-23 19:54:10.899,271,49.25,0,1,0.1092,14.68,0.65,0.33,0,,,,,4.5,57,11,2040,2317.971456,39.356
1.0.0,2026-06-23 19:54:13.240,272,48.61,0,1,0.0662,14.6,0.69,0.32,0,,,,,4.5,57,9,2040,2317.971456,38.323
1.0.0,2026-06-23 19:54:13.284,271,,,,,,,,,2026-06-23 19:54:13.032,1.24,1,,,,,,,
1.0.0,2026-06-23 19:54:15.631,272,,,,,,,,,2026-06-23 19:54:15.373,7.58,1,,,,,,,
1.0.0,2026-06-23 19:54:17.500,273,49.51,0,1,0.1219,14.21,0.6,0.35,1,,,,,5.2,57,13,2040,2317.971456,42.023
1.0.0,2026-06-23 19:54:18.832,273,,,,,,,,,2026-06-23 19:54:18.566,15.22,1,,,,,,,
1.0.0,2026-06-23 19:54:19.012,274,48.3,0,1,0.1252,13.73,0.62,0.29,0,,,,,5.8,57,13,2040,2317.971456,40.457
1.0.0,2026-06-23 19:54:21.404,274,,,,,,,,,2026-06-23 19:54:21.145,8.53,1,,,,,,,
1.0.0,2026-06-23 19:54:21.811,275,49.17,0,1,0.1444,14.6,0.68,0.34,1,,,,,4.8,57,6,2040,2317.971456,39.818
1.0.0,2026-06-23 19:54:23.137,275,,,,,,,,,2026-06-23 19:54:22.877,9.07,1,,,,,,,
1.0.0,2026-06-23 19:54:23.605,276,47.79,0,1,0.1164,14.71,0.64,0.33,0,,,,,4.3,57,8,2040,2317.971456,40.858
1.0.0,2026-06-23 19:54:25.990,276,,,,,,,,,2026-06-23 19:54:25.739,0.79,1,,,,,,,
1.0.0,2026-06-23 19:54:26.117,277,49.14,0,1,0.0644,15.19,0.69,0.34,1,,,,,6.4,57,12,2040,2317.971456,40.403
1.0.0,2026-06-23 19:54:27.439,277,,,,,,,,,2026-06-23 19:54:27.184,3.72,1,,,,,,,
1.0.0,2026-06-23 19:54:30.391,278,48.96,0,1,0.1263,16.22,0.62,0.32,0,,,,,4.5,57,4,2040,2317.971456,36.448
1.0.0,2026-06-23 19:54:31.844,279,49.13,0,1,0.1228,14.59,0.66,0.32,0,,,,,5.0,57,13,2040,2317.971456,41.378
1.0.0,2026-06-23 19:54:32.782,278,,,,,,,,,2026-06-23 19:54:32.524,7.0,1,,,,,,,
1.0.0,2026-06-23 19:54:34.229,279,,,,,,,,,2026-06-23 19:54:33.977,1.4,1,,,,,,,
1.0.0,2026-06-23 19:54:34.548,280,49.17,0,1,0.1425,14.76,0.72,0.3,1,,,,,5.6,57,11,2040,2317.971456,40.793
1.0.0,2026-06-23 19:54:35.868,280,,,,,,,,,2026-06-23 19:54:35.614,3.1,1,,,,,,,
1.0.0,2026-06-23 19:54:36.644,281,49.22,0,1,0.1028,14.83,0.66,0.34,0,,,,,5.4,57,12,2040,2317.971456,42.374
1.0.0,2026-06-23 19:54:39.034,281,,,,,,,,,2026-06-23 19:54:38.778,5.21,1,,,,,,,
1.0.0,2026-06-23 19:54:39.105,282,48.69,0,1,0.074,14.95,0.7,0.34,0,,,,,8.2,57,10,2040,2317.971456,40.23
1.0.0,2026-06-23 19:54:41.491,282,,,,,,,,,2026-06-23 19:54:41.238,1.89,1,,,,,,,
1.0.0,2026-06-23 19:54:43.200,283,49.24,0,1,0.1215,14.42,0.63,0.31,1,,,,,5.4,57,10,2040,2317.971456,37.468
1.0.0,2026-06-23 19:54:44.524,283,,,,,,,,,2026-06-23 19:54:44.267,6.96,1,,,,,,,
1.0.0,2026-06-23 19:54:44.609,284,48.71,0,1,0.1236,14.59,0.68,0.31,0,,,,,4.2,57,11,2040,2317.971456,40.853
1.0.0,2026-06-23 19:54:46.994,284,,,,,,,,,2026-06-23 19:54:46.743,0.77,1,,,,,,,
1.0.0,2026-06-23 19:54:47.471,285,48.93,0,1,0.1287,13.38,0.68,0.3,1,,,,,5.2,57,1,2040,2317.971456,36.12
1.0.0,2026-06-23 19:54:48.788,285,,,,,,,,,2026-06-23 19:54:48.537,0.54,1,,,,,,,
1.0.0,2026-06-23 19:54:49.354,286,48.96,0,1,0.1072,15.16,0.76,0.32,0,,,,,3.8,57,4,2040,2317.971456,38.065
1.0.0,2026-06-23 19:54:51.739,286,,,,,,,,,2026-06-23 19:54:51.488,0.59,1,,,,,,,
1.0.0,2026-06-23 19:54:51.739,287,49.18,0,1,0.0772,14.55,0.75,0.34,1,,,,,4.8,57,7,2040,2317.971456,42.21
1.0.0,2026-06-23 19:54:53.070,287,,,,,,,,,2026-06-23 19:54:52.819,0.29,1,,,,,,,
1.0.0,2026-06-23 19:54:55.866,288,48.98,0,1,0.1256,14.64,0.63,0.31,1,,,,,4.5,57,13,2040,2317.971456,39.571
1.0.0,2026-06-23 19:54:57.193,288,,,,,,,,,2026-06-23 19:54:56.932,9.89,1,,,,,,,
1.0.0,2026-06-23 19:54:57.329,289,48.97,0,1,0.1213,14.09,0.72,0.34,1,,,,,5.5,57,1,2040,2317.971456,40.646
1.0.0,2026-06-23 19:54:58.652,289,,,,,,,,,2026-06-23 19:54:58.396,5.55,1,,,,,,,
1.0.0,2026-06-23 19:55:00.282,290,49.24,0,1,0.1318,14.34,0.69,0.36,1,,,,,4.5,57,4,2040,2317.971456,36.66
1.0.0,2026-06-23 19:55:01.602,290,,,,,,,,,2026-06-23 19:55:01.348,2.93,1,,,,,,,
1.0.0,2026-06-23 19:55:02.164,291,48.9,0,1,0.0956,14.83,0.65,0.33,0,,,,,4.0,57,10,2040,2317.971456,37.905
1.0.0,2026-06-23 19:55:04.557,291,,,,,,,,,2026-06-23 19:55:04.298,9.02,1,,,,,,,
1.0.0,2026-06-23 19:55:04.585,292,48.99,0,1,0.0778,14.07,0.68,0.33,1,,,,,4.5,57,7,2040,2317.971456,41.746
1.0.0,2026-06-23 19:55:05.903,292,,,,,,,,,2026-06-23 19:55:05.652,0.58,1,,,,,,,
1.0.0,2026-06-23 19:55:08.855,293,48.63,0,1,0.1261,14.9,0.6,0.32,1,,,,,4.1,57,13,2040,2317.971456,40.846
1.0.0,2026-06-23 19:55:10.182,293,,,,,,,,,2026-06-23 19:55:09.921,9.26,1,,,,,,,
1.0.0,2026-06-23 19:55:10.310,294,49.23,0,1,0.123,14.88,0.63,0.43,0,,,,,4.9,57,9,2040,2317.971456,40.824
1.0.0,2026-06-23 19:55:12.695,294,,,,,,,,,2026-06-23 19:55:12.443,1.97,1,,,,,,,
1.0.0,2026-06-23 19:55:13.136,295,49.41,0,1,0.1469,13.17,0.7,0.34,1,,,,,4.9,57,9,2040,2317.971456,38.113
1.0.0,2026-06-23 19:55:14.459,295,,,,,,,,,2026-06-23 19:55:14.203,5.77,1,,,,,,,
1.0.0,2026-06-23 19:55:14.824,296,48.84,0,1,0.1163,13.06,0.7,0.36,0,,,,,4.7,57,12,2040,2317.971456,38.792
1.0.0,2026-06-23 19:55:17.214,296,,,,,,,,,2026-06-23 19:55:16.957,6.69,1,,,,,,,
1.0.0,2026-06-23 19:55:17.581,297,48.12,0,1,0.0647,14.24,0.75,0.32,0,,,,,5.6,57,12,2040,2317.971456,43.024
1.0.0,2026-06-23 19:55:19.967,297,,,,,,,,,2026-06-23 19:55:19.714,1.51,1,,,,,,,
1.0.0,2026-06-23 19:55:21.660,298,48.56,0,1,0.1133,14.28,0.72,0.34,0,,,,,6.7,57,16,2040,2317.971456,41.86
1.0.0,2026-06-23 19:55:23.028,299,49.11,0,1,0.121,12.88,0.76,0.31,0,,,,,4.8,57,10,2040,2317.971456,41.599
1.0.0,2026-06-23 19:55:24.048,298,,,,,,,,,2026-06-23 19:55:23.793,4.59,1,,,,,,,
1.0.0,2026-06-23 19:55:25.425,299,,,,,,,,,2026-06-23 19:55:25.162,12.53,1,,,,,,,
1.0.0,2026-06-23 19:55:25.928,300,49.17,0,1,0.1425,14.15,0.68,0.32,1,,,,,4.9,57,10,2040,2317.971456,38.525
1.0.0,2026-06-23 19:55:27.250,300,,,,,,,,,2026-06-23 19:55:26.994,5.27,1,,,,,,,
1.0.0,2026-06-23 19:55:27.676,301,48.48,0,1,0.1083,14.7,0.73,0.36,0,,,,,6.1,57,11,2040,2317.971456,40.178
1.0.0,2026-06-23 19:55:30.075,301,,,,,,,,,2026-06-23 19:55:29.809,15.18,1,,,,,,,
1.0.0,2026-06-23 19:55:30.197,302,48.95,0,1,0.063,13.31,0.74,0.32,0,,,,,5.2,57,11,2040,2317.971456,39.305
1.0.0,2026-06-23 19:55:32.581,302,,,,,,,,,2026-06-23 19:55:32.330,0.76,1,,,,,,,
1.0.0,2026-06-23 19:55:34.452,303,49.05,0,1,0.1206,14.07,0.62,0.32,1,,,,,5.3,57,1,2040,2317.971456,36.383
1.0.0,2026-06-23 19:55:35.771,303,,,,,,,,,2026-06-23 19:55:35.519,0.7,1,,,,,,,
1.0.0,2026-06-23 19:55:35.937,304,49.35,0,1,0.1215,20.16,0.66,0.37,0,,,,,5.5,57,11,2040,2317.971456,41.24
1.0.0,2026-06-23 19:55:38.334,304,,,,,,,,,2026-06-23 19:55:38.070,13.9,1,,,,,,,
1.0.0,2026-06-23 19:55:38.813,305,49.2,0,1,0.1481,13.51,0.67,0.33,1,,,,,4.7,57,11,2040,2317.971456,40.331
1.0.0,2026-06-23 19:55:40.138,305,,,,,,,,,2026-06-23 19:55:39.879,7.76,1,,,,,,,
1.0.0,2026-06-23 19:55:40.540,306,48.98,0,1,0.1141,14.41,0.76,0.31,0,,,,,5.3,57,8,2040,2317.971456,41.045
1.0.0,2026-06-23 19:55:42.932,306,,,,,,,,,2026-06-23 19:55:42.674,7.27,1,,,,,,,
1.0.0,2026-06-23 19:55:42.998,307,48.78,0,1,0.0606,13.98,0.69,0.31,1,,,,,5.1,57,9,2040,2317.971456,39.949
1.0.0,2026-06-23 19:55:44.317,307,,,,,,,,,2026-06-23 19:55:44.064,1.81,1,,,,,,,
1.0.0,2026-06-23 19:55:47.105,308,48.95,0,1,0.1187,15.12,0.6,0.34,1,,,,,5.0,57,12,2040,2317.971456,37.763
1.0.0,2026-06-23 19:55:48.436,308,,,,,,,,,2026-06-23 19:55:48.172,13.62,1,,,,,,,
1.0.0,2026-06-23 19:55:48.875,309,48.85,0,1,0.1231,14.64,0.64,0.33,0,,,,,5.4,57,7,2040,2317.971456,40.615
1.0.0,2026-06-23 19:55:51.265,309,,,,,,,,,2026-06-23 19:55:51.009,5.56,1,,,,,,,
1.0.0,2026-06-23 19:55:51.609,310,48.75,0,1,0.1298,14.0,0.64,0.33,1,,,,,5.5,57,11,2040,2317.971456,41.777
1.0.0,2026-06-23 19:55:52.932,310,,,,,,,,,2026-06-23 19:55:52.676,5.14,1,,,,,,,
1.0.0,2026-06-23 19:55:53.460,311,49.43,0,1,0.1071,16.25,0.72,0.36,0,,,,,5.2,57,1,2040,2327.867392,38.999
1.0.0,2026-06-23 19:55:55.850,311,,,,,,,,,2026-06-23 19:55:55.593,5.95,1,,,,,,,
1.0.0,2026-06-23 19:55:56.041,312,49.02,0,1,0.0735,14.21,0.65,0.35,0,,,,,7.3,57,7,2040,2317.971456,41.108
1.0.0,2026-06-23 19:55:58.428,312,,,,,,,,,2026-06-23 19:55:58.174,3.79,1,,,,,,,
1.0.0,2026-06-23 19:56:00.138,313,49.18,0,1,0.1129,14.29,0.63,0.31,1,,,,,5.1,57,13,2040,2317.971456,38.771
1.0.0,2026-06-23 19:56:01.393,314,48.81,0,1,0.1229,13.97,0.61,0.34,1,,,,,4.3,57,2,2040,2317.971456,42.499
1.0.0,2026-06-23 19:56:01.466,313,,,,,,,,,2026-06-23 19:56:01.204,10.15,1,,,,,,,
1.0.0,2026-06-23 19:56:02.714,314,,,,,,,,,2026-06-23 19:56:02.460,3.29,1,,,,,,,
1.0.0,2026-06-23 19:56:04.468,315,49.18,0,1,0.1328,13.85,0.58,0.31,1,,,,,5.9,57,1,2040,2317.971456,36.459
1.0.0,2026-06-23 19:56:05.786,315,,,,,,,,,2026-06-23 19:56:05.534,0.61,1,,,,,,,
1.0.0,2026-06-23 19:56:06.132,316,49.16,0,1,0.1184,14.73,0.72,0.37,0,,,,,4.6,57,10,2040,2317.971456,39.09
1.0.0,2026-06-23 19:56:08.528,316,,,,,,,,,2026-06-23 19:56:08.265,13.07,1,,,,,,,
1.0.0,2026-06-23 19:56:08.576,317,48.9,0,1,0.065,15.14,0.77,0.35,0,,,,,3.9,57,6,2040,2317.971456,38.93
1.0.0,2026-06-23 19:56:10.962,317,,,,,,,,,2026-06-23 19:56:10.711,0.68,1,,,,,,,
1.0.0,2026-06-23 19:56:12.936,318,48.48,0,1,0.1181,15.28,0.68,0.34,0,,,,,4.0,57,7,2040,2317.971456,39.697
1.0.0,2026-06-23 19:56:14.288,319,48.3,0,1,0.1229,14.08,0.64,0.34,0,,,,,5.7,57,6,2040,2317.971456,41.449
1.0.0,2026-06-23 19:56:15.321,318,,,,,,,,,2026-06-23 19:56:15.070,1.03,1,,,,,,,
1.0.0,2026-06-23 19:56:16.686,319,,,,,,,,,2026-06-23 19:56:16.421,11.65,1,,,,,,,
1.0.0,2026-06-23 19:56:17.273,320,48.71,0,1,0.1349,15.39,0.69,0.33,1,,,,,5.5,57,9,2040,2317.971456,37.542
1.0.0,2026-06-23 19:56:18.596,320,,,,,,,,,2026-06-23 19:56:18.339,6.26,1,,,,,,,
1.0.0,2026-06-23 19:56:18.983,321,49.13,0,1,0.1155,14.58,0.67,0.3,0,,,,,4.0,57,13,2040,2317.971456,38.957
1.0.0,2026-06-23 19:56:21.370,321,,,,,,,,,2026-06-23 19:56:21.117,2.3,1,,,,,,,
1.0.0,2026-06-23 19:56:21.650,322,49.0,0,1,0.063,15.21,0.73,0.34,0,,,,,4.9,57,1,2040,2317.971456,38.789
1.0.0,2026-06-23 19:56:24.035,322,,,,,,,,,2026-06-23 19:56:23.784,0.77,1,,,,,,,
1.0.0,2026-06-23 19:56:25.718,323,49.22,0,1,0.113,14.29,0.65,0.35,1,,,,,4.0,57,1,2040,2317.971456,36.316
1.0.0,2026-06-23 19:56:27.037,323,,,,,,,,,2026-06-23 19:56:26.785,2.23,1,,,,,,,
1.0.0,2026-06-23 19:56:27.130,324,48.78,0,1,0.1195,14.88,0.68,0.36,0,,,,,3.7,57,6,2040,2317.971456,41.036
1.0.0,2026-06-23 19:56:29.516,324,,,,,,,,,2026-06-23 19:56:29.263,2.63,1,,,,,,,
1.0.0,2026-06-23 19:56:30.192,325,48.98,0,1,0.1469,15.32,0.66,0.35,1,,,,,4.6,57,12,2040,2317.971456,39.14
1.0.0,2026-06-23 19:56:31.514,325,,,,,,,,,2026-06-23 19:56:31.258,4.71,1,,,,,,,
1.0.0,2026-06-23 19:56:31.965,326,48.84,0,1,0.092,14.13,0.68,0.34,0,,,,,5.5,57,9,2040,2317.971456,39.45
1.0.0,2026-06-23 19:56:34.113,327,49.3,0,1,0.0808,15.72,0.75,0.35,0,,,,,4.0,57,10,2040,2317.971456,38.091
1.0.0,2026-06-23 19:56:34.363,326,,,,,,,,,2026-06-23 19:56:34.098,14.99,1,,,,,,,
1.0.0,2026-06-23 19:56:36.501,327,,,,,,,,,2026-06-23 19:56:36.246,4.04,1,,,,,,,
1.0.0,2026-06-23 19:56:38.507,328,49.1,0,1,0.1231,14.16,0.61,0.36,0,,,,,4.8,57,1,2040,2317.971456,36.074
1.0.0,2026-06-23 19:56:39.852,329,49.27,0,1,0.1228,13.01,0.62,0.32,0,,,,,4.3,57,13,2040,2317.971456,41.645
1.0.0,2026-06-23 19:56:40.908,328,,,,,,,,,2026-06-23 19:56:40.641,15.62,1,,,,,,,
1.0.0,2026-06-23 19:56:42.237,329,,,,,,,,,2026-06-23 19:56:41.985,0.61,1,,,,,,,
1.0.0,2026-06-23 19:56:42.662,330,49.26,0,1,0.1377,14.38,0.75,0.34,1,,,,,4.9,57,1,2040,2317.971456,36.167
1.0.0,2026-06-23 19:56:43.988,330,,,,,,,,,2026-06-23 19:56:43.729,7.67,1,,,,,,,
1.0.0,2026-06-23 19:56:44.709,331,48.58,0,1,0.1078,13.59,0.68,0.31,0,,,,,3.6,57,0,2040,2317.971456,39.779
1.0.0,2026-06-23 19:56:47.085,332,49.08,0,1,0.0777,13.88,0.71,0.36,0,,,,,5.6,57,13,2040,2317.971456,39.823
1.0.0,2026-06-23 19:56:47.096,331,,,,,,,,,2026-06-23 19:56:46.842,3.23,1,,,,,,,
1.0.0,2026-06-23 19:56:49.471,332,,,,,,,,,2026-06-23 19:56:49.220,0.37,1,,,,,,,
1.0.0,2026-06-23 19:56:51.193,333,48.82,0,1,0.1132,15.74,0.7,0.32,1,,,,,4.7,57,4,2040,2317.971456,36.841
1.0.0,2026-06-23 19:56:52.526,333,,,,,,,,,2026-06-23 19:56:52.260,15.91,1,,,,,,,
1.0.0,2026-06-23 19:56:52.717,334,49.14,0,1,0.1236,15.14,0.67,0.32,0,,,,,5.2,57,7,2040,2317.90592,42.864
1.0.0,2026-06-23 19:56:55.107,334,,,,,,,,,2026-06-23 19:56:54.850,5.89,1,,,,,,,
1.0.0,2026-06-23 19:56:55.690,335,48.16,0,1,0.1291,15.72,0.67,0.32,1,,,,,4.0,57,1,2040,2317.90592,36.126
1.0.0,2026-06-23 19:56:57.011,335,,,,,,,,,2026-06-23 19:56:56.757,3.58,1,,,,,,,
1.0.0,2026-06-23 19:56:57.147,336,49.29,0,1,0.114,14.74,0.67,0.33,0,,,,,4.3,57,1,2040,2317.90592,39.944
1.0.0,2026-06-23 19:56:59.531,336,,,,,,,,,2026-06-23 19:56:59.280,0.8,1,,,,,,,
1.0.0,2026-06-23 19:56:59.868,337,49.05,0,1,0.0639,13.84,0.74,0.3,0,,,,,4.4,57,11,2040,2317.90592,40.543
1.0.0,2026-06-23 19:57:02.255,337,,,,,,,,,2026-06-23 19:57:02.002,0.84,1,,,,,,,
1.0.0,2026-06-23 19:57:04.206,338,49.28,0,1,0.1228,14.44,0.66,0.33,1,,,,,4.7,57,13,2040,2317.90592,37.506
1.0.0,2026-06-23 19:57:05.524,338,,,,,,,,,2026-06-23 19:57:05.273,0.76,1,,,,,,,
1.0.0,2026-06-23 19:57:05.533,339,48.65,0,1,0.121,13.68,0.63,0.33,0,,,,,4.2,57,0,2040,2317.90592,43.105
1.0.0,2026-06-23 19:57:07.931,339,,,,,,,,,2026-06-23 19:57:07.666,14.81,1,,,,,,,
1.0.0,2026-06-23 19:57:08.462,340,48.69,0,1,0.1371,14.11,0.72,0.32,1,,,,,4.7,57,1,2040,2317.90592,36.119
1.0.0,2026-06-23 19:57:09.795,340,,,,,,,,,2026-06-23 19:57:09.529,7.21,1,,,,,,,
1.0.0,2026-06-23 19:57:10.183,341,49.34,0,1,0.1076,14.79,0.67,0.33,0,,,,,5.7,57,4,2040,2317.90592,38.317
1.0.0,2026-06-23 19:57:12.569,341,,,,,,,,,2026-06-23 19:57:12.317,1.16,1,,,,,,,
1.0.0,2026-06-23 19:57:12.590,342,49.26,0,1,0.057,14.11,0.67,0.3,0,,,,,5.0,57,6,2040,2317.90592,38.747
1.0.0,2026-06-23 19:57:14.975,342,,,,,,,,,2026-06-23 19:57:14.723,0.92,1,,,,,,,
1.0.0,2026-06-23 19:57:16.714,343,48.68,0,1,0.1227,14.02,0.69,0.34,1,,,,,4.7,57,1,2040,2317.90592,36.368
1.0.0,2026-06-23 19:57:18.041,343,,,,,,,,,2026-06-23 19:57:17.780,10.17,1,,,,,,,
1.0.0,2026-06-23 19:57:18.299,344,48.72,0,1,0.123,14.68,0.66,0.32,0,,,,,4.6,57,1,2040,2317.90592,40.169
1.0.0,2026-06-23 19:57:20.685,344,,,,,,,,,2026-06-23 19:57:20.432,2.77,1,,,,,,,
1.0.0,2026-06-23 19:57:21.263,345,49.15,0,1,0.137,14.05,0.71,0.28,1,,,,,3.9,57,12,2040,2317.90592,36.61
1.0.0,2026-06-23 19:57:22.590,345,,,,,,,,,2026-06-23 19:57:22.330,9.78,1,,,,,,,
1.0.0,2026-06-23 19:57:22.987,346,49.05,0,1,0.1142,14.76,0.64,0.34,0,,,,,5.1,57,14,2040,2317.90592,38.224
1.0.0,2026-06-23 19:57:25.382,346,,,,,,,,,2026-06-23 19:57:25.120,11.07,1,,,,,,,
1.0.0,2026-06-23 19:57:25.535,347,49.14,0,1,0.0671,14.07,0.74,0.32,0,,,,,5.6,57,13,2040,2317.90592,41.078
1.0.0,2026-06-23 19:57:27.922,347,,,,,,,,,2026-06-23 19:57:27.669,3.01,1,,,,,,,
1.0.0,2026-06-23 19:57:29.837,348,50.55,0,1,0.1205,13.1,0.64,0.36,1,,,,,5.2,57,12,2040,2317.90592,41.372
1.0.0,2026-06-23 19:57:31.102,349,49.33,0,1,0.1234,14.02,0.65,0.31,0,,,,,5.2,57,8,2040,2317.90592,42.048
1.0.0,2026-06-23 19:57:31.162,348,,,,,,,,,2026-06-23 19:57:30.903,7.72,1,,,,,,,
1.0.0,2026-06-23 19:57:33.490,349,,,,,,,,,2026-06-23 19:57:33.235,4.52,1,,,,,,,
1.0.0,2026-06-23 19:57:34.143,350,48.82,0,1,0.1306,13.79,0.65,0.29,1,,,,,4.5,57,10,2040,2317.90592,38.718
1.0.0,2026-06-23 19:57:35.463,350,,,,,,,,,2026-06-23 19:57:35.210,1.13,1,,,,,,,
1.0.0,2026-06-23 19:57:36.049,351,48.23,0,1,0.1026,14.62,0.65,0.34,0,,,,,4.8,57,0,2040,2317.90592,42.304
1.0.0,2026-06-23 19:57:38.285,352,48.94,0,1,0.0801,13.99,0.63,0.33,1,,,,,3.8,57,4,2040,2317.90592,38.107
1.0.0,2026-06-23 19:57:38.440,351,,,,,,,,,2026-06-23 19:57:38.183,6.5,1,,,,,,,
1.0.0,2026-06-23 19:57:39.609,352,,,,,,,,,2026-06-23 19:57:39.352,6.21,1,,,,,,,
1.0.0,2026-06-23 19:57:42.598,353,48.59,0,1,0.1132,14.23,0.6,0.32,1,,,,,4.4,57,10,2040,2317.90592,39.286
1.0.0,2026-06-23 19:57:43.920,353,,,,,,,,,2026-06-23 19:57:43.665,5.05,1,,,,,,,
1.0.0,2026-06-23 19:57:44.011,354,49.33,0,1,0.1252,14.04,0.64,0.33,0,,,,,3.7,57,9,2040,2317.90592,41.016
1.0.0,2026-06-23 19:57:46.401,354,,,,,,,,,2026-06-23 19:57:46.144,6.16,1,,,,,,,
1.0.0,2026-06-23 19:57:46.943,355,48.84,0,1,0.142,14.6,0.64,0.31,1,,,,,3.9,57,8,2040,2317.90592,43.443
1.0.0,2026-06-23 19:57:48.266,355,,,,,,,,,2026-06-23 19:57:48.010,5.83,1,,,,,,,
1.0.0,2026-06-23 19:57:48.936,356,48.77,1,1,0.1093,15.46,0.68,0.36,0,,,,,5.1,57,7,2040,2317.90592,43.876
1.0.0,2026-06-23 19:57:51.071,357,48.98,0,1,0.0757,14.25,0.67,0.32,1,,,,,5.2,57,10,2040,2317.90592,42.654
1.0.0,2026-06-23 19:57:51.322,356,,,,,,,,,2026-06-23 19:57:51.069,2.04,1,,,,,,,
1.0.0,2026-06-23 19:57:52.395,357,,,,,,,,,2026-06-23 19:57:52.138,6.56,1,,,,,,,
1.0.0,2026-06-23 19:57:55.306,358,48.91,0,1,0.1213,14.31,0.6,0.33,1,,,,,5.8,57,13,2040,2317.90592,40.484
1.0.0,2026-06-23 19:57:56.624,358,,,,,,,,,2026-06-23 19:57:56.373,1.3,1,,,,,,,
1.0.0,2026-06-23 19:57:56.802,359,49.11,0,1,0.1232,14.74,0.73,0.32,0,,,,,5.1,57,7,2040,2317.90592,40.518
1.0.0,2026-06-23 19:57:59.188,359,,,,,,,,,2026-06-23 19:57:58.936,1.38,1,,,,,,,
1.0.0,2026-06-23 19:57:59.875,360,48.9,1,1,0.1397,15.51,0.71,0.33,1,,,,,5.5,57,13,2040,2317.90592,43.793
1.0.0,2026-06-23 19:58:01.208,360,,,,,,,,,2026-06-23 19:58:00.942,15.77,1,,,,,,,
1.0.0,2026-06-23 19:58:01.700,361,48.48,0,1,0.0854,14.19,0.61,0.32,0,,,,,4.5,57,8,2040,2317.90592,39.428
1.0.0,2026-06-23 19:58:03.921,362,49.0,0,1,0.0857,14.14,0.62,0.37,1,,,,,4.3,57,9,2040,2317.90592,43.676
1.0.0,2026-06-23 19:58:04.085,361,,,,,,,,,2026-06-23 19:58:03.834,0.76,1,,,,,,,
1.0.0,2026-06-23 19:58:05.240,362,,,,,,,,,2026-06-23 19:58:04.988,1.75,1,,,,,,,
1.0.0,2026-06-23 19:58:08.209,363,49.28,0,1,0.1224,14.36,0.65,0.33,0,,,,,5.2,57,12,2040,2317.90592,41.836
1.0.0,2026-06-23 19:58:09.584,364,49.32,0,1,0.1228,14.94,0.7,0.3,0,,,,,3.5,57,7,2040,2317.90592,41.154
1.0.0,2026-06-23 19:58:10.600,363,,,,,,,,,2026-06-23 19:58:10.342,7.18,1,,,,,,,
1.0.0,2026-06-23 19:58:11.983,364,,,,,,,,,2026-06-23 19:58:11.717,15.52,1,,,,,,,
1.0.0,2026-06-23 19:58:12.532,365,49.34,0,1,0.137,14.85,0.62,0.35,1,,,,,5.1,57,12,2040,2317.90592,39.52
1.0.0,2026-06-23 19:58:13.862,365,,,,,,,,,2026-06-23 19:58:13.598,12.83,1,,,,,,,
1.0.0,2026-06-23 19:58:14.351,366,48.73,0,1,0.1078,15.13,0.62,0.32,0,,,,,4.3,57,11,2040,2317.90592,39.533
1.0.0,2026-06-23 19:58:16.713,367,49.13,0,1,0.0634,13.51,0.62,0.32,1,,,,,4.4,57,13,2040,2317.90592,38.976
1.0.0,2026-06-23 19:58:16.748,366,,,,,,,,,2026-06-23 19:58:16.484,13.63,1,,,,,,,
1.0.0,2026-06-23 19:58:18.037,367,,,,,,,,,2026-06-23 19:58:17.780,6.95,1,,,,,,,
1.0.0,2026-06-23 19:58:21.222,368,49.13,0,1,0.1164,14.59,0.64,0.32,1,,,,,4.5,57,7,2040,2317.90592,42.694
1.0.0,2026-06-23 19:58:22.358,369,49.16,0,1,0.123,15.36,0.62,0.33,0,,,,,5.0,57,5,2040,2317.90592,42.242
1.0.0,2026-06-23 19:58:22.544,368,,,,,,,,,2026-06-23 19:58:22.289,3.64,1,,,,,,,
1.0.0,2026-06-23 19:58:24.756,369,,,,,,,,,2026-06-23 19:58:24.491,14.57,1,,,,,,,
1.0.0,2026-06-23 19:58:25.272,370,49.0,0,1,0.128,16.55,0.66,0.33,1,,,,,4.8,57,14,2040,2317.90592,40.218
1.0.0,2026-06-23 19:58:26.591,370,,,,,,,,,2026-06-23 19:58:26.339,1.18,1,,,,,,,
1.0.0,2026-06-23 19:58:27.163,371,49.01,0,1,0.1077,16.32,0.57,0.35,0,,,,,5.2,57,10,2040,2317.90592,41.421
1.0.0,2026-06-23 19:58:29.506,372,49.34,0,1,0.0718,13.63,0.6,0.3,0,,,,,4.7,57,12,2040,2317.90592,39.964
1.0.0,2026-06-23 19:58:29.554,371,,,,,,,,,2026-06-23 19:58:29.296,5.17,1,,,,,,,
1.0.0,2026-06-23 19:58:31.894,372,,,,,,,,,2026-06-23 19:58:31.639,3.77,1,,,,,,,
1.0.0,2026-06-23 19:58:33.683,373,49.26,0,1,0.1129,15.0,0.63,0.32,1,,,,,4.1,57,10,2040,2317.90592,37.35
1.0.0,2026-06-23 19:58:35.011,373,,,,,,,,,2026-06-23 19:58:34.750,11.0,1,,,,,,,
1.0.0,2026-06-23 19:58:35.200,374,47.98,0,1,0.1223,14.49,0.67,0.36,0,,,,,4.7,57,12,2040,2317.90592,40.574
1.0.0,2026-06-23 19:58:37.596,374,,,,,,,,,2026-06-23 19:58:37.333,12.49,1,,,,,,,
1.0.0,2026-06-23 19:58:38.155,375,49.01,0,1,0.1338,15.25,0.69,0.32,1,,,,,4.3,57,10,2040,2317.90592,42.145
1.0.0,2026-06-23 19:58:39.487,375,,,,,,,,,2026-06-23 19:58:39.222,14.46,1,,,,,,,
1.0.0,2026-06-23 19:58:39.901,376,48.92,0,1,0.1152,14.59,0.62,0.32,0,,,,,4.8,57,1,2040,2317.90592,38.987
1.0.0,2026-06-23 19:58:42.291,376,,,,,,,,,2026-06-23 19:58:42.035,5.31,1,,,,,,,
1.0.0,2026-06-23 19:58:42.366,377,49.08,0,1,0.07,14.81,0.81,0.35,0,,,,,5.3,57,7,2040,2317.90592,41.169
1.0.0,2026-06-23 19:58:44.761,377,,,,,,,,,2026-06-23 19:58:44.500,11.46,1,,,,,,,
1.0.0,2026-06-23 19:58:46.376,378,48.62,0,1,0.1144,15.57,0.67,0.36,1,,,,,4.3,57,10,2040,2317.90592,38.171
1.0.0,2026-06-23 19:58:47.700,378,,,,,,,,,2026-06-23 19:58:47.443,6.24,1,,,,,,,
1.0.0,2026-06-23 19:58:48.041,379,48.67,0,1,0.1225,14.49,0.58,0.31,0,,,,,5.5,57,10,2040,2317.90592,41.666
1.0.0,2026-06-23 19:58:50.430,379,,,,,,,,,2026-06-23 19:58:50.174,5.42,1,,,,,,,
1.0.0,2026-06-23 19:58:50.932,380,48.73,0,1,0.1306,13.6,0.59,0.31,1,,,,,3.8,57,1,2040,2317.90592,36.051
1.0.0,2026-06-23 19:58:52.258,380,,,,,,,,,2026-06-23 19:58:51.999,8.01,1,,,,,,,
1.0.0,2026-06-23 19:58:52.698,381,49.06,0,1,0.1154,14.39,0.65,0.32,0,,,,,4.8,57,11,2040,2317.90592,38.124
1.0.0,2026-06-23 19:58:55.095,381,,,,,,,,,2026-06-23 19:58:54.832,12.1,1,,,,,,,
1.0.0,2026-06-23 19:58:55.187,382,48.98,0,1,0.0558,14.66,0.73,0.35,1,,,,,4.6,57,10,2040,2317.90592,41.638
1.0.0,2026-06-23 19:58:56.509,382,,,,,,,,,2026-06-23 19:58:56.254,5.2,1,,,,,,,
1.0.0,2026-06-23 19:58:59.474,383,48.91,0,1,0.1223,14.61,0.76,0.32,1,,,,,4.0,57,11,2040,2317.90592,39.717
1.0.0,2026-06-23 19:59:00.800,383,,,,,,,,,2026-06-23 19:59:00.541,9.04,1,,,,,,,
1.0.0,2026-06-23 19:59:00.832,384,48.88,0,1,0.1229,15.22,0.75,0.35,1,,,,,4.1,57,1,2040,2317.90592,41.137
1.0.0,2026-06-23 19:59:02.168,384,,,,,,,,,2026-06-23 19:59:01.899,17.67,1,,,,,,,
1.0.0,2026-06-23 19:59:03.904,385,49.08,0,1,0.1387,16.48,0.66,0.32,1,,,,,5.6,57,7,2040,2317.90592,36.479
1.0.0,2026-06-23 19:59:05.237,385,,,,,,,,,2026-06-23 19:59:04.986,0.53,1,,,,,,,
1.0.0,2026-06-23 19:59:05.498,386,49.31,0,1,0.1154,14.74,0.61,0.34,0,,,,,5.0,57,13,2040,2317.90592,39.186
1.0.0,2026-06-23 19:59:07.894,386,,,,,,,,,2026-06-23 19:59:07.632,11.06,1,,,,,,,
1.0.0,2026-06-23 19:59:07.961,387,49.18,0,1,0.0624,15.42,0.76,0.28,0,,,,,5.4,57,9,2040,2317.90592,42.371
1.0.0,2026-06-23 19:59:10.347,387,,,,,,,,,2026-06-23 19:59:10.095,1.32,1,,,,,,,
1.0.0,2026-06-23 19:59:12.338,388,49.42,0,1,0.1238,14.06,0.69,0.31,1,,,,,5.9,57,7,2040,2317.90592,41.171
1.0.0,2026-06-23 19:59:13.665,388,,,,,,,,,2026-06-23 19:59:13.405,10.23,1,,,,,,,
1.0.0,2026-06-23 19:59:13.675,389,49.24,0,1,0.1226,13.79,0.59,0.37,0,,,,,4.9,57,10,2040,2317.90592,40.884
1.0.0,2026-06-23 19:59:16.066,389,,,,,,,,,2026-06-23 19:59:15.809,5.86,1,,,,,,,
1.0.0,2026-06-23 19:59:16.615,390,49.12,0,1,0.1351,13.77,0.68,0.3,1,,,,,6.6,57,13,2040,2317.90592,38.382
1.0.0,2026-06-23 19:59:17.945,390,,,,,,,,,2026-06-23 19:59:17.682,12.39,1,,,,,,,
1.0.0,2026-06-23 19:59:18.446,391,49.32,0,1,0.1026,14.83,0.74,0.35,0,,,,,5.0,57,9,2040,2317.90592,39.202
1.0.0,2026-06-23 19:59:20.754,392,48.86,0,1,0.0698,13.73,0.64,0.33,0,,,,,3.8,57,7,2040,2317.90592,38.02
1.0.0,2026-06-23 19:59:20.835,391,,,,,,,,,2026-06-23 19:59:20.580,4.73,1,,,,,,,
1.0.0,2026-06-23 19:59:23.150,392,,,,,,,,,2026-06-23 19:59:22.887,12.74,1,,,,,,,
1.0.0,2026-06-23 19:59:25.114,393,47.66,0,1,0.1154,14.69,0.74,0.37,0,,,,,5.0,57,10,2040,2317.90592,41.722
1.0.0,2026-06-23 19:59:26.437,394,49.11,0,1,0.1212,15.49,0.8,0.35,0,,,,,5.5,57,9,2040,2317.90592,40.956
1.0.0,2026-06-23 19:59:27.502,393,,,,,,,,,2026-06-23 19:59:27.248,3.82,1,,,,,,,
1.0.0,2026-06-23 19:59:28.832,394,,,,,,,,,2026-06-23 19:59:28.570,10.58,1,,,,,,,
1.0.0,2026-06-23 19:59:29.356,395,48.62,0,1,0.1255,14.34,0.68,0.31,1,,,,,4.8,57,13,2040,2317.90592,39.645
1.0.0,2026-06-23 19:59:30.686,395,,,,,,,,,2026-06-23 19:59:30.423,12.82,1,,,,,,,
1.0.0,2026-06-23 19:59:31.291,396,49.13,0,1,0.0988,14.02,0.66,0.31,0,,,,,4.6,57,10,2040,2317.90592,40.758
1.0.0,2026-06-23 19:59:33.587,397,49.38,0,1,0.0672,14.02,0.68,0.34,0,,,,,3.9,57,10,2040,2317.90592,38.546
1.0.0,2026-06-23 19:59:33.677,396,,,,,,,,,2026-06-23 19:59:33.424,2.15,1,,,,,,,
1.0.0,2026-06-23 19:59:35.983,397,,,,,,,,,2026-06-23 19:59:35.721,11.42,1,,,,,,,
1.0.0,2026-06-23 19:59:37.928,398,48.97,0,1,0.1139,13.54,0.65,0.31,1,,,,,5.1,57,4,2040,2317.90592,36.296
1.0.0,2026-06-23 19:59:39.248,398,,,,,,,,,2026-06-23 19:59:38.995,1.23,1,,,,,,,
1.0.0,2026-06-23 19:59:39.306,399,48.48,0,1,0.1209,14.6,0.69,0.33,0,,,,,4.9,57,10,2040,2317.90592,40.867
1.0.0,2026-06-23 19:59:41.695,399,,,,,,,,,2026-06-23 19:59:41.439,4.94,1,,,,,,,
1.0.0,2026-06-23 19:59:42.225,400,49.04,0,1,0.1334,13.8,0.6,0.31,1,,,,,5.8,57,13,2040,2317.90592,41.009
1.0.0,2026-06-23 19:59:43.546,400,,,,,,,,,2026-06-23 19:59:43.291,3.76,1,,,,,,,
1.0.0,2026-06-23 19:59:44.007,401,49.28,0,1,0.1052,14.72,0.68,0.33,0,,,,,4.2,57,1,2040,2317.90592,39.902
1.0.0,2026-06-23 19:59:46.393,401,,,,,,,,,2026-06-23 19:59:46.140,2.11,1,,,,,,,
1.0.0,2026-06-23 19:59:46.393,402,48.01,0,1,0.0761,13.88,0.62,0.32,0,,,,,6.1,57,12,2040,2317.90592,40.874
1.0.0,2026-06-23 19:59:48.784,402,,,,,,,,,2026-06-23 19:59:48.526,6.67,1,,,,,,,
1.0.0,2026-06-23 19:59:50.492,403,49.16,0,1,0.1205,14.19,0.71,0.31,1,,,,,5.4,57,12,2040,2317.90592,38.268
1.0.0,2026-06-23 19:59:51.823,403,,,,,,,,,2026-06-23 19:59:51.559,13.12,1,,,,,,,
1.0.0,2026-06-23 19:59:52.194,404,49.06,0,1,0.1237,15.63,0.74,0.34,0,,,,,5.2,57,10,2040,2317.90592,40.924
1.0.0,2026-06-23 19:59:54.581,404,,,,,,,,,2026-06-23 19:59:54.327,2.74,1,,,,,,,
1.0.0,2026-06-23 19:59:55.080,405,49.07,0,1,0.1299,14.84,0.67,0.36,1,,,,,7.2,57,12,2040,2317.90592,42.144
1.0.0,2026-06-23 19:59:56.404,405,,,,,,,,,2026-06-23 19:59:56.146,7.34,1,,,,,,,
1.0.0,2026-06-23 19:59:56.783,406,48.87,0,1,0.1153,15.96,0.73,0.34,0,,,,,8.8,57,1,2040,2317.90592,38.731
1.0.0,2026-06-23 19:59:59.169,406,,,,,,,,,2026-06-23 19:59:58.916,1.83,1,,,,,,,
1.0.0,2026-06-23 19:59:59.275,407,48.8,0,1,0.0638,16.15,0.77,0.34,1,,,,,4.9,57,8,2040,2317.90592,41.924
1.0.0,2026-06-23 20:00:00.596,407,,,,,,,,,2026-06-23 20:00:00.341,4.01,1,,,,,,,
1.0.0,2026-06-23 20:00:03.561,408,48.77,0,1,0.1131,13.46,0.66,0.33,1,,,,,4.3,57,7,2040,2372.3008,38.34
1.0.0,2026-06-23 20:00:04.875,409,49.03,0,1,0.1216,15.67,0.65,0.31,0,,,,,4.4,57,1,2040,2372.3008,41.978
1.0.0,2026-06-23 20:00:04.893,408,,,,,,,,,2026-06-23 20:00:04.628,14.64,1,,,,,,,
1.0.0,2026-06-23 20:00:07.269,409,,,,,,,,,2026-06-23 20:00:07.018,0.39,1,,,,,,,
1.0.0,2026-06-23 20:00:07.903,410,48.92,0,1,0.145,14.28,0.6,0.35,1,,,,,5.3,57,4,2040,2372.3008,36.377
1.0.0,2026-06-23 20:00:09.232,410,,,,,,,,,2026-06-23 20:00:08.970,10.75,1,,,,,,,
1.0.0,2026-06-23 20:00:09.603,411,49.01,0,1,0.117,15.39,0.65,0.33,0,,,,,4.2,57,7,2040,2372.3008,38.836
1.0.0,2026-06-23 20:00:11.963,412,48.72,0,1,0.0645,14.8,0.69,0.35,0,,,,,4.2,57,4,2040,2372.3008,39.048
1.0.0,2026-06-23 20:00:11.989,411,,,,,,,,,2026-06-23 20:00:11.736,2.27,1,,,,,,,
1.0.0,2026-06-23 20:00:14.361,412,,,,,,,,,2026-06-23 20:00:14.109,0.62,1,,,,,,,
1.0.0,2026-06-23 20:00:16.199,413,49.22,0,1,0.121,14.7,0.67,0.34,1,,,,,5.5,57,13,2040,2372.3008,40.408
1.0.0,2026-06-23 20:00:17.527,413,,,,,,,,,2026-06-23 20:00:17.265,10.78,1,,,,,,,
1.0.0,2026-06-23 20:00:17.675,414,49.25,0,1,0.1228,14.82,0.77,0.32,0,,,,,4.1,57,10,2040,2372.3008,40.496
1.0.0,2026-06-23 20:00:20.063,414,,,,,,,,,2026-06-23 20:00:19.808,4.17,1,,,,,,,
1.0.0,2026-06-23 20:00:20.638,415,49.05,0,1,0.1371,14.09,0.62,0.33,1,,,,,5.0,57,9,2040,2372.3008,37.968
1.0.0,2026-06-23 20:00:21.963,415,,,,,,,,,2026-06-23 20:00:21.705,6.95,1,,,,,,,
1.0.0,2026-06-23 20:00:22.368,416,48.82,0,1,0.1152,15.96,0.63,0.31,0,,,,,4.7,57,10,2040,2372.3008,39.037
1.0.0,2026-06-23 20:00:24.753,416,,,,,,,,,2026-06-23 20:00:24.501,0.93,1,,,,,,,
1.0.0,2026-06-23 20:00:25.030,417,49.08,0,1,0.0584,14.02,0.67,0.31,0,,,,,4.1,57,0,2040,2372.3008,38.196
1.0.0,2026-06-23 20:00:27.429,417,,,,,,,,,2026-06-23 20:00:27.163,14.53,1,,,,,,,
1.0.0,2026-06-23 20:00:28.957,418,49.33,0,1,0.124,14.6,0.61,0.31,1,,,,,3.5,57,1,2040,2372.3008,36.349
1.0.0,2026-06-23 20:00:30.289,418,,,,,,,,,2026-06-23 20:00:30.024,13.02,1,,,,,,,
1.0.0,2026-06-23 20:00:30.606,419,48.65,0,1,0.121,13.3,0.57,0.31,0,,,,,4.4,57,13,2040,2372.3008,39.872
1.0.0,2026-06-23 20:00:33.007,419,,,,,,,,,2026-06-23 20:00:32.755,0.47,1,,,,,,,
1.0.0,2026-06-23 20:00:33.330,420,49.27,0,1,0.1465,14.64,0.59,0.33,1,,,,,4.7,57,11,2040,2372.3008,39.385
1.0.0,2026-06-23 20:00:34.654,420,,,,,,,,,2026-06-23 20:00:34.396,5.83,1,,,,,,,
1.0.0,2026-06-23 20:00:35.351,421,48.86,0,1,0.1071,14.45,0.6,0.33,0,,,,,4.6,57,13,2040,2372.3008,39.767
1.0.0,2026-06-23 20:00:37.632,422,49.07,0,1,0.0693,14.59,0.67,0.31,0,,,,,4.4,57,7,2040,2372.3008,39.054
1.0.0,2026-06-23 20:00:37.741,421,,,,,,,,,2026-06-23 20:00:37.485,6.34,1,,,,,,,
1.0.0,2026-06-23 20:00:40.018,422,,,,,,,,,2026-06-23 20:00:39.765,2.62,1,,,,,,,
1.0.0,2026-06-23 20:00:41.923,423,49.27,0,1,0.1167,15.71,0.68,0.32,1,,,,,4.9,57,1,2040,2372.3008,36.292
1.0.0,2026-06-23 20:00:43.254,423,,,,,,,,,2026-06-23 20:00:42.990,13.86,1,,,,,,,
1.0.0,2026-06-23 20:00:43.449,424,49.47,0,1,0.1231,14.68,0.73,0.34,0,,,,,4.6,57,12,2040,2372.3008,41.106
1.0.0,2026-06-23 20:00:45.841,424,,,,,,,,,2026-06-23 20:00:45.582,8.12,1,,,,,,,
1.0.0,2026-06-23 20:00:46.054,425,49.27,0,1,0.1437,14.87,0.7,0.32,1,,,,,4.3,57,1,2040,2372.3008,36.087
1.0.0,2026-06-23 20:00:47.382,425,,,,,,,,,2026-06-23 20:00:47.120,10.47,1,,,,,,,
1.0.0,2026-06-23 20:00:48.015,426,48.69,0,1,0.1093,14.99,0.71,0.33,0,,,,,3.6,57,1,2040,2372.3008,38.773
1.0.0,2026-06-23 20:00:50.412,426,,,,,,,,,2026-06-23 20:00:50.149,12.68,1,,,,,,,
1.0.0,2026-06-23 20:00:50.494,427,48.64,0,1,0.0668,13.91,0.73,0.32,0,,,,,3.6,57,11,2040,2372.3008,39.638
1.0.0,2026-06-23 20:00:52.879,427,,,,,,,,,2026-06-23 20:00:52.627,1.23,1,,,,,,,
1.0.0,2026-06-23 20:00:54.962,428,49.05,0,1,0.1131,15.72,0.77,0.32,1,,,,,4.1,57,10,2040,2372.3008,37.299
1.0.0,2026-06-23 20:00:56.183,429,49.25,0,1,0.1232,13.96,0.62,0.29,0,,,,,4.4,57,12,2040,2372.3008,42.124
1.0.0,2026-06-23 20:00:56.281,428,,,,,,,,,2026-06-23 20:00:56.029,1.2,1,,,,,,,
1.0.0,2026-06-23 20:00:58.576,429,,,,,,,,,2026-06-23 20:00:58.316,9.26,1,,,,,,,
1.0.0,2026-06-23 20:00:59.077,430,49.11,0,1,0.1373,13.25,0.64,0.36,1,,,,,3.9,57,1,2040,2372.3008,36.177
1.0.0,2026-06-23 20:01:00.395,430,,,,,,,,,2026-06-23 20:01:00.144,1.01,1,,,,,,,
1.0.0,2026-06-23 20:01:00.813,431,48.92,0,1,0.1185,15.28,0.68,0.34,0,,,,,4.3,57,4,2040,2372.3008,38.117
1.0.0,2026-06-23 20:01:03.210,431,,,,,,,,,2026-06-23 20:01:02.947,12.73,1,,,,,,,
1.0.0,2026-06-23 20:01:03.217,432,49.08,0,1,0.072,14.32,0.65,0.34,0,,,,,4.8,57,7,2040,2372.3008,41.736
1.0.0,2026-06-23 20:01:05.615,432,,,,,,,,,2026-06-23 20:01:05.350,14.39,1,,,,,,,
1.0.0,2026-06-23 20:01:07.639,433,49.08,0,1,0.1219,16.18,0.77,0.4,1,,,,,6.7,57,10,2040,2372.3008,38.819
1.0.0,2026-06-23 20:01:08.959,433,,,,,,,,,2026-06-23 20:01:08.705,2.77,1,,,,,,,
1.0.0,2026-06-23 20:01:09.179,434,48.72,0,1,0.1228,13.73,0.73,0.32,0,,,,,4.9,57,1,2040,2372.3008,42.103
1.0.0,2026-06-23 20:01:11.574,434,,,,,,,,,2026-06-23 20:01:11.313,10.34,1,,,,,,,
1.0.0,2026-06-23 20:01:11.907,435,49.25,0,1,0.1345,15.72,0.69,0.31,1,,,,,5.0,57,4,2040,2372.3008,36.52
1.0.0,2026-06-23 20:01:13.226,435,,,,,,,,,2026-06-23 20:01:12.974,1.54,1,,,,,,,
1.0.0,2026-06-23 20:01:13.659,436,48.65,0,1,0.1151,14.98,0.77,0.39,0,,,,,5.4,57,5,2040,2372.3008,38.311
1.0.0,2026-06-23 20:01:16.045,436,,,,,,,,,2026-06-23 20:01:15.794,0.55,1,,,,,,,
1.0.0,2026-06-23 20:01:16.106,437,49.12,0,1,0.0707,14.26,0.71,0.33,0,,,,,4.6,57,0,2040,2372.3008,38.575
1.0.0,2026-06-23 20:01:18.491,437,,,,,,,,,2026-06-23 20:01:18.239,1.41,1,,,,,,,
1.0.0,2026-06-23 20:01:20.171,438,49.2,0,1,0.1263,14.15,0.66,0.33,1,,,,,3.0,57,1,2040,2372.3008,36.367
1.0.0,2026-06-23 20:01:21.490,438,,,,,,,,,2026-06-23 20:01:21.238,1.44,1,,,,,,,
1.0.0,2026-06-23 20:01:21.764,439,49.95,0,1,0.1233,13.72,0.61,0.33,0,,,,,5.4,57,10,2040,2372.3008,39.426
1.0.0,2026-06-23 20:01:24.149,439,,,,,,,,,2026-06-23 20:01:23.898,0.99,1,,,,,,,
1.0.0,2026-06-23 20:01:24.781,440,47.86,0,1,0.121,12.91,0.63,0.3,1,,,,,4.8,57,8,2040,2372.3008,37.735
1.0.0,2026-06-23 20:01:26.103,440,,,,,,,,,2026-06-23 20:01:25.848,4.44,1,,,,,,,
1.0.0,2026-06-23 20:01:26.456,441,49.19,0,1,0.1157,13.64,0.61,0.31,0,,,,,4.5,57,7,2040,2372.3008,38.816
1.0.0,2026-06-23 20:01:28.844,441,,,,,,,,,2026-06-23 20:01:28.589,4.75,1,,,,,,,
1.0.0,2026-06-23 20:01:28.947,442,49.51,0,1,0.0612,13.36,0.7,0.32,1,,,,,4.9,57,1,2040,2372.3008,37.965
1.0.0,2026-06-23 20:01:30.266,442,,,,,,,,,2026-06-23 20:01:30.013,1.95,1,,,,,,,
1.0.0,2026-06-23 20:01:33.253,443,49.0,0,1,0.1221,15.33,0.73,0.35,1,,,,,4.8,57,1,2040,2372.3008,36.401
1.0.0,2026-06-23 20:01:34.571,443,,,,,,,,,2026-06-23 20:01:34.320,0.89,1,,,,,,,
1.0.0,2026-06-23 20:01:34.610,444,48.74,0,1,0.1217,14.86,0.81,0.32,0,,,,,4.1,57,12,2040,2372.3008,41.157
1.0.0,2026-06-23 20:01:37.000,444,,,,,,,,,2026-06-23 20:01:36.743,6.64,1,,,,,,,
1.0.0,2026-06-23 20:01:37.586,445,48.55,0,1,0.1289,14.14,0.67,0.31,1,,,,,5.3,57,7,2040,2372.3008,38.74
1.0.0,2026-06-23 20:01:38.919,445,,,,,,,,,2026-06-23 20:01:38.653,15.77,1,,,,,,,
1.0.0,2026-06-23 20:01:39.421,446,49.1,0,1,0.1084,14.03,0.73,0.35,0,,,,,4.2,57,13,2040,2372.3008,39.695
1.0.0,2026-06-23 20:01:41.741,447,49.33,0,1,0.078,14.04,0.73,0.36,1,,,,,5.0,57,10,2040,2372.3008,38.596
1.0.0,2026-06-23 20:01:41.811,446,,,,,,,,,2026-06-23 20:01:41.554,6.26,1,,,,,,,
1.0.0,2026-06-23 20:01:43.070,447,,,,,,,,,2026-06-23 20:01:42.807,12.26,1,,,,,,,
1.0.0,2026-06-23 20:01:45.853,448,48.79,0,1,0.1133,16.62,0.78,0.37,1,,,,,4.6,57,1,2040,2372.3008,36.333
1.0.0,2026-06-23 20:01:47.174,448,,,,,,,,,2026-06-23 20:01:46.919,3.71,1,,,,,,,
1.0.0,2026-06-23 20:01:47.450,449,49.11,0,1,0.1195,14.16,0.62,0.33,0,,,,,3.8,57,11,2040,2372.3008,40.144
1.0.0,2026-06-23 20:01:49.841,449,,,,,,,,,2026-06-23 20:01:49.583,8.07,1,,,,,,,
1.0.0,2026-06-23 20:01:50.415,450,48.74,0,1,0.1323,14.12,0.68,0.35,1,,,,,5.0,57,13,2040,2372.3008,40.704
1.0.0,2026-06-23 20:01:51.737,450,,,,,,,,,2026-06-23 20:01:51.482,4.23,1,,,,,,,
1.0.0,2026-06-23 20:01:52.253,451,49.12,0,1,0.1063,16.01,0.69,0.36,0,,,,,4.5,57,0,2040,2372.3008,40.797
1.0.0,2026-06-23 20:01:54.503,452,48.67,0,1,0.0788,15.15,0.72,0.32,0,,,,,6.9,57,12,2040,2372.3008,39.992
1.0.0,2026-06-23 20:01:54.637,451,,,,,,,,,2026-06-23 20:01:54.386,1.15,1,,,,,,,
1.0.0,2026-06-23 20:01:56.891,452,,,,,,,,,2026-06-23 20:01:56.636,3.79,1,,,,,,,
1.0.0,2026-06-23 20:01:58.874,453,49.01,0,1,0.1219,14.75,0.65,0.36,0,,,,,6.4,57,9,2040,2372.3008,40.764
1.0.0,2026-06-23 20:02:00.219,454,49.38,0,1,0.1238,13.85,0.65,0.33,0,,,,,4.7,57,16,2040,2372.3008,42.155
1.0.0,2026-06-23 20:02:01.266,453,,,,,,,,,2026-06-23 20:02:01.008,7.28,1,,,,,,,
1.0.0,2026-06-23 20:02:02.613,454,,,,,,,,,2026-06-23 20:02:02.352,9.95,1,,,,,,,
1.0.0,2026-06-23 20:02:03.177,455,48.92,0,1,0.134,14.26,0.63,0.33,1,,,,,4.7,57,1,2040,2372.3008,36.027
1.0.0,2026-06-23 20:02:04.508,455,,,,,,,,,2026-06-23 20:02:04.244,13.89,1,,,,,,,
1.0.0,2026-06-23 20:02:05.053,456,49.07,0,1,0.1082,14.87,0.75,0.32,0,,,,,3.4,57,0,2040,2372.3008,38.949
1.0.0,2026-06-23 20:02:07.319,457,49.03,0,1,0.0688,14.61,0.71,0.33,1,,,,,4.3,57,4,2040,2372.3008,37.72
1.0.0,2026-06-23 20:02:07.452,456,,,,,,,,,2026-06-23 20:02:07.187,13.95,1,,,,,,,
1.0.0,2026-06-23 20:02:08.643,457,,,,,,,,,2026-06-23 20:02:08.385,7.64,1,,,,,,,
1.0.0,2026-06-23 20:02:11.392,458,48.78,0,1,0.1236,14.79,0.67,0.33,1,,,,,5.2,57,0,2040,2372.3008,36.63
1.0.0,2026-06-23 20:02:12.712,458,,,,,,,,,2026-06-23 20:02:12.459,1.07,1,,,,,,,
1.0.0,2026-06-23 20:02:13.021,459,48.97,0,1,0.1233,14.87,0.61,0.33,0,,,,,5.3,57,14,2040,2372.3008,39.584
1.0.0,2026-06-23 20:02:15.409,459,,,,,,,,,2026-06-23 20:02:15.154,3.75,1,,,,,,,
1.0.0,2026-06-23 20:02:15.937,460,49.02,0,1,0.1291,14.78,0.68,0.35,1,,,,,4.7,57,13,2040,2372.3008,39.14
1.0.0,2026-06-23 20:02:17.258,460,,,,,,,,,2026-06-23 20:02:17.003,3.56,1,,,,,,,
1.0.0,2026-06-23 20:02:17.735,461,47.53,0,1,0.1071,13.53,0.57,0.33,0,,,,,4.2,57,8,2040,2372.3008,40.508
1.0.0,2026-06-23 20:02:20.124,461,,,,,,,,,2026-06-23 20:02:19.868,4.85,1,,,,,,,
1.0.0,2026-06-23 20:02:20.158,462,49.03,0,1,0.0735,14.55,0.66,0.32,1,,,,,4.8,57,10,2040,2372.3008,39.392
1.0.0,2026-06-23 20:02:21.482,462,,,,,,,,,2026-06-23 20:02:21.224,6.04,1,,,,,,,
1.0.0,2026-06-23 20:02:24.655,463,49.41,0,1,0.1141,14.81,0.75,0.32,1,,,,,5.0,57,12,2040,2372.3008,42.735
1.0.0,2026-06-23 20:02:25.831,464,49.09,0,1,0.1232,15.22,0.78,0.32,0,,,,,4.6,57,9,2040,2372.3008,42.337
1.0.0,2026-06-23 20:02:25.978,463,,,,,,,,,2026-06-23 20:02:25.721,5.94,1,,,,,,,
1.0.0,2026-06-23 20:02:28.220,464,,,,,,,,,2026-06-23 20:02:27.965,4.53,1,,,,,,,
1.0.0,2026-06-23 20:02:28.922,465,49.02,0,1,0.143,15.37,0.74,0.35,1,,,,,3.8,57,10,2040,2382.196736,40.623
1.0.0,2026-06-23 20:02:30.250,465,,,,,,,,,2026-06-23 20:02:29.989,10.99,1,,,,,,,
1.0.0,2026-06-23 20:02:30.656,466,49.01,0,1,0.1074,15.8,0.59,0.37,0,,,,,5.2,57,12,2040,2372.3008,42.331
1.0.0,2026-06-23 20:02:32.883,467,48.58,0,1,0.0662,15.18,0.7,0.32,0,,,,,4.3,57,11,2040,2382.196736,39.927
1.0.0,2026-06-23 20:02:33.046,466,,,,,,,,,2026-06-23 20:02:32.794,0.55,1,,,,,,,
1.0.0,2026-06-23 20:02:35.273,467,,,,,,,,,2026-06-23 20:02:35.016,5.68,1,,,,,,,
1.0.0,2026-06-23 20:02:37.413,468,48.8,0,1,0.1252,13.04,0.62,0.28,1,,,,,4.3,57,13,2040,2372.3008,37.705
1.0.0,2026-06-23 20:02:38.728,469,49.0,0,1,0.1228,13.86,0.63,0.32,0,,,,,5.0,57,10,2040,2372.3008,41.593
1.0.0,2026-06-23 20:02:38.739,468,,,,,,,,,2026-06-23 20:02:38.480,8.13,1,,,,,,,
1.0.0,2026-06-23 20:02:41.114,469,,,,,,,,,2026-06-23 20:02:40.861,1.81,1,,,,,,,
1.0.0,2026-06-23 20:02:41.645,470,49.11,0,1,0.1424,14.47,0.72,0.34,1,,,,,4.9,57,12,2040,2372.3008,41.958
1.0.0,2026-06-23 20:02:42.969,470,,,,,,,,,2026-06-23 20:02:42.712,6.61,1,,,,,,,
1.0.0,2026-06-23 20:02:43.214,471,48.57,0,1,0.1154,14.12,0.74,0.35,0,,,,,5.8,57,1,2040,2372.3008,39.398
1.0.0,2026-06-23 20:02:45.604,471,,,,,,,,,2026-06-23 20:02:45.347,6.29,1,,,,,,,
1.0.0,2026-06-23 20:02:45.762,472,49.18,0,1,0.0613,15.01,0.7,0.32,1,,,,,4.8,57,11,2040,2372.3008,41.423
1.0.0,2026-06-23 20:02:47.085,472,,,,,,,,,2026-06-23 20:02:46.829,5.76,1,,,,,,,
1.0.0,2026-06-23 20:02:49.931,473,49.88,0,1,0.1144,14.66,0.71,0.3,1,,,,,4.6,57,10,2040,2372.3008,39.066
1.0.0,2026-06-23 20:02:51.259,473,,,,,,,,,2026-06-23 20:02:50.997,10.94,1,,,,,,,
1.0.0,2026-06-23 20:02:51.605,474,49.12,0,1,0.1233,16.33,0.69,0.35,0,,,,,4.7,57,10,2040,2372.3008,42.271
1.0.0,2026-06-23 20:02:53.991,474,,,,,,,,,2026-06-23 20:02:53.739,2.09,1,,,,,,,
1.0.0,2026-06-23 20:02:54.438,475,49.13,0,1,0.1374,13.64,0.67,0.31,1,,,,,5.3,57,0,2040,2372.3008,36.125
1.0.0,2026-06-23 20:02:55.762,475,,,,,,,,,2026-06-23 20:02:55.504,6.42,1,,,,,,,
1.0.0,2026-06-23 20:02:56.223,476,49.26,0,1,0.1082,13.96,0.72,0.29,0,,,,,4.3,57,10,2040,2372.3008,38.314
1.0.0,2026-06-23 20:02:58.614,476,,,,,,,,,2026-06-23 20:02:58.357,7.22,1,,,,,,,
1.0.0,2026-06-23 20:02:58.797,477,48.97,0,1,0.068,14.84,0.7,0.34,0,,,,,7.6,57,11,2040,2372.3008,42.58
1.0.0,2026-06-23 20:03:01.186,477,,,,,,,,,2026-06-23 20:03:00.930,5.74,1,,,,,,,
1.0.0,2026-06-23 20:03:02.905,478,49.31,0,1,0.1146,15.44,0.65,0.33,1,,,,,4.7,57,13,2040,2372.3008,40.313
1.0.0,2026-06-23 20:03:04.233,478,,,,,,,,,2026-06-23 20:03:03.972,11.13,1,,,,,,,
1.0.0,2026-06-23 20:03:04.274,479,49.25,0,1,0.1206,13.48,0.61,0.33,0,,,,,4.5,57,2,2040,2372.3008,41.086
1.0.0,2026-06-23 20:03:06.660,479,,,,,,,,,2026-06-23 20:03:06.407,1.68,1,,,,,,,
1.0.0,2026-06-23 20:03:06.955,480,48.9,0,1,0.1405,14.72,0.63,0.33,1,,,,,4.6,57,6,2040,2372.3008,37.084
1.0.0,2026-06-23 20:03:08.274,480,,,,,,,,,2026-06-23 20:03:08.022,1.11,1,,,,,,,
1.0.0,2026-06-23 20:03:09.056,481,49.07,0,1,0.0976,14.5,0.64,0.36,0,,,,,3.6,57,5,2040,2372.3008,38.553
1.0.0,2026-06-23 20:03:11.439,482,49.64,0,1,0.0748,14.69,0.69,0.3,0,,,,,4.7,57,1,2040,2372.3008,37.69
1.0.0,2026-06-23 20:03:11.447,481,,,,,,,,,2026-06-23 20:03:11.189,7.44,1,,,,,,,
1.0.0,2026-06-23 20:03:13.824,482,,,,,,,,,2026-06-23 20:03:13.572,1.24,1,,,,,,,
1.0.0,2026-06-23 20:03:15.720,483,48.79,0,1,0.1139,13.94,0.73,0.32,0,,,,,5.2,57,10,2040,2372.3008,40.996
1.0.0,2026-06-23 20:03:17.220,484,49.32,0,1,0.123,13.3,0.69,0.3,0,,,,,4.8,57,9,2040,2372.3008,40.994
1.0.0,2026-06-23 20:03:18.107,483,,,,,,,,,2026-06-23 20:03:17.853,3.53,1,,,,,,,
1.0.0,2026-06-23 20:03:19.609,484,,,,,,,,,2026-06-23 20:03:19.354,5.03,1,,,,,,,
1.0.0,2026-06-23 20:03:20.006,485,48.4,0,1,0.1321,14.93,0.69,0.33,1,,,,,5.5,57,12,2040,2372.3008,38.787
1.0.0,2026-06-23 20:03:21.326,485,,,,,,,,,2026-06-23 20:03:21.072,3.36,1,,,,,,,
1.0.0,2026-06-23 20:03:21.907,486,48.8,0,1,0.1069,16.03,0.68,0.33,0,,,,,5.4,57,13,2040,2372.3008,39.969
1.0.0,2026-06-23 20:03:24.259,487,49.36,0,1,0.0741,14.59,0.68,0.36,1,,,,,4.2,57,13,2040,2372.3008,38.703
1.0.0,2026-06-23 20:03:24.296,486,,,,,,,,,2026-06-23 20:03:24.041,5.43,1,,,,,,,
1.0.0,2026-06-23 20:03:25.581,487,,,,,,,,,2026-06-23 20:03:25.326,4.63,1,,,,,,,
1.0.0,2026-06-23 20:03:28.530,488,49.23,0,1,0.1153,14.27,0.63,0.32,0,,,,,4.6,57,1,2040,2372.3008,36.126
1.0.0,2026-06-23 20:03:29.939,489,49.25,0,1,0.1204,13.83,0.65,0.3,0,,,,,4.7,57,8,2040,2372.3008,41.219
1.0.0,2026-06-23 20:03:30.919,488,,,,,,,,,2026-06-23 20:03:30.663,5.05,1,,,,,,,
1.0.0,2026-06-23 20:03:32.331,489,,,,,,,,,2026-06-23 20:03:32.072,7.86,1,,,,,,,
1.0.0,2026-06-23 20:03:32.864,490,48.51,0,1,0.1446,14.88,0.65,0.33,1,,,,,5.4,57,9,2040,2372.3008,40.203
1.0.0,2026-06-23 20:03:34.194,490,,,,,,,,,2026-06-23 20:03:33.931,12.0,1,,,,,,,
1.0.0,2026-06-23 20:03:34.547,491,48.65,0,1,0.1093,14.84,0.65,0.33,0,,,,,5.0,57,1,2040,2372.3008,40.716
1.0.0,2026-06-23 20:03:36.945,491,,,,,,,,,2026-06-23 20:03:36.681,13.04,1,,,,,,,
1.0.0,2026-06-23 20:03:36.964,492,49.28,0,1,0.0784,18.57,0.68,0.32,0,,,,,5.6,57,7,2040,2372.3008,40.281
1.0.0,2026-06-23 20:03:39.354,492,,,,,,,,,2026-06-23 20:03:39.098,5.65,1,,,,,,,
1.0.0,2026-06-23 20:03:41.338,493,47.47,0,1,0.1221,14.58,0.64,0.33,0,,,,,4.7,57,7,2040,2372.3008,36.807
1.0.0,2026-06-23 20:03:42.784,494,49.36,0,1,0.1225,13.77,0.61,0.32,0,,,,,5.3,57,7,2040,2372.3008,41.301
1.0.0,2026-06-23 20:03:43.727,493,,,,,,,,,2026-06-23 20:03:43.471,5.38,1,,,,,,,
1.0.0,2026-06-23 20:03:45.168,494,,,,,,,,,2026-06-23 20:03:44.917,0.78,1,,,,,,,
1.0.0,2026-06-23 20:03:45.727,495,48.17,0,1,0.1305,14.74,0.72,0.32,1,,,,,4.7,57,10,2040,2372.3008,41.441
1.0.0,2026-06-23 20:03:47.045,495,,,,,,,,,2026-06-23 20:03:46.793,1.51,1,,,,,,,
1.0.0,2026-06-23 20:03:47.341,496,48.83,0,1,0.1138,14.59,0.64,0.36,0,,,,,4.1,57,1,2040,2372.3008,39.345
1.0.0,2026-06-23 20:03:49.741,496,,,,,,,,,2026-06-23 20:03:49.475,15.57,1,,,,,,,
1.0.0,2026-06-23 20:03:49.780,497,49.42,0,1,0.0655,14.22,0.74,0.32,0,,,,,4.8,57,12,2040,2372.3008,41.411
1.0.0,2026-06-23 20:03:52.179,497,,,,,,,,,2026-06-23 20:03:51.913,14.1,1,,,,,,,
1.0.0,2026-06-23 20:03:54.172,498,48.87,0,1,0.1214,14.28,0.67,0.31,0,,,,,5.0,57,13,2040,2372.3008,38.356
1.0.0,2026-06-23 20:03:55.542,499,48.94,0,1,0.1229,14.81,0.79,0.33,0,,,,,4.5,57,3,2040,2372.3008,43.062
1.0.0,2026-06-23 20:03:56.567,498,,,,,,,,,2026-06-23 20:03:56.305,9.17,1,,,,,,,
1.0.0,2026-06-23 20:03:57.928,499,,,,,,,,,2026-06-23 20:03:57.675,1.33,1,,,,,,,
1.0.0,2026-06-23 20:03:58.481,500,49.21,0,1,0.1426,14.22,0.62,0.33,1,,,,,5.0,57,0,2040,2372.3008,36.122
1.0.0,2026-06-23 20:03:59.802,500,,,,,,,,,2026-06-23 20:03:59.548,3.35,1,,,,,,,
1.0.0,2026-06-23 20:04:00.232,501,49.34,0,1,0.1187,15.22,0.71,0.32,0,,,,,5.2,57,6,2040,2372.3008,38.329
1.0.0,2026-06-23 20:04:02.609,502,49.23,0,1,0.0633,13.92,0.73,0.33,0,,,,,5.1,57,4,2040,2372.3008,38.729
1.0.0,2026-06-23 20:04:02.629,501,,,,,,,,,2026-06-23 20:04:02.365,13.66,1,,,,,,,
1.0.0,2026-06-23 20:04:05.009,502,,,,,,,,,2026-06-23 20:04:04.743,14.64,1,,,,,,,
1.0.0,2026-06-23 20:04:06.841,503,48.7,0,1,0.1269,15.75,0.74,0.34,1,,,,,5.5,57,8,2040,2372.3008,38.726
1.0.0,2026-06-23 20:04:08.165,503,,,,,,,,,2026-06-23 20:04:07.908,6.81,1,,,,,,,
1.0.0,2026-06-23 20:04:08.318,504,48.1,0,1,0.123,14.64,0.65,0.33,0,,,,,4.3,57,0,2040,2372.3008,40.454
1.0.0,2026-06-23 20:04:10.706,504,,,,,,,,,2026-06-23 20:04:10.451,3.36,1,,,,,,,
1.0.0,2026-06-23 20:04:11.339,505,48.89,0,1,0.1378,13.74,0.59,0.35,1,,,,,5.8,57,16,2040,2372.3008,37.288
1.0.0,2026-06-23 20:04:12.667,505,,,,,,,,,2026-06-23 20:04:12.406,10.31,1,,,,,,,
1.0.0,2026-06-23 20:04:13.173,506,49.02,0,1,0.1083,14.34,0.69,0.33,0,,,,,5.9,57,8,2040,2372.3008,38.846
1.0.0,2026-06-23 20:04:15.394,507,49.33,0,1,0.0724,13.98,0.64,0.31,0,,,,,6.0,57,1,2040,2372.3008,38.247
1.0.0,2026-06-23 20:04:15.564,506,,,,,,,,,2026-06-23 20:04:15.306,7.19,1,,,,,,,
1.0.0,2026-06-23 20:04:17.782,507,,,,,,,,,2026-06-23 20:04:17.527,3.44,1,,,,,,,
1.0.0,2026-06-23 20:04:19.614,508,48.98,0,1,0.1228,14.69,0.62,0.37,1,,,,,5.2,57,1,2040,2372.3008,36.535
1.0.0,2026-06-23 20:04:20.946,508,,,,,,,,,2026-06-23 20:04:20.680,14.32,1,,,,,,,
1.0.0,2026-06-23 20:04:21.163,509,49.35,0,1,0.1224,14.81,0.66,0.33,0,,,,,6.5,57,12,2040,2372.3008,39.734
1.0.0,2026-06-23 20:04:23.551,509,,,,,,,,,2026-06-23 20:04:23.297,3.52,1,,,,,,,
1.0.0,2026-06-23 20:04:24.089,510,49.09,0,1,0.1343,14.83,0.67,0.3,1,,,,,5.3,57,13,2040,2372.3008,38.405
1.0.0,2026-06-23 20:04:25.414,510,,,,,,,,,2026-06-23 20:04:25.156,6.8,1,,,,,,,
1.0.0,2026-06-23 20:04:26.019,511,46.25,0,1,0.1009,15.48,0.56,0.34,0,,,,,5.6,57,11,2040,2372.3008,43.073
1.0.0,2026-06-23 20:04:28.253,512,49.26,0,1,0.0828,15.44,0.63,0.35,1,,,,,4.4,57,10,2040,2382.196736,37.968
1.0.0,2026-06-23 20:04:28.412,511,,,,,,,,,2026-06-23 20:04:28.153,9.29,1,,,,,,,
1.0.0,2026-06-23 20:04:29.585,512,,,,,,,,,2026-06-23 20:04:29.319,14.81,1,,,,,,,
1.0.0,2026-06-23 20:04:32.618,513,49.1,0,1,0.1222,14.98,0.69,0.36,0,,,,,4.5,57,0,2040,2372.3008,36.206
1.0.0,2026-06-23 20:04:33.933,514,47.86,0,1,0.1213,16.22,0.64,0.32,0,,,,,5.1,57,8,2040,2372.3008,41.168
1.0.0,2026-06-23 20:04:35.008,513,,,,,,,,,2026-06-23 20:04:34.751,6.07,1,,,,,,,
1.0.0,2026-06-23 20:04:36.324,514,,,,,,,,,2026-06-23 20:04:36.066,7.56,1,,,,,,,
1.0.0,2026-06-23 20:04:36.937,515,3.19,0,1,0.1314,19.3,0.73,0.35,1,,,,,5.1,57,0,2040,2372.3008,36.05
1.0.0,2026-06-23 20:04:38.268,515,,,,,,,,,2026-06-23 20:04:38.017,0.69,1,,,,,,,
1.0.0,2026-06-23 20:04:38.810,516,48.94,0,1,0.1172,14.42,0.62,0.34,0,,,,,8.3,57,1,2040,2372.3008,39.36
1.0.0,2026-06-23 20:04:41.093,517,48.91,0,1,0.0689,15.03,0.78,0.36,0,,,,,5.3,57,9,2040,2372.3008,39.856
1.0.0,2026-06-23 20:04:41.196,516,,,,,,,,,2026-06-23 20:04:40.943,2.07,1,,,,,,,
1.0.0,2026-06-23 20:04:43.491,517,,,,,,,,,2026-06-23 20:04:43.227,13.42,1,,,,,,,
1.0.0,2026-06-23 20:04:45.605,518,48.75,0,1,0.1133,14.61,0.62,0.31,1,,,,,6.4,57,5,2040,2372.3008,37.137
1.0.0,2026-06-23 20:04:46.752,519,49.15,0,1,0.1251,15.47,0.62,0.31,0,,,,,5.3,57,12,2040,2372.3008,43.564
1.0.0,2026-06-23 20:04:46.928,518,,,,,,,,,2026-06-23 20:04:46.672,4.69,1,,,,,,,
1.0.0,2026-06-23 20:04:49.137,519,,,,,,,,,2026-06-23 20:04:48.885,1.14,1,,,,,,,
1.0.0,2026-06-23 20:04:49.755,520,48.58,0,1,0.1295,13.97,0.61,0.34,1,,,,,6.1,57,1,2040,2372.3008,36.063
1.0.0,2026-06-23 20:04:51.074,520,,,,,,,,,2026-06-23 20:04:50.821,2.21,1,,,,,,,
1.0.0,2026-06-23 20:04:51.508,521,49.16,0,1,0.1078,14.38,0.59,0.34,0,,,,,4.7,57,0,2040,2372.3008,39.28
1.0.0,2026-06-23 20:04:53.903,521,,,,,,,,,2026-06-23 20:04:53.641,10.83,1,,,,,,,
1.0.0,2026-06-23 20:04:53.976,522,47.32,0,1,0.0608,13.89,0.67,0.32,0,,,,,5.8,57,13,2040,2372.3008,41.482
1.0.0,2026-06-23 20:04:56.364,522,,,,,,,,,2026-06-23 20:04:56.109,4.17,1,,,,,,,
1.0.0,2026-06-23 20:04:58.097,523,48.99,0,1,0.1218,15.81,0.75,0.33,1,,,,,5.4,57,12,2040,2372.3008,38.807
1.0.0,2026-06-23 20:04:59.423,523,,,,,,,,,2026-06-23 20:04:59.164,7.84,1,,,,,,,
1.0.0,2026-06-23 20:04:59.691,524,48.74,0,1,0.1234,14.35,0.62,0.34,0,,,,,4.0,57,1,2040,2372.3008,41.891
1.0.0,2026-06-23 20:05:02.090,524,,,,,,,,,2026-06-23 20:05:01.824,14.92,1,,,,,,,
1.0.0,2026-06-23 20:05:02.545,525,49.19,0,1,0.1352,15.12,0.62,0.34,1,,,,,6.2,57,1,2040,2372.3008,36.498
1.0.0,2026-06-23 20:05:03.869,525,,,,,,,,,2026-06-23 20:05:03.612,6.39,1,,,,,,,
1.0.0,2026-06-23 20:05:04.422,526,48.78,0,1,0.1094,14.8,0.69,0.36,0,,,,,6.1,57,9,2040,2372.3008,40.056
1.0.0,2026-06-23 20:05:06.703,527,49.15,0,1,0.0656,13.95,0.65,0.32,1,,,,,3.9,57,4,2040,2372.3008,39.385
1.0.0,2026-06-23 20:05:06.816,526,,,,,,,,,2026-06-23 20:05:06.555,9.96,1,,,,,,,
1.0.0,2026-06-23 20:05:08.030,527,,,,,,,,,2026-06-23 20:05:07.770,8.86,1,,,,,,,
1.0.0,2026-06-23 20:05:10.910,528,49.33,0,1,0.1137,15.02,0.66,0.38,1,,,,,5.8,57,8,2040,2372.3008,39.25
1.0.0,2026-06-23 20:05:12.232,528,,,,,,,,,2026-06-23 20:05:11.977,4.24,1,,,,,,,
1.0.0,2026-06-23 20:05:12.423,529,49.06,0,1,0.1226,13.52,0.63,0.31,0,,,,,3.9,57,2,2040,2372.3008,40.293
1.0.0,2026-06-23 20:05:14.813,529,,,,,,,,,2026-06-23 20:05:14.556,6.35,1,,,,,,,
1.0.0,2026-06-23 20:05:15.389,530,49.13,0,1,0.1409,13.21,0.65,0.34,1,,,,,6.8,57,7,2040,2372.3008,40.776
1.0.0,2026-06-23 20:05:16.719,530,,,,,,,,,2026-06-23 20:05:16.456,12.47,1,,,,,,,
1.0.0,2026-06-23 20:05:17.246,531,49.16,0,1,0.1096,14.04,0.67,0.29,0,,,,,5.1,57,9,2040,2372.3008,38.879
1.0.0,2026-06-23 20:05:19.635,531,,,,,,,,,2026-06-23 20:05:19.383,1.12,1,,,,,,,
1.0.0,2026-06-23 20:05:19.759,532,49.06,0,1,0.0828,14.35,0.66,0.35,0,,,,,5.8,57,1,2040,2372.3008,38.027
1.0.0,2026-06-23 20:05:22.143,532,,,,,,,,,2026-06-23 20:05:21.892,0.59,1,,,,,,,
1.0.0,2026-06-23 20:05:23.840,533,49.17,0,1,0.1137,15.31,0.69,0.38,1,,,,,4.0,57,0,2040,2372.3008,36.188
1.0.0,2026-06-23 20:05:25.171,533,,,,,,,,,2026-06-23 20:05:24.907,13.28,1,,,,,,,
1.0.0,2026-06-23 20:05:25.249,534,49.21,0,1,0.1208,14.5,0.74,0.39,0,,,,,6.6,57,8,2040,2372.3008,40.828
1.0.0,2026-06-23 20:05:27.638,534,,,,,,,,,2026-06-23 20:05:27.382,5.0,1,,,,,,,
1.0.0,2026-06-23 20:05:28.305,535,49.39,0,1,0.1406,14.23,0.7,0.34,1,,,,,6.5,57,9,2040,2372.3008,41.686
1.0.0,2026-06-23 20:05:29.630,535,,,,,,,,,2026-06-23 20:05:29.372,7.71,1,,,,,,,
1.0.0,2026-06-23 20:05:30.093,536,49.11,0,1,0.1054,14.76,0.69,0.31,0,,,,,5.6,57,10,2040,2372.3008,42.615
1.0.0,2026-06-23 20:05:32.285,537,48.97,0,1,0.0821,13.87,0.64,0.31,0,,,,,7.1,57,8,2040,2372.3008,41.419
1.0.0,2026-06-23 20:05:32.478,536,,,,,,,,,2026-06-23 20:05:32.226,1.6,1,,,,,,,
1.0.0,2026-06-23 20:05:34.684,537,,,,,,,,,2026-06-23 20:05:34.418,15.57,1,,,,,,,
1.0.0,2026-06-23 20:05:36.688,538,48.87,0,1,0.1236,13.72,0.7,0.33,1,,,,,4.6,57,9,2040,2372.3008,38.5
1.0.0,2026-06-23 20:05:38.007,538,,,,,,,,,2026-06-23 20:05:37.755,1.89,1,,,,,,,
1.0.0,2026-06-23 20:05:38.075,539,49.02,0,1,0.1213,13.73,0.71,0.33,0,,,,,4.9,57,10,2040,2372.3008,41.767
1.0.0,2026-06-23 20:05:40.461,539,,,,,,,,,2026-06-23 20:05:40.208,2.33,1,,,,,,,
1.0.0,2026-06-23 20:05:41.006,540,48.61,0,1,0.1361,14.38,0.66,0.35,1,,,,,5.5,57,8,2040,2372.3008,42.702
1.0.0,2026-06-23 20:05:42.325,540,,,,,,,,,2026-06-23 20:05:42.073,2.21,1,,,,,,,
1.0.0,2026-06-23 20:05:42.859,541,48.73,0,1,0.1076,14.15,0.68,0.36,0,,,,,5.0,57,11,2040,2372.3008,38.228
1.0.0,2026-06-23 20:05:45.152,542,49.03,0,1,0.0757,14.51,0.67,0.32,0,,,,,4.9,57,12,2040,2372.3008,42.352
1.0.0,2026-06-23 20:05:45.246,541,,,,,,,,,2026-06-23 20:05:44.992,2.72,1,,,,,,,
1.0.0,2026-06-23 20:05:47.553,542,,,,,,,,,2026-06-23 20:05:47.285,13.78,1,,,,,,,
1.0.0,2026-06-23 20:05:49.242,543,49.14,0,1,0.1209,15.51,0.68,0.35,1,,,,,3.7,57,9,2040,2372.3008,40.283
1.0.0,2026-06-23 20:05:50.565,543,,,,,,,,,2026-06-23 20:05:50.309,4.98,1,,,,,,,
1.0.0,2026-06-23 20:05:50.919,544,48.8,0,1,0.1227,13.58,0.66,0.32,0,,,,,5.5,57,7,2040,2372.3008,39.583
1.0.0,2026-06-23 20:05:53.307,544,,,,,,,,,2026-06-23 20:05:53.052,4.31,1,,,,,,,
1.0.0,2026-06-23 20:05:53.883,545,49.23,0,1,0.1325,14.75,0.65,0.34,1,,,,,4.6,57,11,2040,2372.3008,37.5
1.0.0,2026-06-23 20:05:55.213,545,,,,,,,,,2026-06-23 20:05:54.949,8.76,1,,,,,,,
1.0.0,2026-06-23 20:05:55.429,546,49.06,0,1,0.1087,15.69,0.73,0.36,0,,,,,5.1,57,10,2040,2372.3008,39.004
1.0.0,2026-06-23 20:05:57.821,546,,,,,,,,,2026-06-23 20:05:57.562,8.04,1,,,,,,,
1.0.0,2026-06-23 20:05:58.173,547,48.77,0,1,0.0459,14.96,0.71,0.32,0,,,,,4.2,57,12,2040,2372.3008,43.134
1.0.0,2026-06-23 20:06:00.568,547,,,,,,,,,2026-06-23 20:06:00.307,10.08,1,,,,,,,
1.0.0,2026-06-23 20:06:02.149,548,48.95,0,1,0.1268,16.38,0.64,0.32,1,,,,,4.2,57,10,2040,2372.3008,41.013
1.0.0,2026-06-23 20:06:03.475,548,,,,,,,,,2026-06-23 20:06:03.215,8.84,1,,,,,,,
1.0.0,2026-06-23 20:06:03.731,549,49.08,0,1,0.1227,14.5,0.75,0.31,0,,,,,5.2,57,13,2040,2372.3008,40.338
1.0.0,2026-06-23 20:06:06.116,549,,,,,,,,,2026-06-23 20:06:05.864,1.09,1,,,,,,,
1.0.0,2026-06-23 20:06:06.373,550,48.65,0,1,0.1434,15.79,0.67,0.36,1,,,,,4.0,57,11,2040,2372.3008,38.583
1.0.0,2026-06-23 20:06:07.707,550,,,,,,,,,2026-06-23 20:06:07.456,0.29,1,,,,,,,
1.0.0,2026-06-23 20:06:08.551,551,49.01,0,1,0.0955,13.62,0.66,0.32,0,,,,,4.8,57,10,2040,2372.3008,40.022
1.0.0,2026-06-23 20:06:10.825,552,49.06,0,1,0.0703,14.34,0.72,0.33,1,,,,,5.2,57,9,2040,2372.3008,38.761
1.0.0,2026-06-23 20:06:10.936,551,,,,,,,,,2026-06-23 20:06:10.684,1.0,1,,,,,,,
1.0.0,2026-06-23 20:06:12.152,552,,,,,,,,,2026-06-23 20:06:11.891,10.21,1,,,,,,,
1.0.0,2026-06-23 20:06:15.133,553,49.12,0,1,0.1249,14.56,0.69,0.33,1,,,,,4.4,57,11,2040,2372.3008,42.239
1.0.0,2026-06-23 20:06:16.445,554,49.1,0,1,0.1228,14.35,0.69,0.32,0,,,,,4.3,57,12,2040,2372.3008,41.957
1.0.0,2026-06-23 20:06:16.453,553,,,,,,,,,2026-06-23 20:06:16.199,3.31,1,,,,,,,
1.0.0,2026-06-23 20:06:18.834,554,,,,,,,,,2026-06-23 20:06:18.579,4.53,1,,,,,,,
1.0.0,2026-06-23 20:06:19.380,555,48.92,0,1,0.1289,15.25,0.7,0.3,1,,,,,3.4,57,10,2040,2372.3008,40.085
1.0.0,2026-06-23 20:06:20.697,555,,,,,,,,,2026-06-23 20:06:20.446,0.43,1,,,,,,,
1.0.0,2026-06-23 20:06:21.335,556,49.27,0,1,0.1005,14.54,0.64,0.31,0,,,,,4.5,57,12,2040,2372.3008,40.836
1.0.0,2026-06-23 20:06:23.592,557,49.25,0,1,0.0731,14.47,0.66,0.37,0,,,,,5.1,57,13,2040,2372.3008,40.07
1.0.0,2026-06-23 20:06:23.732,556,,,,,,,,,2026-06-23 20:06:23.469,12.98,1,,,,,,,
1.0.0,2026-06-23 20:06:25.987,557,,,,,,,,,2026-06-23 20:06:25.725,10.99,1,,,,,,,
1.0.0,2026-06-23 20:06:27.828,558,49.05,0,1,0.1202,14.45,0.67,0.36,1,,,,,6.1,57,4,2040,2372.3008,37.102
1.0.0,2026-06-23 20:06:29.147,558,,,,,,,,,2026-06-23 20:06:28.895,1.41,1,,,,,,,
1.0.0,2026-06-23 20:06:29.423,559,49.05,0,1,0.1231,14.69,0.7,0.32,0,,,,,5.1,57,13,2040,2372.3008,40.406
1.0.0,2026-06-23 20:06:31.815,559,,,,,,,,,2026-06-23 20:06:31.556,8.08,1,,,,,,,
1.0.0,2026-06-23 20:06:32.338,560,49.21,0,1,0.1285,14.52,0.63,0.3,1,,,,,3.6,57,12,2040,2372.3008,41.115
1.0.0,2026-06-23 20:06:33.669,560,,,,,,,,,2026-06-23 20:06:33.405,12.92,1,,,,,,,
1.0.0,2026-06-23 20:06:34.096,561,49.16,0,1,0.107,15.17,0.66,0.34,0,,,,,4.6,57,9,2040,2372.3008,42.51
1.0.0,2026-06-23 20:06:36.426,562,49.25,0,1,0.0778,14.62,0.65,0.3,0,,,,,5.1,57,11,2040,2372.3008,40.787
1.0.0,2026-06-23 20:06:36.487,561,,,,,,,,,2026-06-23 20:06:36.230,6.7,1,,,,,,,
1.0.0,2026-06-23 20:06:38.826,562,,,,,,,,,2026-06-23 20:06:38.575,0.21,1,,,,,,,
1.0.0,2026-06-23 20:06:40.802,563,48.86,0,1,0.1215,16.11,0.65,0.33,1,,,,,4.5,57,7,2040,2372.3008,37.575
1.0.0,2026-06-23 20:06:42.129,563,,,,,,,,,2026-06-23 20:06:41.878,0.36,1,,,,,,,
1.0.0,2026-06-23 20:06:42.215,564,48.98,0,1,0.1228,14.85,0.68,0.31,0,,,,,5.4,57,9,2040,2372.3008,41.643
1.0.0,2026-06-23 20:06:44.615,564,,,,,,,,,2026-06-23 20:06:44.349,15.39,1,,,,,,,
1.0.0,2026-06-23 20:06:45.026,565,48.86,0,1,0.1465,14.33,0.64,0.32,1,,,,,4.9,57,1,2040,2372.3008,36.149
1.0.0,2026-06-23 20:06:46.347,565,,,,,,,,,2026-06-23 20:06:46.092,3.96,1,,,,,,,
1.0.0,2026-06-23 20:06:46.674,566,49.3,0,1,0.1086,14.08,0.69,0.3,0,,,,,5.5,57,7,2040,2372.3008,38.584
1.0.0,2026-06-23 20:06:49.059,566,,,,,,,,,2026-06-23 20:06:48.808,0.99,1,,,,,,,
1.0.0,2026-06-23 20:06:49.241,567,49.68,0,1,0.059,15.16,0.71,0.31,0,,,,,4.9,57,8,2040,2372.3008,41.993
1.0.0,2026-06-23 20:06:51.639,567,,,,,,,,,2026-06-23 20:06:51.374,14.35,1,,,,,,,
1.0.0,2026-06-23 20:06:53.584,568,48.42,0,1,0.1221,14.77,0.71,0.39,0,,,,,4.8,57,12,2040,2372.3008,39.218
1.0.0,2026-06-23 20:06:54.947,569,49.02,0,1,0.1243,14.27,0.65,0.39,0,,,,,3.7,57,1,2040,2372.3008,42.101
1.0.0,2026-06-23 20:06:55.978,568,,,,,,,,,2026-06-23 20:06:55.717,9.39,1,,,,,,,
1.0.0,2026-06-23 20:06:57.337,569,,,,,,,,,2026-06-23 20:06:57.081,5.19,1,,,,,,,
1.0.0,2026-06-23 20:06:57.730,570,48.84,0,1,0.1432,14.47,0.64,0.32,1,,,,,5.6,57,10,2040,2372.3008,37.124
1.0.0,2026-06-23 20:06:59.053,570,,,,,,,,,2026-06-23 20:06:58.797,6.19,1,,,,,,,
1.0.0,2026-06-23 20:06:59.849,571,49.01,0,1,0.0884,16.2,0.69,0.34,0,,,,,4.0,57,11,2040,2372.3008,37.714
1.0.0,2026-06-23 20:07:01.986,572,48.82,0,1,0.0746,13.96,0.69,0.33,0,,,,,4.6,57,0,2040,2382.196736,38.187
1.0.0,2026-06-23 20:07:02.233,571,,,,,,,,,2026-06-23 20:07:01.982,0.65,1,,,,,,,
1.0.0,2026-06-23 20:07:04.371,572,,,,,,,,,2026-06-23 20:07:04.119,0.9,1,,,,,,,
1.0.0,2026-06-23 20:07:06.403,573,49.33,0,1,0.1214,14.3,0.67,0.33,1,,,,,4.8,57,9,2040,2372.3008,40.545
1.0.0,2026-06-23 20:07:07.732,573,,,,,,,,,2026-06-23 20:07:07.470,11.88,1,,,,,,,
1.0.0,2026-06-23 20:07:07.770,574,48.73,0,1,0.1232,13.5,0.68,0.31,0,,,,,5.5,57,13,2040,2372.3008,41.086
1.0.0,2026-06-23 20:07:10.169,574,,,,,,,,,2026-06-23 20:07:09.903,15.13,1,,,,,,,
1.0.0,2026-06-23 20:07:10.745,575,48.55,0,1,0.1289,15.26,0.71,0.35,1,,,,,5.0,57,9,2040,2372.3008,37.422
1.0.0,2026-06-23 20:07:12.068,575,,,,,,,,,2026-06-23 20:07:11.812,5.55,1,,,,,,,
1.0.0,2026-06-23 20:07:12.447,576,47.8,0,1,0.1035,13.97,0.85,0.31,0,,,,,5.4,57,12,2040,2372.3008,38.784
1.0.0,2026-06-23 20:07:14.833,576,,,,,,,,,2026-06-23 20:07:14.580,2.28,1,,,,,,,
1.0.0,2026-06-23 20:07:14.946,577,48.68,0,1,0.0616,14.34,0.69,0.36,0,,,,,5.1,57,4,2040,2372.3008,38.526
1.0.0,2026-06-23 20:07:17.332,577,,,,,,,,,2026-06-23 20:07:17.079,1.84,1,,,,,,,
1.0.0,2026-06-23 20:07:19.078,578,49.17,0,1,0.122,13.79,0.65,0.31,1,,,,,3.9,57,1,2040,2372.3008,36.601
1.0.0,2026-06-23 20:07:20.398,578,,,,,,,,,2026-06-23 20:07:20.144,2.35,1,,,,,,,
1.0.0,2026-06-23 20:07:20.600,579,49.32,0,1,0.1191,13.89,0.7,0.31,0,,,,,4.1,57,7,2040,2372.3008,40.112
1.0.0,2026-06-23 20:07:22.985,579,,,,,,,,,2026-06-23 20:07:22.734,1.18,1,,,,,,,
1.0.0,2026-06-23 20:07:23.629,580,48.34,0,1,0.1466,13.45,0.61,0.35,1,,,,,6.1,57,7,2040,2372.3008,39.41
1.0.0,2026-06-23 20:07:24.951,580,,,,,,,,,2026-06-23 20:07:24.695,4.75,1,,,,,,,
1.0.0,2026-06-23 20:07:25.245,581,48.32,0,1,0.1093,15.15,0.68,0.37,0,,,,,4.6,57,1,2040,2372.3008,42.299
1.0.0,2026-06-23 20:07:27.631,581,,,,,,,,,2026-06-23 20:07:27.378,1.6,1,,,,,,,
1.0.0,2026-06-23 20:07:27.841,582,49.18,0,1,0.0686,13.88,0.72,0.34,0,,,,,6.0,57,7,2040,2372.3008,39.044
1.0.0,2026-06-23 20:07:30.238,582,,,,,,,,,2026-06-23 20:07:29.975,13.06,1,,,,,,,
1.0.0,2026-06-23 20:07:31.786,583,48.56,0,1,0.1216,14.8,0.69,0.35,1,,,,,3.7,57,1,2040,2372.3008,36.329
1.0.0,2026-06-23 20:07:33.106,583,,,,,,,,,2026-06-23 20:07:32.853,2.31,1,,,,,,,
1.0.0,2026-06-23 20:07:33.434,584,48.62,1,1,0.1222,14.69,0.73,0.3,0,,,,,6.4,57,12,2040,2372.3008,39.871
1.0.0,2026-06-23 20:07:35.829,584,,,,,,,,,2026-06-23 20:07:35.567,10.86,1,,,,,,,
1.0.0,2026-06-23 20:07:36.328,585,48.51,0,1,0.1232,14.84,0.66,0.35,1,,,,,5.8,57,11,2040,2372.3008,40.219
1.0.0,2026-06-23 20:07:37.645,585,,,,,,,,,2026-06-23 20:07:37.394,0.77,1,,,,,,,
1.0.0,2026-06-23 20:07:38.447,586,49.11,0,1,0.0617,18.56,0.73,0.29,0,,,,,4.7,57,10,2040,2372.3008,40.235
1.0.0,2026-06-23 20:07:40.423,587,48.91,0,1,0.0749,13.77,0.67,0.31,0,,,,,5.4,57,13,2040,2372.3008,39.847
1.0.0,2026-06-23 20:07:40.841,586,,,,,,,,,2026-06-23 20:07:40.580,10.27,1,,,,,,,
1.0.0,2026-06-23 20:07:42.811,587,,,,,,,,,2026-06-23 20:07:42.557,3.75,1,,,,,,,
1.0.0,2026-06-23 20:07:44.816,588,48.87,0,1,0.121,16.13,0.66,0.35,1,,,,,4.9,57,13,2040,2372.3008,37.611
1.0.0,2026-06-23 20:07:46.143,588,,,,,,,,,2026-06-23 20:07:45.883,8.83,1,,,,,,,
1.0.0,2026-06-23 20:07:46.193,589,49.14,0,1,0.1229,14.68,0.63,0.34,0,,,,,6.1,57,6,2040,2372.3008,43.894
1.0.0,2026-06-23 20:07:48.582,589,,,,,,,,,2026-06-23 20:07:48.326,5.8,1,,,,,,,
1.0.0,2026-06-23 20:07:49.123,590,48.94,0,1,0.127,15.1,0.64,0.34,1,,,,,4.6,57,1,2040,2372.3008,36.372
1.0.0,2026-06-23 20:07:50.454,590,,,,,,,,,2026-06-23 20:07:50.189,13.2,1,,,,,,,
1.0.0,2026-06-23 20:07:50.889,591,48.84,0,1,0.1003,14.68,0.69,0.31,0,,,,,4.2,57,2,2040,2372.3008,38.677
1.0.0,2026-06-23 20:07:53.275,591,,,,,,,,,2026-06-23 20:07:53.022,2.65,1,,,,,,,
1.0.0,2026-06-23 20:07:53.359,592,49.51,0,1,0.0622,14.61,0.74,0.32,0,,,,,6.1,57,11,2040,2372.3008,41.05
1.0.0,2026-06-23 20:07:55.746,592,,,,,,,,,2026-06-23 20:07:55.493,2.89,1,,,,,,,
1.0.0,2026-06-23 20:07:57.623,593,47.91,0,1,0.1217,15.44,0.72,0.35,1,,,,,5.4,57,10,2040,2372.3008,39.594
1.0.0,2026-06-23 20:07:58.941,593,,,,,,,,,2026-06-23 20:07:58.690,1.33,1,,,,,,,
1.0.0,2026-06-23 20:07:59.027,594,48.99,0,1,0.1212,15.86,0.75,0.3,0,,,,,4.7,57,1,2040,2372.3008,41.576
1.0.0,2026-06-23 20:08:01.415,594,,,,,,,,,2026-06-23 20:08:01.161,3.22,1,,,,,,,
1.0.0,2026-06-23 20:08:01.861,595,48.53,0,1,0.1345,15.12,0.63,0.34,1,,,,,5.3,57,10,2040,2372.3008,37.166
1.0.0,2026-06-23 20:08:03.194,595,,,,,,,,,2026-06-23 20:08:02.927,15.09,1,,,,,,,
1.0.0,2026-06-23 20:08:03.632,596,48.55,0,1,0.1077,14.72,0.65,0.34,0,,,,,5.0,57,7,2040,2372.3008,37.772
1.0.0,2026-06-23 20:08:06.021,596,,,,,,,,,2026-06-23 20:08:05.765,5.12,1,,,,,,,
1.0.0,2026-06-23 20:08:06.087,597,48.84,0,1,0.0649,14.25,0.73,0.34,0,,,,,5.9,57,1,2040,2372.3008,38.506
1.0.0,2026-06-23 20:08:08.480,597,,,,,,,,,2026-06-23 20:08:08.221,8.58,1,,,,,,,
1.0.0,2026-06-23 20:08:10.322,598,48.95,0,1,0.127,14.25,0.66,0.3,1,,,,,4.1,57,1,2040,2372.3008,36.607
1.0.0,2026-06-23 20:08:11.645,598,,,,,,,,,2026-06-23 20:08:11.388,5.52,1,,,,,,,
1.0.0,2026-06-23 20:08:12.016,599,48.88,0,1,0.1226,14.28,0.66,0.34,0,,,,,5.2,57,17,2040,2372.3008,41.064
1.0.0,2026-06-23 20:08:14.401,599,,,,,,,,,2026-06-23 20:08:14.151,0.19,1,,,,,,,
1.0.0,2026-06-23 20:08:14.598,600,48.71,0,1,0.1467,15.0,0.61,0.34,1,,,,,4.7,57,10,2040,2372.3008,38.417
1.0.0,2026-06-23 20:08:15.921,600,,,,,,,,,2026-06-23 20:08:15.665,5.58,1,,,,,,,
1.0.0,2026-06-23 20:08:16.571,601,49.08,0,1,0.1007,14.22,0.62,0.34,0,,,,,3.7,57,10,2040,2372.3008,39.169
1.0.0,2026-06-23 20:08:18.905,602,49.0,0,1,0.0785,15.43,0.67,0.31,1,,,,,4.0,57,7,2040,2372.3008,37.644
1.0.0,2026-06-23 20:08:18.962,601,,,,,,,,,2026-06-23 20:08:18.704,6.89,1,,,,,,,
1.0.0,2026-06-23 20:08:20.226,602,,,,,,,,,2026-06-23 20:08:19.975,0.81,1,,,,,,,
1.0.0,2026-06-23 20:08:23.257,603,49.09,0,1,0.1219,14.96,0.68,0.35,0,,,,,4.4,57,0,2040,2372.3008,36.163
1.0.0,2026-06-23 20:08:24.686,604,49.19,0,1,0.121,14.45,0.68,0.32,0,,,,,4.5,57,11,2040,2372.3008,41.223
1.0.0,2026-06-23 20:08:25.646,603,,,,,,,,,2026-06-23 20:08:25.395,0.62,1,,,,,,,
1.0.0,2026-06-23 20:08:27.071,604,,,,,,,,,2026-06-23 20:08:26.819,1.14,1,,,,,,,
1.0.0,2026-06-23 20:08:27.635,605,48.88,0,1,0.1351,14.52,0.63,0.33,1,,,,,5.2,57,13,2040,2372.3008,39.563
1.0.0,2026-06-23 20:08:28.954,605,,,,,,,,,2026-06-23 20:08:28.702,1.45,1,,,,,,,
1.0.0,2026-06-23 20:08:29.460,606,48.86,0,1,0.0852,14.45,0.61,0.31,0,,,,,4.6,57,12,2040,2372.3008,40.827
1.0.0,2026-06-23 20:08:31.681,607,48.78,0,1,0.0823,15.11,0.75,0.34,0,,,,,4.7,57,8,2040,2372.3008,42.222
1.0.0,2026-06-23 20:08:31.855,606,,,,,,,,,2026-06-23 20:08:31.593,11.24,1,,,,,,,
1.0.0,2026-06-23 20:08:34.079,607,,,,,,,,,2026-06-23 20:08:33.814,13.66,1,,,,,,,
1.0.0,2026-06-23 20:08:36.080,608,49.02,0,1,0.1213,14.58,0.6,0.34,0,,,,,4.0,57,13,2040,2372.3008,39.632
1.0.0,2026-06-23 20:08:37.595,609,0.56,0,1,0.1212,20.07,0.64,0.31,0,,,,,4.3,57,10,2040,2372.3008,43.071
1.0.0,2026-06-23 20:08:38.465,608,,,,,,,,,2026-06-23 20:08:38.213,1.09,1,,,,,,,
1.0.0,2026-06-23 20:08:39.990,609,,,,,,,,,2026-06-23 20:08:39.729,10.26,1,,,,,,,
1.0.0,2026-06-23 20:08:40.425,610,49.2,0,1,0.1294,14.18,0.68,0.3,1,,,,,5.0,57,10,2040,2372.3008,36.794
1.0.0,2026-06-23 20:08:41.754,610,,,,,,,,,2026-06-23 20:08:41.492,11.69,1,,,,,,,
1.0.0,2026-06-23 20:08:42.233,611,49.16,0,1,0.1155,14.42,0.62,0.34,0,,,,,4.5,57,9,2040,2372.3008,38.594
1.0.0,2026-06-23 20:08:44.517,612,48.81,0,1,0.0702,15.12,0.77,0.35,0,,,,,4.8,57,1,2040,2372.3008,38.373
1.0.0,2026-06-23 20:08:44.618,611,,,,,,,,,2026-06-23 20:08:44.366,1.23,1,,,,,,,
1.0.0,2026-06-23 20:08:46.907,612,,,,,,,,,2026-06-23 20:08:46.650,5.38,1,,,,,,,
1.0.0,2026-06-23 20:08:48.752,613,49.2,0,1,0.1212,14.08,0.59,0.33,1,,,,,5.0,57,11,2040,2372.3008,41.298
1.0.0,2026-06-23 20:08:50.084,613,,,,,,,,,2026-06-23 20:08:49.819,15.22,1,,,,,,,
1.0.0,2026-06-23 20:08:50.326,614,49.04,0,1,0.1235,15.31,0.69,0.32,0,,,,,4.2,57,13,2040,2372.3008,40.294
1.0.0,2026-06-23 20:08:52.715,614,,,,,,,,,2026-06-23 20:08:52.459,4.63,1,,,,,,,
1.0.0,2026-06-23 20:08:53.271,615,48.96,0,1,0.1284,15.6,0.68,0.33,1,,,,,4.8,57,13,2040,2372.3008,38.403
1.0.0,2026-06-23 20:08:54.598,615,,,,,,,,,2026-06-23 20:08:54.343,0.31,1,,,,,,,
1.0.0,2026-06-23 20:08:54.921,616,48.91,0,1,0.1024,15.07,0.68,0.32,0,,,,,3.9,57,7,2040,2372.3008,39.094
1.0.0,2026-06-23 20:08:57.309,616,,,,,,,,,2026-06-23 20:08:57.054,4.87,1,,,,,,,
1.0.0,2026-06-23 20:08:57.309,617,48.7,0,1,0.0523,14.58,0.7,0.31,0,,,,,4.4,57,5,2040,2372.3008,38.494
1.0.0,2026-06-23 20:08:59.695,617,,,,,,,,,2026-06-23 20:08:59.443,1.64,1,,,,,,,
1.0.0,2026-06-23 20:09:01.599,618,51.06,0,1,0.1229,14.85,0.61,0.34,1,,,,,4.3,57,13,2040,2372.3008,41.905
1.0.0,2026-06-23 20:09:02.918,618,,,,,,,,,2026-06-23 20:09:02.666,1.58,1,,,,,,,
1.0.0,2026-06-23 20:09:03.021,619,48.86,0,1,0.1236,15.67,0.77,0.32,0,,,,,4.7,57,12,2040,2372.3008,40.293
1.0.0,2026-06-23 20:09:05.420,619,,,,,,,,,2026-06-23 20:09:05.169,0.58,1,,,,,,,
1.0.0,2026-06-23 20:09:06.063,620,49.03,0,1,0.1452,14.26,0.79,0.37,1,,,,,6.0,57,9,2040,2372.3008,39.542
1.0.0,2026-06-23 20:09:07.392,620,,,,,,,,,2026-06-23 20:09:07.130,11.93,1,,,,,,,
1.0.0,2026-06-23 20:09:07.848,621,49.27,0,1,0.1094,14.41,0.68,0.34,0,,,,,5.4,57,10,2040,2372.3008,40.599
1.0.0,2026-06-23 20:09:10.122,622,49.12,0,1,0.0747,15.21,0.69,0.33,0,,,,,4.4,57,13,2040,2372.3008,39.197
1.0.0,2026-06-23 20:09:10.235,621,,,,,,,,,2026-06-23 20:09:09.981,2.77,1,,,,,,,
1.0.0,2026-06-23 20:09:12.510,622,,,,,,,,,2026-06-23 20:09:12.255,3.68,1,,,,,,,
1.0.0,2026-06-23 20:09:14.500,623,48.51,0,1,0.1258,13.94,0.64,0.33,0,,,,,3.9,57,4,2040,2372.3008,36.544
1.0.0,2026-06-23 20:09:16.015,624,49.34,0,1,0.1232,14.7,0.66,0.36,0,,,,,4.6,57,7,2040,2372.3008,40.817
1.0.0,2026-06-23 20:09:16.896,623,,,,,,,,,2026-06-23 20:09:16.634,11.77,1,,,,,,,
1.0.0,2026-06-23 20:09:18.406,624,,,,,,,,,2026-06-23 20:09:18.149,6.11,1,,,,,,,
1.0.0,2026-06-23 20:09:18.867,625,48.38,0,1,0.13,13.66,0.69,0.32,1,,,,,7.3,57,12,2040,2372.3008,40.915
1.0.0,2026-06-23 20:09:20.199,625,,,,,,,,,2026-06-23 20:09:19.933,15.39,1,,,,,,,
1.0.0,2026-06-23 20:09:20.693,626,49.01,0,1,0.0899,13.72,0.6,0.32,0,,,,,5.0,57,10,2040,2372.3008,42.139
1.0.0,2026-06-23 20:09:22.949,627,48.78,0,1,0.0772,15.47,0.74,0.31,0,,,,,4.6,57,8,2040,2372.3008,41.165
1.0.0,2026-06-23 20:09:23.086,626,,,,,,,,,2026-06-23 20:09:22.827,8.35,1,,,,,,,
1.0.0,2026-06-23 20:09:25.343,627,,,,,,,,,2026-06-23 20:09:25.082,10.0,1,,,,,,,
1.0.0,2026-06-23 20:09:27.318,628,47.59,0,1,0.1258,14.49,0.62,0.31,1,,,,,5.3,57,14,2040,2372.3008,37.799
1.0.0,2026-06-23 20:09:28.648,628,,,,,,,,,2026-06-23 20:09:28.385,12.07,1,,,,,,,
1.0.0,2026-06-23 20:09:28.670,629,49.22,0,1,0.1213,13.95,0.7,0.34,0,,,,,5.8,57,2,2040,2372.3008,43.138
1.0.0,2026-06-23 20:09:31.058,629,,,,,,,,,2026-06-23 20:09:30.803,4.67,1,,,,,,,
1.0.0,2026-06-23 20:09:31.510,630,48.69,0,1,0.1369,14.93,0.65,0.29,1,,,,,4.1,57,1,2040,2372.3008,36.242
1.0.0,2026-06-23 20:09:32.833,630,,,,,,,,,2026-06-23 20:09:32.577,5.89,1,,,,,,,
1.0.0,2026-06-23 20:09:33.528,631,49.34,0,1,0.0937,14.31,0.63,0.34,0,,,,,3.5,57,1,2040,2372.3008,37.683
1.0.0,2026-06-23 20:09:35.914,631,,,,,,,,,2026-06-23 20:09:35.662,1.6,1,,,,,,,
1.0.0,2026-06-23 20:09:35.986,632,48.83,0,1,0.0611,14.97,0.72,0.33,0,,,,,4.3,57,9,2040,2372.3008,40.797
1.0.0,2026-06-23 20:09:38.373,632,,,,,,,,,2026-06-23 20:09:38.119,3.06,1,,,,,,,
1.0.0,2026-06-23 20:09:40.122,633,48.53,0,1,0.122,14.52,0.71,0.32,1,,,,,5.5,57,11,2040,2382.196736,39.229
1.0.0,2026-06-23 20:09:41.448,633,,,,,,,,,2026-06-23 20:09:41.188,9.24,1,,,,,,,
1.0.0,2026-06-23 20:09:41.512,634,49.16,0,1,0.1216,13.54,0.64,0.32,0,,,,,4.0,57,0,2040,2372.3008,41.954
1.0.0,2026-06-23 20:09:43.899,634,,,,,,,,,2026-06-23 20:09:43.645,3.47,1,,,,,,,
1.0.0,2026-06-23 20:09:44.464,635,48.85,0,1,0.1436,14.89,0.69,0.33,1,,,,,5.2,57,7,2040,2372.3008,36.615
1.0.0,2026-06-23 20:09:45.792,635,,,,,,,,,2026-06-23 20:09:45.531,10.48,1,,,,,,,
1.0.0,2026-06-23 20:09:46.213,636,49.08,0,1,0.0972,15.17,0.75,0.36,0,,,,,8.2,57,11,2040,2372.3008,38.778
1.0.0,2026-06-23 20:09:48.594,637,49.23,0,1,0.0617,14.38,0.71,0.32,0,,,,,4.1,57,1,2040,2372.3008,38.797
1.0.0,2026-06-23 20:09:48.604,636,,,,,,,,,2026-06-23 20:09:48.346,7.61,1,,,,,,,
1.0.0,2026-06-23 20:09:50.983,637,,,,,,,,,2026-06-23 20:09:50.728,2.89,1,,,,,,,
1.0.0,2026-06-23 20:09:52.828,638,47.84,0,1,0.127,14.74,0.68,0.32,1,,,,,5.5,57,10,2040,2372.3008,40.017
1.0.0,2026-06-23 20:09:54.158,638,,,,,,,,,2026-06-23 20:09:53.894,13.03,1,,,,,,,
1.0.0,2026-06-23 20:09:54.241,639,48.8,0,1,0.1267,15.47,0.64,0.33,1,,,,,4.1,57,13,2040,2372.3008,40.839
1.0.0,2026-06-23 20:09:55.564,639,,,,,,,,,2026-06-23 20:09:55.308,5.72,1,,,,,,,
1.0.0,2026-06-23 20:09:57.185,640,49.11,0,1,0.1471,13.98,0.65,0.36,1,,,,,4.7,57,9,2040,2372.3008,38.24
1.0.0,2026-06-23 20:09:58.517,640,,,,,,,,,2026-06-23 20:09:58.252,14.41,1,,,,,,,
1.0.0,2026-06-23 20:09:58.933,641,48.12,0,1,0.098,13.58,0.75,0.32,0,,,,,4.1,57,9,2040,2372.3008,38.277
1.0.0,2026-06-23 20:10:01.324,641,,,,,,,,,2026-06-23 20:10:01.067,6.26,1,,,,,,,
1.0.0,2026-06-23 20:10:01.436,642,49.08,0,1,0.0616,15.66,0.74,0.29,0,,,,,4.6,57,6,2040,2372.3008,38.717
1.0.0,2026-06-23 20:10:03.823,642,,,,,,,,,2026-06-23 20:10:03.569,2.84,1,,,,,,,
1.0.0,2026-06-23 20:10:05.969,643,49.12,0,1,0.1228,14.37,0.66,0.34,0,,,,,3.8,57,10,2040,2372.3008,41.888
1.0.0,2026-06-23 20:10:07.237,644,49.37,0,1,0.1239,14.03,0.63,0.33,0,,,,,5.5,57,8,2040,2372.3008,43.144
1.0.0,2026-06-23 20:10:08.362,643,,,,,,,,,2026-06-23 20:10:08.103,8.13,1,,,,,,,
1.0.0,2026-06-23 20:10:09.625,644,,,,,,,,,2026-06-23 20:10:09.370,3.86,1,,,,,,,
1.0.0,2026-06-23 20:10:10.042,645,48.91,0,1,0.1348,15.13,0.67,0.35,1,,,,,5.1,57,10,2040,2372.3008,39.273
1.0.0,2026-06-23 20:10:11.361,645,,,,,,,,,2026-06-23 20:10:11.109,1.3,1,,,,,,,
1.0.0,2026-06-23 20:10:11.945,646,49.31,0,1,0.0876,14.75,0.65,0.33,0,,,,,4.9,57,13,2040,2372.3008,40.189
1.0.0,2026-06-23 20:10:14.210,647,49.03,0,1,0.0653,14.62,0.73,0.34,0,,,,,4.8,57,6,2040,2372.3008,38.636
1.0.0,2026-06-23 20:10:14.334,646,,,,,,,,,2026-06-23 20:10:14.078,4.69,1,,,,,,,
1.0.0,2026-06-23 20:10:16.600,647,,,,,,,,,2026-06-23 20:10:16.343,5.71,1,,,,,,,
1.0.0,2026-06-23 20:10:18.650,648,49.11,0,1,0.1205,13.16,0.6,0.32,0,,,,,4.5,56,1,2040,2372.3008,36.306
1.0.0,2026-06-23 20:10:19.978,649,48.67,0,1,0.1213,14.31,0.64,0.35,0,,,,,4.0,57,6,2040,2372.3008,41.391
1.0.0,2026-06-23 20:10:21.037,648,,,,,,,,,2026-06-23 20:10:20.783,2.82,1,,,,,,,
1.0.0,2026-06-23 20:10:22.362,649,,,,,,,,,2026-06-23 20:10:22.111,0.68,1,,,,,,,
1.0.0,2026-06-23 20:10:22.837,650,48.66,0,1,0.1284,14.64,0.66,0.29,1,,,,,4.1,57,12,2040,2372.3008,40.07
1.0.0,2026-06-23 20:10:24.161,650,,,,,,,,,2026-06-23 20:10:23.904,6.29,1,,,,,,,
1.0.0,2026-06-23 20:10:24.795,651,48.77,0,1,0.0943,14.87,0.63,0.33,0,,,,,3.5,57,0,2040,2372.3008,39.502
1.0.0,2026-06-23 20:10:27.079,652,48.81,0,1,0.0688,16.42,0.72,0.33,0,,,,,6.1,57,9,2040,2372.3008,40.873
1.0.0,2026-06-23 20:10:27.182,651,,,,,,,,,2026-06-23 20:10:26.928,3.25,1,,,,,,,
1.0.0,2026-06-23 20:10:29.464,652,,,,,,,,,2026-06-23 20:10:29.213,0.89,1,,,,,,,
1.0.0,2026-06-23 20:10:31.171,653,49.28,0,1,0.1241,15.27,0.61,0.35,1,,,,,4.5,57,13,2040,2372.3008,37.3
1.0.0,2026-06-23 20:10:32.489,653,,,,,,,,,2026-06-23 20:10:32.238,0.78,1,,,,,,,
1.0.0,2026-06-23 20:10:32.719,654,49.15,0,1,0.1229,15.98,0.68,0.36,0,,,,,4.7,57,0,2040,2372.3008,42.57
1.0.0,2026-06-23 20:10:35.106,654,,,,,,,,,2026-06-23 20:10:34.852,3.05,1,,,,,,,
1.0.0,2026-06-23 20:10:35.492,655,49.25,0,1,0.1482,15.26,0.68,0.36,1,,,,,4.7,57,0,2040,2372.3008,35.985
1.0.0,2026-06-23 20:10:36.813,655,,,,,,,,,2026-06-23 20:10:36.559,3.27,1,,,,,,,
1.0.0,2026-06-23 20:10:37.424,656,49.07,0,1,0.1264,15.53,0.68,0.34,0,,,,,4.3,56,1,2040,2372.3008,36.319
1.0.0,2026-06-23 20:10:39.812,656,,,,,,,,,2026-06-23 20:10:39.558,2.92,1,,,,,,,
