[2026-08-05 02:55:04] [INFO ] [main    ] DCRsystem 起動
[2026-08-05 02:55:37] [INFO ] [patlite ] 接続成功
[2026-08-05 02:55:38] [INFO ] [patlite ] 状態遷移: 初期化中
[2026-08-05 02:55:38] [INFO ] [relay   ] リレー補正(角度)を読込: {'remove': {'angle': 67.5}, 'transport': {'angle': 114.5}}
[2026-08-05 02:55:38] [INFO ] [relay   ] リレーボード(32)接続成功
[2026-08-05 02:55:38] [INFO ] [relay   ] 全リレーをOFF（停止）にしました。
[2026-08-05 02:55:40] [INFO ] [motor   ] 接続しました (COM3)
[2026-08-05 02:55:40] [INFO ] [event   ] arduino_connect port=COM3 baudrate=115200
[2026-08-05 02:55:41] [INFO ] [camera  ] cam_top: 設定を適用しました
[2026-08-05 02:55:41] [INFO ] [camera  ] cam_top: 帯域上限を 50MB/s に設定（pfsロード後・制限On）
[2026-08-05 02:55:41] [INFO ] [camera  ] cam_under: 設定を適用しました
[2026-08-05 02:55:41] [INFO ] [camera  ] cam_under: 帯域上限を 50MB/s に設定（pfsロード後・制限On）
[2026-08-05 02:55:42] [INFO ] [camera  ] cam_inside: 設定を適用しました
[2026-08-05 02:55:42] [INFO ] [camera  ] cam_inside: 帯域上限を 50MB/s に設定（pfsロード後・制限On）
[2026-08-05 02:55:42] [INFO ] [camera  ] cam_outside: 設定を適用しました
[2026-08-05 02:55:42] [INFO ] [camera  ] cam_outside: 帯域上限を 50MB/s に設定（pfsロード後・制限On）
[2026-08-05 02:55:42] [INFO ] [yolo    ] YOLOモデル Trained_Models/SusHi_sample.engine をロード中...
[2026-08-05 02:55:42] [INFO ] [event   ] startup model=SusHi_sample.engine imgsz=640 precision= batch=1 gpu_name=NVIDIA GeForce RTX 4090 Laptop GPU gpu_mem_total_mb=17171.480576
[2026-08-05 02:55:43] [INFO ] [main    ] 遅延設定を読み込みました: C:\Users\kotan\gohara\DCRsystem_app\DCRsystem5goki_app_base\json\delay_config.json (更新日時: 2026-07-22 19:39:50)
[2026-08-05 02:55:43] [INFO ] [main    ] 表示遅延を設定  cam_under=2.079s / cam_inside=2.109s
[2026-08-05 02:55:43] [INFO ] [camera  ] キャプチャ開始: cam_top
[2026-08-05 02:55:43] [INFO ] [camera  ] キャプチャ開始: cam_under
[2026-08-05 02:55:43] [INFO ] [camera  ] キャプチャ開始: cam_inside
[2026-08-05 02:55:43] [INFO ] [camera  ] キャプチャ開始: cam_outside
[2026-08-05 02:55:43] [INFO ] [yolo    ] カメラ別処理ワーカーを 4 本起動しました
[2026-08-05 02:55:43] [INFO ] [patlite ] 状態遷移: 待機中
[2026-08-05 02:55:43] [DEBUG] [motor   ] [Serial Send] Q
[2026-08-05 02:55:43] [INFO ] [yolo    ] HSV設定を読み込みました: json\hsv_config_cam_outside.json
[2026-08-05 02:55:43] [DEBUG] [motor   ] [Serial Recv] ESTOP (非常停止 作動)
[2026-08-05 02:55:43] [INFO ] [yolo    ] HSV設定を読み込みました: json\hsv_config_cam_top.json
[2026-08-05 02:55:45] [ERROR] [event   ] [非常停止] スイッチが押されました。
[2026-08-05 02:55:45] [DEBUG] [motor   ] [Serial Send] S
[2026-08-05 02:55:45] [INFO ] [patlite ] 状態遷移: 非常停止中
[2026-08-05 02:55:45] [INFO ] [relay   ] 全リレーをOFF（停止）にしました。
[2026-08-05 02:55:46] [DEBUG] [motor   ] [Serial Recv] OK:STOP
[2026-08-05 02:55:47] [INFO ] [yolo    ] HSV設定を読み込みました: json\hsv_config_cam_inside.json
[2026-08-05 02:55:47] [INFO ] [yolo    ] HSV設定を読み込みました: json\hsv_config_cam_under.json
[2026-08-05 02:55:52] [DEBUG] [motor   ] [Serial Recv] ESTOP_CLEARED (非常停止 解除)
[2026-08-05 02:55:52] [INFO ] [event   ] [非常停止] 解除されました。待機中に戻ります。
[2026-08-05 02:55:52] [INFO ] [patlite ] 状態遷移: 待機中
[2026-08-05 02:55:57] [INFO ] [main    ] 遅延設定を読み込みました: C:\Users\kotan\gohara\DCRsystem_app\DCRsystem5goki_app_base\json\delay_config.json (更新日時: 2026-07-22 19:39:50)
[2026-08-05 02:55:57] [INFO ] [main    ] 表示遅延を設定  cam_under=2.079s / cam_inside=2.109s
[2026-08-05 02:55:57] [INFO ] [main    ] スピード設定をメインに保存: 6
[2026-08-05 02:55:57] [INFO ] [event   ] トグルスイッチ ON: 動作開始
[2026-08-05 02:55:57] [DEBUG] [motor   ] [Serial Send] V6
[2026-08-05 02:55:57] [INFO ] [event   ] arduino_params speed_level=6 pulse_width_ms=0.5 period_ms=1.0
[2026-08-05 02:55:57] [DEBUG] [motor   ] [Serial Send] R
[2026-08-05 02:55:57] [INFO ] [patlite ] 状態遷移: 正常運転中
[2026-08-05 02:55:57] [DEBUG] [motor   ] [Serial Recv] OK:SPEED=6
[2026-08-05 02:55:57] [DEBUG] [motor   ] [Serial Recv] OK:ROTATE
[2026-08-05 02:55:58] [INFO ] [main    ] 判定確定 | ID:001 | 結果:双子果 | 信頼度:97%
[2026-08-05 02:55:59] [INFO ] [main    ] 判定確定 | ID:002 | 結果:健全果 | 信頼度:97%
[2026-08-05 02:56:01] [INFO ] [main    ] 判定確定 | ID:003 | 結果:双子果 | 信頼度:97%
[2026-08-05 02:56:02] [INFO ] [main    ] 判定確定 | ID:004 | 結果:未熟果 | 信頼度:97%
[2026-08-05 02:56:03] [INFO ] [main    ] 判定確定 | ID:005 | 結果:双子果 | 信頼度:97%
[2026-08-05 02:56:04] [INFO ] [main    ] 判定確定 | ID:006 | 結果:健全果 | 信頼度:97%
[2026-08-05 02:56:05] [INFO ] [main    ] 判定確定 | ID:007 | 結果:双子果 | 信頼度:97%
[2026-08-05 02:56:06] [INFO ] [main    ] 判定確定 | ID:008 | 結果:未熟果 | 信頼度:97%
[2026-08-05 02:56:08] [INFO ] [main    ] 判定確定 | ID:009 | 結果:健全果 | 信頼度:97%
[2026-08-05 02:56:09] [INFO ] [main    ] 判定確定 | ID:010 | 結果:果梗裂果 | 信頼度:95%
[2026-08-05 02:56:10] [INFO ] [main    ] 判定確定 | ID:011 | 結果:健全果 | 信頼度:98%
[2026-08-05 02:56:10] [DEBUG] [motor   ] [Serial Send] P
[2026-08-05 02:56:10] [INFO ] [event   ] arduino_heartbeat status=ok latency_ms=4.2
[2026-08-05 02:56:10] [DEBUG] [motor   ] [Serial Recv] OK:PONG
[2026-08-05 02:56:11] [INFO ] [main    ] 判定確定 | ID:012 | 結果:双子果 | 信頼度:98%
[2026-08-05 02:56:12] [INFO ] [main    ] 判定確定 | ID:013 | 結果:健全果 | 信頼度:97%
[2026-08-05 02:56:13] [INFO ] [main    ] 判定確定 | ID:014 | 結果:双子果 | 信頼度:97%
[2026-08-05 02:56:14] [INFO ] [main    ] 判定確定 | ID:015 | 結果:未熟果 | 信頼度:97%
[2026-08-05 02:56:16] [INFO ] [main    ] 判定確定 | ID:016 | 結果:双子果 | 信頼度:97%
[2026-08-05 02:56:17] [INFO ] [main    ] 判定確定 | ID:017 | 結果:健全果 | 信頼度:97%
[2026-08-05 02:56:18] [INFO ] [main    ] 判定確定 | ID:018 | 結果:双子果 | 信頼度:97%
[2026-08-05 02:56:19] [INFO ] [main    ] 判定確定 | ID:019 | 結果:未熟果 | 信頼度:98%
[2026-08-05 02:56:20] [INFO ] [main    ] 判定確定 | ID:020 | 結果:健全果 | 信頼度:97%
[2026-08-05 02:56:22] [INFO ] [main    ] 判定確定 | ID:021 | 結果:果梗裂果 | 信頼度:95%
[2026-08-05 02:56:23] [INFO ] [main    ] 判定確定 | ID:022 | 結果:健全果 | 信頼度:98%
[2026-08-05 02:56:24] [INFO ] [main    ] 判定確定 | ID:023 | 結果:双子果 | 信頼度:97%
[2026-08-05 02:56:25] [INFO ] [main    ] 判定確定 | ID:024 | 結果:健全果 | 信頼度:97%
[2026-08-05 02:56:26] [INFO ] [main    ] 判定確定 | ID:025 | 結果:双子果 | 信頼度:97%
[2026-08-05 02:56:27] [INFO ] [main    ] 判定確定 | ID:026 | 結果:未熟果 | 信頼度:97%
[2026-08-05 02:56:29] [INFO ] [main    ] 判定確定 | ID:027 | 結果:双子果 | 信頼度:97%
[2026-08-05 02:56:30] [INFO ] [main    ] 判定確定 | ID:028 | 結果:健全果 | 信頼度:98%
[2026-08-05 02:56:31] [INFO ] [main    ] 判定確定 | ID:029 | 結果:双子果 | 信頼度:97%
[2026-08-05 02:56:32] [INFO ] [main    ] 判定確定 | ID:030 | 結果:未熟果 | 信頼度:97%
[2026-08-05 02:56:33] [INFO ] [main    ] 判定確定 | ID:031 | 結果:健全果 | 信頼度:97%
[2026-08-05 02:56:34] [INFO ] [main    ] 判定確定 | ID:032 | 結果:果梗裂果 | 信頼度:95%
[2026-08-05 02:56:36] [INFO ] [main    ] 判定確定 | ID:033 | 結果:健全果 | 信頼度:98%
[2026-08-05 02:56:37] [INFO ] [main    ] 判定確定 | ID:034 | 結果:双子果 | 信頼度:97%
[2026-08-05 02:56:38] [INFO ] [main    ] 判定確定 | ID:035 | 結果:健全果 | 信頼度:97%
[2026-08-05 02:56:39] [INFO ] [main    ] 判定確定 | ID:036 | 結果:双子果 | 信頼度:97%
[2026-08-05 02:56:40] [INFO ] [main    ] 判定確定 | ID:037 | 結果:未熟果 | 信頼度:97%
[2026-08-05 02:56:40] [DEBUG] [motor   ] [Serial Send] P
[2026-08-05 02:56:40] [INFO ] [event   ] arduino_heartbeat status=ok latency_ms=4.1
[2026-08-05 02:56:40] [DEBUG] [motor   ] [Serial Recv] OK:PONG
[2026-08-05 02:56:41] [INFO ] [main    ] 判定確定 | ID:038 | 結果:双子果 | 信頼度:97%
[2026-08-05 02:56:43] [DEBUG] [camera  ] [CamStats] cam_top: 累積 成功 1157 枚 / エラー 0 回 (エラー率 0.00%)
[2026-08-05 02:56:43] [INFO ] [event   ] mem_snapshot py_current_mb=119.2 py_peak_mb=156.6 top=['C:\\Users\\kotan\\gohara\\DCRsystem_app\\DCRsystem5goki_app_base\\module_cameras_5goki.py:196: 92.1MB', 'C:\\Users\\kotan\\gohara\\DCRsystem_app\\DCRsystem5goki_app_base\\module_yolo.py:871: 4.9MB', 'C:\\Users\\kotan\\gohara\\DCRsystem_app\\DCRsystem5goki_app_base\\module_yolo.py:774: 4.9MB', 'C:\\Users\\kotan\\gohara\\DCRsystem_app\\DCRsystem5goki_app_base\\module_yolo.py:711: 4.9MB', 'C:\\Users\\kotan\\gohara\\DCRsystem_app\\DCRsystem5goki_app_base\\.venv\\lib\\site-packages\\pypylon\\pylon.py:6397: 4.2MB']
[2026-08-05 02:56:43] [DEBUG] [camera  ] [CamStats] cam_outside: 累積 成功 1158 枚 / エラー 0 回 (エラー率 0.00%)
[2026-08-05 02:56:43] [DEBUG] [camera  ] [CamStats] cam_inside: 累積 成功 1163 枚 / エラー 0 回 (エラー率 0.00%)
[2026-08-05 02:56:43] [DEBUG] [camera  ] [CamStats] cam_under: 累積 成功 1162 枚 / エラー 0 回 (エラー率 0.00%)
[2026-08-05 02:56:43] [INFO ] [main    ] 判定確定 | ID:039 | 結果:健全果 | 信頼度:98%
[2026-08-05 02:56:44] [INFO ] [main    ] 判定確定 | ID:040 | 結果:双子果 | 信頼度:96%
[2026-08-05 02:56:45] [INFO ] [main    ] 判定確定 | ID:041 | 結果:未熟果 | 信頼度:98%
[2026-08-05 02:56:46] [INFO ] [main    ] 判定確定 | ID:042 | 結果:健全果 | 信頼度:97%
[2026-08-05 02:56:47] [INFO ] [main    ] 判定確定 | ID:043 | 結果:果梗裂果 | 信頼度:95%
[2026-08-05 02:56:49] [INFO ] [main    ] 判定確定 | ID:044 | 結果:健全果 | 信頼度:98%
[2026-08-05 02:56:50] [INFO ] [main    ] 判定確定 | ID:045 | 結果:双子果 | 信頼度:97%
[2026-08-05 02:56:51] [INFO ] [main    ] 判定確定 | ID:046 | 結果:健全果 | 信頼度:97%
[2026-08-05 02:56:52] [INFO ] [main    ] 判定確定 | ID:047 | 結果:双子果 | 信頼度:97%
[2026-08-05 02:56:53] [INFO ] [main    ] 判定確定 | ID:048 | 結果:未熟果 | 信頼度:97%
[2026-08-05 02:56:54] [INFO ] [main    ] 判定確定 | ID:049 | 結果:双子果 | 信頼度:97%
[2026-08-05 02:56:55] [INFO ] [main    ] 判定確定 | ID:050 | 結果:健全果 | 信頼度:97%
[2026-08-05 02:56:56] [INFO ] [main    ] 判定確定 | ID:051 | 結果:双子果 | 信頼度:96%
[2026-08-05 02:56:58] [INFO ] [main    ] 判定確定 | ID:052 | 結果:未熟果 | 信頼度:98%
[2026-08-05 02:56:59] [INFO ] [main    ] 判定確定 | ID:053 | 結果:健全果 | 信頼度:97%
[2026-08-05 02:57:00] [INFO ] [main    ] 判定確定 | ID:054 | 結果:果梗裂果 | 信頼度:95%
[2026-08-05 02:57:01] [INFO ] [main    ] 判定確定 | ID:055 | 結果:健全果 | 信頼度:97%
[2026-08-05 02:57:02] [INFO ] [main    ] 判定確定 | ID:056 | 結果:双子果 | 信頼度:97%
[2026-08-05 02:57:03] [INFO ] [main    ] 判定確定 | ID:057 | 結果:健全果 | 信頼度:97%
[2026-08-05 02:57:05] [INFO ] [main    ] 判定確定 | ID:058 | 結果:双子果 | 信頼度:97%
[2026-08-05 02:57:06] [INFO ] [main    ] 判定確定 | ID:059 | 結果:未熟果 | 信頼度:97%
[2026-08-05 02:57:07] [INFO ] [main    ] 判定確定 | ID:060 | 結果:双子果 | 信頼度:97%
[2026-08-05 02:57:08] [INFO ] [main    ] 判定確定 | ID:061 | 結果:健全果 | 信頼度:97%
[2026-08-05 02:57:09] [INFO ] [main    ] 判定確定 | ID:062 | 結果:双子果 | 信頼度:97%
[2026-08-05 02:57:10] [DEBUG] [motor   ] [Serial Send] P
[2026-08-05 02:57:10] [INFO ] [event   ] arduino_heartbeat status=ok latency_ms=5.0
[2026-08-05 02:57:10] [DEBUG] [motor   ] [Serial Recv] OK:PONG
[2026-08-05 02:57:10] [INFO ] [main    ] 判定確定 | ID:063 | 結果:未熟果 | 信頼度:97%
[2026-08-05 02:57:12] [INFO ] [main    ] 判定確定 | ID:064 | 結果:健全果 | 信頼度:97%
[2026-08-05 02:57:13] [INFO ] [main    ] 判定確定 | ID:065 | 結果:果梗裂果 | 信頼度:95%
[2026-08-05 02:57:14] [INFO ] [main    ] 判定確定 | ID:066 | 結果:健全果 | 信頼度:98%
[2026-08-05 02:57:15] [INFO ] [main    ] 判定確定 | ID:067 | 結果:双子果 | 信頼度:97%
[2026-08-05 02:57:16] [INFO ] [main    ] 判定確定 | ID:068 | 結果:健全果 | 信頼度:97%
[2026-08-05 02:57:17] [INFO ] [main    ] 判定確定 | ID:069 | 結果:双子果 | 信頼度:97%
[2026-08-05 02:57:18] [INFO ] [main    ] 判定確定 | ID:070 | 結果:未熟果 | 信頼度:97%
[2026-08-05 02:57:20] [INFO ] [main    ] 判定確定 | ID:071 | 結果:双子果 | 信頼度:97%
[2026-08-05 02:57:21] [INFO ] [main    ] 判定確定 | ID:072 | 結果:健全果 | 信頼度:97%
[2026-08-05 02:57:22] [INFO ] [main    ] 判定確定 | ID:073 | 結果:双子果 | 信頼度:96%
[2026-08-05 02:57:23] [INFO ] [main    ] 判定確定 | ID:074 | 結果:未熟果 | 信頼度:97%
[2026-08-05 02:57:24] [INFO ] [main    ] 判定確定 | ID:075 | 結果:健全果 | 信頼度:97%
[2026-08-05 02:57:26] [INFO ] [main    ] 判定確定 | ID:076 | 結果:果梗裂果 | 信頼度:94%
[2026-08-05 02:57:27] [INFO ] [main    ] 判定確定 | ID:077 | 結果:健全果 | 信頼度:97%
[2026-08-05 02:57:28] [INFO ] [main    ] 判定確定 | ID:078 | 結果:双子果 | 信頼度:97%
[2026-08-05 02:57:29] [INFO ] [main    ] 判定確定 | ID:079 | 結果:健全果 | 信頼度:97%
[2026-08-05 02:57:30] [INFO ] [main    ] 判定確定 | ID:080 | 結果:双子果 | 信頼度:97%
[2026-08-05 02:57:31] [INFO ] [main    ] 判定確定 | ID:081 | 結果:未熟果 | 信頼度:97%
[2026-08-05 02:57:33] [INFO ] [main    ] 判定確定 | ID:082 | 結果:双子果 | 信頼度:97%
[2026-08-05 02:57:34] [INFO ] [main    ] 判定確定 | ID:083 | 結果:健全果 | 信頼度:97%
[2026-08-05 02:57:35] [INFO ] [main    ] 判定確定 | ID:084 | 結果:双子果 | 信頼度:97%
[2026-08-05 02:57:36] [INFO ] [main    ] 判定確定 | ID:085 | 結果:未熟果 | 信頼度:98%
[2026-08-05 02:57:37] [INFO ] [main    ] 判定確定 | ID:086 | 結果:健全果 | 信頼度:97%
[2026-08-05 02:57:38] [INFO ] [main    ] 判定確定 | ID:087 | 結果:果梗裂果 | 信頼度:95%
[2026-08-05 02:57:40] [INFO ] [main    ] 判定確定 | ID:088 | 結果:健全果 | 信頼度:97%
[2026-08-05 02:57:40] [DEBUG] [motor   ] [Serial Send] P
[2026-08-05 02:57:40] [INFO ] [event   ] arduino_heartbeat status=ok latency_ms=5.0
[2026-08-05 02:57:40] [DEBUG] [motor   ] [Serial Recv] OK:PONG
[2026-08-05 02:57:41] [INFO ] [main    ] 判定確定 | ID:089 | 結果:双子果 | 信頼度:97%
[2026-08-05 02:57:42] [INFO ] [main    ] 判定確定 | ID:090 | 結果:健全果 | 信頼度:97%
[2026-08-05 02:57:43] [DEBUG] [camera  ] [CamStats] cam_top: 累積 成功 2357 枚 / エラー 0 回 (エラー率 0.00%)
[2026-08-05 02:57:43] [INFO ] [event   ] mem_snapshot py_current_mb=116.1 py_peak_mb=156.6 top=['C:\\Users\\kotan\\gohara\\DCRsystem_app\\DCRsystem5goki_app_base\\module_cameras_5goki.py:196: 92.1MB', 'C:\\Users\\kotan\\gohara\\DCRsystem_app\\DCRsystem5goki_app_base\\module_yolo.py:871: 4.9MB', 'C:\\Users\\kotan\\gohara\\DCRsystem_app\\DCRsystem5goki_app_base\\module_yolo.py:774: 4.9MB', 'C:\\Users\\kotan\\gohara\\DCRsystem_app\\DCRsystem5goki_app_base\\module_yolo.py:711: 4.9MB', 'C:\\Users\\kotan\\gohara\\DCRsystem_app\\DCRsystem5goki_app_base\\.venv\\lib\\site-packages\\pypylon\\pylon.py:6397: 4.1MB']
[2026-08-05 02:57:43] [DEBUG] [camera  ] [CamStats] cam_inside: 累積 成功 2364 枚 / エラー 0 回 (エラー率 0.00%)
[2026-08-05 02:57:43] [DEBUG] [camera  ] [CamStats] cam_outside: 累積 成功 2359 枚 / エラー 0 回 (エラー率 0.00%)
[2026-08-05 02:57:43] [DEBUG] [camera  ] [CamStats] cam_under: 累積 成功 2363 枚 / エラー 0 回 (エラー率 0.00%)
[2026-08-05 02:57:43] [INFO ] [main    ] 判定確定 | ID:091 | 結果:双子果 | 信頼度:97%
[2026-08-05 02:57:44] [INFO ] [main    ] 判定確定 | ID:092 | 結果:未熟果 | 信頼度:97%
[2026-08-05 02:57:45] [INFO ] [main    ] 判定確定 | ID:093 | 結果:双子果 | 信頼度:97%
[2026-08-05 02:57:47] [INFO ] [main    ] 判定確定 | ID:094 | 結果:健全果 | 信頼度:98%
[2026-08-05 02:57:48] [INFO ] [main    ] 判定確定 | ID:095 | 結果:双子果 | 信頼度:97%
[2026-08-05 02:57:49] [INFO ] [main    ] 判定確定 | ID:096 | 結果:未熟果 | 信頼度:98%
[2026-08-05 02:57:50] [INFO ] [main    ] 判定確定 | ID:097 | 結果:健全果 | 信頼度:97%
[2026-08-05 02:57:51] [INFO ] [main    ] 判定確定 | ID:098 | 結果:果梗裂果 | 信頼度:95%
[2026-08-05 02:57:53] [INFO ] [main    ] 判定確定 | ID:099 | 結果:健全果 | 信頼度:97%
[2026-08-05 02:57:54] [INFO ] [main    ] 判定確定 | ID:100 | 結果:双子果 | 信頼度:97%
[2026-08-05 02:57:55] [INFO ] [main    ] 判定確定 | ID:101 | 結果:健全果 | 信頼度:97%
[2026-08-05 02:57:56] [INFO ] [main    ] 判定確定 | ID:102 | 結果:双子果 | 信頼度:97%
[2026-08-05 02:57:57] [INFO ] [main    ] 判定確定 | ID:103 | 結果:未熟果 | 信頼度:97%
[2026-08-05 02:57:58] [INFO ] [main    ] 判定確定 | ID:104 | 結果:双子果 | 信頼度:97%
[2026-08-05 02:57:59] [INFO ] [main    ] 判定確定 | ID:105 | 結果:健全果 | 信頼度:97%
[2026-08-05 02:58:01] [INFO ] [main    ] 判定確定 | ID:106 | 結果:双子果 | 信頼度:97%
[2026-08-05 02:58:02] [INFO ] [main    ] 判定確定 | ID:107 | 結果:未熟果 | 信頼度:98%
[2026-08-05 02:58:03] [INFO ] [main    ] 判定確定 | ID:108 | 結果:健全果 | 信頼度:97%
[2026-08-05 02:58:04] [INFO ] [main    ] 判定確定 | ID:109 | 結果:果梗裂果 | 信頼度:95%
[2026-08-05 02:58:05] [INFO ] [main    ] 判定確定 | ID:110 | 結果:健全果 | 信頼度:97%
[2026-08-05 02:58:06] [INFO ] [main    ] 判定確定 | ID:111 | 結果:双子果 | 信頼度:97%
[2026-08-05 02:58:08] [INFO ] [main    ] 判定確定 | ID:112 | 結果:健全果 | 信頼度:97%
[2026-08-05 02:58:09] [INFO ] [main    ] 判定確定 | ID:113 | 結果:双子果 | 信頼度:97%
[2026-08-05 02:58:10] [INFO ] [main    ] 判定確定 | ID:114 | 結果:未熟果 | 信頼度:97%
[2026-08-05 02:58:10] [DEBUG] [motor   ] [Serial Send] P
[2026-08-05 02:58:10] [INFO ] [event   ] arduino_heartbeat status=ok latency_ms=4.1
[2026-08-05 02:58:10] [DEBUG] [motor   ] [Serial Recv] OK:PONG
[2026-08-05 02:58:11] [INFO ] [main    ] 判定確定 | ID:115 | 結果:双子果 | 信頼度:97%
[2026-08-05 02:58:12] [INFO ] [main    ] 判定確定 | ID:116 | 結果:健全果 | 信頼度:97%
[2026-08-05 02:58:13] [INFO ] [main    ] 判定確定 | ID:117 | 結果:双子果 | 信頼度:97%
[2026-08-05 02:58:15] [INFO ] [main    ] 判定確定 | ID:118 | 結果:未熟果 | 信頼度:97%
[2026-08-05 02:58:16] [INFO ] [main    ] 判定確定 | ID:119 | 結果:健全果 | 信頼度:97%
[2026-08-05 02:58:17] [INFO ] [main    ] 判定確定 | ID:120 | 結果:果梗裂果 | 信頼度:95%
[2026-08-05 02:58:18] [INFO ] [main    ] 判定確定 | ID:121 | 結果:健全果 | 信頼度:97%
[2026-08-05 02:58:19] [INFO ] [main    ] 判定確定 | ID:122 | 結果:双子果 | 信頼度:97%
[2026-08-05 02:58:20] [INFO ] [main    ] 判定確定 | ID:123 | 結果:健全果 | 信頼度:97%
[2026-08-05 02:58:21] [INFO ] [main    ] 判定確定 | ID:124 | 結果:双子果 | 信頼度:97%
[2026-08-05 02:58:23] [INFO ] [main    ] 判定確定 | ID:125 | 結果:未熟果 | 信頼度:97%
[2026-08-05 02:58:24] [INFO ] [main    ] 判定確定 | ID:126 | 結果:双子果 | 信頼度:97%
[2026-08-05 02:58:25] [INFO ] [main    ] 判定確定 | ID:127 | 結果:健全果 | 信頼度:98%
[2026-08-05 02:58:26] [INFO ] [main    ] 判定確定 | ID:128 | 結果:双子果 | 信頼度:97%
[2026-08-05 02:58:27] [INFO ] [main    ] 判定確定 | ID:129 | 結果:未熟果 | 信頼度:98%
[2026-08-05 02:58:28] [INFO ] [main    ] 判定確定 | ID:130 | 結果:健全果 | 信頼度:97%
[2026-08-05 02:58:30] [INFO ] [main    ] 判定確定 | ID:131 | 結果:果梗裂果 | 信頼度:95%
[2026-08-05 02:58:31] [INFO ] [main    ] 判定確定 | ID:132 | 結果:健全果 | 信頼度:97%
[2026-08-05 02:58:32] [INFO ] [main    ] 判定確定 | ID:133 | 結果:双子果 | 信頼度:97%
[2026-08-05 02:58:33] [INFO ] [main    ] 判定確定 | ID:134 | 結果:健全果 | 信頼度:97%
[2026-08-05 02:58:34] [INFO ] [main    ] 判定確定 | ID:135 | 結果:双子果 | 信頼度:97%
[2026-08-05 02:58:35] [INFO ] [main    ] 判定確定 | ID:136 | 結果:未熟果 | 信頼度:97%
[2026-08-05 02:58:37] [INFO ] [main    ] 判定確定 | ID:137 | 結果:双子果 | 信頼度:97%
[2026-08-05 02:58:38] [INFO ] [main    ] 判定確定 | ID:138 | 結果:健全果 | 信頼度:97%
[2026-08-05 02:58:39] [INFO ] [main    ] 判定確定 | ID:139 | 結果:双子果 | 信頼度:97%
[2026-08-05 02:58:40] [INFO ] [main    ] 判定確定 | ID:140 | 結果:未熟果 | 信頼度:97%
[2026-08-05 02:58:40] [DEBUG] [motor   ] [Serial Send] P
[2026-08-05 02:58:40] [INFO ] [event   ] arduino_heartbeat status=ok latency_ms=5.0
[2026-08-05 02:58:40] [DEBUG] [motor   ] [Serial Recv] OK:PONG
[2026-08-05 02:58:41] [INFO ] [main    ] 判定確定 | ID:141 | 結果:健全果 | 信頼度:96%
[2026-08-05 02:58:43] [DEBUG] [camera  ] [CamStats] cam_top: 累積 成功 3557 枚 / エラー 0 回 (エラー率 0.00%)
[2026-08-05 02:58:43] [INFO ] [main    ] 判定確定 | ID:142 | 結果:果梗裂果 | 信頼度:94%
[2026-08-05 02:58:43] [DEBUG] [camera  ] [CamStats] cam_inside: 累積 成功 3564 枚 / エラー 0 回 (エラー率 0.00%)
[2026-08-05 02:58:43] [DEBUG] [camera  ] [CamStats] cam_outside: 累積 成功 3559 枚 / エラー 0 回 (エラー率 0.00%)
[2026-08-05 02:58:43] [INFO ] [event   ] mem_snapshot py_current_mb=114.0 py_peak_mb=156.6 top=['C:\\Users\\kotan\\gohara\\DCRsystem_app\\DCRsystem5goki_app_base\\module_cameras_5goki.py:196: 92.1MB', 'C:\\Users\\kotan\\gohara\\DCRsystem_app\\DCRsystem5goki_app_base\\module_yolo.py:774: 4.9MB', 'C:\\Users\\kotan\\gohara\\DCRsystem_app\\DCRsystem5goki_app_base\\module_yolo.py:711: 4.9MB', 'C:\\Users\\kotan\\gohara\\DCRsystem_app\\DCRsystem5goki_app_base\\.venv\\lib\\site-packages\\pypylon\\pylon.py:6397: 4.1MB', 'C:\\Users\\kotan\\gohara\\DCRsystem_app\\DCRsystem5goki_app_base\\module_yolo.py:726: 2.5MB']
[2026-08-05 02:58:43] [DEBUG] [camera  ] [CamStats] cam_under: 累積 成功 3563 枚 / エラー 0 回 (エラー率 0.00%)
[2026-08-05 02:58:44] [INFO ] [main    ] 判定確定 | ID:143 | 結果:健全果 | 信頼度:97%
[2026-08-05 02:58:45] [INFO ] [main    ] 判定確定 | ID:144 | 結果:双子果 | 信頼度:97%
[2026-08-05 02:58:46] [INFO ] [main    ] 判定確定 | ID:145 | 結果:健全果 | 信頼度:97%
[2026-08-05 02:58:47] [INFO ] [main    ] 判定確定 | ID:146 | 結果:双子果 | 信頼度:97%
[2026-08-05 02:58:48] [INFO ] [main    ] 判定確定 | ID:147 | 結果:未熟果 | 信頼度:97%
[2026-08-05 02:58:49] [INFO ] [main    ] 判定確定 | ID:148 | 結果:双子果 | 信頼度:97%
[2026-08-05 02:58:51] [INFO ] [main    ] 判定確定 | ID:149 | 結果:健全果 | 信頼度:97%
[2026-08-05 02:58:52] [INFO ] [main    ] 判定確定 | ID:150 | 結果:双子果 | 信頼度:96%
[2026-08-05 02:58:53] [INFO ] [main    ] 判定確定 | ID:151 | 結果:未熟果 | 信頼度:97%
[2026-08-05 02:58:54] [INFO ] [main    ] 判定確定 | ID:152 | 結果:健全果 | 信頼度:97%
[2026-08-05 02:58:55] [INFO ] [main    ] 判定確定 | ID:153 | 結果:果梗裂果 | 信頼度:95%
[2026-08-05 02:58:57] [INFO ] [main    ] 判定確定 | ID:154 | 結果:健全果 | 信頼度:97%
[2026-08-05 02:58:58] [INFO ] [main    ] 判定確定 | ID:155 | 結果:双子果 | 信頼度:97%
[2026-08-05 02:58:59] [INFO ] [main    ] 判定確定 | ID:156 | 結果:健全果 | 信頼度:97%
[2026-08-05 02:59:00] [INFO ] [main    ] 判定確定 | ID:157 | 結果:双子果 | 信頼度:97%
[2026-08-05 02:59:01] [INFO ] [main    ] 判定確定 | ID:158 | 結果:未熟果 | 信頼度:97%
[2026-08-05 02:59:02] [INFO ] [main    ] 判定確定 | ID:159 | 結果:双子果 | 信頼度:97%
[2026-08-05 02:59:04] [INFO ] [main    ] 判定確定 | ID:160 | 結果:健全果 | 信頼度:97%
[2026-08-05 02:59:05] [INFO ] [main    ] 判定確定 | ID:161 | 結果:双子果 | 信頼度:97%
[2026-08-05 02:59:06] [INFO ] [main    ] 判定確定 | ID:162 | 結果:未熟果 | 信頼度:98%
[2026-08-05 02:59:07] [INFO ] [main    ] 判定確定 | ID:163 | 結果:健全果 | 信頼度:97%
[2026-08-05 02:59:08] [INFO ] [main    ] 判定確定 | ID:164 | 結果:果梗裂果 | 信頼度:95%
[2026-08-05 02:59:09] [INFO ] [main    ] 判定確定 | ID:165 | 結果:健全果 | 信頼度:97%
[2026-08-05 02:59:10] [INFO ] [main    ] 判定確定 | ID:166 | 結果:双子果 | 信頼度:97%
[2026-08-05 02:59:11] [DEBUG] [motor   ] [Serial Send] P
[2026-08-05 02:59:11] [INFO ] [event   ] arduino_heartbeat status=ok latency_ms=5.0
[2026-08-05 02:59:11] [DEBUG] [motor   ] [Serial Recv] OK:PONG
[2026-08-05 02:59:12] [INFO ] [main    ] 判定確定 | ID:167 | 結果:健全果 | 信頼度:97%
[2026-08-05 02:59:13] [INFO ] [main    ] 判定確定 | ID:168 | 結果:双子果 | 信頼度:97%
[2026-08-05 02:59:14] [INFO ] [main    ] 判定確定 | ID:169 | 結果:未熟果 | 信頼度:97%
[2026-08-05 02:59:15] [INFO ] [main    ] 判定確定 | ID:170 | 結果:双子果 | 信頼度:97%
[2026-08-05 02:59:16] [INFO ] [main    ] 判定確定 | ID:171 | 結果:健全果 | 信頼度:97%
[2026-08-05 02:59:17] [INFO ] [main    ] 判定確定 | ID:172 | 結果:双子果 | 信頼度:97%
[2026-08-05 02:59:19] [INFO ] [main    ] 判定確定 | ID:173 | 結果:未熟果 | 信頼度:97%
[2026-08-05 02:59:20] [INFO ] [main    ] 判定確定 | ID:174 | 結果:健全果 | 信頼度:97%
[2026-08-05 02:59:21] [INFO ] [main    ] 判定確定 | ID:175 | 結果:果梗裂果 | 信頼度:94%
[2026-08-05 02:59:22] [INFO ] [main    ] 判定確定 | ID:176 | 結果:健全果 | 信頼度:97%
[2026-08-05 02:59:23] [INFO ] [main    ] 判定確定 | ID:177 | 結果:双子果 | 信頼度:97%
[2026-08-05 02:59:24] [INFO ] [main    ] 判定確定 | ID:178 | 結果:健全果 | 信頼度:97%
[2026-08-05 02:59:25] [INFO ] [main    ] 判定確定 | ID:179 | 結果:双子果 | 信頼度:97%
[2026-08-05 02:59:27] [INFO ] [main    ] 判定確定 | ID:180 | 結果:未熟果 | 信頼度:97%
[2026-08-05 02:59:28] [INFO ] [main    ] 判定確定 | ID:181 | 結果:双子果 | 信頼度:97%
[2026-08-05 02:59:29] [INFO ] [main    ] 判定確定 | ID:182 | 結果:健全果 | 信頼度:97%
[2026-08-05 02:59:30] [INFO ] [main    ] 判定確定 | ID:183 | 結果:双子果 | 信頼度:96%
[2026-08-05 02:59:31] [INFO ] [main    ] 判定確定 | ID:184 | 結果:未熟果 | 信頼度:97%
[2026-08-05 02:59:33] [INFO ] [main    ] 判定確定 | ID:185 | 結果:健全果 | 信頼度:97%
[2026-08-05 02:59:34] [INFO ] [main    ] 判定確定 | ID:186 | 結果:果梗裂果 | 信頼度:95%
[2026-08-05 02:59:35] [INFO ] [main    ] 判定確定 | ID:187 | 結果:健全果 | 信頼度:97%
[2026-08-05 02:59:36] [INFO ] [main    ] 判定確定 | ID:188 | 結果:双子果 | 信頼度:97%
[2026-08-05 02:59:37] [INFO ] [main    ] 判定確定 | ID:189 | 結果:健全果 | 信頼度:97%
[2026-08-05 02:59:38] [INFO ] [main    ] 判定確定 | ID:190 | 結果:双子果 | 信頼度:97%
[2026-08-05 02:59:39] [INFO ] [main    ] 判定確定 | ID:191 | 結果:未熟果 | 信頼度:97%
[2026-08-05 02:59:41] [DEBUG] [motor   ] [Serial Send] P
[2026-08-05 02:59:41] [INFO ] [event   ] arduino_heartbeat status=ok latency_ms=4.1
[2026-08-05 02:59:41] [DEBUG] [motor   ] [Serial Recv] OK:PONG
[2026-08-05 02:59:41] [INFO ] [main    ] 判定確定 | ID:192 | 結果:双子果 | 信頼度:97%
[2026-08-05 02:59:42] [INFO ] [main    ] 判定確定 | ID:193 | 結果:健全果 | 信頼度:97%
[2026-08-05 02:59:43] [DEBUG] [camera  ] [CamStats] cam_top: 累積 成功 4758 枚 / エラー 0 回 (エラー率 0.00%)
[2026-08-05 02:59:43] [DEBUG] [camera  ] [CamStats] cam_inside: 累積 成功 4764 枚 / エラー 0 回 (エラー率 0.00%)
[2026-08-05 02:59:43] [DEBUG] [camera  ] [CamStats] cam_outside: 累積 成功 4759 枚 / エラー 0 回 (エラー率 0.00%)
[2026-08-05 02:59:43] [DEBUG] [camera  ] [CamStats] cam_under: 累積 成功 4763 枚 / エラー 0 回 (エラー率 0.00%)
[2026-08-05 02:59:43] [INFO ] [event   ] mem_snapshot py_current_mb=120.3 py_peak_mb=156.6 top=['C:\\Users\\kotan\\gohara\\DCRsystem_app\\DCRsystem5goki_app_base\\module_cameras_5goki.py:196: 92.1MB', 'C:\\Users\\kotan\\gohara\\DCRsystem_app\\DCRsystem5goki_app_base\\module_yolo.py:871: 4.9MB', 'C:\\Users\\kotan\\gohara\\DCRsystem_app\\DCRsystem5goki_app_base\\module_yolo.py:774: 4.9MB', 'C:\\Users\\kotan\\gohara\\DCRsystem_app\\DCRsystem5goki_app_base\\module_yolo.py:711: 4.9MB', 'C:\\Users\\kotan\\gohara\\DCRsystem_app\\DCRsystem5goki_app_base\\.venv\\lib\\site-packages\\pypylon\\pylon.py:6397: 4.2MB']
[2026-08-05 02:59:43] [INFO ] [main    ] 判定確定 | ID:194 | 結果:双子果 | 信頼度:96%
[2026-08-05 02:59:44] [INFO ] [main    ] 判定確定 | ID:195 | 結果:未熟果 | 信頼度:98%
[2026-08-05 02:59:45] [INFO ] [main    ] 判定確定 | ID:196 | 結果:健全果 | 信頼度:97%
[2026-08-05 02:59:47] [INFO ] [main    ] 判定確定 | ID:197 | 結果:果梗裂果 | 信頼度:95%
[2026-08-05 02:59:48] [INFO ] [main    ] 判定確定 | ID:198 | 結果:健全果 | 信頼度:97%
[2026-08-05 02:59:49] [INFO ] [main    ] 判定確定 | ID:199 | 結果:双子果 | 信頼度:97%
[2026-08-05 02:59:50] [INFO ] [main    ] 判定確定 | ID:200 | 結果:健全果 | 信頼度:98%
[2026-08-05 02:59:51] [INFO ] [main    ] 判定確定 | ID:201 | 結果:双子果 | 信頼度:97%
[2026-08-05 02:59:52] [INFO ] [main    ] 判定確定 | ID:202 | 結果:未熟果 | 信頼度:97%
[2026-08-05 02:59:54] [INFO ] [main    ] 判定確定 | ID:203 | 結果:双子果 | 信頼度:97%
[2026-08-05 02:59:55] [INFO ] [main    ] 判定確定 | ID:204 | 結果:健全果 | 信頼度:98%
[2026-08-05 02:59:56] [INFO ] [main    ] 判定確定 | ID:205 | 結果:双子果 | 信頼度:97%
[2026-08-05 02:59:57] [INFO ] [main    ] 判定確定 | ID:206 | 結果:未熟果 | 信頼度:97%
[2026-08-05 02:59:58] [INFO ] [main    ] 判定確定 | ID:207 | 結果:健全果 | 信頼度:97%
[2026-08-05 02:59:59] [INFO ] [main    ] 判定確定 | ID:208 | 結果:果梗裂果 | 信頼度:95%
[2026-08-05 03:00:01] [INFO ] [main    ] 判定確定 | ID:209 | 結果:健全果 | 信頼度:97%
[2026-08-05 03:00:02] [INFO ] [main    ] 判定確定 | ID:210 | 結果:双子果 | 信頼度:97%
[2026-08-05 03:00:03] [INFO ] [main    ] 判定確定 | ID:211 | 結果:健全果 | 信頼度:97%
[2026-08-05 03:00:04] [INFO ] [main    ] 判定確定 | ID:212 | 結果:双子果 | 信頼度:97%
[2026-08-05 03:00:05] [INFO ] [main    ] 判定確定 | ID:213 | 結果:未熟果 | 信頼度:97%
[2026-08-05 03:00:06] [INFO ] [main    ] 判定確定 | ID:214 | 結果:双子果 | 信頼度:97%
[2026-08-05 03:00:08] [INFO ] [main    ] 判定確定 | ID:215 | 結果:健全果 | 信頼度:97%
[2026-08-05 03:00:09] [INFO ] [main    ] 判定確定 | ID:216 | 結果:双子果 | 信頼度:97%
[2026-08-05 03:00:10] [INFO ] [main    ] 判定確定 | ID:217 | 結果:未熟果 | 信頼度:97%
[2026-08-05 03:00:11] [DEBUG] [motor   ] [Serial Send] P
[2026-08-05 03:00:11] [INFO ] [event   ] arduino_heartbeat status=ok latency_ms=0.0
[2026-08-05 03:00:11] [DEBUG] [motor   ] [Serial Recv] OK:PONG
[2026-08-05 03:00:11] [INFO ] [main    ] 判定確定 | ID:218 | 結果:健全果 | 信頼度:97%
[2026-08-05 03:00:12] [INFO ] [main    ] 判定確定 | ID:219 | 結果:果梗裂果 | 信頼度:95%
[2026-08-05 03:00:14] [INFO ] [main    ] 判定確定 | ID:220 | 結果:健全果 | 信頼度:97%
[2026-08-05 03:00:15] [INFO ] [main    ] 判定確定 | ID:221 | 結果:双子果 | 信頼度:97%
[2026-08-05 03:00:16] [INFO ] [main    ] 判定確定 | ID:222 | 結果:健全果 | 信頼度:97%
[2026-08-05 03:00:17] [INFO ] [main    ] 判定確定 | ID:223 | 結果:双子果 | 信頼度:97%
[2026-08-05 03:00:18] [INFO ] [main    ] 判定確定 | ID:224 | 結果:未熟果 | 信頼度:97%
[2026-08-05 03:00:19] [INFO ] [main    ] 判定確定 | ID:225 | 結果:双子果 | 信頼度:97%
[2026-08-05 03:00:20] [INFO ] [main    ] 判定確定 | ID:226 | 結果:健全果 | 信頼度:97%
[2026-08-05 03:00:21] [INFO ] [main    ] 判定確定 | ID:227 | 結果:双子果 | 信頼度:97%
[2026-08-05 03:00:23] [INFO ] [main    ] 判定確定 | ID:228 | 結果:未熟果 | 信頼度:97%
[2026-08-05 03:00:24] [INFO ] [main    ] 判定確定 | ID:229 | 結果:健全果 | 信頼度:97%
[2026-08-05 03:00:25] [INFO ] [main    ] 判定確定 | ID:230 | 結果:果梗裂果 | 信頼度:94%
[2026-08-05 03:00:26] [INFO ] [main    ] 判定確定 | ID:231 | 結果:健全果 | 信頼度:97%
[2026-08-05 03:00:27] [INFO ] [main    ] 判定確定 | ID:232 | 結果:双子果 | 信頼度:97%
[2026-08-05 03:00:29] [INFO ] [main    ] 判定確定 | ID:233 | 結果:健全果 | 信頼度:97%
[2026-08-05 03:00:30] [INFO ] [main    ] 判定確定 | ID:234 | 結果:双子果 | 信頼度:97%
[2026-08-05 03:00:31] [INFO ] [main    ] 判定確定 | ID:235 | 結果:未熟果 | 信頼度:97%
[2026-08-05 03:00:32] [INFO ] [main    ] 判定確定 | ID:236 | 結果:双子果 | 信頼度:97%
[2026-08-05 03:00:33] [INFO ] [main    ] 判定確定 | ID:237 | 結果:健全果 | 信頼度:97%
[2026-08-05 03:00:34] [INFO ] [main    ] 判定確定 | ID:238 | 結果:双子果 | 信頼度:97%
[2026-08-05 03:00:35] [INFO ] [main    ] 判定確定 | ID:239 | 結果:未熟果 | 信頼度:98%
[2026-08-05 03:00:37] [INFO ] [main    ] 判定確定 | ID:240 | 結果:健全果 | 信頼度:97%
[2026-08-05 03:00:38] [INFO ] [main    ] 判定確定 | ID:241 | 結果:果梗裂果 | 信頼度:95%
[2026-08-05 03:00:39] [INFO ] [main    ] 判定確定 | ID:242 | 結果:健全果 | 信頼度:97%
[2026-08-05 03:00:40] [INFO ] [main    ] 判定確定 | ID:243 | 結果:双子果 | 信頼度:97%
[2026-08-05 03:00:41] [DEBUG] [motor   ] [Serial Send] P
[2026-08-05 03:00:41] [INFO ] [event   ] arduino_heartbeat status=ok latency_ms=5.0
[2026-08-05 03:00:41] [DEBUG] [motor   ] [Serial Recv] OK:PONG
[2026-08-05 03:00:41] [INFO ] [main    ] 判定確定 | ID:244 | 結果:健全果 | 信頼度:97%
[2026-08-05 03:00:42] [INFO ] [main    ] 判定確定 | ID:245 | 結果:双子果 | 信頼度:97%
[2026-08-05 03:00:43] [DEBUG] [camera  ] [CamStats] cam_top: 累積 成功 5958 枚 / エラー 0 回 (エラー率 0.00%)
[2026-08-05 03:00:43] [DEBUG] [camera  ] [CamStats] cam_inside: 累積 成功 5964 枚 / エラー 0 回 (エラー率 0.00%)
[2026-08-05 03:00:43] [DEBUG] [camera  ] [CamStats] cam_outside: 累積 成功 5959 枚 / エラー 0 回 (エラー率 0.00%)
[2026-08-05 03:00:43] [DEBUG] [camera  ] [CamStats] cam_under: 累積 成功 5964 枚 / エラー 0 回 (エラー率 0.00%)
[2026-08-05 03:00:43] [INFO ] [event   ] mem_snapshot py_current_mb=113.7 py_peak_mb=156.6 top=['C:\\Users\\kotan\\gohara\\DCRsystem_app\\DCRsystem5goki_app_base\\module_cameras_5goki.py:196: 93.3MB', 'C:\\Users\\kotan\\gohara\\DCRsystem_app\\DCRsystem5goki_app_base\\module_yolo.py:774: 4.9MB', 'C:\\Users\\kotan\\gohara\\DCRsystem_app\\DCRsystem5goki_app_base\\module_yolo.py:711: 4.9MB', 'C:\\Users\\kotan\\gohara\\DCRsystem_app\\DCRsystem5goki_app_base\\.venv\\lib\\site-packages\\pypylon\\pylon.py:6397: 4.2MB', 'C:\\Users\\kotan\\gohara\\DCRsystem_app\\DCRsystem5goki_app_base\\module_cameras_5goki.py:202: 2.0MB']
[2026-08-05 03:00:44] [INFO ] [main    ] 判定確定 | ID:246 | 結果:未熟果 | 信頼度:97%
[2026-08-05 03:00:45] [INFO ] [main    ] 判定確定 | ID:247 | 結果:双子果 | 信頼度:97%
[2026-08-05 03:00:46] [INFO ] [main    ] 判定確定 | ID:248 | 結果:健全果 | 信頼度:98%
[2026-08-05 03:00:47] [INFO ] [main    ] 判定確定 | ID:249 | 結果:双子果 | 信頼度:97%
[2026-08-05 03:00:48] [INFO ] [main    ] 判定確定 | ID:250 | 結果:未熟果 | 信頼度:97%
[2026-08-05 03:00:49] [INFO ] [main    ] 判定確定 | ID:251 | 結果:健全果 | 信頼度:96%
[2026-08-05 03:00:51] [INFO ] [main    ] 判定確定 | ID:252 | 結果:果梗裂果 | 信頼度:94%
[2026-08-05 03:00:52] [INFO ] [main    ] 判定確定 | ID:253 | 結果:健全果 | 信頼度:98%
[2026-08-05 03:00:53] [INFO ] [main    ] 判定確定 | ID:254 | 結果:双子果 | 信頼度:97%
[2026-08-05 03:00:54] [INFO ] [main    ] 判定確定 | ID:255 | 結果:健全果 | 信頼度:97%
[2026-08-05 03:00:55] [INFO ] [main    ] 判定確定 | ID:256 | 結果:双子果 | 信頼度:97%
[2026-08-05 03:00:56] [INFO ] [main    ] 判定確定 | ID:257 | 結果:未熟果 | 信頼度:97%
[2026-08-05 03:00:58] [INFO ] [main    ] 判定確定 | ID:258 | 結果:双子果 | 信頼度:97%
[2026-08-05 03:00:59] [INFO ] [main    ] 判定確定 | ID:259 | 結果:健全果 | 信頼度:97%
[2026-08-05 03:01:00] [INFO ] [main    ] 判定確定 | ID:260 | 結果:双子果 | 信頼度:97%
[2026-08-05 03:01:01] [INFO ] [main    ] 判定確定 | ID:261 | 結果:未熟果 | 信頼度:98%
[2026-08-05 03:01:02] [INFO ] [main    ] 判定確定 | ID:262 | 結果:健全果 | 信頼度:97%
[2026-08-05 03:01:04] [INFO ] [main    ] 判定確定 | ID:263 | 結果:果梗裂果 | 信頼度:95%
[2026-08-05 03:01:05] [INFO ] [main    ] 判定確定 | ID:264 | 結果:健全果 | 信頼度:97%
[2026-08-05 03:01:06] [INFO ] [main    ] 判定確定 | ID:265 | 結果:双子果 | 信頼度:97%
[2026-08-05 03:01:07] [INFO ] [main    ] 判定確定 | ID:266 | 結果:健全果 | 信頼度:97%
[2026-08-05 03:01:08] [INFO ] [main    ] 判定確定 | ID:267 | 結果:双子果 | 信頼度:97%
[2026-08-05 03:01:09] [INFO ] [main    ] 判定確定 | ID:268 | 結果:未熟果 | 信頼度:97%
[2026-08-05 03:01:10] [INFO ] [main    ] 判定確定 | ID:269 | 結果:双子果 | 信頼度:97%
[2026-08-05 03:01:11] [DEBUG] [motor   ] [Serial Send] P
[2026-08-05 03:01:11] [INFO ] [event   ] arduino_heartbeat status=ok latency_ms=0.0
[2026-08-05 03:01:11] [DEBUG] [motor   ] [Serial Recv] OK:PONG
[2026-08-05 03:01:12] [INFO ] [main    ] 判定確定 | ID:270 | 結果:健全果 | 信頼度:98%
[2026-08-05 03:01:13] [INFO ] [main    ] 判定確定 | ID:271 | 結果:双子果 | 信頼度:96%
[2026-08-05 03:01:14] [INFO ] [main    ] 判定確定 | ID:272 | 結果:未熟果 | 信頼度:97%
[2026-08-05 03:01:15] [INFO ] [main    ] 判定確定 | ID:273 | 結果:健全果 | 信頼度:97%
[2026-08-05 03:01:16] [INFO ] [main    ] 判定確定 | ID:274 | 結果:果梗裂果 | 信頼度:95%
[2026-08-05 03:01:18] [INFO ] [main    ] 判定確定 | ID:275 | 結果:健全果 | 信頼度:97%
[2026-08-05 03:01:19] [INFO ] [main    ] 判定確定 | ID:276 | 結果:双子果 | 信頼度:97%
[2026-08-05 03:01:20] [INFO ] [main    ] 判定確定 | ID:277 | 結果:健全果 | 信頼度:97%
[2026-08-05 03:01:21] [INFO ] [main    ] 判定確定 | ID:278 | 結果:双子果 | 信頼度:97%
[2026-08-05 03:01:22] [INFO ] [main    ] 判定確定 | ID:279 | 結果:未熟果 | 信頼度:97%
[2026-08-05 03:01:23] [INFO ] [main    ] 判定確定 | ID:280 | 結果:双子果 | 信頼度:97%
[2026-08-05 03:01:25] [INFO ] [main    ] 判定確定 | ID:281 | 結果:健全果 | 信頼度:97%
[2026-08-05 03:01:26] [INFO ] [main    ] 判定確定 | ID:282 | 結果:双子果 | 信頼度:97%
[2026-08-05 03:01:27] [INFO ] [main    ] 判定確定 | ID:283 | 結果:未熟果 | 信頼度:98%
[2026-08-05 03:01:28] [INFO ] [main    ] 判定確定 | ID:284 | 結果:健全果 | 信頼度:97%
[2026-08-05 03:01:29] [INFO ] [main    ] 判定確定 | ID:285 | 結果:果梗裂果 | 信頼度:95%
[2026-08-05 03:01:30] [INFO ] [main    ] 判定確定 | ID:286 | 結果:健全果 | 信頼度:98%
[2026-08-05 03:01:31] [INFO ] [main    ] 判定確定 | ID:287 | 結果:双子果 | 信頼度:97%
[2026-08-05 03:01:33] [INFO ] [main    ] 判定確定 | ID:288 | 結果:健全果 | 信頼度:97%
[2026-08-05 03:01:34] [INFO ] [main    ] 判定確定 | ID:289 | 結果:双子果 | 信頼度:97%
[2026-08-05 03:01:35] [INFO ] [main    ] 判定確定 | ID:290 | 結果:未熟果 | 信頼度:97%
[2026-08-05 03:01:36] [INFO ] [main    ] 判定確定 | ID:291 | 結果:双子果 | 信頼度:97%
[2026-08-05 03:01:37] [INFO ] [main    ] 判定確定 | ID:292 | 結果:健全果 | 信頼度:98%
[2026-08-05 03:01:38] [INFO ] [main    ] 判定確定 | ID:293 | 結果:双子果 | 信頼度:97%
[2026-08-05 03:01:40] [WARN ] [camera  ] [GrabError] cam_under: 連続 1 回目 / 継続 0ms / 累積エラー 1 回・成功 7100 枚 - Exception: GrabSucceeded=False code=0xE2000212 desc=Payload data has been discarded. Payload data can be discarded by the camera device if the available bandwidth is insufficient.
[2026-08-05 03:01:40] [WARN ] [camera  ] [GrabError] cam_top: 連続 1 回目 / 継続 0ms / 累積エラー 1 回・成功 7096 枚 - Exception: GrabSucceeded=False code=0xE2000212 desc=Payload data has been discarded. Payload data can be discarded by the camera device if the available bandwidth is insufficient.
[2026-08-05 03:01:40] [INFO ] [main    ] 判定確定 | ID:294 | 結果:未熟果 | 信頼度:97%
[2026-08-05 03:01:40] [WARN ] [camera  ] cam_top: 2回の連続エラーから復帰 (この間パネルは約 62ms フリーズ)
[2026-08-05 03:01:40] [WARN ] [camera  ] cam_under: 2回の連続エラーから復帰 (この間パネルは約 78ms フリーズ)
[2026-08-05 03:01:41] [INFO ] [main    ] 判定確定 | ID:295 | 結果:健全果 | 信頼度:97%
[2026-08-05 03:01:41] [DEBUG] [motor   ] [Serial Send] P
[2026-08-05 03:01:41] [INFO ] [event   ] arduino_heartbeat status=ok latency_ms=0.0
[2026-08-05 03:01:41] [DEBUG] [motor   ] [Serial Recv] OK:PONG
[2026-08-05 03:01:42] [INFO ] [main    ] 判定確定 | ID:296 | 結果:果梗裂果 | 信頼度:95%
[2026-08-05 03:01:43] [WARN ] [camera  ] [CamStats] cam_top: 累積 成功 7156 枚 / エラー 2 回 (エラー率 0.03%)
[2026-08-05 03:01:43] [DEBUG] [camera  ] [CamStats] cam_inside: 累積 成功 7164 枚 / エラー 0 回 (エラー率 0.00%)
[2026-08-05 03:01:43] [DEBUG] [camera  ] [CamStats] cam_outside: 累積 成功 7159 枚 / エラー 0 回 (エラー率 0.00%)
[2026-08-05 03:01:43] [WARN ] [camera  ] [CamStats] cam_under: 累積 成功 7163 枚 / エラー 2 回 (エラー率 0.03%)
[2026-08-05 03:01:43] [INFO ] [event   ] mem_snapshot py_current_mb=122.2 py_peak_mb=156.6 top=['C:\\Users\\kotan\\gohara\\DCRsystem_app\\DCRsystem5goki_app_base\\module_cameras_5goki.py:196: 92.1MB', 'C:\\Users\\kotan\\gohara\\DCRsystem_app\\DCRsystem5goki_app_base\\module_yolo.py:871: 4.9MB', 'C:\\Users\\kotan\\gohara\\DCRsystem_app\\DCRsystem5goki_app_base\\module_yolo.py:711: 4.9MB', 'C:\\Users\\kotan\\gohara\\DCRsystem_app\\DCRsystem5goki_app_base\\.venv\\lib\\site-packages\\pypylon\\pylon.py:6397: 4.2MB', 'C:\\Users\\kotan\\gohara\\DCRsystem_app\\DCRsystem5goki_app_base\\module_yolo.py:827: 3.7MB']
[2026-08-05 03:01:43] [INFO ] [main    ] 判定確定 | ID:297 | 結果:健全果 | 信頼度:97%
[2026-08-05 03:01:44] [INFO ] [main    ] 判定確定 | ID:298 | 結果:双子果 | 信頼度:97%
[2026-08-05 03:01:45] [INFO ] [main    ] 判定確定 | ID:299 | 結果:健全果 | 信頼度:97%
[2026-08-05 03:01:46] [INFO ] [main    ] 判定確定 | ID:300 | 結果:双子果 | 信頼度:97%
[2026-08-05 03:01:48] [INFO ] [main    ] 判定確定 | ID:301 | 結果:未熟果 | 信頼度:97%
[2026-08-05 03:01:49] [INFO ] [main    ] 判定確定 | ID:302 | 結果:双子果 | 信頼度:97%
[2026-08-05 03:01:50] [INFO ] [main    ] 判定確定 | ID:303 | 結果:健全果 | 信頼度:97%
[2026-08-05 03:01:51] [INFO ] [main    ] 判定確定 | ID:304 | 結果:双子果 | 信頼度:97%
[2026-08-05 03:01:52] [INFO ] [main    ] 判定確定 | ID:305 | 結果:未熟果 | 信頼度:97%
[2026-08-05 03:01:54] [INFO ] [main    ] 判定確定 | ID:306 | 結果:健全果 | 信頼度:97%
[2026-08-05 03:01:55] [INFO ] [main    ] 判定確定 | ID:307 | 結果:果梗裂果 | 信頼度:95%
[2026-08-05 03:01:56] [INFO ] [main    ] 判定確定 | ID:308 | 結果:健全果 | 信頼度:98%
[2026-08-05 03:01:57] [INFO ] [main    ] 判定確定 | ID:309 | 結果:双子果 | 信頼度:97%
[2026-08-05 03:01:58] [INFO ] [main    ] 判定確定 | ID:310 | 結果:健全果 | 信頼度:97%
[2026-08-05 03:01:59] [INFO ] [main    ] 判定確定 | ID:311 | 結果:双子果 | 信頼度:97%
[2026-08-05 03:02:00] [INFO ] [main    ] 判定確定 | ID:312 | 結果:未熟果 | 信頼度:97%
[2026-08-05 03:02:02] [INFO ] [main    ] 判定確定 | ID:313 | 結果:双子果 | 信頼度:97%
[2026-08-05 03:02:03] [INFO ] [main    ] 判定確定 | ID:314 | 結果:健全果 | 信頼度:98%
[2026-08-05 03:02:04] [INFO ] [main    ] 判定確定 | ID:315 | 結果:双子果 | 信頼度:97%
[2026-08-05 03:02:05] [INFO ] [main    ] 判定確定 | ID:316 | 結果:未熟果 | 信頼度:98%
[2026-08-05 03:02:06] [INFO ] [main    ] 判定確定 | ID:317 | 結果:健全果 | 信頼度:97%
[2026-08-05 03:02:08] [INFO ] [main    ] 判定確定 | ID:318 | 結果:果梗裂果 | 信頼度:95%
[2026-08-05 03:02:09] [INFO ] [main    ] 判定確定 | ID:319 | 結果:健全果 | 信頼度:98%
[2026-08-05 03:02:10] [INFO ] [main    ] 判定確定 | ID:320 | 結果:双子果 | 信頼度:97%
[2026-08-05 03:02:11] [DEBUG] [motor   ] [Serial Send] P
[2026-08-05 03:02:11] [INFO ] [event   ] arduino_heartbeat status=ok latency_ms=4.1
[2026-08-05 03:02:11] [DEBUG] [motor   ] [Serial Recv] OK:PONG
[2026-08-05 03:02:11] [INFO ] [main    ] 判定確定 | ID:321 | 結果:健全果 | 信頼度:97%
[2026-08-05 03:02:12] [INFO ] [main    ] 判定確定 | ID:322 | 結果:双子果 | 信頼度:97%
[2026-08-05 03:02:13] [INFO ] [main    ] 判定確定 | ID:323 | 結果:未熟果 | 信頼度:97%
[2026-08-05 03:02:14] [INFO ] [main    ] 判定確定 | ID:324 | 結果:双子果 | 信頼度:97%
[2026-08-05 03:02:16] [INFO ] [main    ] 判定確定 | ID:325 | 結果:健全果 | 信頼度:98%
[2026-08-05 03:02:17] [INFO ] [main    ] 判定確定 | ID:326 | 結果:双子果 | 信頼度:97%
[2026-08-05 03:02:18] [INFO ] [main    ] 判定確定 | ID:327 | 結果:未熟果 | 信頼度:97%
[2026-08-05 03:02:19] [INFO ] [main    ] 判定確定 | ID:328 | 結果:健全果 | 信頼度:97%
[2026-08-05 03:02:20] [INFO ] [main    ] 判定確定 | ID:329 | 結果:果梗裂果 | 信頼度:95%
[2026-08-05 03:02:22] [INFO ] [main    ] 判定確定 | ID:330 | 結果:健全果 | 信頼度:97%
[2026-08-05 03:02:23] [INFO ] [main    ] 判定確定 | ID:331 | 結果:双子果 | 信頼度:97%
[2026-08-05 03:02:24] [INFO ] [main    ] 判定確定 | ID:332 | 結果:健全果 | 信頼度:97%
[2026-08-05 03:02:25] [INFO ] [main    ] 判定確定 | ID:333 | 結果:双子果 | 信頼度:97%
[2026-08-05 03:02:26] [INFO ] [main    ] 判定確定 | ID:334 | 結果:未熟果 | 信頼度:97%
[2026-08-05 03:02:27] [INFO ] [main    ] 判定確定 | ID:335 | 結果:双子果 | 信頼度:97%
[2026-08-05 03:02:29] [INFO ] [main    ] 判定確定 | ID:336 | 結果:健全果 | 信頼度:98%
[2026-08-05 03:02:30] [INFO ] [main    ] 判定確定 | ID:337 | 結果:双子果 | 信頼度:97%
[2026-08-05 03:02:31] [INFO ] [main    ] 判定確定 | ID:338 | 結果:未熟果 | 信頼度:98%
[2026-08-05 03:02:32] [INFO ] [main    ] 判定確定 | ID:339 | 結果:健全果 | 信頼度:97%
[2026-08-05 03:02:33] [INFO ] [main    ] 判定確定 | ID:340 | 結果:果梗裂果 | 信頼度:95%
[2026-08-05 03:02:35] [INFO ] [main    ] 判定確定 | ID:341 | 結果:健全果 | 信頼度:97%
[2026-08-05 03:02:36] [INFO ] [main    ] 判定確定 | ID:342 | 結果:双子果 | 信頼度:97%
[2026-08-05 03:02:37] [INFO ] [main    ] 判定確定 | ID:343 | 結果:健全果 | 信頼度:97%
[2026-08-05 03:02:38] [INFO ] [main    ] 判定確定 | ID:344 | 結果:双子果 | 信頼度:97%
[2026-08-05 03:02:39] [INFO ] [main    ] 判定確定 | ID:345 | 結果:未熟果 | 信頼度:97%
[2026-08-05 03:02:40] [INFO ] [main    ] 判定確定 | ID:346 | 結果:双子果 | 信頼度:97%
[2026-08-05 03:02:41] [DEBUG] [motor   ] [Serial Send] P
[2026-08-05 03:02:41] [INFO ] [event   ] arduino_heartbeat status=ok latency_ms=0.0
[2026-08-05 03:02:41] [DEBUG] [motor   ] [Serial Recv] OK:PONG
[2026-08-05 03:02:41] [INFO ] [main    ] 判定確定 | ID:347 | 結果:健全果 | 信頼度:97%
[2026-08-05 03:02:42] [INFO ] [main    ] 判定確定 | ID:348 | 結果:双子果 | 信頼度:97%
[2026-08-05 03:02:43] [WARN ] [camera  ] [CamStats] cam_top: 累積 成功 8356 枚 / エラー 2 回 (エラー率 0.02%)
[2026-08-05 03:02:43] [DEBUG] [camera  ] [CamStats] cam_inside: 累積 成功 8364 枚 / エラー 0 回 (エラー率 0.00%)
[2026-08-05 03:02:43] [DEBUG] [camera  ] [CamStats] cam_outside: 累積 成功 8359 枚 / エラー 0 回 (エラー率 0.00%)
[2026-08-05 03:02:43] [WARN ] [camera  ] [CamStats] cam_under: 累積 成功 8363 枚 / エラー 2 回 (エラー率 0.02%)
[2026-08-05 03:02:43] [INFO ] [event   ] mem_snapshot py_current_mb=116.0 py_peak_mb=156.6 top=['C:\\Users\\kotan\\gohara\\DCRsystem_app\\DCRsystem5goki_app_base\\module_cameras_5goki.py:196: 92.1MB', 'C:\\Users\\kotan\\gohara\\DCRsystem_app\\DCRsystem5goki_app_base\\module_yolo.py:774: 4.9MB', 'C:\\Users\\kotan\\gohara\\DCRsystem_app\\DCRsystem5goki_app_base\\module_yolo.py:711: 4.9MB', 'C:\\Users\\kotan\\gohara\\DCRsystem_app\\DCRsystem5goki_app_base\\.venv\\lib\\site-packages\\pypylon\\pylon.py:6397: 4.2MB', 'C:\\Users\\kotan\\gohara\\DCRsystem_app\\DCRsystem5goki_app_base\\module_cameras_5goki.py:202: 2.0MB']
[2026-08-05 03:02:44] [INFO ] [main    ] 判定確定 | ID:349 | 結果:未熟果 | 信頼度:97%
[2026-08-05 03:02:45] [INFO ] [main    ] 判定確定 | ID:350 | 結果:健全果 | 信頼度:97%
[2026-08-05 03:02:45] [INFO ] [event   ] トグルスイッチ OFF: 停止
[2026-08-05 03:02:45] [DEBUG] [motor   ] [Serial Send] S
[2026-08-05 03:02:45] [INFO ] [patlite ] 状態遷移: 待機中
[2026-08-05 03:02:45] [INFO ] [relay   ] 全リレーをOFF（停止）にしました。
[2026-08-05 03:02:45] [DEBUG] [motor   ] [Serial Recv] OK:STOP
[2026-08-05 03:02:49] [INFO ] [main    ] 電源ボタンが押されました。終了します。
[2026-08-05 03:02:49] [INFO ] [patlite ] 切断完了
[2026-08-05 03:02:49] [INFO ] [relay   ] 切断完了
[2026-08-05 03:02:49] [ERROR] [relay   ] 初期化されていません。
[2026-08-05 03:02:49] [WARN ] [camera  ] [GrabError] cam_top: 連続 1 回目 / 継続 0ms / 累積エラー 3 回・成功 8479 枚 - RuntimeException: No grab result data is referenced. Cannot access NULL pointer. : RuntimeException thrown (file 'GrabResultPtr.cpp', line 87)
[2026-08-05 03:02:49] [DEBUG] [camera  ] スレッド終了: cam_top
[2026-08-05 03:02:49] [INFO ] [camera  ] cam_top: リソース解放完了
[2026-08-05 03:02:49] [WARN ] [camera  ] [GrabError] cam_under: 連続 1 回目 / 継続 0ms / 累積エラー 3 回・成功 8486 枚 - RuntimeException: No grab result data is referenced. Cannot access NULL pointer. : RuntimeException thrown (file 'GrabResultPtr.cpp', line 87)
[2026-08-05 03:02:49] [ERROR] [relay   ] 初期化されていません。
[2026-08-05 03:02:49] [DEBUG] [camera  ] スレッド終了: cam_under
[2026-08-05 03:02:49] [INFO ] [camera  ] cam_under: リソース解放完了
[2026-08-05 03:02:49] [WARN ] [camera  ] [GrabError] cam_inside: 連続 1 回目 / 継続 0ms / 累積エラー 1 回・成功 8492 枚 - RuntimeException: No grab result data is referenced. Cannot access NULL pointer. : RuntimeException thrown (file 'GrabResultPtr.cpp', line 87)
[2026-08-05 03:02:49] [DEBUG] [camera  ] スレッド終了: cam_inside
[2026-08-05 03:02:49] [INFO ] [camera  ] cam_inside: リソース解放完了
[2026-08-05 03:02:49] [WARN ] [camera  ] [GrabError] cam_outside: 連続 1 回目 / 継続 0ms / 累積エラー 1 回・成功 8489 枚 - RuntimeException: No grab result data is referenced. Cannot access NULL pointer. : RuntimeException thrown (file 'GrabResultPtr.cpp', line 87)
[2026-08-05 03:02:49] [DEBUG] [camera  ] スレッド終了: cam_outside
[2026-08-05 03:02:49] [INFO ] [camera  ] cam_outside: リソース解放完了
[2026-08-05 03:02:49] [DEBUG] [motor   ] [Serial Send] C
[2026-08-05 03:02:49] [DEBUG] [motor   ] [Serial Recv] OK:CLEANUP
[2026-08-05 03:02:49] [INFO ] [motor   ] 切断しました
[2026-08-05 03:02:49] [DEBUG] [yolo    ] カメラワーカー終了: cam_outside
[2026-08-05 03:02:49] [DEBUG] [yolo    ] カメラワーカー終了: cam_under
[2026-08-05 03:02:49] [DEBUG] [yolo    ] カメラワーカー終了: cam_inside
[2026-08-05 03:02:49] [DEBUG] [yolo    ] カメラワーカー終了: cam_top
[2026-08-05 03:02:49] [INFO ] [event   ] shutdown uptime_s=432.7
[2026-08-05 03:06:18] [INFO ] [main    ] DCRsystem 起動
[2026-08-05 03:06:20] [INFO ] [patlite ] 接続成功
[2026-08-05 03:06:21] [INFO ] [patlite ] 状態遷移: 初期化中
[2026-08-05 03:06:21] [INFO ] [relay   ] リレー補正(角度)を読込: {'remove': {'angle': 67.5}, 'transport': {'angle': 114.5}}
[2026-08-05 03:06:21] [INFO ] [relay   ] リレーボード(32)接続成功
[2026-08-05 03:06:21] [INFO ] [relay   ] 全リレーをOFF（停止）にしました。
[2026-08-05 03:06:23] [INFO ] [motor   ] 接続しました (COM3)
[2026-08-05 03:06:23] [INFO ] [event   ] arduino_connect port=COM3 baudrate=115200
[2026-08-05 03:06:24] [INFO ] [camera  ] cam_top: 設定を適用しました
[2026-08-05 03:06:24] [INFO ] [camera  ] cam_top: 帯域上限を 50MB/s に設定（pfsロード後・制限On）
[2026-08-05 03:06:24] [INFO ] [camera  ] cam_under: 設定を適用しました
[2026-08-05 03:06:24] [INFO ] [camera  ] cam_under: 帯域上限を 50MB/s に設定（pfsロード後・制限On）
[2026-08-05 03:06:24] [INFO ] [camera  ] cam_inside: 設定を適用しました
[2026-08-05 03:06:24] [INFO ] [camera  ] cam_inside: 帯域上限を 50MB/s に設定（pfsロード後・制限On）
[2026-08-05 03:06:24] [INFO ] [camera  ] cam_outside: 設定を適用しました
[2026-08-05 03:06:24] [INFO ] [camera  ] cam_outside: 帯域上限を 50MB/s に設定（pfsロード後・制限On）
[2026-08-05 03:06:24] [INFO ] [yolo    ] YOLOモデル Trained_Models/SusHi_sample.engine をロード中...
[2026-08-05 03:06:25] [INFO ] [event   ] startup model=SusHi_sample.engine imgsz=640 precision= batch=1 gpu_name=NVIDIA GeForce RTX 4090 Laptop GPU gpu_mem_total_mb=17171.480576
[2026-08-05 03:06:25] [INFO ] [main    ] 遅延設定を読み込みました: C:\Users\kotan\gohara\DCRsystem_app\DCRsystem5goki_app_base\json\delay_config.json (更新日時: 2026-07-22 19:39:50)
[2026-08-05 03:06:25] [INFO ] [main    ] 表示遅延を設定  cam_under=2.079s / cam_inside=2.109s
[2026-08-05 03:06:25] [INFO ] [camera  ] キャプチャ開始: cam_top
[2026-08-05 03:06:25] [INFO ] [camera  ] キャプチャ開始: cam_under
[2026-08-05 03:06:25] [INFO ] [camera  ] キャプチャ開始: cam_inside
[2026-08-05 03:06:25] [INFO ] [camera  ] キャプチャ開始: cam_outside
[2026-08-05 03:06:25] [INFO ] [yolo    ] HSV設定を読み込みました: json\hsv_config_cam_top.json
[2026-08-05 03:06:25] [INFO ] [yolo    ] カメラ別処理ワーカーを 4 本起動しました
[2026-08-05 03:06:25] [INFO ] [yolo    ] HSV設定を読み込みました: json\hsv_config_cam_outside.json
[2026-08-05 03:06:25] [INFO ] [patlite ] 状態遷移: 待機中
[2026-08-05 03:06:26] [DEBUG] [motor   ] [Serial Send] Q
[2026-08-05 03:06:26] [DEBUG] [motor   ] [Serial Recv] ESTOP_CLEARED (非常停止 解除)
[2026-08-05 03:06:28] [INFO ] [event   ] [非常停止] 解除されました。待機中に戻ります。
[2026-08-05 03:06:28] [INFO ] [patlite ] 状態遷移: 待機中
[2026-08-05 03:06:30] [INFO ] [yolo    ] HSV設定を読み込みました: json\hsv_config_cam_inside.json
[2026-08-05 03:06:30] [INFO ] [yolo    ] HSV設定を読み込みました: json\hsv_config_cam_under.json
[2026-08-05 03:06:49] [INFO ] [main    ] 遅延設定を読み込みました: C:\Users\kotan\gohara\DCRsystem_app\DCRsystem5goki_app_base\json\delay_config.json (更新日時: 2026-07-22 19:39:50)
[2026-08-05 03:06:49] [INFO ] [main    ] 表示遅延を設定  cam_under=2.079s / cam_inside=2.109s
[2026-08-05 03:06:49] [INFO ] [main    ] スピード設定をメインに保存: 6
[2026-08-05 03:06:49] [INFO ] [event   ] トグルスイッチ ON: 動作開始
[2026-08-05 03:06:49] [DEBUG] [motor   ] [Serial Send] V6
[2026-08-05 03:06:49] [INFO ] [event   ] arduino_params speed_level=6 pulse_width_ms=0.5 period_ms=1.0
[2026-08-05 03:06:49] [DEBUG] [motor   ] [Serial Send] R
[2026-08-05 03:06:49] [INFO ] [patlite ] 状態遷移: 正常運転中
[2026-08-05 03:06:49] [DEBUG] [motor   ] [Serial Recv] OK:SPEED=6
[2026-08-05 03:06:49] [DEBUG] [motor   ] [Serial Recv] OK:ROTATE
[2026-08-05 03:06:49] [INFO ] [main    ] 判定確定 | ID:001 | 結果:果梗裂果 | 信頼度:95%
[2026-08-05 03:06:51] [INFO ] [main    ] 判定確定 | ID:002 | 結果:健全果 | 信頼度:98%
[2026-08-05 03:06:51] [INFO ] [main    ] 判定確定 | ID:003 | 結果:双子果 | 信頼度:97%
[2026-08-05 03:06:53] [INFO ] [main    ] 判定確定 | ID:004 | 結果:健全果 | 信頼度:97%
[2026-08-05 03:06:53] [DEBUG] [motor   ] [Serial Send] P
[2026-08-05 03:06:53] [INFO ] [event   ] arduino_heartbeat status=ok latency_ms=0.0
[2026-08-05 03:06:53] [DEBUG] [motor   ] [Serial Recv] OK:PONG
[2026-08-05 03:06:54] [INFO ] [main    ] 判定確定 | ID:005 | 結果:双子果 | 信頼度:97%
[2026-08-05 03:06:55] [INFO ] [main    ] 判定確定 | ID:006 | 結果:未熟果 | 信頼度:97%
[2026-08-05 03:06:56] [INFO ] [main    ] 判定確定 | ID:007 | 結果:双子果 | 信頼度:97%
[2026-08-05 03:06:57] [INFO ] [main    ] 判定確定 | ID:008 | 結果:健全果 | 信頼度:98%
[2026-08-05 03:06:58] [INFO ] [main    ] 判定確定 | ID:009 | 結果:双子果 | 信頼度:97%
[2026-08-05 03:07:00] [INFO ] [main    ] 判定確定 | ID:010 | 結果:未熟果 | 信頼度:97%
[2026-08-05 03:07:01] [INFO ] [main    ] 判定確定 | ID:011 | 結果:健全果 | 信頼度:97%
[2026-08-05 03:07:02] [INFO ] [main    ] 判定確定 | ID:012 | 結果:果梗裂果 | 信頼度:95%
[2026-08-05 03:07:03] [INFO ] [main    ] 判定確定 | ID:013 | 結果:健全果 | 信頼度:97%
[2026-08-05 03:07:04] [INFO ] [main    ] 判定確定 | ID:014 | 結果:双子果 | 信頼度:97%
[2026-08-05 03:07:05] [INFO ] [main    ] 判定確定 | ID:015 | 結果:健全果 | 信頼度:97%
[2026-08-05 03:07:06] [INFO ] [main    ] 判定確定 | ID:016 | 結果:双子果 | 信頼度:97%
[2026-08-05 03:07:08] [INFO ] [main    ] 判定確定 | ID:017 | 結果:未熟果 | 信頼度:97%
[2026-08-05 03:07:09] [INFO ] [main    ] 判定確定 | ID:018 | 結果:双子果 | 信頼度:97%
[2026-08-05 03:07:10] [INFO ] [main    ] 判定確定 | ID:019 | 結果:健全果 | 信頼度:97%
[2026-08-05 03:07:11] [INFO ] [main    ] 判定確定 | ID:020 | 結果:双子果 | 信頼度:97%
[2026-08-05 03:07:12] [INFO ] [main    ] 判定確定 | ID:021 | 結果:未熟果 | 信頼度:98%
[2026-08-05 03:07:14] [INFO ] [main    ] 判定確定 | ID:022 | 結果:健全果 | 信頼度:97%
[2026-08-05 03:07:15] [INFO ] [main    ] 判定確定 | ID:023 | 結果:果梗裂果 | 信頼度:95%
[2026-08-05 03:07:16] [INFO ] [main    ] 判定確定 | ID:024 | 結果:健全果 | 信頼度:97%
[2026-08-05 03:07:17] [INFO ] [main    ] 判定確定 | ID:025 | 結果:双子果 | 信頼度:97%
[2026-08-05 03:07:18] [INFO ] [main    ] 判定確定 | ID:026 | 結果:健全果 | 信頼度:97%
[2026-08-05 03:07:19] [INFO ] [main    ] 判定確定 | ID:027 | 結果:双子果 | 信頼度:97%
[2026-08-05 03:07:20] [INFO ] [main    ] 判定確定 | ID:028 | 結果:未熟果 | 信頼度:97%
[2026-08-05 03:07:22] [INFO ] [main    ] 判定確定 | ID:029 | 結果:双子果 | 信頼度:97%
[2026-08-05 03:07:23] [INFO ] [main    ] 判定確定 | ID:030 | 結果:健全果 | 信頼度:97%
[2026-08-05 03:07:23] [DEBUG] [motor   ] [Serial Send] P
[2026-08-05 03:07:23] [INFO ] [event   ] arduino_heartbeat status=ok latency_ms=0.0
[2026-08-05 03:07:23] [DEBUG] [motor   ] [Serial Recv] OK:PONG
[2026-08-05 03:07:24] [INFO ] [main    ] 判定確定 | ID:031 | 結果:双子果 | 信頼度:97%
[2026-08-05 03:07:25] [INFO ] [event   ] mem_snapshot py_current_mb=117.0 py_peak_mb=162.8 top=['C:\\Users\\kotan\\gohara\\DCRsystem_app\\DCRsystem5goki_app_base\\module_cameras_5goki.py:196: 92.1MB', 'C:\\Users\\kotan\\gohara\\DCRsystem_app\\DCRsystem5goki_app_base\\module_yolo.py:711: 4.9MB', 'C:\\Users\\kotan\\gohara\\DCRsystem_app\\DCRsystem5goki_app_base\\module_yolo.py:871: 4.9MB', 'C:\\Users\\kotan\\gohara\\DCRsystem_app\\DCRsystem5goki_app_base\\module_yolo.py:774: 4.9MB', 'C:\\Users\\kotan\\gohara\\DCRsystem_app\\DCRsystem5goki_app_base\\.venv\\lib\\site-packages\\pypylon\\pylon.py:6397: 4.2MB']
[2026-08-05 03:07:25] [DEBUG] [camera  ] [CamStats] cam_under: 累積 成功 1135 枚 / エラー 0 回 (エラー率 0.00%)
[2026-08-05 03:07:25] [DEBUG] [camera  ] [CamStats] cam_top: 累積 成功 1144 枚 / エラー 0 回 (エラー率 0.00%)
[2026-08-05 03:07:25] [DEBUG] [camera  ] [CamStats] cam_inside: 累積 成功 1148 枚 / エラー 0 回 (エラー率 0.00%)
[2026-08-05 03:07:25] [DEBUG] [camera  ] [CamStats] cam_outside: 累積 成功 1146 枚 / エラー 0 回 (エラー率 0.00%)
[2026-08-05 03:07:25] [INFO ] [main    ] 判定確定 | ID:032 | 結果:未熟果 | 信頼度:97%
[2026-08-05 03:07:26] [INFO ] [main    ] 判定確定 | ID:033 | 結果:健全果 | 信頼度:97%
[2026-08-05 03:07:28] [INFO ] [main    ] 判定確定 | ID:034 | 結果:果梗裂果 | 信頼度:94%
[2026-08-05 03:07:29] [INFO ] [main    ] 判定確定 | ID:035 | 結果:健全果 | 信頼度:97%
[2026-08-05 03:07:30] [INFO ] [main    ] 判定確定 | ID:036 | 結果:双子果 | 信頼度:97%
[2026-08-05 03:07:31] [INFO ] [main    ] 判定確定 | ID:037 | 結果:健全果 | 信頼度:97%
[2026-08-05 03:07:32] [INFO ] [main    ] 判定確定 | ID:038 | 結果:双子果 | 信頼度:97%
[2026-08-05 03:07:33] [INFO ] [main    ] 判定確定 | ID:039 | 結果:未熟果 | 信頼度:97%
[2026-08-05 03:07:34] [INFO ] [main    ] 判定確定 | ID:040 | 結果:双子果 | 信頼度:97%
[2026-08-05 03:07:36] [INFO ] [main    ] 判定確定 | ID:041 | 結果:健全果 | 信頼度:97%
[2026-08-05 03:07:37] [INFO ] [main    ] 判定確定 | ID:042 | 結果:双子果 | 信頼度:97%
[2026-08-05 03:07:38] [INFO ] [main    ] 判定確定 | ID:043 | 結果:未熟果 | 信頼度:97%
[2026-08-05 03:07:39] [INFO ] [main    ] 判定確定 | ID:044 | 結果:健全果 | 信頼度:97%
[2026-08-05 03:07:40] [INFO ] [main    ] 判定確定 | ID:045 | 結果:果梗裂果 | 信頼度:94%
[2026-08-05 03:07:42] [INFO ] [main    ] 判定確定 | ID:046 | 結果:健全果 | 信頼度:98%
[2026-08-05 03:07:43] [INFO ] [main    ] 判定確定 | ID:047 | 結果:双子果 | 信頼度:97%
[2026-08-05 03:07:44] [INFO ] [main    ] 判定確定 | ID:048 | 結果:健全果 | 信頼度:97%
[2026-08-05 03:07:45] [INFO ] [main    ] 判定確定 | ID:049 | 結果:双子果 | 信頼度:97%
[2026-08-05 03:07:46] [INFO ] [main    ] 判定確定 | ID:050 | 結果:未熟果 | 信頼度:97%
[2026-08-05 03:07:47] [INFO ] [main    ] 判定確定 | ID:051 | 結果:双子果 | 信頼度:97%
[2026-08-05 03:07:49] [INFO ] [main    ] 判定確定 | ID:052 | 結果:健全果 | 信頼度:98%
[2026-08-05 03:07:50] [INFO ] [main    ] 判定確定 | ID:053 | 結果:双子果 | 信頼度:96%
[2026-08-05 03:07:51] [INFO ] [main    ] 判定確定 | ID:054 | 結果:未熟果 | 信頼度:98%
[2026-08-05 03:07:52] [INFO ] [main    ] 判定確定 | ID:055 | 結果:健全果 | 信頼度:97%
[2026-08-05 03:07:53] [DEBUG] [motor   ] [Serial Send] P
[2026-08-05 03:07:53] [INFO ] [event   ] arduino_heartbeat status=ok latency_ms=0.0
[2026-08-05 03:07:53] [DEBUG] [motor   ] [Serial Recv] OK:PONG
[2026-08-05 03:07:53] [INFO ] [main    ] 判定確定 | ID:056 | 結果:果梗裂果 | 信頼度:95%
[2026-08-05 03:07:55] [INFO ] [main    ] 判定確定 | ID:057 | 結果:健全果 | 信頼度:97%
[2026-08-05 03:07:55] [INFO ] [main    ] 判定確定 | ID:058 | 結果:双子果 | 信頼度:97%
[2026-08-05 03:07:57] [INFO ] [main    ] 判定確定 | ID:059 | 結果:健全果 | 信頼度:97%
[2026-08-05 03:07:58] [INFO ] [main    ] 判定確定 | ID:060 | 結果:双子果 | 信頼度:97%
[2026-08-05 03:07:59] [INFO ] [main    ] 判定確定 | ID:061 | 結果:未熟果 | 信頼度:97%
[2026-08-05 03:08:00] [INFO ] [main    ] 判定確定 | ID:062 | 結果:双子果 | 信頼度:97%
[2026-08-05 03:08:01] [INFO ] [main    ] 判定確定 | ID:063 | 結果:健全果 | 信頼度:97%
[2026-08-05 03:08:02] [INFO ] [main    ] 判定確定 | ID:064 | 結果:双子果 | 信頼度:97%
[2026-08-05 03:08:04] [INFO ] [main    ] 判定確定 | ID:065 | 結果:未熟果 | 信頼度:97%
[2026-08-05 03:08:05] [INFO ] [main    ] 判定確定 | ID:066 | 結果:健全果 | 信頼度:97%
[2026-08-05 03:08:06] [INFO ] [main    ] 判定確定 | ID:067 | 結果:果梗裂果 | 信頼度:94%
[2026-08-05 03:08:07] [INFO ] [main    ] 判定確定 | ID:068 | 結果:健全果 | 信頼度:98%
[2026-08-05 03:08:08] [INFO ] [main    ] 判定確定 | ID:069 | 結果:双子果 | 信頼度:97%
[2026-08-05 03:08:09] [INFO ] [main    ] 判定確定 | ID:070 | 結果:健全果 | 信頼度:97%
[2026-08-05 03:08:10] [INFO ] [main    ] 判定確定 | ID:071 | 結果:双子果 | 信頼度:97%
[2026-08-05 03:08:12] [INFO ] [main    ] 判定確定 | ID:072 | 結果:未熟果 | 信頼度:97%
[2026-08-05 03:08:13] [INFO ] [main    ] 判定確定 | ID:073 | 結果:双子果 | 信頼度:97%
[2026-08-05 03:08:14] [INFO ] [main    ] 判定確定 | ID:074 | 結果:健全果 | 信頼度:97%
[2026-08-05 03:08:15] [INFO ] [main    ] 判定確定 | ID:075 | 結果:双子果 | 信頼度:97%
[2026-08-05 03:08:16] [INFO ] [main    ] 判定確定 | ID:076 | 結果:未熟果 | 信頼度:98%
[2026-08-05 03:08:18] [INFO ] [main    ] 判定確定 | ID:077 | 結果:健全果 | 信頼度:97%
[2026-08-05 03:08:19] [INFO ] [main    ] 判定確定 | ID:078 | 結果:果梗裂果 | 信頼度:95%
[2026-08-05 03:08:20] [INFO ] [main    ] 判定確定 | ID:079 | 結果:健全果 | 信頼度:98%
[2026-08-05 03:08:21] [INFO ] [main    ] 判定確定 | ID:080 | 結果:双子果 | 信頼度:97%
[2026-08-05 03:08:22] [INFO ] [main    ] 判定確定 | ID:081 | 結果:健全果 | 信頼度:97%
[2026-08-05 03:08:23] [DEBUG] [motor   ] [Serial Send] P
[2026-08-05 03:08:23] [INFO ] [event   ] arduino_heartbeat status=ok latency_ms=4.2
[2026-08-05 03:08:23] [DEBUG] [motor   ] [Serial Recv] OK:PONG
[2026-08-05 03:08:23] [INFO ] [main    ] 判定確定 | ID:082 | 結果:双子果 | 信頼度:97%
[2026-08-05 03:08:24] [INFO ] [main    ] 判定確定 | ID:083 | 結果:未熟果 | 信頼度:97%
[2026-08-05 03:08:25] [INFO ] [event   ] mem_snapshot py_current_mb=112.4 py_peak_mb=162.8 top=['C:\\Users\\kotan\\gohara\\DCRsystem_app\\DCRsystem5goki_app_base\\module_cameras_5goki.py:196: 92.1MB', 'C:\\Users\\kotan\\gohara\\DCRsystem_app\\DCRsystem5goki_app_base\\module_yolo.py:774: 4.9MB', 'C:\\Users\\kotan\\gohara\\DCRsystem_app\\DCRsystem5goki_app_base\\module_yolo.py:711: 4.9MB', 'C:\\Users\\kotan\\gohara\\DCRsystem_app\\DCRsystem5goki_app_base\\.venv\\lib\\site-packages\\pypylon\\pylon.py:6397: 4.2MB', 'C:\\Users\\kotan\\gohara\\DCRsystem_app\\DCRsystem5goki_app_base\\module_cameras_5goki.py:202: 2.0MB']
[2026-08-05 03:08:25] [DEBUG] [camera  ] [CamStats] cam_top: 累積 成功 2344 枚 / エラー 0 回 (エラー率 0.00%)
[2026-08-05 03:08:25] [DEBUG] [camera  ] [CamStats] cam_under: 累積 成功 2336 枚 / エラー 0 回 (エラー率 0.00%)
[2026-08-05 03:08:25] [DEBUG] [camera  ] [CamStats] cam_inside: 累積 成功 2348 枚 / エラー 0 回 (エラー率 0.00%)
[2026-08-05 03:08:25] [DEBUG] [camera  ] [CamStats] cam_outside: 累積 成功 2346 枚 / エラー 0 回 (エラー率 0.00%)
[2026-08-05 03:08:26] [INFO ] [main    ] 判定確定 | ID:084 | 結果:双子果 | 信頼度:97%
[2026-08-05 03:08:27] [INFO ] [main    ] 判定確定 | ID:085 | 結果:健全果 | 信頼度:97%
[2026-08-05 03:08:28] [INFO ] [main    ] 判定確定 | ID:086 | 結果:双子果 | 信頼度:96%
[2026-08-05 03:08:29] [INFO ] [main    ] 判定確定 | ID:087 | 結果:未熟果 | 信頼度:97%
[2026-08-05 03:08:30] [INFO ] [main    ] 判定確定 | ID:088 | 結果:健全果 | 信頼度:97%
[2026-08-05 03:08:32] [INFO ] [main    ] 判定確定 | ID:089 | 結果:果梗裂果 | 信頼度:95%
[2026-08-05 03:08:33] [INFO ] [main    ] 判定確定 | ID:090 | 結果:健全果 | 信頼度:97%
[2026-08-05 03:08:34] [INFO ] [main    ] 判定確定 | ID:091 | 結果:双子果 | 信頼度:97%
[2026-08-05 03:08:35] [INFO ] [main    ] 判定確定 | ID:092 | 結果:健全果 | 信頼度:97%
[2026-08-05 03:08:36] [INFO ] [main    ] 判定確定 | ID:093 | 結果:双子果 | 信頼度:97%
[2026-08-05 03:08:37] [INFO ] [main    ] 判定確定 | ID:094 | 結果:未熟果 | 信頼度:97%
[2026-08-05 03:08:39] [INFO ] [main    ] 判定確定 | ID:095 | 結果:双子果 | 信頼度:97%
[2026-08-05 03:08:40] [INFO ] [main    ] 判定確定 | ID:096 | 結果:健全果 | 信頼度:97%
[2026-08-05 03:08:41] [INFO ] [main    ] 判定確定 | ID:097 | 結果:双子果 | 信頼度:96%
[2026-08-05 03:08:42] [INFO ] [main    ] 判定確定 | ID:098 | 結果:未熟果 | 信頼度:97%
[2026-08-05 03:08:43] [INFO ] [main    ] 判定確定 | ID:099 | 結果:健全果 | 信頼度:97%
[2026-08-05 03:08:44] [INFO ] [main    ] 判定確定 | ID:100 | 結果:果梗裂果 | 信頼度:95%
[2026-08-05 03:08:46] [INFO ] [main    ] 判定確定 | ID:101 | 結果:健全果 | 信頼度:97%
[2026-08-05 03:08:47] [INFO ] [main    ] 判定確定 | ID:102 | 結果:双子果 | 信頼度:97%
[2026-08-05 03:08:48] [INFO ] [main    ] 判定確定 | ID:103 | 結果:健全果 | 信頼度:97%
[2026-08-05 03:08:49] [INFO ] [main    ] 判定確定 | ID:104 | 結果:双子果 | 信頼度:97%
[2026-08-05 03:08:50] [INFO ] [main    ] 判定確定 | ID:105 | 結果:未熟果 | 信頼度:97%
[2026-08-05 03:08:51] [INFO ] [main    ] 判定確定 | ID:106 | 結果:双子果 | 信頼度:97%
[2026-08-05 03:08:53] [INFO ] [main    ] 判定確定 | ID:107 | 結果:健全果 | 信頼度:97%
[2026-08-05 03:08:53] [DEBUG] [motor   ] [Serial Send] P
[2026-08-05 03:08:53] [INFO ] [event   ] arduino_heartbeat status=ok latency_ms=0.0
[2026-08-05 03:08:53] [DEBUG] [motor   ] [Serial Recv] OK:PONG
[2026-08-05 03:08:54] [INFO ] [main    ] 判定確定 | ID:108 | 結果:双子果 | 信頼度:97%
[2026-08-05 03:08:55] [INFO ] [main    ] 判定確定 | ID:109 | 結果:未熟果 | 信頼度:97%
[2026-08-05 03:08:56] [INFO ] [main    ] 判定確定 | ID:110 | 結果:健全果 | 信頼度:97%
[2026-08-05 03:08:57] [INFO ] [main    ] 判定確定 | ID:111 | 結果:果梗裂果 | 信頼度:95%
[2026-08-05 03:08:59] [INFO ] [main    ] 判定確定 | ID:112 | 結果:健全果 | 信頼度:97%
[2026-08-05 03:09:00] [INFO ] [main    ] 判定確定 | ID:113 | 結果:双子果 | 信頼度:97%
[2026-08-05 03:09:01] [INFO ] [main    ] 判定確定 | ID:114 | 結果:健全果 | 信頼度:97%
[2026-08-05 03:09:02] [INFO ] [main    ] 判定確定 | ID:115 | 結果:双子果 | 信頼度:97%
[2026-08-05 03:09:03] [INFO ] [main    ] 判定確定 | ID:116 | 結果:未熟果 | 信頼度:97%
[2026-08-05 03:09:04] [INFO ] [main    ] 判定確定 | ID:117 | 結果:双子果 | 信頼度:97%
[2026-08-05 03:09:05] [INFO ] [main    ] 判定確定 | ID:118 | 結果:健全果 | 信頼度:98%
[2026-08-05 03:09:07] [INFO ] [main    ] 判定確定 | ID:119 | 結果:双子果 | 信頼度:97%
[2026-08-05 03:09:08] [INFO ] [main    ] 判定確定 | ID:120 | 結果:未熟果 | 信頼度:98%
[2026-08-05 03:09:09] [INFO ] [main    ] 判定確定 | ID:121 | 結果:健全果 | 信頼度:97%
[2026-08-05 03:09:10] [INFO ] [main    ] 判定確定 | ID:122 | 結果:果梗裂果 | 信頼度:95%
[2026-08-05 03:09:12] [INFO ] [main    ] 判定確定 | ID:123 | 結果:健全果 | 信頼度:97%
[2026-08-05 03:09:12] [INFO ] [main    ] 判定確定 | ID:124 | 結果:双子果 | 信頼度:97%
[2026-08-05 03:09:14] [INFO ] [main    ] 判定確定 | ID:125 | 結果:健全果 | 信頼度:97%
[2026-08-05 03:09:15] [INFO ] [main    ] 判定確定 | ID:126 | 結果:双子果 | 信頼度:97%
[2026-08-05 03:09:16] [INFO ] [main    ] 判定確定 | ID:127 | 結果:未熟果 | 信頼度:97%
[2026-08-05 03:09:17] [INFO ] [main    ] 判定確定 | ID:128 | 結果:双子果 | 信頼度:97%
[2026-08-05 03:09:18] [INFO ] [main    ] 判定確定 | ID:129 | 結果:健全果 | 信頼度:97%
[2026-08-05 03:09:19] [INFO ] [main    ] 判定確定 | ID:130 | 結果:双子果 | 信頼度:97%
[2026-08-05 03:09:21] [INFO ] [main    ] 判定確定 | ID:131 | 結果:未熟果 | 信頼度:98%
[2026-08-05 03:09:22] [INFO ] [main    ] 判定確定 | ID:132 | 結果:健全果 | 信頼度:97%
[2026-08-05 03:09:23] [INFO ] [main    ] 判定確定 | ID:133 | 結果:果梗裂果 | 信頼度:95%
[2026-08-05 03:09:23] [DEBUG] [motor   ] [Serial Send] P
[2026-08-05 03:09:23] [INFO ] [event   ] arduino_heartbeat status=ok latency_ms=0.0
[2026-08-05 03:09:23] [DEBUG] [motor   ] [Serial Recv] OK:PONG
[2026-08-05 03:09:24] [INFO ] [main    ] 判定確定 | ID:134 | 結果:健全果 | 信頼度:97%
[2026-08-05 03:09:25] [DEBUG] [camera  ] [CamStats] cam_top: 累積 成功 3544 枚 / エラー 0 回 (エラー率 0.00%)
[2026-08-05 03:09:25] [INFO ] [event   ] mem_snapshot py_current_mb=117.7 py_peak_mb=162.8 top=['C:\\Users\\kotan\\gohara\\DCRsystem_app\\DCRsystem5goki_app_base\\module_cameras_5goki.py:196: 92.1MB', 'C:\\Users\\kotan\\gohara\\DCRsystem_app\\DCRsystem5goki_app_base\\module_yolo.py:871: 4.9MB', 'C:\\Users\\kotan\\gohara\\DCRsystem_app\\DCRsystem5goki_app_base\\module_yolo.py:774: 4.9MB', 'C:\\Users\\kotan\\gohara\\DCRsystem_app\\DCRsystem5goki_app_base\\module_yolo.py:711: 4.9MB', 'C:\\Users\\kotan\\gohara\\DCRsystem_app\\DCRsystem5goki_app_base\\.venv\\lib\\site-packages\\pypylon\\pylon.py:6397: 4.2MB']
[2026-08-05 03:09:25] [DEBUG] [camera  ] [CamStats] cam_under: 累積 成功 3536 枚 / エラー 0 回 (エラー率 0.00%)
[2026-08-05 03:09:25] [DEBUG] [camera  ] [CamStats] cam_inside: 累積 成功 3548 枚 / エラー 0 回 (エラー率 0.00%)
[2026-08-05 03:09:25] [DEBUG] [camera  ] [CamStats] cam_outside: 累積 成功 3546 枚 / エラー 0 回 (エラー率 0.00%)
[2026-08-05 03:09:25] [INFO ] [main    ] 判定確定 | ID:135 | 結果:双子果 | 信頼度:97%
[2026-08-05 03:09:26] [INFO ] [main    ] 判定確定 | ID:136 | 結果:健全果 | 信頼度:97%
[2026-08-05 03:09:27] [INFO ] [main    ] 判定確定 | ID:137 | 結果:双子果 | 信頼度:97%
[2026-08-05 03:09:29] [INFO ] [main    ] 判定確定 | ID:138 | 結果:未熟果 | 信頼度:97%
[2026-08-05 03:09:30] [INFO ] [main    ] 判定確定 | ID:139 | 結果:双子果 | 信頼度:97%
[2026-08-05 03:09:31] [INFO ] [main    ] 判定確定 | ID:140 | 結果:健全果 | 信頼度:97%
[2026-08-05 03:09:32] [INFO ] [main    ] 判定確定 | ID:141 | 結果:双子果 | 信頼度:97%
[2026-08-05 03:09:33] [INFO ] [main    ] 判定確定 | ID:142 | 結果:未熟果 | 信頼度:98%
[2026-08-05 03:09:34] [INFO ] [main    ] 判定確定 | ID:143 | 結果:健全果 | 信頼度:97%
[2026-08-05 03:09:36] [INFO ] [main    ] 判定確定 | ID:144 | 結果:果梗裂果 | 信頼度:94%
[2026-08-05 03:09:37] [INFO ] [main    ] 判定確定 | ID:145 | 結果:健全果 | 信頼度:97%
[2026-08-05 03:09:38] [INFO ] [main    ] 判定確定 | ID:146 | 結果:双子果 | 信頼度:97%
[2026-08-05 03:09:39] [INFO ] [main    ] 判定確定 | ID:147 | 結果:健全果 | 信頼度:97%
[2026-08-05 03:09:40] [INFO ] [main    ] 判定確定 | ID:148 | 結果:双子果 | 信頼度:97%
[2026-08-05 03:09:41] [INFO ] [main    ] 判定確定 | ID:149 | 結果:未熟果 | 信頼度:97%
[2026-08-05 03:09:43] [INFO ] [main    ] 判定確定 | ID:150 | 結果:双子果 | 信頼度:97%
[2026-08-05 03:09:44] [INFO ] [main    ] 判定確定 | ID:151 | 結果:健全果 | 信頼度:97%
[2026-08-05 03:09:45] [INFO ] [main    ] 判定確定 | ID:152 | 結果:双子果 | 信頼度:96%
[2026-08-05 03:09:46] [INFO ] [main    ] 判定確定 | ID:153 | 結果:未熟果 | 信頼度:98%
[2026-08-05 03:09:47] [INFO ] [main    ] 判定確定 | ID:154 | 結果:健全果 | 信頼度:97%
[2026-08-05 03:09:49] [INFO ] [main    ] 判定確定 | ID:155 | 結果:果梗裂果 | 信頼度:95%
[2026-08-05 03:09:50] [INFO ] [main    ] 判定確定 | ID:156 | 結果:健全果 | 信頼度:97%
[2026-08-05 03:09:51] [INFO ] [main    ] 判定確定 | ID:157 | 結果:双子果 | 信頼度:97%
[2026-08-05 03:09:52] [INFO ] [main    ] 判定確定 | ID:158 | 結果:健全果 | 信頼度:97%
[2026-08-05 03:09:53] [INFO ] [main    ] 判定確定 | ID:159 | 結果:双子果 | 信頼度:97%
[2026-08-05 03:09:53] [DEBUG] [motor   ] [Serial Send] P
[2026-08-05 03:09:53] [INFO ] [event   ] arduino_heartbeat status=ok latency_ms=0.0
[2026-08-05 03:09:53] [DEBUG] [motor   ] [Serial Recv] OK:PONG
[2026-08-05 03:09:54] [INFO ] [main    ] 判定確定 | ID:160 | 結果:未熟果 | 信頼度:97%
[2026-08-05 03:09:55] [INFO ] [main    ] 判定確定 | ID:161 | 結果:双子果 | 信頼度:97%
[2026-08-05 03:09:57] [INFO ] [main    ] 判定確定 | ID:162 | 結果:健全果 | 信頼度:97%
[2026-08-05 03:09:58] [INFO ] [main    ] 判定確定 | ID:163 | 結果:双子果 | 信頼度:96%
[2026-08-05 03:09:59] [INFO ] [main    ] 判定確定 | ID:164 | 結果:未熟果 | 信頼度:97%
[2026-08-05 03:10:00] [INFO ] [main    ] 判定確定 | ID:165 | 結果:健全果 | 信頼度:97%
[2026-08-05 03:10:01] [INFO ] [main    ] 判定確定 | ID:166 | 結果:果梗裂果 | 信頼度:95%
[2026-08-05 03:10:03] [INFO ] [main    ] 判定確定 | ID:167 | 結果:健全果 | 信頼度:97%
[2026-08-05 03:10:04] [INFO ] [main    ] 判定確定 | ID:168 | 結果:双子果 | 信頼度:97%
[2026-08-05 03:10:05] [INFO ] [main    ] 判定確定 | ID:169 | 結果:健全果 | 信頼度:97%
[2026-08-05 03:10:06] [INFO ] [main    ] 判定確定 | ID:170 | 結果:双子果 | 信頼度:97%
[2026-08-05 03:10:07] [INFO ] [main    ] 判定確定 | ID:171 | 結果:未熟果 | 信頼度:97%
[2026-08-05 03:10:08] [INFO ] [main    ] 判定確定 | ID:172 | 結果:双子果 | 信頼度:97%
[2026-08-05 03:10:10] [INFO ] [main    ] 判定確定 | ID:173 | 結果:健全果 | 信頼度:97%
[2026-08-05 03:10:11] [INFO ] [main    ] 判定確定 | ID:174 | 結果:双子果 | 信頼度:96%
[2026-08-05 03:10:12] [INFO ] [main    ] 判定確定 | ID:175 | 結果:未熟果 | 信頼度:98%
[2026-08-05 03:10:13] [INFO ] [main    ] 判定確定 | ID:176 | 結果:健全果 | 信頼度:97%
[2026-08-05 03:10:14] [INFO ] [main    ] 判定確定 | ID:177 | 結果:果梗裂果 | 信頼度:95%
[2026-08-05 03:10:16] [INFO ] [main    ] 判定確定 | ID:178 | 結果:健全果 | 信頼度:97%
[2026-08-05 03:10:16] [INFO ] [main    ] 判定確定 | ID:179 | 結果:双子果 | 信頼度:97%
[2026-08-05 03:10:18] [INFO ] [main    ] 判定確定 | ID:180 | 結果:健全果 | 信頼度:97%
[2026-08-05 03:10:19] [INFO ] [main    ] 判定確定 | ID:181 | 結果:双子果 | 信頼度:97%
[2026-08-05 03:10:20] [INFO ] [main    ] 判定確定 | ID:182 | 結果:未熟果 | 信頼度:97%
[2026-08-05 03:10:21] [INFO ] [main    ] 判定確定 | ID:183 | 結果:双子果 | 信頼度:97%
[2026-08-05 03:10:22] [INFO ] [main    ] 判定確定 | ID:184 | 結果:健全果 | 信頼度:98%
[2026-08-05 03:10:23] [DEBUG] [motor   ] [Serial Send] P
[2026-08-05 03:10:23] [INFO ] [event   ] arduino_heartbeat status=ok latency_ms=0.0
[2026-08-05 03:10:23] [DEBUG] [motor   ] [Serial Recv] OK:PONG
[2026-08-05 03:10:23] [INFO ] [main    ] 判定確定 | ID:185 | 結果:双子果 | 信頼度:97%
[2026-08-05 03:10:25] [INFO ] [main    ] 判定確定 | ID:186 | 結果:未熟果 | 信頼度:98%
[2026-08-05 03:10:25] [INFO ] [event   ] mem_snapshot py_current_mb=111.9 py_peak_mb=162.8 top=['C:\\Users\\kotan\\gohara\\DCRsystem_app\\DCRsystem5goki_app_base\\module_cameras_5goki.py:196: 92.1MB', 'C:\\Users\\kotan\\gohara\\DCRsystem_app\\DCRsystem5goki_app_base\\module_yolo.py:774: 4.9MB', 'C:\\Users\\kotan\\gohara\\DCRsystem_app\\DCRsystem5goki_app_base\\module_yolo.py:711: 4.9MB', 'C:\\Users\\kotan\\gohara\\DCRsystem_app\\DCRsystem5goki_app_base\\.venv\\lib\\site-packages\\pypylon\\pylon.py:6397: 4.2MB', 'C:\\Users\\kotan\\gohara\\DCRsystem_app\\DCRsystem5goki_app_base\\module_cameras_5goki.py:202: 2.0MB']
[2026-08-05 03:10:25] [DEBUG] [camera  ] [CamStats] cam_under: 累積 成功 4737 枚 / エラー 0 回 (エラー率 0.00%)
[2026-08-05 03:10:25] [DEBUG] [camera  ] [CamStats] cam_inside: 累積 成功 4749 枚 / エラー 0 回 (エラー率 0.00%)
[2026-08-05 03:10:25] [DEBUG] [camera  ] [CamStats] cam_top: 累積 成功 4745 枚 / エラー 0 回 (エラー率 0.00%)
[2026-08-05 03:10:25] [DEBUG] [camera  ] [CamStats] cam_outside: 累積 成功 4747 枚 / エラー 0 回 (エラー率 0.00%)
[2026-08-05 03:10:26] [INFO ] [main    ] 判定確定 | ID:187 | 結果:健全果 | 信頼度:97%
[2026-08-05 03:10:27] [INFO ] [main    ] 判定確定 | ID:188 | 結果:果梗裂果 | 信頼度:95%
[2026-08-05 03:10:29] [INFO ] [main    ] 判定確定 | ID:189 | 結果:健全果 | 信頼度:98%
[2026-08-05 03:10:29] [INFO ] [main    ] 判定確定 | ID:190 | 結果:双子果 | 信頼度:97%
[2026-08-05 03:10:30] [INFO ] [main    ] 判定確定 | ID:191 | 結果:健全果 | 信頼度:97%
[2026-08-05 03:10:31] [INFO ] [main    ] 判定確定 | ID:192 | 結果:双子果 | 信頼度:97%
[2026-08-05 03:10:33] [INFO ] [main    ] 判定確定 | ID:193 | 結果:未熟果 | 信頼度:97%
[2026-08-05 03:10:34] [INFO ] [main    ] 判定確定 | ID:194 | 結果:双子果 | 信頼度:97%
[2026-08-05 03:10:35] [INFO ] [main    ] 判定確定 | ID:195 | 結果:健全果 | 信頼度:98%
[2026-08-05 03:10:36] [INFO ] [main    ] 判定確定 | ID:196 | 結果:双子果 | 信頼度:97%
[2026-08-05 03:10:37] [INFO ] [main    ] 判定確定 | ID:197 | 結果:未熟果 | 信頼度:98%
[2026-08-05 03:10:39] [INFO ] [main    ] 判定確定 | ID:198 | 結果:健全果 | 信頼度:97%
[2026-08-05 03:10:40] [INFO ] [main    ] 判定確定 | ID:199 | 結果:果梗裂果 | 信頼度:95%
[2026-08-05 03:10:41] [INFO ] [main    ] 判定確定 | ID:200 | 結果:健全果 | 信頼度:98%
[2026-08-05 03:10:42] [INFO ] [main    ] 判定確定 | ID:201 | 結果:双子果 | 信頼度:97%
[2026-08-05 03:10:43] [INFO ] [main    ] 判定確定 | ID:202 | 結果:健全果 | 信頼度:97%
[2026-08-05 03:10:44] [INFO ] [main    ] 判定確定 | ID:203 | 結果:双子果 | 信頼度:97%
[2026-08-05 03:10:45] [INFO ] [main    ] 判定確定 | ID:204 | 結果:未熟果 | 信頼度:97%
[2026-08-05 03:10:47] [INFO ] [main    ] 判定確定 | ID:205 | 結果:双子果 | 信頼度:97%
[2026-08-05 03:10:48] [INFO ] [main    ] 判定確定 | ID:206 | 結果:健全果 | 信頼度:98%
[2026-08-05 03:10:49] [INFO ] [main    ] 判定確定 | ID:207 | 結果:双子果 | 信頼度:97%
[2026-08-05 03:10:50] [INFO ] [main    ] 判定確定 | ID:208 | 結果:未熟果 | 信頼度:97%
[2026-08-05 03:10:51] [INFO ] [main    ] 判定確定 | ID:209 | 結果:健全果 | 信頼度:97%
[2026-08-05 03:10:53] [INFO ] [main    ] 判定確定 | ID:210 | 結果:果梗裂果 | 信頼度:95%
[2026-08-05 03:10:53] [DEBUG] [motor   ] [Serial Send] P
[2026-08-05 03:10:53] [INFO ] [event   ] arduino_heartbeat status=ok latency_ms=3.8
[2026-08-05 03:10:53] [DEBUG] [motor   ] [Serial Recv] OK:PONG
[2026-08-05 03:10:54] [INFO ] [main    ] 判定確定 | ID:211 | 結果:健全果 | 信頼度:97%
[2026-08-05 03:10:55] [INFO ] [main    ] 判定確定 | ID:212 | 結果:双子果 | 信頼度:97%
[2026-08-05 03:10:56] [INFO ] [main    ] 判定確定 | ID:213 | 結果:健全果 | 信頼度:97%
[2026-08-05 03:10:57] [INFO ] [main    ] 判定確定 | ID:214 | 結果:双子果 | 信頼度:97%
[2026-08-05 03:10:58] [INFO ] [main    ] 判定確定 | ID:215 | 結果:未熟果 | 信頼度:97%
[2026-08-05 03:10:59] [INFO ] [main    ] 判定確定 | ID:216 | 結果:双子果 | 信頼度:97%
[2026-08-05 03:11:01] [INFO ] [main    ] 判定確定 | ID:217 | 結果:健全果 | 信頼度:97%
[2026-08-05 03:11:02] [INFO ] [main    ] 判定確定 | ID:218 | 結果:双子果 | 信頼度:96%
[2026-08-05 03:11:03] [INFO ] [main    ] 判定確定 | ID:219 | 結果:未熟果 | 信頼度:97%
[2026-08-05 03:11:04] [INFO ] [main    ] 判定確定 | ID:220 | 結果:健全果 | 信頼度:97%
[2026-08-05 03:11:05] [INFO ] [main    ] 判定確定 | ID:221 | 結果:果梗裂果 | 信頼度:95%
[2026-08-05 03:11:07] [INFO ] [main    ] 判定確定 | ID:222 | 結果:カビ | 信頼度:55%
[2026-08-05 03:11:08] [INFO ] [main    ] 判定確定 | ID:223 | 結果:双子果 | 信頼度:97%
[2026-08-05 03:11:09] [INFO ] [main    ] 判定確定 | ID:224 | 結果:健全果 | 信頼度:97%
[2026-08-05 03:11:10] [INFO ] [main    ] 判定確定 | ID:225 | 結果:双子果 | 信頼度:97%
[2026-08-05 03:11:11] [INFO ] [main    ] 判定確定 | ID:226 | 結果:未熟果 | 信頼度:97%
[2026-08-05 03:11:12] [INFO ] [main    ] 判定確定 | ID:227 | 結果:双子果 | 信頼度:97%
[2026-08-05 03:11:14] [INFO ] [main    ] 判定確定 | ID:228 | 結果:健全果 | 信頼度:98%
[2026-08-05 03:11:15] [INFO ] [main    ] 判定確定 | ID:229 | 結果:双子果 | 信頼度:96%
[2026-08-05 03:11:16] [INFO ] [main    ] 判定確定 | ID:230 | 結果:未熟果 | 信頼度:98%
[2026-08-05 03:11:17] [INFO ] [main    ] 判定確定 | ID:231 | 結果:健全果 | 信頼度:97%
[2026-08-05 03:11:18] [INFO ] [main    ] 判定確定 | ID:232 | 結果:果梗裂果 | 信頼度:95%
[2026-08-05 03:11:20] [INFO ] [main    ] 判定確定 | ID:233 | 結果:健全果 | 信頼度:98%
[2026-08-05 03:11:21] [INFO ] [main    ] 判定確定 | ID:234 | 結果:双子果 | 信頼度:97%
[2026-08-05 03:11:22] [INFO ] [main    ] 判定確定 | ID:235 | 結果:健全果 | 信頼度:97%
[2026-08-05 03:11:23] [INFO ] [main    ] 判定確定 | ID:236 | 結果:双子果 | 信頼度:97%
[2026-08-05 03:11:23] [DEBUG] [motor   ] [Serial Send] P
[2026-08-05 03:11:23] [INFO ] [event   ] arduino_heartbeat status=ok latency_ms=0.0
[2026-08-05 03:11:23] [DEBUG] [motor   ] [Serial Recv] OK:PONG
[2026-08-05 03:11:24] [INFO ] [main    ] 判定確定 | ID:237 | 結果:未熟果 | 信頼度:97%
[2026-08-05 03:11:25] [DEBUG] [camera  ] [CamStats] cam_inside: 累積 成功 5949 枚 / エラー 0 回 (エラー率 0.00%)
[2026-08-05 03:11:25] [INFO ] [event   ] mem_snapshot py_current_mb=118.4 py_peak_mb=162.8 top=['C:\\Users\\kotan\\gohara\\DCRsystem_app\\DCRsystem5goki_app_base\\module_cameras_5goki.py:196: 92.1MB', 'C:\\Users\\kotan\\gohara\\DCRsystem_app\\DCRsystem5goki_app_base\\module_yolo.py:871: 4.9MB', 'C:\\Users\\kotan\\gohara\\DCRsystem_app\\DCRsystem5goki_app_base\\module_yolo.py:774: 4.9MB', 'C:\\Users\\kotan\\gohara\\DCRsystem_app\\DCRsystem5goki_app_base\\module_yolo.py:711: 4.9MB', 'C:\\Users\\kotan\\gohara\\DCRsystem_app\\DCRsystem5goki_app_base\\.venv\\lib\\site-packages\\pypylon\\pylon.py:6397: 4.2MB']
[2026-08-05 03:11:25] [DEBUG] [camera  ] [CamStats] cam_under: 累積 成功 5938 枚 / エラー 0 回 (エラー率 0.00%)
[2026-08-05 03:11:25] [DEBUG] [camera  ] [CamStats] cam_outside: 累積 成功 5947 枚 / エラー 0 回 (エラー率 0.00%)
[2026-08-05 03:11:25] [DEBUG] [camera  ] [CamStats] cam_top: 累積 成功 5946 枚 / エラー 0 回 (エラー率 0.00%)
[2026-08-05 03:11:25] [INFO ] [main    ] 判定確定 | ID:238 | 結果:双子果 | 信頼度:97%
[2026-08-05 03:11:26] [INFO ] [main    ] 判定確定 | ID:239 | 結果:健全果 | 信頼度:97%
[2026-08-05 03:11:27] [INFO ] [main    ] 判定確定 | ID:240 | 結果:双子果 | 信頼度:97%
[2026-08-05 03:11:29] [INFO ] [main    ] 判定確定 | ID:241 | 結果:未熟果 | 信頼度:98%
[2026-08-05 03:11:30] [INFO ] [main    ] 判定確定 | ID:242 | 結果:健全果 | 信頼度:97%
[2026-08-05 03:11:31] [INFO ] [main    ] 判定確定 | ID:243 | 結果:果梗裂果 | 信頼度:95%
[2026-08-05 03:11:33] [INFO ] [main    ] 判定確定 | ID:244 | 結果:健全果 | 信頼度:97%
[2026-08-05 03:11:33] [INFO ] [main    ] 判定確定 | ID:245 | 結果:双子果 | 信頼度:97%
[2026-08-05 03:11:34] [INFO ] [main    ] 判定確定 | ID:246 | 結果:健全果 | 信頼度:97%
[2026-08-05 03:11:36] [INFO ] [main    ] 判定確定 | ID:247 | 結果:双子果 | 信頼度:97%
[2026-08-05 03:11:37] [INFO ] [main    ] 判定確定 | ID:248 | 結果:未熟果 | 信頼度:97%
[2026-08-05 03:11:38] [INFO ] [main    ] 判定確定 | ID:249 | 結果:双子果 | 信頼度:97%
[2026-08-05 03:11:39] [INFO ] [main    ] 判定確定 | ID:250 | 結果:健全果 | 信頼度:97%
[2026-08-05 03:11:40] [INFO ] [main    ] 判定確定 | ID:251 | 結果:双子果 | 信頼度:97%
[2026-08-05 03:11:41] [INFO ] [main    ] 判定確定 | ID:252 | 結果:未熟果 | 信頼度:98%
[2026-08-05 03:11:43] [INFO ] [main    ] 判定確定 | ID:253 | 結果:健全果 | 信頼度:97%
[2026-08-05 03:11:44] [INFO ] [main    ] 判定確定 | ID:254 | 結果:果梗裂果 | 信頼度:95%
[2026-08-05 03:11:45] [INFO ] [main    ] 判定確定 | ID:255 | 結果:健全果 | 信頼度:97%
[2026-08-05 03:11:46] [INFO ] [main    ] 判定確定 | ID:256 | 結果:双子果 | 信頼度:97%
[2026-08-05 03:11:47] [INFO ] [main    ] 判定確定 | ID:257 | 結果:健全果 | 信頼度:97%
[2026-08-05 03:11:48] [INFO ] [main    ] 判定確定 | ID:258 | 結果:双子果 | 信頼度:97%
[2026-08-05 03:11:50] [INFO ] [main    ] 判定確定 | ID:259 | 結果:未熟果 | 信頼度:97%
[2026-08-05 03:11:51] [INFO ] [main    ] 判定確定 | ID:260 | 結果:双子果 | 信頼度:97%
[2026-08-05 03:11:52] [INFO ] [main    ] 判定確定 | ID:261 | 結果:健全果 | 信頼度:97%
[2026-08-05 03:11:53] [INFO ] [main    ] 判定確定 | ID:262 | 結果:双子果 | 信頼度:96%
[2026-08-05 03:11:53] [DEBUG] [motor   ] [Serial Send] P
[2026-08-05 03:11:53] [INFO ] [event   ] arduino_heartbeat status=ok latency_ms=2.1
[2026-08-05 03:11:53] [DEBUG] [motor   ] [Serial Recv] OK:PONG
[2026-08-05 03:11:54] [INFO ] [main    ] 判定確定 | ID:263 | 結果:未熟果 | 信頼度:98%
[2026-08-05 03:11:55] [INFO ] [main    ] 判定確定 | ID:264 | 結果:健全果 | 信頼度:97%
[2026-08-05 03:11:57] [INFO ] [main    ] 判定確定 | ID:265 | 結果:果梗裂果 | 信頼度:95%
[2026-08-05 03:11:58] [INFO ] [main    ] 判定確定 | ID:266 | 結果:健全果 | 信頼度:97%
[2026-08-05 03:11:59] [INFO ] [main    ] 判定確定 | ID:267 | 結果:双子果 | 信頼度:97%
[2026-08-05 03:12:00] [INFO ] [main    ] 判定確定 | ID:268 | 結果:健全果 | 信頼度:97%
[2026-08-05 03:12:01] [INFO ] [main    ] 判定確定 | ID:269 | 結果:双子果 | 信頼度:97%
[2026-08-05 03:12:02] [INFO ] [main    ] 判定確定 | ID:270 | 結果:未熟果 | 信頼度:97%
[2026-08-05 03:12:04] [INFO ] [main    ] 判定確定 | ID:271 | 結果:双子果 | 信頼度:97%
[2026-08-05 03:12:05] [INFO ] [main    ] 判定確定 | ID:272 | 結果:健全果 | 信頼度:98%
[2026-08-05 03:12:06] [INFO ] [main    ] 判定確定 | ID:273 | 結果:双子果 | 信頼度:97%
[2026-08-05 03:12:07] [INFO ] [main    ] 判定確定 | ID:274 | 結果:未熟果 | 信頼度:98%
[2026-08-05 03:12:08] [INFO ] [main    ] 判定確定 | ID:275 | 結果:健全果 | 信頼度:97%
[2026-08-05 03:12:10] [INFO ] [main    ] 判定確定 | ID:276 | 結果:果梗裂果 | 信頼度:95%
[2026-08-05 03:12:11] [INFO ] [main    ] 判定確定 | ID:277 | 結果:健全果 | 信頼度:97%
[2026-08-05 03:12:12] [INFO ] [main    ] 判定確定 | ID:278 | 結果:双子果 | 信頼度:97%
[2026-08-05 03:12:13] [INFO ] [main    ] 判定確定 | ID:279 | 結果:健全果 | 信頼度:97%
[2026-08-05 03:12:14] [INFO ] [main    ] 判定確定 | ID:280 | 結果:双子果 | 信頼度:97%
[2026-08-05 03:12:15] [INFO ] [main    ] 判定確定 | ID:281 | 結果:未熟果 | 信頼度:97%
[2026-08-05 03:12:16] [INFO ] [main    ] 判定確定 | ID:282 | 結果:双子果 | 信頼度:97%
[2026-08-05 03:12:18] [INFO ] [main    ] 判定確定 | ID:283 | 結果:健全果 | 信頼度:97%
[2026-08-05 03:12:19] [INFO ] [main    ] 判定確定 | ID:284 | 結果:双子果 | 信頼度:97%
[2026-08-05 03:12:20] [INFO ] [main    ] 判定確定 | ID:285 | 結果:未熟果 | 信頼度:97%
[2026-08-05 03:12:21] [INFO ] [main    ] 判定確定 | ID:286 | 結果:健全果 | 信頼度:97%
[2026-08-05 03:12:22] [INFO ] [main    ] 判定確定 | ID:287 | 結果:果梗裂果 | 信頼度:95%
[2026-08-05 03:12:24] [DEBUG] [motor   ] [Serial Send] P
[2026-08-05 03:12:24] [INFO ] [event   ] arduino_heartbeat status=ok latency_ms=4.1
[2026-08-05 03:12:24] [DEBUG] [motor   ] [Serial Recv] OK:PONG
[2026-08-05 03:12:24] [INFO ] [main    ] 判定確定 | ID:288 | 結果:健全果 | 信頼度:97%
[2026-08-05 03:12:25] [INFO ] [main    ] 判定確定 | ID:289 | 結果:双子果 | 信頼度:97%
[2026-08-05 03:12:25] [DEBUG] [camera  ] [CamStats] cam_outside: 累積 成功 7149 枚 / エラー 0 回 (エラー率 0.00%)
[2026-08-05 03:12:25] [DEBUG] [camera  ] [CamStats] cam_under: 累積 成功 7139 枚 / エラー 0 回 (エラー率 0.00%)
[2026-08-05 03:12:25] [DEBUG] [camera  ] [CamStats] cam_inside: 累積 成功 7151 枚 / エラー 0 回 (エラー率 0.00%)
[2026-08-05 03:12:25] [DEBUG] [camera  ] [CamStats] cam_top: 累積 成功 7147 枚 / エラー 0 回 (エラー率 0.00%)
[2026-08-05 03:12:25] [INFO ] [event   ] mem_snapshot py_current_mb=115.4 py_peak_mb=162.8 top=['C:\\Users\\kotan\\gohara\\DCRsystem_app\\DCRsystem5goki_app_base\\module_cameras_5goki.py:196: 92.1MB', 'C:\\Users\\kotan\\gohara\\DCRsystem_app\\DCRsystem5goki_app_base\\module_yolo.py:711: 4.9MB', 'C:\\Users\\kotan\\gohara\\DCRsystem_app\\DCRsystem5goki_app_base\\.venv\\lib\\site-packages\\pypylon\\pylon.py:6397: 4.2MB', 'C:\\Users\\kotan\\gohara\\DCRsystem_app\\DCRsystem5goki_app_base\\module_yolo.py:871: 2.5MB', 'C:\\Users\\kotan\\gohara\\DCRsystem_app\\DCRsystem5goki_app_base\\module_yolo.py:827: 2.5MB']
[2026-08-05 03:12:26] [INFO ] [main    ] 判定確定 | ID:290 | 結果:健全果 | 信頼度:97%
[2026-08-05 03:12:27] [INFO ] [main    ] 判定確定 | ID:291 | 結果:双子果 | 信頼度:97%
[2026-08-05 03:12:28] [INFO ] [main    ] 判定確定 | ID:292 | 結果:未熟果 | 信頼度:97%
[2026-08-05 03:12:29] [INFO ] [main    ] 判定確定 | ID:293 | 結果:双子果 | 信頼度:97%
[2026-08-05 03:12:30] [INFO ] [main    ] 判定確定 | ID:294 | 結果:健全果 | 信頼度:97%
[2026-08-05 03:12:32] [INFO ] [main    ] 判定確定 | ID:295 | 結果:双子果 | 信頼度:96%
[2026-08-05 03:12:33] [INFO ] [main    ] 判定確定 | ID:296 | 結果:未熟果 | 信頼度:98%
[2026-08-05 03:12:34] [INFO ] [main    ] 判定確定 | ID:297 | 結果:健全果 | 信頼度:97%
[2026-08-05 03:12:35] [INFO ] [main    ] 判定確定 | ID:298 | 結果:果梗裂果 | 信頼度:95%
[2026-08-05 03:12:36] [INFO ] [main    ] 判定確定 | ID:299 | 結果:健全果 | 信頼度:97%
[2026-08-05 03:12:37] [INFO ] [main    ] 判定確定 | ID:300 | 結果:双子果 | 信頼度:97%
[2026-08-05 03:12:39] [INFO ] [main    ] 判定確定 | ID:301 | 結果:健全果 | 信頼度:97%
[2026-08-05 03:12:40] [INFO ] [main    ] 判定確定 | ID:302 | 結果:双子果 | 信頼度:97%
[2026-08-05 03:12:41] [INFO ] [main    ] 判定確定 | ID:303 | 結果:未熟果 | 信頼度:97%
[2026-08-05 03:12:42] [INFO ] [main    ] 判定確定 | ID:304 | 結果:双子果 | 信頼度:97%
[2026-08-05 03:12:43] [INFO ] [main    ] 判定確定 | ID:305 | 結果:健全果 | 信頼度:98%
[2026-08-05 03:12:44] [INFO ] [main    ] 判定確定 | ID:306 | 結果:双子果 | 信頼度:97%
[2026-08-05 03:12:46] [INFO ] [main    ] 判定確定 | ID:307 | 結果:未熟果 | 信頼度:98%
[2026-08-05 03:12:47] [INFO ] [main    ] 判定確定 | ID:308 | 結果:健全果 | 信頼度:97%
[2026-08-05 03:12:48] [INFO ] [main    ] 判定確定 | ID:309 | 結果:果梗裂果 | 信頼度:95%
[2026-08-05 03:12:49] [INFO ] [main    ] 判定確定 | ID:310 | 結果:健全果 | 信頼度:97%
[2026-08-05 03:12:50] [INFO ] [main    ] 判定確定 | ID:311 | 結果:双子果 | 信頼度:97%
[2026-08-05 03:12:51] [INFO ] [main    ] 判定確定 | ID:312 | 結果:健全果 | 信頼度:97%
[2026-08-05 03:12:52] [INFO ] [main    ] 判定確定 | ID:313 | 結果:双子果 | 信頼度:97%
[2026-08-05 03:12:54] [INFO ] [main    ] 判定確定 | ID:314 | 結果:未熟果 | 信頼度:97%
[2026-08-05 03:12:54] [DEBUG] [motor   ] [Serial Send] P
[2026-08-05 03:12:54] [INFO ] [event   ] arduino_heartbeat status=ok latency_ms=0.0
[2026-08-05 03:12:54] [DEBUG] [motor   ] [Serial Recv] OK:PONG
[2026-08-05 03:12:55] [INFO ] [main    ] 判定確定 | ID:315 | 結果:双子果 | 信頼度:97%
[2026-08-05 03:12:56] [INFO ] [main    ] 判定確定 | ID:316 | 結果:健全果 | 信頼度:97%
[2026-08-05 03:12:57] [INFO ] [main    ] 判定確定 | ID:317 | 結果:双子果 | 信頼度:97%
[2026-08-05 03:12:58] [INFO ] [main    ] 判定確定 | ID:318 | 結果:未熟果 | 信頼度:98%
[2026-08-05 03:12:59] [INFO ] [main    ] 判定確定 | ID:319 | 結果:健全果 | 信頼度:96%
[2026-08-05 03:13:01] [INFO ] [main    ] 判定確定 | ID:320 | 結果:果梗裂果 | 信頼度:95%
[2026-08-05 03:13:02] [INFO ] [main    ] 判定確定 | ID:321 | 結果:健全果 | 信頼度:98%
[2026-08-05 03:13:03] [INFO ] [main    ] 判定確定 | ID:322 | 結果:双子果 | 信頼度:97%
[2026-08-05 03:13:04] [INFO ] [main    ] 判定確定 | ID:323 | 結果:健全果 | 信頼度:97%
[2026-08-05 03:13:05] [INFO ] [main    ] 判定確定 | ID:324 | 結果:双子果 | 信頼度:97%
[2026-08-05 03:13:06] [INFO ] [main    ] 判定確定 | ID:325 | 結果:未熟果 | 信頼度:97%
[2026-08-05 03:13:08] [INFO ] [main    ] 判定確定 | ID:326 | 結果:双子果 | 信頼度:97%
[2026-08-05 03:13:09] [INFO ] [main    ] 判定確定 | ID:327 | 結果:健全果 | 信頼度:97%
[2026-08-05 03:13:10] [INFO ] [main    ] 判定確定 | ID:328 | 結果:双子果 | 信頼度:96%
[2026-08-05 03:13:11] [INFO ] [main    ] 判定確定 | ID:329 | 結果:未熟果 | 信頼度:97%
[2026-08-05 03:13:12] [INFO ] [main    ] 判定確定 | ID:330 | 結果:健全果 | 信頼度:97%
[2026-08-05 03:13:14] [INFO ] [main    ] 判定確定 | ID:331 | 結果:果梗裂果 | 信頼度:95%
[2026-08-05 03:13:15] [INFO ] [main    ] 判定確定 | ID:332 | 結果:健全果 | 信頼度:97%
[2026-08-05 03:13:16] [INFO ] [main    ] 判定確定 | ID:333 | 結果:双子果 | 信頼度:97%
[2026-08-05 03:13:17] [INFO ] [main    ] 判定確定 | ID:334 | 結果:健全果 | 信頼度:97%
[2026-08-05 03:13:18] [INFO ] [main    ] 判定確定 | ID:335 | 結果:双子果 | 信頼度:97%
[2026-08-05 03:13:19] [INFO ] [main    ] 判定確定 | ID:336 | 結果:未熟果 | 信頼度:97%
[2026-08-05 03:13:20] [INFO ] [main    ] 判定確定 | ID:337 | 結果:双子果 | 信頼度:97%
[2026-08-05 03:13:22] [INFO ] [main    ] 判定確定 | ID:338 | 結果:健全果 | 信頼度:97%
[2026-08-05 03:13:23] [INFO ] [main    ] 判定確定 | ID:339 | 結果:双子果 | 信頼度:96%
[2026-08-05 03:13:24] [DEBUG] [motor   ] [Serial Send] P
[2026-08-05 03:13:24] [INFO ] [event   ] arduino_heartbeat status=ok latency_ms=2.0
[2026-08-05 03:13:24] [DEBUG] [motor   ] [Serial Recv] OK:PONG
[2026-08-05 03:13:24] [INFO ] [main    ] 判定確定 | ID:340 | 結果:未熟果 | 信頼度:97%
[2026-08-05 03:13:25] [INFO ] [main    ] 判定確定 | ID:341 | 結果:健全果 | 信頼度:97%
[2026-08-05 03:13:25] [DEBUG] [camera  ] [CamStats] cam_outside: 累積 成功 8350 枚 / エラー 0 回 (エラー率 0.00%)
[2026-08-05 03:13:25] [DEBUG] [camera  ] [CamStats] cam_top: 累積 成功 8349 枚 / エラー 0 回 (エラー率 0.00%)
[2026-08-05 03:13:25] [DEBUG] [camera  ] [CamStats] cam_inside: 累積 成功 8353 枚 / エラー 0 回 (エラー率 0.00%)
[2026-08-05 03:13:25] [INFO ] [event   ] mem_snapshot py_current_mb=113.2 py_peak_mb=162.8 top=['C:\\Users\\kotan\\gohara\\DCRsystem_app\\DCRsystem5goki_app_base\\module_cameras_5goki.py:196: 92.1MB', 'C:\\Users\\kotan\\gohara\\DCRsystem_app\\DCRsystem5goki_app_base\\module_yolo.py:774: 4.9MB', 'C:\\Users\\kotan\\gohara\\DCRsystem_app\\DCRsystem5goki_app_base\\module_yolo.py:711: 4.9MB', 'C:\\Users\\kotan\\gohara\\DCRsystem_app\\DCRsystem5goki_app_base\\.venv\\lib\\site-packages\\pypylon\\pylon.py:6397: 4.2MB', 'C:\\Users\\kotan\\gohara\\DCRsystem_app\\DCRsystem5goki_app_base\\module_cameras_5goki.py:202: 2.0MB']
[2026-08-05 03:13:25] [DEBUG] [camera  ] [CamStats] cam_under: 累積 成功 8341 枚 / エラー 0 回 (エラー率 0.00%)
[2026-08-05 03:13:26] [INFO ] [main    ] 判定確定 | ID:342 | 結果:果梗裂果 | 信頼度:95%
[2026-08-05 03:13:28] [INFO ] [main    ] 判定確定 | ID:343 | 結果:健全果 | 信頼度:97%
[2026-08-05 03:13:29] [INFO ] [main    ] 判定確定 | ID:344 | 結果:双子果 | 信頼度:97%
[2026-08-05 03:13:30] [INFO ] [main    ] 判定確定 | ID:345 | 結果:健全果 | 信頼度:97%
[2026-08-05 03:13:31] [INFO ] [main    ] 判定確定 | ID:346 | 結果:双子果 | 信頼度:97%
[2026-08-05 03:13:32] [INFO ] [main    ] 判定確定 | ID:347 | 結果:未熟果 | 信頼度:97%
[2026-08-05 03:13:33] [INFO ] [main    ] 判定確定 | ID:348 | 結果:双子果 | 信頼度:97%
[2026-08-05 03:13:35] [INFO ] [main    ] 判定確定 | ID:349 | 結果:健全果 | 信頼度:98%
[2026-08-05 03:13:36] [INFO ] [main    ] 判定確定 | ID:350 | 結果:双子果 | 信頼度:97%
[2026-08-05 03:13:36] [INFO ] [event   ] トグルスイッチ OFF: 停止
[2026-08-05 03:13:36] [DEBUG] [motor   ] [Serial Send] S
[2026-08-05 03:13:36] [INFO ] [patlite ] 状態遷移: 待機中
[2026-08-05 03:13:36] [INFO ] [relay   ] 全リレーをOFF（停止）にしました。
[2026-08-05 03:13:36] [DEBUG] [motor   ] [Serial Recv] OK:STOP
[2026-08-05 03:13:41] [INFO ] [main    ] 電源ボタンが押されました。終了します。
[2026-08-05 03:13:41] [INFO ] [patlite ] 切断完了
[2026-08-05 03:13:41] [INFO ] [relay   ] 切断完了
[2026-08-05 03:13:41] [WARN ] [camera  ] [GrabError] cam_top: 連続 1 回目 / 継続 0ms / 累積エラー 1 回・成功 8665 枚 - RuntimeException: No grab result data is referenced. Cannot access NULL pointer. : RuntimeException thrown (file 'GrabResultPtr.cpp', line 87)
[2026-08-05 03:13:41] [DEBUG] [camera  ] スレッド終了: cam_top
[2026-08-05 03:13:41] [INFO ] [camera  ] cam_top: リソース解放完了
[2026-08-05 03:13:41] [WARN ] [camera  ] [GrabError] cam_under: 連続 1 回目 / 継続 0ms / 累積エラー 1 回・成功 8660 枚 - RuntimeException: No grab result data is referenced. Cannot access NULL pointer. : RuntimeException thrown (file 'GrabResultPtr.cpp', line 87)
[2026-08-05 03:13:41] [DEBUG] [camera  ] スレッド終了: cam_under
[2026-08-05 03:13:41] [INFO ] [camera  ] cam_under: リソース解放完了
[2026-08-05 03:13:41] [WARN ] [camera  ] [GrabError] cam_inside: 連続 1 回目 / 継続 0ms / 累積エラー 1 回・成功 8674 枚 - RuntimeException: No grab result data is referenced. Cannot access NULL pointer. : RuntimeException thrown (file 'GrabResultPtr.cpp', line 87)
[2026-08-05 03:13:41] [DEBUG] [camera  ] スレッド終了: cam_inside
[2026-08-05 03:13:41] [INFO ] [camera  ] cam_inside: リソース解放完了
[2026-08-05 03:13:41] [WARN ] [camera  ] [GrabError] cam_outside: 連続 1 回目 / 継続 0ms / 累積エラー 1 回・成功 8674 枚 - RuntimeException: No grab result data is referenced. Cannot access NULL pointer. : RuntimeException thrown (file 'GrabResultPtr.cpp', line 87)
[2026-08-05 03:13:41] [DEBUG] [camera  ] スレッド終了: cam_outside
[2026-08-05 03:13:41] [INFO ] [camera  ] cam_outside: リソース解放完了
[2026-08-05 03:13:41] [DEBUG] [motor   ] [Serial Send] C
[2026-08-05 03:13:41] [DEBUG] [motor   ] [Serial Recv] OK:CLEANUP
[2026-08-05 03:13:42] [INFO ] [motor   ] 切断しました
[2026-08-05 03:13:42] [DEBUG] [yolo    ] カメラワーカー終了: cam_outside
[2026-08-05 03:13:42] [DEBUG] [yolo    ] カメラワーカー終了: cam_inside
[2026-08-05 03:13:42] [DEBUG] [yolo    ] カメラワーカー終了: cam_under
[2026-08-05 03:13:42] [DEBUG] [yolo    ] カメラワーカー終了: cam_top
[2026-08-05 03:13:42] [INFO ] [event   ] shutdown uptime_s=442.0
[2026-08-05 03:13:42] [INFO ] [relay   ] 切断完了
[2026-08-05 03:15:02] [INFO ] [main    ] DCRsystem 起動
[2026-08-05 03:15:10] [INFO ] [patlite ] 接続成功
[2026-08-05 03:15:11] [INFO ] [patlite ] 状態遷移: 初期化中
[2026-08-05 03:15:11] [INFO ] [relay   ] リレー補正(角度)を読込: {'remove': {'angle': 67.5}, 'transport': {'angle': 114.5}}
[2026-08-05 03:15:11] [INFO ] [relay   ] リレーボード(32)接続成功
[2026-08-05 03:15:11] [INFO ] [relay   ] 全リレーをOFF（停止）にしました。
[2026-08-05 03:15:13] [INFO ] [motor   ] 接続しました (COM3)
[2026-08-05 03:15:13] [INFO ] [event   ] arduino_connect port=COM3 baudrate=115200
[2026-08-05 03:15:14] [INFO ] [camera  ] cam_top: 設定を適用しました
[2026-08-05 03:15:14] [INFO ] [camera  ] cam_top: 帯域上限を 50MB/s に設定（pfsロード後・制限On）
[2026-08-05 03:15:14] [INFO ] [camera  ] cam_under: 設定を適用しました
[2026-08-05 03:15:14] [INFO ] [camera  ] cam_under: 帯域上限を 50MB/s に設定（pfsロード後・制限On）
[2026-08-05 03:15:15] [INFO ] [camera  ] cam_inside: 設定を適用しました
[2026-08-05 03:15:15] [INFO ] [camera  ] cam_inside: 帯域上限を 50MB/s に設定（pfsロード後・制限On）
[2026-08-05 03:15:15] [INFO ] [camera  ] cam_outside: 設定を適用しました
[2026-08-05 03:15:15] [INFO ] [camera  ] cam_outside: 帯域上限を 50MB/s に設定（pfsロード後・制限On）
[2026-08-05 03:15:15] [INFO ] [yolo    ] YOLOモデル Trained_Models/SusHi_sample.engine をロード中...
[2026-08-05 03:15:16] [INFO ] [event   ] startup model=SusHi_sample.engine imgsz=640 precision= batch=1 gpu_name=NVIDIA GeForce RTX 4090 Laptop GPU gpu_mem_total_mb=17171.480576
[2026-08-05 03:15:16] [INFO ] [main    ] 遅延設定を読み込みました: C:\Users\kotan\gohara\DCRsystem_app\DCRsystem5goki_app_base\json\delay_config.json (更新日時: 2026-07-22 19:39:50)
[2026-08-05 03:15:16] [INFO ] [main    ] 表示遅延を設定  cam_under=2.079s / cam_inside=2.109s
[2026-08-05 03:15:16] [INFO ] [camera  ] キャプチャ開始: cam_top
[2026-08-05 03:15:16] [INFO ] [camera  ] キャプチャ開始: cam_under
[2026-08-05 03:15:16] [INFO ] [camera  ] キャプチャ開始: cam_inside
[2026-08-05 03:15:16] [INFO ] [camera  ] キャプチャ開始: cam_outside
[2026-08-05 03:15:16] [INFO ] [yolo    ] カメラ別処理ワーカーを 4 本起動しました
[2026-08-05 03:15:16] [INFO ] [patlite ] 状態遷移: 待機中
[2026-08-05 03:15:16] [DEBUG] [motor   ] [Serial Send] Q
[2026-08-05 03:15:16] [INFO ] [yolo    ] HSV設定を読み込みました: json\hsv_config_cam_top.json
[2026-08-05 03:15:16] [INFO ] [yolo    ] HSV設定を読み込みました: json\hsv_config_cam_outside.json
[2026-08-05 03:15:16] [DEBUG] [motor   ] [Serial Recv] ESTOP_CLEARED (非常停止 解除)
[2026-08-05 03:15:18] [INFO ] [event   ] [非常停止] 解除されました。待機中に戻ります。
[2026-08-05 03:15:18] [INFO ] [patlite ] 状態遷移: 待機中
[2026-08-05 03:15:22] [INFO ] [yolo    ] HSV設定を読み込みました: json\hsv_config_cam_inside.json
[2026-08-05 03:15:22] [INFO ] [yolo    ] HSV設定を読み込みました: json\hsv_config_cam_under.json
[2026-08-05 03:15:25] [INFO ] [main    ] 遅延設定を読み込みました: C:\Users\kotan\gohara\DCRsystem_app\DCRsystem5goki_app_base\json\delay_config.json (更新日時: 2026-07-22 19:39:50)
[2026-08-05 03:15:25] [INFO ] [main    ] 表示遅延を設定  cam_under=2.079s / cam_inside=2.109s
[2026-08-05 03:15:25] [INFO ] [main    ] スピード設定をメインに保存: 6
[2026-08-05 03:15:25] [INFO ] [event   ] トグルスイッチ ON: 動作開始
[2026-08-05 03:15:25] [DEBUG] [motor   ] [Serial Send] V6
[2026-08-05 03:15:25] [INFO ] [event   ] arduino_params speed_level=6 pulse_width_ms=0.5 period_ms=1.0
[2026-08-05 03:15:25] [DEBUG] [motor   ] [Serial Send] R
[2026-08-05 03:15:25] [INFO ] [patlite ] 状態遷移: 正常運転中
[2026-08-05 03:15:25] [DEBUG] [motor   ] [Serial Recv] OK:SPEED=6
[2026-08-05 03:15:25] [DEBUG] [motor   ] [Serial Recv] OK:ROTATE
[2026-08-05 03:15:27] [INFO ] [main    ] 判定確定 | ID:001 | 結果:健全果 | 信頼度:97%
[2026-08-05 03:15:28] [INFO ] [main    ] 判定確定 | ID:002 | 結果:果梗裂果 | 信頼度:95%
[2026-08-05 03:15:30] [INFO ] [main    ] 判定確定 | ID:003 | 結果:健全果 | 信頼度:97%
[2026-08-05 03:15:31] [INFO ] [main    ] 判定確定 | ID:004 | 結果:双子果 | 信頼度:97%
[2026-08-05 03:15:32] [INFO ] [main    ] 判定確定 | ID:005 | 結果:健全果 | 信頼度:97%
[2026-08-05 03:15:33] [INFO ] [main    ] 判定確定 | ID:006 | 結果:双子果 | 信頼度:97%
[2026-08-05 03:15:34] [INFO ] [main    ] 判定確定 | ID:007 | 結果:未熟果 | 信頼度:97%
[2026-08-05 03:15:35] [INFO ] [main    ] 判定確定 | ID:008 | 結果:双子果 | 信頼度:97%
[2026-08-05 03:15:36] [INFO ] [main    ] 判定確定 | ID:009 | 結果:健全果 | 信頼度:97%
[2026-08-05 03:15:37] [INFO ] [main    ] 判定確定 | ID:010 | 結果:双子果 | 信頼度:97%
[2026-08-05 03:15:39] [INFO ] [main    ] 判定確定 | ID:011 | 結果:未熟果 | 信頼度:97%
[2026-08-05 03:15:40] [INFO ] [main    ] 判定確定 | ID:012 | 結果:健全果 | 信頼度:97%
[2026-08-05 03:15:41] [INFO ] [main    ] 判定確定 | ID:013 | 結果:果梗裂果 | 信頼度:95%
[2026-08-05 03:15:42] [INFO ] [main    ] 判定確定 | ID:014 | 結果:健全果 | 信頼度:97%
[2026-08-05 03:15:43] [DEBUG] [motor   ] [Serial Send] P
[2026-08-05 03:15:43] [INFO ] [event   ] arduino_heartbeat status=ok latency_ms=0.0
[2026-08-05 03:15:43] [DEBUG] [motor   ] [Serial Recv] OK:PONG
[2026-08-05 03:15:43] [INFO ] [main    ] 判定確定 | ID:015 | 結果:双子果 | 信頼度:97%
[2026-08-05 03:15:45] [INFO ] [main    ] 判定確定 | ID:016 | 結果:健全果 | 信頼度:97%
[2026-08-05 03:15:46] [INFO ] [main    ] 判定確定 | ID:017 | 結果:双子果 | 信頼度:97%
[2026-08-05 03:15:47] [INFO ] [main    ] 判定確定 | ID:018 | 結果:未熟果 | 信頼度:97%
[2026-08-05 03:15:48] [INFO ] [main    ] 判定確定 | ID:019 | 結果:双子果 | 信頼度:97%
[2026-08-05 03:15:49] [INFO ] [main    ] 判定確定 | ID:020 | 結果:健全果 | 信頼度:97%
[2026-08-05 03:15:50] [INFO ] [main    ] 判定確定 | ID:021 | 結果:双子果 | 信頼度:97%
[2026-08-05 03:15:51] [INFO ] [main    ] 判定確定 | ID:022 | 結果:未熟果 | 信頼度:97%
[2026-08-05 03:15:53] [INFO ] [main    ] 判定確定 | ID:023 | 結果:健全果 | 信頼度:97%
[2026-08-05 03:15:54] [INFO ] [main    ] 判定確定 | ID:024 | 結果:果梗裂果 | 信頼度:94%
[2026-08-05 03:15:55] [INFO ] [main    ] 判定確定 | ID:025 | 結果:健全果 | 信頼度:97%
[2026-08-05 03:15:56] [INFO ] [main    ] 判定確定 | ID:026 | 結果:双子果 | 信頼度:97%
[2026-08-05 03:15:57] [INFO ] [main    ] 判定確定 | ID:027 | 結果:健全果 | 信頼度:97%
[2026-08-05 03:15:58] [INFO ] [main    ] 判定確定 | ID:028 | 結果:双子果 | 信頼度:97%
[2026-08-05 03:15:59] [INFO ] [main    ] 判定確定 | ID:029 | 結果:未熟果 | 信頼度:97%
[2026-08-05 03:16:01] [INFO ] [main    ] 判定確定 | ID:030 | 結果:双子果 | 信頼度:97%
[2026-08-05 03:16:02] [INFO ] [main    ] 判定確定 | ID:031 | 結果:健全果 | 信頼度:97%
[2026-08-05 03:16:03] [INFO ] [main    ] 判定確定 | ID:032 | 結果:双子果 | 信頼度:97%
[2026-08-05 03:16:04] [INFO ] [main    ] 判定確定 | ID:033 | 結果:未熟果 | 信頼度:98%
[2026-08-05 03:16:05] [INFO ] [main    ] 判定確定 | ID:034 | 結果:健全果 | 信頼度:97%
[2026-08-05 03:16:07] [INFO ] [main    ] 判定確定 | ID:035 | 結果:果梗裂果 | 信頼度:95%
[2026-08-05 03:16:08] [INFO ] [main    ] 判定確定 | ID:036 | 結果:健全果 | 信頼度:98%
[2026-08-05 03:16:09] [INFO ] [main    ] 判定確定 | ID:037 | 結果:双子果 | 信頼度:97%
[2026-08-05 03:16:10] [INFO ] [main    ] 判定確定 | ID:038 | 結果:健全果 | 信頼度:97%
[2026-08-05 03:16:11] [INFO ] [main    ] 判定確定 | ID:039 | 結果:双子果 | 信頼度:97%
[2026-08-05 03:16:12] [INFO ] [main    ] 判定確定 | ID:040 | 結果:未熟果 | 信頼度:97%
[2026-08-05 03:16:13] [DEBUG] [motor   ] [Serial Send] P
[2026-08-05 03:16:13] [INFO ] [event   ] arduino_heartbeat status=ok latency_ms=0.0
[2026-08-05 03:16:13] [DEBUG] [motor   ] [Serial Recv] OK:PONG
[2026-08-05 03:16:14] [INFO ] [main    ] 判定確定 | ID:041 | 結果:双子果 | 信頼度:97%
[2026-08-05 03:16:15] [INFO ] [main    ] 判定確定 | ID:042 | 結果:健全果 | 信頼度:97%
[2026-08-05 03:16:16] [DEBUG] [camera  ] [CamStats] cam_top: 累積 成功 1133 枚 / エラー 0 回 (エラー率 0.00%)
[2026-08-05 03:16:16] [DEBUG] [camera  ] [CamStats] cam_under: 累積 成功 1118 枚 / エラー 0 回 (エラー率 0.00%)
[2026-08-05 03:16:16] [INFO ] [event   ] mem_snapshot py_current_mb=117.1 py_peak_mb=129.1 top=['C:\\Users\\kotan\\gohara\\DCRsystem_app\\DCRsystem5goki_app_base\\module_cameras_5goki.py:196: 92.1MB', 'C:\\Users\\kotan\\gohara\\DCRsystem_app\\DCRsystem5goki_app_base\\module_yolo.py:774: 6.1MB', 'C:\\Users\\kotan\\gohara\\DCRsystem_app\\DCRsystem5goki_app_base\\module_yolo.py:871: 4.9MB', 'C:\\Users\\kotan\\gohara\\DCRsystem_app\\DCRsystem5goki_app_base\\module_yolo.py:711: 4.9MB', 'C:\\Users\\kotan\\gohara\\DCRsystem_app\\DCRsystem5goki_app_base\\.venv\\lib\\site-packages\\pypylon\\pylon.py:6397: 4.1MB']
[2026-08-05 03:16:16] [DEBUG] [camera  ] [CamStats] cam_inside: 累積 成功 1122 枚 / エラー 0 回 (エラー率 0.00%)
[2026-08-05 03:16:16] [DEBUG] [camera  ] [CamStats] cam_outside: 累積 成功 1128 枚 / エラー 0 回 (エラー率 0.00%)
[2026-08-05 03:16:16] [INFO ] [main    ] 判定確定 | ID:043 | 結果:双子果 | 信頼度:97%
[2026-08-05 03:16:17] [INFO ] [main    ] 判定確定 | ID:044 | 結果:未熟果 | 信頼度:98%
[2026-08-05 03:16:18] [INFO ] [main    ] 判定確定 | ID:045 | 結果:健全果 | 信頼度:97%
[2026-08-05 03:16:19] [INFO ] [main    ] 判定確定 | ID:046 | 結果:果梗裂果 | 信頼度:95%
[2026-08-05 03:16:21] [INFO ] [main    ] 判定確定 | ID:047 | 結果:健全果 | 信頼度:98%
[2026-08-05 03:16:22] [INFO ] [main    ] 判定確定 | ID:048 | 結果:双子果 | 信頼度:97%
[2026-08-05 03:16:23] [INFO ] [main    ] 判定確定 | ID:049 | 結果:健全果 | 信頼度:97%
[2026-08-05 03:16:24] [INFO ] [main    ] 判定確定 | ID:050 | 結果:双子果 | 信頼度:97%
[2026-08-05 03:16:25] [INFO ] [main    ] 判定確定 | ID:051 | 結果:未熟果 | 信頼度:97%
[2026-08-05 03:16:26] [INFO ] [main    ] 判定確定 | ID:052 | 結果:双子果 | 信頼度:97%
[2026-08-05 03:16:28] [INFO ] [main    ] 判定確定 | ID:053 | 結果:健全果 | 信頼度:98%
[2026-08-05 03:16:29] [INFO ] [main    ] 判定確定 | ID:054 | 結果:双子果 | 信頼度:97%
[2026-08-05 03:16:30] [INFO ] [main    ] 判定確定 | ID:055 | 結果:未熟果 | 信頼度:98%
[2026-08-05 03:16:31] [INFO ] [main    ] 判定確定 | ID:056 | 結果:健全果 | 信頼度:97%
[2026-08-05 03:16:32] [INFO ] [main    ] 判定確定 | ID:057 | 結果:果梗裂果 | 信頼度:95%
[2026-08-05 03:16:34] [INFO ] [main    ] 判定確定 | ID:058 | 結果:健全果 | 信頼度:98%
[2026-08-05 03:16:35] [INFO ] [main    ] 判定確定 | ID:059 | 結果:双子果 | 信頼度:97%
[2026-08-05 03:16:36] [INFO ] [main    ] 判定確定 | ID:060 | 結果:健全果 | 信頼度:97%
[2026-08-05 03:16:37] [INFO ] [main    ] 判定確定 | ID:061 | 結果:双子果 | 信頼度:97%
[2026-08-05 03:16:38] [INFO ] [main    ] 判定確定 | ID:062 | 結果:未熟果 | 信頼度:97%
[2026-08-05 03:16:39] [INFO ] [main    ] 判定確定 | ID:063 | 結果:双子果 | 信頼度:97%
[2026-08-05 03:16:40] [INFO ] [main    ] 判定確定 | ID:064 | 結果:健全果 | 信頼度:97%
[2026-08-05 03:16:42] [INFO ] [main    ] 判定確定 | ID:065 | 結果:双子果 | 信頼度:97%
[2026-08-05 03:16:43] [INFO ] [main    ] 判定確定 | ID:066 | 結果:未熟果 | 信頼度:97%
[2026-08-05 03:16:43] [DEBUG] [motor   ] [Serial Send] P
[2026-08-05 03:16:43] [INFO ] [event   ] arduino_heartbeat status=ok latency_ms=0.0
[2026-08-05 03:16:43] [DEBUG] [motor   ] [Serial Recv] OK:PONG
[2026-08-05 03:16:44] [INFO ] [main    ] 判定確定 | ID:067 | 結果:健全果 | 信頼度:97%
[2026-08-05 03:16:45] [INFO ] [main    ] 判定確定 | ID:068 | 結果:果梗裂果 | 信頼度:94%
[2026-08-05 03:16:47] [INFO ] [main    ] 判定確定 | ID:069 | 結果:健全果 | 信頼度:97%
[2026-08-05 03:16:47] [INFO ] [main    ] 判定確定 | ID:070 | 結果:双子果 | 信頼度:97%
[2026-08-05 03:16:49] [INFO ] [main    ] 判定確定 | ID:071 | 結果:健全果 | 信頼度:97%
[2026-08-05 03:16:50] [INFO ] [main    ] 判定確定 | ID:072 | 結果:双子果 | 信頼度:97%
[2026-08-05 03:16:51] [INFO ] [main    ] 判定確定 | ID:073 | 結果:未熟果 | 信頼度:97%
[2026-08-05 03:16:52] [INFO ] [main    ] 判定確定 | ID:074 | 結果:双子果 | 信頼度:97%
[2026-08-05 03:16:53] [INFO ] [main    ] 判定確定 | ID:075 | 結果:健全果 | 信頼度:97%
[2026-08-05 03:16:54] [INFO ] [main    ] 判定確定 | ID:076 | 結果:双子果 | 信頼度:97%
[2026-08-05 03:16:56] [INFO ] [main    ] 判定確定 | ID:077 | 結果:未熟果 | 信頼度:97%
[2026-08-05 03:16:57] [INFO ] [main    ] 判定確定 | ID:078 | 結果:健全果 | 信頼度:97%
[2026-08-05 03:16:58] [INFO ] [main    ] 判定確定 | ID:079 | 結果:果梗裂果 | 信頼度:95%
[2026-08-05 03:16:59] [INFO ] [main    ] 判定確定 | ID:080 | 結果:健全果 | 信頼度:97%
[2026-08-05 03:17:00] [INFO ] [main    ] 判定確定 | ID:081 | 結果:双子果 | 信頼度:97%
[2026-08-05 03:17:01] [INFO ] [main    ] 判定確定 | ID:082 | 結果:健全果 | 信頼度:97%
[2026-08-05 03:17:02] [INFO ] [main    ] 判定確定 | ID:083 | 結果:双子果 | 信頼度:97%
[2026-08-05 03:17:04] [INFO ] [main    ] 判定確定 | ID:084 | 結果:未熟果 | 信頼度:97%
[2026-08-05 03:17:05] [INFO ] [main    ] 判定確定 | ID:085 | 結果:双子果 | 信頼度:97%
[2026-08-05 03:17:06] [INFO ] [main    ] 判定確定 | ID:086 | 結果:健全果 | 信頼度:98%
[2026-08-05 03:17:07] [INFO ] [main    ] 判定確定 | ID:087 | 結果:双子果 | 信頼度:97%
[2026-08-05 03:17:08] [INFO ] [main    ] 判定確定 | ID:088 | 結果:未熟果 | 信頼度:98%
[2026-08-05 03:17:10] [INFO ] [main    ] 判定確定 | ID:089 | 結果:健全果 | 信頼度:97%
[2026-08-05 03:17:11] [INFO ] [main    ] 判定確定 | ID:090 | 結果:果梗裂果 | 信頼度:95%
[2026-08-05 03:17:12] [INFO ] [main    ] 判定確定 | ID:091 | 結果:健全果 | 信頼度:98%
[2026-08-05 03:17:13] [INFO ] [main    ] 判定確定 | ID:092 | 結果:双子果 | 信頼度:97%
[2026-08-05 03:17:13] [DEBUG] [motor   ] [Serial Send] P
[2026-08-05 03:17:13] [INFO ] [event   ] arduino_heartbeat status=ok latency_ms=0.0
[2026-08-05 03:17:13] [DEBUG] [motor   ] [Serial Recv] OK:PONG
[2026-08-05 03:17:14] [INFO ] [main    ] 判定確定 | ID:093 | 結果:健全果 | 信頼度:97%
[2026-08-05 03:17:15] [INFO ] [main    ] 判定確定 | ID:094 | 結果:双子果 | 信頼度:97%
[2026-08-05 03:17:16] [DEBUG] [camera  ] [CamStats] cam_top: 累積 成功 2333 枚 / エラー 0 回 (エラー率 0.00%)
[2026-08-05 03:17:16] [INFO ] [event   ] mem_snapshot py_current_mb=111.5 py_peak_mb=129.1 top=['C:\\Users\\kotan\\gohara\\DCRsystem_app\\DCRsystem5goki_app_base\\module_cameras_5goki.py:196: 92.1MB', 'C:\\Users\\kotan\\gohara\\DCRsystem_app\\DCRsystem5goki_app_base\\module_yolo.py:774: 4.9MB', 'C:\\Users\\kotan\\gohara\\DCRsystem_app\\DCRsystem5goki_app_base\\module_yolo.py:711: 4.9MB', 'C:\\Users\\kotan\\gohara\\DCRsystem_app\\DCRsystem5goki_app_base\\.venv\\lib\\site-packages\\pypylon\\pylon.py:6397: 4.1MB', 'C:\\Users\\kotan\\gohara\\DCRsystem_app\\DCRsystem5goki_app_base\\module_cameras_5goki.py:202: 2.0MB']
[2026-08-05 03:17:16] [DEBUG] [camera  ] [CamStats] cam_inside: 累積 成功 2323 枚 / エラー 0 回 (エラー率 0.00%)
[2026-08-05 03:17:16] [DEBUG] [camera  ] [CamStats] cam_under: 累積 成功 2319 枚 / エラー 0 回 (エラー率 0.00%)
[2026-08-05 03:17:16] [DEBUG] [camera  ] [CamStats] cam_outside: 累積 成功 2329 枚 / エラー 0 回 (エラー率 0.00%)
[2026-08-05 03:17:16] [INFO ] [main    ] 判定確定 | ID:095 | 結果:未熟果 | 信頼度:97%
[2026-08-05 03:17:18] [INFO ] [main    ] 判定確定 | ID:096 | 結果:双子果 | 信頼度:97%
[2026-08-05 03:17:19] [INFO ] [main    ] 判定確定 | ID:097 | 結果:健全果 | 信頼度:97%
[2026-08-05 03:17:20] [INFO ] [main    ] 判定確定 | ID:098 | 結果:双子果 | 信頼度:97%
[2026-08-05 03:17:21] [INFO ] [main    ] 判定確定 | ID:099 | 結果:未熟果 | 信頼度:97%
[2026-08-05 03:17:22] [INFO ] [main    ] 判定確定 | ID:100 | 結果:健全果 | 信頼度:97%
[2026-08-05 03:17:24] [INFO ] [main    ] 判定確定 | ID:101 | 結果:果梗裂果 | 信頼度:95%
[2026-08-05 03:17:25] [INFO ] [main    ] 判定確定 | ID:102 | 結果:双子果 | 信頼度:86%
[2026-08-05 03:17:26] [INFO ] [main    ] 判定確定 | ID:103 | 結果:双子果 | 信頼度:97%
[2026-08-05 03:17:27] [INFO ] [main    ] 判定確定 | ID:104 | 結果:健全果 | 信頼度:97%
[2026-08-05 03:17:28] [INFO ] [main    ] 判定確定 | ID:105 | 結果:双子果 | 信頼度:97%
[2026-08-05 03:17:29] [INFO ] [main    ] 判定確定 | ID:106 | 結果:未熟果 | 信頼度:97%
[2026-08-05 03:17:30] [INFO ] [main    ] 判定確定 | ID:107 | 結果:双子果 | 信頼度:97%
[2026-08-05 03:17:32] [INFO ] [main    ] 判定確定 | ID:108 | 結果:健全果 | 信頼度:97%
[2026-08-05 03:17:33] [INFO ] [main    ] 判定確定 | ID:109 | 結果:双子果 | 信頼度:97%
[2026-08-05 03:17:34] [INFO ] [main    ] 判定確定 | ID:110 | 結果:未熟果 | 信頼度:98%
[2026-08-05 03:17:35] [INFO ] [main    ] 判定確定 | ID:111 | 結果:健全果 | 信頼度:97%
[2026-08-05 03:17:36] [INFO ] [main    ] 判定確定 | ID:112 | 結果:果梗裂果 | 信頼度:95%
[2026-08-05 03:17:38] [INFO ] [main    ] 判定確定 | ID:113 | 結果:健全果 | 信頼度:97%
[2026-08-05 03:17:39] [INFO ] [main    ] 判定確定 | ID:114 | 結果:双子果 | 信頼度:97%
[2026-08-05 03:17:40] [INFO ] [main    ] 判定確定 | ID:115 | 結果:健全果 | 信頼度:97%
[2026-08-05 03:17:41] [INFO ] [main    ] 判定確定 | ID:116 | 結果:双子果 | 信頼度:97%
[2026-08-05 03:17:42] [INFO ] [main    ] 判定確定 | ID:117 | 結果:未熟果 | 信頼度:97%
[2026-08-05 03:17:43] [INFO ] [main    ] 判定確定 | ID:118 | 結果:双子果 | 信頼度:97%
[2026-08-05 03:17:43] [DEBUG] [motor   ] [Serial Send] P
[2026-08-05 03:17:43] [INFO ] [event   ] arduino_heartbeat status=ok latency_ms=0.0
[2026-08-05 03:17:43] [DEBUG] [motor   ] [Serial Recv] OK:PONG
[2026-08-05 03:17:45] [INFO ] [main    ] 判定確定 | ID:119 | 結果:健全果 | 信頼度:97%
[2026-08-05 03:17:46] [INFO ] [main    ] 判定確定 | ID:120 | 結果:双子果 | 信頼度:97%
[2026-08-05 03:17:47] [INFO ] [main    ] 判定確定 | ID:121 | 結果:未熟果 | 信頼度:98%
[2026-08-05 03:17:48] [INFO ] [main    ] 判定確定 | ID:122 | 結果:健全果 | 信頼度:97%
[2026-08-05 03:17:49] [INFO ] [main    ] 判定確定 | ID:123 | 結果:果梗裂果 | 信頼度:95%
[2026-08-05 03:17:51] [INFO ] [main    ] 判定確定 | ID:124 | 結果:健全果 | 信頼度:97%
[2026-08-05 03:17:51] [INFO ] [main    ] 判定確定 | ID:125 | 結果:双子果 | 信頼度:97%
[2026-08-05 03:17:53] [INFO ] [main    ] 判定確定 | ID:126 | 結果:健全果 | 信頼度:97%
[2026-08-05 03:17:54] [INFO ] [main    ] 判定確定 | ID:127 | 結果:双子果 | 信頼度:97%
[2026-08-05 03:17:55] [INFO ] [main    ] 判定確定 | ID:128 | 結果:未熟果 | 信頼度:97%
[2026-08-05 03:17:56] [INFO ] [main    ] 判定確定 | ID:129 | 結果:双子果 | 信頼度:97%
[2026-08-05 03:17:57] [INFO ] [main    ] 判定確定 | ID:130 | 結果:健全果 | 信頼度:97%
[2026-08-05 03:17:58] [INFO ] [main    ] 判定確定 | ID:131 | 結果:双子果 | 信頼度:97%
[2026-08-05 03:18:00] [INFO ] [main    ] 判定確定 | ID:132 | 結果:未熟果 | 信頼度:97%
[2026-08-05 03:18:01] [INFO ] [main    ] 判定確定 | ID:133 | 結果:健全果 | 信頼度:96%
[2026-08-05 03:18:02] [INFO ] [main    ] 判定確定 | ID:134 | 結果:果梗裂果 | 信頼度:95%
[2026-08-05 03:18:03] [INFO ] [main    ] 判定確定 | ID:135 | 結果:双子果 | 信頼度:79%
[2026-08-05 03:18:04] [INFO ] [main    ] 判定確定 | ID:136 | 結果:双子果 | 信頼度:97%
[2026-08-05 03:18:05] [INFO ] [main    ] 判定確定 | ID:137 | 結果:健全果 | 信頼度:97%
[2026-08-05 03:18:07] [INFO ] [main    ] 判定確定 | ID:138 | 結果:双子果 | 信頼度:97%
[2026-08-05 03:18:08] [INFO ] [main    ] 判定確定 | ID:139 | 結果:未熟果 | 信頼度:97%
[2026-08-05 03:18:09] [INFO ] [main    ] 判定確定 | ID:140 | 結果:双子果 | 信頼度:97%
[2026-08-05 03:18:10] [INFO ] [main    ] 判定確定 | ID:141 | 結果:健全果 | 信頼度:97%
[2026-08-05 03:18:11] [INFO ] [main    ] 判定確定 | ID:142 | 結果:双子果 | 信頼度:97%
[2026-08-05 03:18:12] [INFO ] [main    ] 判定確定 | ID:143 | 結果:未熟果 | 信頼度:97%
[2026-08-05 03:18:13] [DEBUG] [motor   ] [Serial Send] P
[2026-08-05 03:18:13] [INFO ] [event   ] arduino_heartbeat status=ok latency_ms=0.0
[2026-08-05 03:18:13] [DEBUG] [motor   ] [Serial Recv] OK:PONG
[2026-08-05 03:18:14] [INFO ] [main    ] 判定確定 | ID:144 | 結果:健全果 | 信頼度:97%
[2026-08-05 03:18:15] [INFO ] [main    ] 判定確定 | ID:145 | 結果:果梗裂果 | 信頼度:95%
[2026-08-05 03:18:16] [DEBUG] [camera  ] [CamStats] cam_top: 累積 成功 3533 枚 / エラー 0 回 (エラー率 0.00%)
[2026-08-05 03:18:16] [DEBUG] [camera  ] [CamStats] cam_inside: 累積 成功 3523 枚 / エラー 0 回 (エラー率 0.00%)
[2026-08-05 03:18:16] [DEBUG] [camera  ] [CamStats] cam_outside: 累積 成功 3529 枚 / エラー 0 回 (エラー率 0.00%)
[2026-08-05 03:18:16] [INFO ] [event   ] mem_snapshot py_current_mb=116.8 py_peak_mb=129.1 top=['C:\\Users\\kotan\\gohara\\DCRsystem_app\\DCRsystem5goki_app_base\\module_cameras_5goki.py:196: 92.1MB', 'C:\\Users\\kotan\\gohara\\DCRsystem_app\\DCRsystem5goki_app_base\\module_yolo.py:871: 4.9MB', 'C:\\Users\\kotan\\gohara\\DCRsystem_app\\DCRsystem5goki_app_base\\module_yolo.py:711: 4.9MB', 'C:\\Users\\kotan\\gohara\\DCRsystem_app\\DCRsystem5goki_app_base\\.venv\\lib\\site-packages\\pypylon\\pylon.py:6397: 4.1MB', 'C:\\Users\\kotan\\gohara\\DCRsystem_app\\DCRsystem5goki_app_base\\module_yolo.py:827: 2.5MB']
[2026-08-05 03:18:16] [DEBUG] [camera  ] [CamStats] cam_under: 累積 成功 3520 枚 / エラー 0 回 (エラー率 0.00%)
[2026-08-05 03:18:16] [INFO ] [main    ] 判定確定 | ID:146 | 結果:健全果 | 信頼度:98%
[2026-08-05 03:18:17] [INFO ] [main    ] 判定確定 | ID:147 | 結果:双子果 | 信頼度:97%
[2026-08-05 03:18:18] [INFO ] [main    ] 判定確定 | ID:148 | 結果:健全果 | 信頼度:97%
[2026-08-05 03:18:19] [INFO ] [main    ] 判定確定 | ID:149 | 結果:双子果 | 信頼度:97%
[2026-08-05 03:18:20] [INFO ] [main    ] 判定確定 | ID:150 | 結果:未熟果 | 信頼度:97%
[2026-08-05 03:18:22] [INFO ] [main    ] 判定確定 | ID:151 | 結果:双子果 | 信頼度:97%
[2026-08-05 03:18:23] [INFO ] [main    ] 判定確定 | ID:152 | 結果:健全果 | 信頼度:97%
[2026-08-05 03:18:24] [INFO ] [main    ] 判定確定 | ID:153 | 結果:双子果 | 信頼度:97%
[2026-08-05 03:18:25] [INFO ] [main    ] 判定確定 | ID:154 | 結果:未熟果 | 信頼度:97%
[2026-08-05 03:18:26] [INFO ] [main    ] 判定確定 | ID:155 | 結果:健全果 | 信頼度:97%
[2026-08-05 03:18:28] [INFO ] [main    ] 判定確定 | ID:156 | 結果:果梗裂果 | 信頼度:95%
[2026-08-05 03:18:29] [INFO ] [main    ] 判定確定 | ID:157 | 結果:健全果 | 信頼度:98%
[2026-08-05 03:18:30] [INFO ] [main    ] 判定確定 | ID:158 | 結果:双子果 | 信頼度:97%
[2026-08-05 03:18:31] [INFO ] [main    ] 判定確定 | ID:159 | 結果:健全果 | 信頼度:97%
[2026-08-05 03:18:32] [INFO ] [main    ] 判定確定 | ID:160 | 結果:双子果 | 信頼度:97%
[2026-08-05 03:18:33] [INFO ] [main    ] 判定確定 | ID:161 | 結果:未熟果 | 信頼度:97%
[2026-08-05 03:18:35] [INFO ] [main    ] 判定確定 | ID:162 | 結果:双子果 | 信頼度:97%
[2026-08-05 03:18:36] [INFO ] [main    ] 判定確定 | ID:163 | 結果:健全果 | 信頼度:97%
[2026-08-05 03:18:37] [INFO ] [main    ] 判定確定 | ID:164 | 結果:双子果 | 信頼度:97%
[2026-08-05 03:18:38] [INFO ] [main    ] 判定確定 | ID:165 | 結果:未熟果 | 信頼度:98%
[2026-08-05 03:18:39] [INFO ] [main    ] 判定確定 | ID:166 | 結果:健全果 | 信頼度:97%
[2026-08-05 03:18:40] [INFO ] [main    ] 判定確定 | ID:167 | 結果:果梗裂果 | 信頼度:95%
[2026-08-05 03:18:42] [INFO ] [main    ] 判定確定 | ID:168 | 結果:双子果 | 信頼度:83%
[2026-08-05 03:18:43] [INFO ] [main    ] 判定確定 | ID:169 | 結果:双子果 | 信頼度:97%
[2026-08-05 03:18:44] [DEBUG] [motor   ] [Serial Send] P
[2026-08-05 03:18:44] [INFO ] [event   ] arduino_heartbeat status=ok latency_ms=0.0
[2026-08-05 03:18:44] [DEBUG] [motor   ] [Serial Recv] OK:PONG
[2026-08-05 03:18:44] [INFO ] [main    ] 判定確定 | ID:170 | 結果:健全果 | 信頼度:97%
[2026-08-05 03:18:45] [INFO ] [main    ] 判定確定 | ID:171 | 結果:双子果 | 信頼度:97%
[2026-08-05 03:18:46] [INFO ] [main    ] 判定確定 | ID:172 | 結果:未熟果 | 信頼度:97%
[2026-08-05 03:18:47] [INFO ] [main    ] 判定確定 | ID:173 | 結果:双子果 | 信頼度:97%
[2026-08-05 03:18:49] [INFO ] [main    ] 判定確定 | ID:174 | 結果:健全果 | 信頼度:97%
[2026-08-05 03:18:50] [INFO ] [main    ] 判定確定 | ID:175 | 結果:双子果 | 信頼度:97%
[2026-08-05 03:18:51] [INFO ] [main    ] 判定確定 | ID:176 | 結果:未熟果 | 信頼度:98%
[2026-08-05 03:18:52] [INFO ] [main    ] 判定確定 | ID:177 | 結果:健全果 | 信頼度:97%
[2026-08-05 03:18:53] [INFO ] [main    ] 判定確定 | ID:178 | 結果:果梗裂果 | 信頼度:95%
[2026-08-05 03:18:55] [INFO ] [main    ] 判定確定 | ID:179 | 結果:健全果 | 信頼度:98%
[2026-08-05 03:18:56] [INFO ] [main    ] 判定確定 | ID:180 | 結果:双子果 | 信頼度:97%
[2026-08-05 03:18:57] [INFO ] [main    ] 判定確定 | ID:181 | 結果:健全果 | 信頼度:97%
[2026-08-05 03:18:58] [INFO ] [main    ] 判定確定 | ID:182 | 結果:双子果 | 信頼度:97%
[2026-08-05 03:18:59] [INFO ] [main    ] 判定確定 | ID:183 | 結果:未熟果 | 信頼度:97%
[2026-08-05 03:19:00] [INFO ] [main    ] 判定確定 | ID:184 | 結果:双子果 | 信頼度:97%
[2026-08-05 03:19:01] [INFO ] [main    ] 判定確定 | ID:185 | 結果:健全果 | 信頼度:97%
[2026-08-05 03:19:02] [INFO ] [main    ] 判定確定 | ID:186 | 結果:双子果 | 信頼度:97%
[2026-08-05 03:19:04] [INFO ] [main    ] 判定確定 | ID:187 | 結果:未熟果 | 信頼度:97%
[2026-08-05 03:19:05] [INFO ] [main    ] 判定確定 | ID:188 | 結果:健全果 | 信頼度:97%
[2026-08-05 03:19:06] [INFO ] [main    ] 判定確定 | ID:189 | 結果:果梗裂果 | 信頼度:94%
[2026-08-05 03:19:07] [INFO ] [main    ] 判定確定 | ID:190 | 結果:健全果 | 信頼度:98%
[2026-08-05 03:19:08] [INFO ] [main    ] 判定確定 | ID:191 | 結果:双子果 | 信頼度:97%
[2026-08-05 03:19:10] [INFO ] [main    ] 判定確定 | ID:192 | 結果:健全果 | 信頼度:97%
[2026-08-05 03:19:11] [INFO ] [main    ] 判定確定 | ID:193 | 結果:双子果 | 信頼度:97%
[2026-08-05 03:19:12] [INFO ] [main    ] 判定確定 | ID:194 | 結果:未熟果 | 信頼度:97%
[2026-08-05 03:19:13] [INFO ] [main    ] 判定確定 | ID:195 | 結果:双子果 | 信頼度:97%
[2026-08-05 03:19:14] [DEBUG] [motor   ] [Serial Send] P
[2026-08-05 03:19:14] [INFO ] [event   ] arduino_heartbeat status=ok latency_ms=0.0
[2026-08-05 03:19:14] [DEBUG] [motor   ] [Serial Recv] OK:PONG
[2026-08-05 03:19:14] [INFO ] [main    ] 判定確定 | ID:196 | 結果:健全果 | 信頼度:97%
[2026-08-05 03:19:15] [INFO ] [main    ] 判定確定 | ID:197 | 結果:双子果 | 信頼度:97%
[2026-08-05 03:19:16] [DEBUG] [camera  ] [CamStats] cam_top: 累積 成功 4733 枚 / エラー 0 回 (エラー率 0.00%)
[2026-08-05 03:19:16] [DEBUG] [camera  ] [CamStats] cam_inside: 累積 成功 4723 枚 / エラー 0 回 (エラー率 0.00%)
[2026-08-05 03:19:16] [DEBUG] [camera  ] [CamStats] cam_under: 累積 成功 4720 枚 / エラー 0 回 (エラー率 0.00%)
[2026-08-05 03:19:16] [DEBUG] [camera  ] [CamStats] cam_outside: 累積 成功 4730 枚 / エラー 0 回 (エラー率 0.00%)
[2026-08-05 03:19:16] [INFO ] [event   ] mem_snapshot py_current_mb=112.1 py_peak_mb=129.1 top=['C:\\Users\\kotan\\gohara\\DCRsystem_app\\DCRsystem5goki_app_base\\module_cameras_5goki.py:196: 92.1MB', 'C:\\Users\\kotan\\gohara\\DCRsystem_app\\DCRsystem5goki_app_base\\module_yolo.py:774: 4.9MB', 'C:\\Users\\kotan\\gohara\\DCRsystem_app\\DCRsystem5goki_app_base\\module_yolo.py:711: 4.9MB', 'C:\\Users\\kotan\\gohara\\DCRsystem_app\\DCRsystem5goki_app_base\\.venv\\lib\\site-packages\\pypylon\\pylon.py:6397: 4.2MB', 'C:\\Users\\kotan\\gohara\\DCRsystem_app\\DCRsystem5goki_app_base\\module_cameras_5goki.py:202: 2.0MB']
[2026-08-05 03:19:16] [INFO ] [main    ] 判定確定 | ID:198 | 結果:未熟果 | 信頼度:98%
[2026-08-05 03:19:18] [INFO ] [main    ] 判定確定 | ID:199 | 結果:健全果 | 信頼度:97%
[2026-08-05 03:19:19] [INFO ] [main    ] 判定確定 | ID:200 | 結果:果梗裂果 | 信頼度:94%
[2026-08-05 03:19:20] [INFO ] [main    ] 判定確定 | ID:201 | 結果:健全果 | 信頼度:97%
[2026-08-05 03:19:21] [INFO ] [main    ] 判定確定 | ID:202 | 結果:双子果 | 信頼度:97%
[2026-08-05 03:19:22] [INFO ] [main    ] 判定確定 | ID:203 | 結果:健全果 | 信頼度:97%
[2026-08-05 03:19:23] [INFO ] [main    ] 判定確定 | ID:204 | 結果:双子果 | 信頼度:97%
[2026-08-05 03:19:25] [INFO ] [main    ] 判定確定 | ID:205 | 結果:未熟果 | 信頼度:97%
[2026-08-05 03:19:26] [INFO ] [main    ] 判定確定 | ID:206 | 結果:双子果 | 信頼度:97%
[2026-08-05 03:19:27] [INFO ] [main    ] 判定確定 | ID:207 | 結果:健全果 | 信頼度:98%
[2026-08-05 03:19:28] [INFO ] [main    ] 判定確定 | ID:208 | 結果:双子果 | 信頼度:97%
[2026-08-05 03:19:29] [INFO ] [main    ] 判定確定 | ID:209 | 結果:未熟果 | 信頼度:97%
[2026-08-05 03:19:30] [INFO ] [main    ] 判定確定 | ID:210 | 結果:健全果 | 信頼度:97%
[2026-08-05 03:19:32] [INFO ] [main    ] 判定確定 | ID:211 | 結果:果梗裂果 | 信頼度:95%
[2026-08-05 03:19:33] [INFO ] [main    ] 判定確定 | ID:212 | 結果:健全果 | 信頼度:97%
[2026-08-05 03:19:34] [INFO ] [main    ] 判定確定 | ID:213 | 結果:双子果 | 信頼度:97%
[2026-08-05 03:19:35] [INFO ] [main    ] 判定確定 | ID:214 | 結果:健全果 | 信頼度:97%
[2026-08-05 03:19:36] [INFO ] [main    ] 判定確定 | ID:215 | 結果:双子果 | 信頼度:97%
[2026-08-05 03:19:37] [INFO ] [main    ] 判定確定 | ID:216 | 結果:未熟果 | 信頼度:97%
[2026-08-05 03:19:39] [INFO ] [main    ] 判定確定 | ID:217 | 結果:双子果 | 信頼度:97%
[2026-08-05 03:19:40] [INFO ] [main    ] 判定確定 | ID:218 | 結果:健全果 | 信頼度:97%
[2026-08-05 03:19:41] [INFO ] [main    ] 判定確定 | ID:219 | 結果:双子果 | 信頼度:97%
[2026-08-05 03:19:42] [INFO ] [main    ] 判定確定 | ID:220 | 結果:未熟果 | 信頼度:97%
[2026-08-05 03:19:43] [INFO ] [main    ] 判定確定 | ID:221 | 結果:健全果 | 信頼度:97%
[2026-08-05 03:19:44] [DEBUG] [motor   ] [Serial Send] P
[2026-08-05 03:19:44] [INFO ] [event   ] arduino_heartbeat status=ok latency_ms=0.0
[2026-08-05 03:19:44] [DEBUG] [motor   ] [Serial Recv] OK:PONG
[2026-08-05 03:19:45] [INFO ] [main    ] 判定確定 | ID:222 | 結果:果梗裂果 | 信頼度:95%
[2026-08-05 03:19:46] [INFO ] [main    ] 判定確定 | ID:223 | 結果:健全果 | 信頼度:98%
[2026-08-05 03:19:47] [INFO ] [main    ] 判定確定 | ID:224 | 結果:双子果 | 信頼度:97%
[2026-08-05 03:19:48] [INFO ] [main    ] 判定確定 | ID:225 | 結果:健全果 | 信頼度:97%
[2026-08-05 03:19:49] [INFO ] [main    ] 判定確定 | ID:226 | 結果:双子果 | 信頼度:97%
[2026-08-05 03:19:50] [INFO ] [main    ] 判定確定 | ID:227 | 結果:未熟果 | 信頼度:97%
[2026-08-05 03:19:51] [INFO ] [main    ] 判定確定 | ID:228 | 結果:双子果 | 信頼度:97%
[2026-08-05 03:19:53] [INFO ] [main    ] 判定確定 | ID:229 | 結果:健全果 | 信頼度:97%
[2026-08-05 03:19:54] [INFO ] [main    ] 判定確定 | ID:230 | 結果:双子果 | 信頼度:97%
[2026-08-05 03:19:55] [INFO ] [main    ] 判定確定 | ID:231 | 結果:未熟果 | 信頼度:98%
[2026-08-05 03:19:56] [INFO ] [main    ] 判定確定 | ID:232 | 結果:健全果 | 信頼度:97%
[2026-08-05 03:19:57] [INFO ] [main    ] 判定確定 | ID:233 | 結果:果梗裂果 | 信頼度:95%
[2026-08-05 03:19:59] [INFO ] [main    ] 判定確定 | ID:234 | 結果:健全果 | 信頼度:97%
[2026-08-05 03:20:00] [INFO ] [main    ] 判定確定 | ID:235 | 結果:双子果 | 信頼度:97%
[2026-08-05 03:20:01] [INFO ] [main    ] 判定確定 | ID:236 | 結果:健全果 | 信頼度:97%
[2026-08-05 03:20:02] [INFO ] [main    ] 判定確定 | ID:237 | 結果:双子果 | 信頼度:97%
[2026-08-05 03:20:03] [INFO ] [main    ] 判定確定 | ID:238 | 結果:未熟果 | 信頼度:97%
[2026-08-05 03:20:04] [INFO ] [main    ] 判定確定 | ID:239 | 結果:双子果 | 信頼度:97%
[2026-08-05 03:20:05] [INFO ] [main    ] 判定確定 | ID:240 | 結果:健全果 | 信頼度:97%
[2026-08-05 03:20:07] [INFO ] [main    ] 判定確定 | ID:241 | 結果:双子果 | 信頼度:97%
[2026-08-05 03:20:08] [INFO ] [main    ] 判定確定 | ID:242 | 結果:未熟果 | 信頼度:98%
[2026-08-05 03:20:09] [INFO ] [main    ] 判定確定 | ID:243 | 結果:健全果 | 信頼度:97%
[2026-08-05 03:20:10] [INFO ] [main    ] 判定確定 | ID:244 | 結果:果梗裂果 | 信頼度:95%
[2026-08-05 03:20:11] [INFO ] [main    ] 判定確定 | ID:245 | 結果:健全果 | 信頼度:98%
[2026-08-05 03:20:12] [INFO ] [main    ] 判定確定 | ID:246 | 結果:双子果 | 信頼度:97%
[2026-08-05 03:20:14] [INFO ] [main    ] 判定確定 | ID:247 | 結果:健全果 | 信頼度:97%
[2026-08-05 03:20:14] [DEBUG] [motor   ] [Serial Send] P
[2026-08-05 03:20:14] [INFO ] [event   ] arduino_heartbeat status=ok latency_ms=0.0
[2026-08-05 03:20:14] [DEBUG] [motor   ] [Serial Recv] OK:PONG
[2026-08-05 03:20:15] [INFO ] [main    ] 判定確定 | ID:248 | 結果:双子果 | 信頼度:97%
[2026-08-05 03:20:16] [DEBUG] [camera  ] [CamStats] cam_top: 累積 成功 5934 枚 / エラー 0 回 (エラー率 0.00%)
[2026-08-05 03:20:16] [DEBUG] [camera  ] [CamStats] cam_inside: 累積 成功 5923 枚 / エラー 0 回 (エラー率 0.00%)
[2026-08-05 03:20:16] [DEBUG] [camera  ] [CamStats] cam_under: 累積 成功 5920 枚 / エラー 0 回 (エラー率 0.00%)
[2026-08-05 03:20:16] [DEBUG] [camera  ] [CamStats] cam_outside: 累積 成功 5931 枚 / エラー 0 回 (エラー率 0.00%)
[2026-08-05 03:20:16] [INFO ] [event   ] mem_snapshot py_current_mb=118.5 py_peak_mb=129.1 top=['C:\\Users\\kotan\\gohara\\DCRsystem_app\\DCRsystem5goki_app_base\\module_cameras_5goki.py:196: 92.1MB', 'C:\\Users\\kotan\\gohara\\DCRsystem_app\\DCRsystem5goki_app_base\\module_yolo.py:871: 4.9MB', 'C:\\Users\\kotan\\gohara\\DCRsystem_app\\DCRsystem5goki_app_base\\module_yolo.py:774: 4.9MB', 'C:\\Users\\kotan\\gohara\\DCRsystem_app\\DCRsystem5goki_app_base\\module_yolo.py:711: 4.9MB', 'C:\\Users\\kotan\\gohara\\DCRsystem_app\\DCRsystem5goki_app_base\\.venv\\lib\\site-packages\\pypylon\\pylon.py:6397: 4.2MB']
[2026-08-05 03:20:16] [INFO ] [main    ] 判定確定 | ID:249 | 結果:未熟果 | 信頼度:97%
[2026-08-05 03:20:17] [INFO ] [main    ] 判定確定 | ID:250 | 結果:双子果 | 信頼度:97%
[2026-08-05 03:20:18] [INFO ] [main    ] 判定確定 | ID:251 | 結果:健全果 | 信頼度:97%
[2026-08-05 03:20:19] [INFO ] [main    ] 判定確定 | ID:252 | 結果:双子果 | 信頼度:97%
[2026-08-05 03:20:21] [INFO ] [main    ] 判定確定 | ID:253 | 結果:未熟果 | 信頼度:98%
[2026-08-05 03:20:22] [INFO ] [main    ] 判定確定 | ID:254 | 結果:健全果 | 信頼度:97%
[2026-08-05 03:20:23] [INFO ] [main    ] 判定確定 | ID:255 | 結果:果梗裂果 | 信頼度:95%
[2026-08-05 03:20:24] [INFO ] [main    ] 判定確定 | ID:256 | 結果:健全果 | 信頼度:97%
[2026-08-05 03:20:25] [INFO ] [main    ] 判定確定 | ID:257 | 結果:双子果 | 信頼度:97%
[2026-08-05 03:20:26] [INFO ] [main    ] 判定確定 | ID:258 | 結果:健全果 | 信頼度:97%
[2026-08-05 03:20:27] [INFO ] [main    ] 判定確定 | ID:259 | 結果:双子果 | 信頼度:97%
[2026-08-05 03:20:29] [INFO ] [main    ] 判定確定 | ID:260 | 結果:未熟果 | 信頼度:97%
[2026-08-05 03:20:30] [INFO ] [main    ] 判定確定 | ID:261 | 結果:双子果 | 信頼度:97%
[2026-08-05 03:20:31] [INFO ] [main    ] 判定確定 | ID:262 | 結果:健全果 | 信頼度:97%
[2026-08-05 03:20:32] [INFO ] [main    ] 判定確定 | ID:263 | 結果:双子果 | 信頼度:97%
[2026-08-05 03:20:33] [INFO ] [main    ] 判定確定 | ID:264 | 結果:未熟果 | 信頼度:97%
[2026-08-05 03:20:34] [INFO ] [main    ] 判定確定 | ID:265 | 結果:健全果 | 信頼度:97%
[2026-08-05 03:20:36] [INFO ] [main    ] 判定確定 | ID:266 | 結果:果梗裂果 | 信頼度:95%
[2026-08-05 03:20:37] [INFO ] [main    ] 判定確定 | ID:267 | 結果:健全果 | 信頼度:98%
[2026-08-05 03:20:38] [INFO ] [main    ] 判定確定 | ID:268 | 結果:双子果 | 信頼度:97%
[2026-08-05 03:20:39] [INFO ] [main    ] 判定確定 | ID:269 | 結果:健全果 | 信頼度:97%
[2026-08-05 03:20:40] [INFO ] [main    ] 判定確定 | ID:270 | 結果:双子果 | 信頼度:97%
[2026-08-05 03:20:41] [INFO ] [main    ] 判定確定 | ID:271 | 結果:未熟果 | 信頼度:97%
[2026-08-05 03:20:43] [INFO ] [main    ] 判定確定 | ID:272 | 結果:双子果 | 信頼度:97%
[2026-08-05 03:20:44] [DEBUG] [motor   ] [Serial Send] P
[2026-08-05 03:20:44] [INFO ] [event   ] arduino_heartbeat status=ok latency_ms=0.0
[2026-08-05 03:20:44] [DEBUG] [motor   ] [Serial Recv] OK:PONG
[2026-08-05 03:20:44] [INFO ] [main    ] 判定確定 | ID:273 | 結果:健全果 | 信頼度:97%
[2026-08-05 03:20:45] [INFO ] [main    ] 判定確定 | ID:274 | 結果:双子果 | 信頼度:97%
[2026-08-05 03:20:46] [INFO ] [main    ] 判定確定 | ID:275 | 結果:未熟果 | 信頼度:97%
[2026-08-05 03:20:47] [INFO ] [main    ] 判定確定 | ID:276 | 結果:健全果 | 信頼度:97%
[2026-08-05 03:20:49] [INFO ] [main    ] 判定確定 | ID:277 | 結果:果梗裂果 | 信頼度:95%
[2026-08-05 03:20:50] [INFO ] [main    ] 判定確定 | ID:278 | 結果:双子果 | 信頼度:93%
[2026-08-05 03:20:51] [INFO ] [main    ] 判定確定 | ID:279 | 結果:双子果 | 信頼度:97%
[2026-08-05 03:20:52] [INFO ] [main    ] 判定確定 | ID:280 | 結果:健全果 | 信頼度:97%
[2026-08-05 03:20:53] [INFO ] [main    ] 判定確定 | ID:281 | 結果:双子果 | 信頼度:97%
[2026-08-05 03:20:54] [INFO ] [main    ] 判定確定 | ID:282 | 結果:未熟果 | 信頼度:97%
[2026-08-05 03:20:55] [INFO ] [main    ] 判定確定 | ID:283 | 結果:双子果 | 信頼度:97%
[2026-08-05 03:20:57] [INFO ] [main    ] 判定確定 | ID:284 | 結果:健全果 | 信頼度:97%
[2026-08-05 03:20:58] [INFO ] [main    ] 判定確定 | ID:285 | 結果:双子果 | 信頼度:97%
[2026-08-05 03:20:59] [INFO ] [main    ] 判定確定 | ID:286 | 結果:未熟果 | 信頼度:98%
[2026-08-05 03:21:00] [INFO ] [main    ] 判定確定 | ID:287 | 結果:健全果 | 信頼度:97%
[2026-08-05 03:21:01] [INFO ] [main    ] 判定確定 | ID:288 | 結果:果梗裂果 | 信頼度:95%
[2026-08-05 03:21:03] [INFO ] [main    ] 判定確定 | ID:289 | 結果:双子果 | 信頼度:70%
[2026-08-05 03:21:04] [INFO ] [main    ] 判定確定 | ID:290 | 結果:双子果 | 信頼度:97%
[2026-08-05 03:21:05] [INFO ] [main    ] 判定確定 | ID:291 | 結果:健全果 | 信頼度:97%
[2026-08-05 03:21:06] [INFO ] [main    ] 判定確定 | ID:292 | 結果:双子果 | 信頼度:97%
[2026-08-05 03:21:07] [INFO ] [main    ] 判定確定 | ID:293 | 結果:未熟果 | 信頼度:97%
[2026-08-05 03:21:08] [INFO ] [main    ] 判定確定 | ID:294 | 結果:双子果 | 信頼度:97%
[2026-08-05 03:21:10] [INFO ] [main    ] 判定確定 | ID:295 | 結果:健全果 | 信頼度:98%
[2026-08-05 03:21:11] [INFO ] [main    ] 判定確定 | ID:296 | 結果:双子果 | 信頼度:97%
[2026-08-05 03:21:12] [INFO ] [main    ] 判定確定 | ID:297 | 結果:未熟果 | 信頼度:98%
[2026-08-05 03:21:13] [INFO ] [main    ] 判定確定 | ID:298 | 結果:健全果 | 信頼度:97%
[2026-08-05 03:21:14] [DEBUG] [motor   ] [Serial Send] P
[2026-08-05 03:21:14] [INFO ] [event   ] arduino_heartbeat status=ok latency_ms=0.0
[2026-08-05 03:21:14] [DEBUG] [motor   ] [Serial Recv] OK:PONG
[2026-08-05 03:21:14] [INFO ] [main    ] 判定確定 | ID:299 | 結果:果梗裂果 | 信頼度:95%
[2026-08-05 03:21:16] [INFO ] [main    ] 判定確定 | ID:300 | 結果:双子果 | 信頼度:87%
[2026-08-05 03:21:16] [DEBUG] [camera  ] [CamStats] cam_top: 累積 成功 7134 枚 / エラー 0 回 (エラー率 0.00%)
[2026-08-05 03:21:16] [DEBUG] [camera  ] [CamStats] cam_under: 累積 成功 7120 枚 / エラー 0 回 (エラー率 0.00%)
[2026-08-05 03:21:16] [DEBUG] [camera  ] [CamStats] cam_inside: 累積 成功 7124 枚 / エラー 0 回 (エラー率 0.00%)
[2026-08-05 03:21:16] [DEBUG] [camera  ] [CamStats] cam_outside: 累積 成功 7131 枚 / エラー 0 回 (エラー率 0.00%)
[2026-08-05 03:21:16] [INFO ] [event   ] mem_snapshot py_current_mb=112.7 py_peak_mb=129.1 top=['C:\\Users\\kotan\\gohara\\DCRsystem_app\\DCRsystem5goki_app_base\\module_cameras_5goki.py:196: 92.1MB', 'C:\\Users\\kotan\\gohara\\DCRsystem_app\\DCRsystem5goki_app_base\\module_yolo.py:774: 4.9MB', 'C:\\Users\\kotan\\gohara\\DCRsystem_app\\DCRsystem5goki_app_base\\module_yolo.py:711: 4.9MB', 'C:\\Users\\kotan\\gohara\\DCRsystem_app\\DCRsystem5goki_app_base\\.venv\\lib\\site-packages\\pypylon\\pylon.py:6397: 4.1MB', 'C:\\Users\\kotan\\gohara\\DCRsystem_app\\DCRsystem5goki_app_base\\module_cameras_5goki.py:202: 2.0MB']
[2026-08-05 03:21:16] [INFO ] [main    ] 判定確定 | ID:301 | 結果:双子果 | 信頼度:97%
[2026-08-05 03:21:18] [INFO ] [main    ] 判定確定 | ID:302 | 結果:健全果 | 信頼度:97%
[2026-08-05 03:21:19] [INFO ] [main    ] 判定確定 | ID:303 | 結果:双子果 | 信頼度:97%
[2026-08-05 03:21:20] [INFO ] [main    ] 判定確定 | ID:304 | 結果:未熟果 | 信頼度:97%
[2026-08-05 03:21:21] [INFO ] [main    ] 判定確定 | ID:305 | 結果:双子果 | 信頼度:97%
[2026-08-05 03:21:22] [INFO ] [main    ] 判定確定 | ID:306 | 結果:健全果 | 信頼度:97%
[2026-08-05 03:21:23] [INFO ] [main    ] 判定確定 | ID:307 | 結果:双子果 | 信頼度:97%
[2026-08-05 03:21:25] [INFO ] [main    ] 判定確定 | ID:308 | 結果:未熟果 | 信頼度:97%
[2026-08-05 03:21:26] [INFO ] [main    ] 判定確定 | ID:309 | 結果:健全果 | 信頼度:97%
[2026-08-05 03:21:27] [INFO ] [main    ] 判定確定 | ID:310 | 結果:果梗裂果 | 信頼度:95%
[2026-08-05 03:21:28] [INFO ] [main    ] 判定確定 | ID:311 | 結果:健全果 | 信頼度:98%
[2026-08-05 03:21:29] [INFO ] [main    ] 判定確定 | ID:312 | 結果:双子果 | 信頼度:97%
[2026-08-05 03:21:30] [INFO ] [main    ] 判定確定 | ID:313 | 結果:健全果 | 信頼度:97%
[2026-08-05 03:21:32] [INFO ] [main    ] 判定確定 | ID:314 | 結果:双子果 | 信頼度:97%
[2026-08-05 03:21:33] [INFO ] [main    ] 判定確定 | ID:315 | 結果:未熟果 | 信頼度:97%
[2026-08-05 03:21:34] [INFO ] [main    ] 判定確定 | ID:316 | 結果:双子果 | 信頼度:97%
[2026-08-05 03:21:35] [INFO ] [main    ] 判定確定 | ID:317 | 結果:健全果 | 信頼度:97%
[2026-08-05 03:21:36] [INFO ] [main    ] 判定確定 | ID:318 | 結果:双子果 | 信頼度:96%
[2026-08-05 03:21:37] [INFO ] [main    ] 判定確定 | ID:319 | 結果:未熟果 | 信頼度:97%
[2026-08-05 03:21:38] [INFO ] [main    ] 判定確定 | ID:320 | 結果:健全果 | 信頼度:97%
[2026-08-05 03:21:40] [INFO ] [main    ] 判定確定 | ID:321 | 結果:果梗裂果 | 信頼度:95%
[2026-08-05 03:21:41] [INFO ] [main    ] 判定確定 | ID:322 | 結果:健全果 | 信頼度:98%
[2026-08-05 03:21:42] [INFO ] [main    ] 判定確定 | ID:323 | 結果:双子果 | 信頼度:97%
[2026-08-05 03:21:43] [INFO ] [main    ] 判定確定 | ID:324 | 結果:健全果 | 信頼度:97%
[2026-08-05 03:21:44] [DEBUG] [motor   ] [Serial Send] P
[2026-08-05 03:21:44] [INFO ] [event   ] arduino_heartbeat status=ok latency_ms=1.1
[2026-08-05 03:21:44] [DEBUG] [motor   ] [Serial Recv] OK:PONG
[2026-08-05 03:21:44] [INFO ] [main    ] 判定確定 | ID:325 | 結果:双子果 | 信頼度:97%
[2026-08-05 03:21:46] [INFO ] [main    ] 判定確定 | ID:326 | 結果:未熟果 | 信頼度:97%
[2026-08-05 03:21:47] [INFO ] [main    ] 判定確定 | ID:327 | 結果:双子果 | 信頼度:97%
[2026-08-05 03:21:48] [INFO ] [main    ] 判定確定 | ID:328 | 結果:健全果 | 信頼度:98%
[2026-08-05 03:21:49] [INFO ] [main    ] 判定確定 | ID:329 | 結果:双子果 | 信頼度:97%
[2026-08-05 03:21:50] [INFO ] [main    ] 判定確定 | ID:330 | 結果:未熟果 | 信頼度:98%
[2026-08-05 03:21:51] [INFO ] [main    ] 判定確定 | ID:331 | 結果:健全果 | 信頼度:97%
[2026-08-05 03:21:53] [INFO ] [main    ] 判定確定 | ID:332 | 結果:果梗裂果 | 信頼度:95%
[2026-08-05 03:21:54] [INFO ] [main    ] 判定確定 | ID:333 | 結果:健全果 | 信頼度:97%
[2026-08-05 03:21:55] [INFO ] [main    ] 判定確定 | ID:334 | 結果:双子果 | 信頼度:97%
[2026-08-05 03:21:56] [INFO ] [main    ] 判定確定 | ID:335 | 結果:健全果 | 信頼度:97%
[2026-08-05 03:21:57] [INFO ] [main    ] 判定確定 | ID:336 | 結果:双子果 | 信頼度:97%
[2026-08-05 03:21:58] [INFO ] [main    ] 判定確定 | ID:337 | 結果:未熟果 | 信頼度:97%
[2026-08-05 03:22:00] [INFO ] [main    ] 判定確定 | ID:338 | 結果:双子果 | 信頼度:97%
[2026-08-05 03:22:01] [INFO ] [main    ] 判定確定 | ID:339 | 結果:健全果 | 信頼度:97%
[2026-08-05 03:22:02] [INFO ] [main    ] 判定確定 | ID:340 | 結果:双子果 | 信頼度:97%
[2026-08-05 03:22:03] [INFO ] [main    ] 判定確定 | ID:341 | 結果:未熟果 | 信頼度:97%
[2026-08-05 03:22:04] [INFO ] [main    ] 判定確定 | ID:342 | 結果:健全果 | 信頼度:97%
[2026-08-05 03:22:06] [INFO ] [main    ] 判定確定 | ID:343 | 結果:果梗裂果 | 信頼度:95%
[2026-08-05 03:22:07] [INFO ] [main    ] 判定確定 | ID:344 | 結果:双子果 | 信頼度:79%
[2026-08-05 03:22:08] [INFO ] [main    ] 判定確定 | ID:345 | 結果:双子果 | 信頼度:97%
[2026-08-05 03:22:09] [INFO ] [main    ] 判定確定 | ID:346 | 結果:健全果 | 信頼度:97%
[2026-08-05 03:22:10] [INFO ] [main    ] 判定確定 | ID:347 | 結果:双子果 | 信頼度:97%
[2026-08-05 03:22:11] [INFO ] [main    ] 判定確定 | ID:348 | 結果:未熟果 | 信頼度:97%
[2026-08-05 03:22:12] [INFO ] [main    ] 判定確定 | ID:349 | 結果:双子果 | 信頼度:97%
[2026-08-05 03:22:14] [INFO ] [main    ] 判定確定 | ID:350 | 結果:健全果 | 信頼度:97%
[2026-08-05 03:22:14] [DEBUG] [motor   ] [Serial Send] P
[2026-08-05 03:22:14] [INFO ] [event   ] arduino_heartbeat status=ok latency_ms=0.0
[2026-08-05 03:22:14] [DEBUG] [motor   ] [Serial Recv] OK:PONG
[2026-08-05 03:22:14] [INFO ] [event   ] トグルスイッチ OFF: 停止
[2026-08-05 03:22:14] [DEBUG] [motor   ] [Serial Send] S
[2026-08-05 03:22:14] [INFO ] [patlite ] 状態遷移: 待機中
[2026-08-05 03:22:14] [INFO ] [relay   ] 全リレーをOFF（停止）にしました。
[2026-08-05 03:22:14] [DEBUG] [motor   ] [Serial Recv] OK:STOP
[2026-08-05 03:22:16] [DEBUG] [camera  ] [CamStats] cam_top: 累積 成功 8335 枚 / エラー 0 回 (エラー率 0.00%)
[2026-08-05 03:22:16] [DEBUG] [camera  ] [CamStats] cam_inside: 累積 成功 8324 枚 / エラー 0 回 (エラー率 0.00%)
[2026-08-05 03:22:16] [DEBUG] [camera  ] [CamStats] cam_under: 累積 成功 8321 枚 / エラー 0 回 (エラー率 0.00%)
[2026-08-05 03:22:16] [DEBUG] [camera  ] [CamStats] cam_outside: 累積 成功 8331 枚 / エラー 0 回 (エラー率 0.00%)
[2026-08-05 03:22:16] [INFO ] [event   ] mem_snapshot py_current_mb=118.0 py_peak_mb=129.1 top=['C:\\Users\\kotan\\gohara\\DCRsystem_app\\DCRsystem5goki_app_base\\module_cameras_5goki.py:196: 92.1MB', 'C:\\Users\\kotan\\gohara\\DCRsystem_app\\DCRsystem5goki_app_base\\module_yolo.py:711: 4.9MB', 'C:\\Users\\kotan\\gohara\\DCRsystem_app\\DCRsystem5goki_app_base\\module_yolo.py:871: 4.9MB', 'C:\\Users\\kotan\\gohara\\DCRsystem_app\\DCRsystem5goki_app_base\\module_yolo.py:774: 4.9MB', 'C:\\Users\\kotan\\gohara\\DCRsystem_app\\DCRsystem5goki_app_base\\.venv\\lib\\site-packages\\pypylon\\pylon.py:6397: 4.2MB']
[2026-08-05 03:22:18] [INFO ] [main    ] 電源ボタンが押されました。終了します。
[2026-08-05 03:22:18] [INFO ] [patlite ] 切断完了
[2026-08-05 03:22:18] [INFO ] [relay   ] 切断完了
[2026-08-05 03:22:18] [WARN ] [camera  ] [GrabError] cam_top: 連続 1 回目 / 継続 0ms / 累積エラー 1 回・成功 8379 枚 - RuntimeException: No grab result data is referenced. Cannot access NULL pointer. : RuntimeException thrown (file 'GrabResultPtr.cpp', line 87)
[2026-08-05 03:22:18] [DEBUG] [camera  ] スレッド終了: cam_top
[2026-08-05 03:22:18] [INFO ] [camera  ] cam_top: リソース解放完了
[2026-08-05 03:22:18] [WARN ] [camera  ] [GrabError] cam_under: 連続 1 回目 / 継続 0ms / 累積エラー 1 回・成功 8367 枚 - RuntimeException: No grab result data is referenced. Cannot access NULL pointer. : RuntimeException thrown (file 'GrabResultPtr.cpp', line 87)
[2026-08-05 03:22:18] [DEBUG] [camera  ] スレッド終了: cam_under
[2026-08-05 03:22:18] [INFO ] [camera  ] cam_under: リソース解放完了
[2026-08-05 03:22:18] [WARN ] [camera  ] [GrabError] cam_inside: 連続 1 回目 / 継続 0ms / 累積エラー 1 回・成功 8373 枚 - RuntimeException: No grab result data is referenced. Cannot access NULL pointer. : RuntimeException thrown (file 'GrabResultPtr.cpp', line 87)
[2026-08-05 03:22:18] [DEBUG] [camera  ] スレッド終了: cam_inside
[2026-08-05 03:22:18] [INFO ] [camera  ] cam_inside: リソース解放完了
[2026-08-05 03:22:18] [WARN ] [camera  ] [GrabError] cam_outside: 連続 1 回目 / 継続 0ms / 累積エラー 1 回・成功 8381 枚 - RuntimeException: No grab result data is referenced. Cannot access NULL pointer. : RuntimeException thrown (file 'GrabResultPtr.cpp', line 87)
[2026-08-05 03:22:18] [DEBUG] [camera  ] スレッド終了: cam_outside
[2026-08-05 03:22:18] [INFO ] [camera  ] cam_outside: リソース解放完了
[2026-08-05 03:22:18] [DEBUG] [motor   ] [Serial Send] C
[2026-08-05 03:22:18] [DEBUG] [motor   ] [Serial Recv] OK:CLEANUP
[2026-08-05 03:22:18] [INFO ] [motor   ] 切断しました
[2026-08-05 03:22:18] [DEBUG] [yolo    ] カメラワーカー終了: cam_inside
[2026-08-05 03:22:18] [DEBUG] [yolo    ] カメラワーカー終了: cam_outside
[2026-08-05 03:22:18] [DEBUG] [yolo    ] カメラワーカー終了: cam_under
[2026-08-05 03:22:19] [DEBUG] [yolo    ] カメラワーカー終了: cam_top
[2026-08-05 03:22:19] [INFO ] [event   ] shutdown uptime_s=428.6
[2026-08-05 03:22:19] [INFO ] [relay   ] 切断完了
