[2026-06-23 19:42:25] [INFO ] [main    ] DCRsystem 起動
[2026-06-23 19:42:28] [INFO ] [patlite ] 接続成功
[2026-06-23 19:42:29] [INFO ] [patlite ] 状態遷移: 初期化中
[2026-06-23 19:42:29] [INFO ] [relay   ] リレーボード(32)接続成功
[2026-06-23 19:42:29] [INFO ] [relay   ] 全リレーをOFF（停止）にしました。
[2026-06-23 19:42:31] [INFO ] [motor   ] 接続しました (COM3)
[2026-06-23 19:42:31] [INFO ] [event   ] arduino_connect port=COM3 baudrate=115200
[2026-06-23 19:42:33] [INFO ] [camera  ] cam_top: 設定を適用しました
[2026-06-23 19:42:33] [INFO ] [camera  ] cam_under: 設定を適用しました
[2026-06-23 19:42:33] [INFO ] [camera  ] cam_inside: 設定を適用しました
[2026-06-23 19:42:33] [INFO ] [camera  ] cam_outside: 設定を適用しました
[2026-06-23 19:42:33] [INFO ] [yolo    ] YOLOモデル Trained_Models/v4_11s.pt をロード中...
[2026-06-23 19:42:34] [INFO ] [event   ] startup model=v4_11s.pt imgsz=640 precision=fp32 batch=1 gpu_name=NVIDIA GeForce RTX 4090 Laptop GPU gpu_mem_total_mb=17171.480576
[2026-06-23 19:42:34] [INFO ] [main    ] 表示遅延を固定 (calibrate_delay.pyより)  cam_under=2.008s / cam_inside=2.039s
[2026-06-23 19:42:34] [INFO ] [camera  ] キャプチャ開始: cam_top
[2026-06-23 19:42:34] [INFO ] [camera  ] キャプチャ開始: cam_under
[2026-06-23 19:42:34] [INFO ] [camera  ] キャプチャ開始: cam_inside
[2026-06-23 19:42:34] [INFO ] [camera  ] キャプチャ開始: cam_outside
[2026-06-23 19:42:34] [INFO ] [patlite ] 状態遷移: 待機中
[2026-06-23 19:42:34] [DEBUG] [motor   ] [Serial Send] Q
[2026-06-23 19:42:34] [DEBUG] [motor   ] [Serial Recv] ESTOP_CLEARED (非常停止 解除)
[2026-06-23 19:42:34] [INFO ] [event   ] [非常停止] 解除されました。待機中に戻ります。
[2026-06-23 19:42:34] [INFO ] [patlite ] 状態遷移: 待機中
[2026-06-23 19:42:37] [INFO ] [main    ] 表示遅延を固定 (calibrate_delay.pyより)  cam_under=2.008s / cam_inside=2.039s
[2026-06-23 19:42:37] [INFO ] [main    ] スピード設定をメインに保存: 6
[2026-06-23 19:42:37] [INFO ] [event   ] トグルスイッチ ON: 動作開始
[2026-06-23 19:42:37] [DEBUG] [motor   ] [Serial Send] V6
[2026-06-23 19:42:37] [INFO ] [event   ] arduino_params speed_level=6 pulse_width_ms=0.5 period_ms=1.0
[2026-06-23 19:42:37] [DEBUG] [motor   ] [Serial Send] R
[2026-06-23 19:42:37] [INFO ] [patlite ] 状態遷移: 正常運転中
[2026-06-23 19:42:37] [DEBUG] [motor   ] [Serial Recv] OK:SPEED=6
[2026-06-23 19:42:37] [DEBUG] [motor   ] [Serial Recv] OK:ROTATE
[2026-06-23 19:42:37] [INFO ] [yolo    ] HSV設定を読み込みました: hsv_json\hsv_config_cam_top.json
[2026-06-23 19:42:37] [INFO ] [yolo    ] HSV設定を読み込みました: hsv_json\hsv_config_cam_under.json
[2026-06-23 19:42:37] [INFO ] [yolo    ] HSV設定を読み込みました: hsv_json\hsv_config_cam_inside.json
[2026-06-23 19:42:37] [INFO ] [yolo    ] HSV設定を読み込みました: hsv_json\hsv_config_cam_outside.json
[2026-06-23 19:42:38] [INFO ] [main    ] 判定確定 | ID:001 | 結果:健全果 | 信頼度:94%
[2026-06-23 19:42:41] [INFO ] [main    ] 判定確定 | ID:002 | 結果:黒双子 | 信頼度:93%
[2026-06-23 19:42:45] [INFO ] [main    ] 判定確定 | ID:003 | 結果:未熟果 | 信頼度:96%
[2026-06-23 19:42:47] [INFO ] [main    ] 判定確定 | ID:004 | 結果:健全果 | 信頼度:96%
[2026-06-23 19:42:49] [INFO ] [main    ] 判定確定 | ID:005 | 結果:奇形果 | 信頼度:95%
[2026-06-23 19:42:51] [INFO ] [main    ] 判定確定 | ID:006 | 結果:健全果 | 信頼度:96%
[2026-06-23 19:42:54] [INFO ] [main    ] 判定確定 | ID:007 | 結果:健全果 | 信頼度:97%
[2026-06-23 19:42:58] [INFO ] [main    ] 判定確定 | ID:008 | 結果:未熟果 | 信頼度:96%
[2026-06-23 19:42:59] [INFO ] [main    ] 判定確定 | ID:009 | 結果:健全果 | 信頼度:95%
[2026-06-23 19:43:01] [DEBUG] [motor   ] [Serial Send] P
[2026-06-23 19:43:01] [INFO ] [event   ] arduino_heartbeat status=ok latency_ms=0.0
[2026-06-23 19:43:01] [DEBUG] [motor   ] [Serial Recv] OK:PONG
[2026-06-23 19:43:02] [INFO ] [main    ] 判定確定 | ID:010 | 結果:奇形果 | 信頼度:95%
[2026-06-23 19:43:04] [WARN ] [camera  ] [GrabError] cam_under: 連続 1 回目 / 継続 0ms / 累積エラー 1 回・成功 600 枚 - Exception: GrabSucceeded=False code=0xE2000102 desc=The buffer was cancelled.
[2026-06-23 19:43:04] [WARN ] [camera  ] cam_under: 1回の連続エラーから復帰 (この間パネルは約 32ms フリーズ)
[2026-06-23 19:43:04] [INFO ] [main    ] 判定確定 | ID:011 | 結果:健全果 | 信頼度:96%
[2026-06-23 19:43:06] [INFO ] [main    ] 判定確定 | ID:012 | 結果:奇形果 | 信頼度:90%
[2026-06-23 19:43:11] [INFO ] [main    ] 判定確定 | ID:013 | 結果:未熟果 | 信頼度:96%
[2026-06-23 19:43:12] [INFO ] [main    ] 判定確定 | ID:014 | 結果:健全果 | 信頼度:95%
[2026-06-23 19:43:15] [INFO ] [main    ] 判定確定 | ID:015 | 結果:奇形果 | 信頼度:95%
[2026-06-23 19:43:17] [INFO ] [main    ] 判定確定 | ID:016 | 結果:健全果 | 信頼度:96%
[2026-06-23 19:43:19] [INFO ] [main    ] 判定確定 | ID:017 | 結果:奇形果 | 信頼度:91%
[2026-06-23 19:43:24] [INFO ] [main    ] 判定確定 | ID:018 | 結果:未熟果 | 信頼度:96%
[2026-06-23 19:43:25] [INFO ] [main    ] 判定確定 | ID:019 | 結果:健全果 | 信頼度:96%
[2026-06-23 19:43:28] [INFO ] [main    ] 判定確定 | ID:020 | 結果:奇形果 | 信頼度:95%
[2026-06-23 19:43:30] [INFO ] [main    ] 判定確定 | ID:021 | 結果:健全果 | 信頼度:90%
[2026-06-23 19:43:32] [DEBUG] [motor   ] [Serial Send] P
[2026-06-23 19:43:32] [INFO ] [event   ] arduino_heartbeat status=ok latency_ms=3.7
[2026-06-23 19:43:32] [DEBUG] [motor   ] [Serial Recv] OK:PONG
[2026-06-23 19:43:32] [INFO ] [main    ] 判定確定 | ID:022 | 結果:健全果 | 信頼度:97%
[2026-06-23 19:43:34] [INFO ] [event   ] mem_snapshot py_current_mb=122.4 py_peak_mb=143.8 top=['c:\\Users\\kotan\\gohara\\DCRsystem_PC\\DCRsystem5goki_raw_PC_app\\module_cameras_5goki_v2.py:168: 102.3MB', 'c:\\Users\\kotan\\gohara\\DCRsystem_PC\\DCRsystem5goki_raw_PC_app\\module_yolo_csv4.py:566: 4.9MB', 'C:\\Users\\kotan\\gohara\\DCRsystem_PC\\DCRsystem5goki_raw_PC_app\\.venv\\Lib\\site-packages\\pypylon\\pylon.py:6403: 4.5MB', 'c:\\Users\\kotan\\gohara\\DCRsystem_PC\\DCRsystem5goki_raw_PC_app\\module_yolo_csv4.py:276: 2.1MB', 'c:\\Users\\kotan\\gohara\\DCRsystem_PC\\DCRsystem5goki_raw_PC_app\\module_cameras_5goki_v2.py:174: 2.0MB']
[2026-06-23 19:43:34] [DEBUG] [camera  ] [CamStats] cam_inside: 累積 成功 1200 枚 / エラー 0 回 (エラー率 0.00%)
[2026-06-23 19:43:34] [WARN ] [camera  ] [CamStats] cam_under: 累積 成功 1198 枚 / エラー 1 回 (エラー率 0.08%)
[2026-06-23 19:43:34] [DEBUG] [camera  ] [CamStats] cam_outside: 累積 成功 1200 枚 / エラー 0 回 (エラー率 0.00%)
[2026-06-23 19:43:34] [DEBUG] [camera  ] [CamStats] cam_top: 累積 成功 1201 枚 / エラー 0 回 (エラー率 0.00%)
[2026-06-23 19:43:36] [INFO ] [main    ] 判定確定 | ID:023 | 結果:未熟果 | 信頼度:96%
[2026-06-23 19:43:38] [INFO ] [main    ] 判定確定 | ID:024 | 結果:健全果 | 信頼度:96%
[2026-06-23 19:43:41] [INFO ] [main    ] 判定確定 | ID:025 | 結果:奇形果 | 信頼度:94%
[2026-06-23 19:43:43] [INFO ] [main    ] 判定確定 | ID:026 | 結果:健全果 | 信頼度:94%
[2026-06-23 19:43:45] [INFO ] [main    ] 判定確定 | ID:027 | 結果:黒双子 | 信頼度:90%
[2026-06-23 19:43:47] [WARN ] [camera  ] [GrabError] cam_under: 連続 1 回目 / 継続 0ms / 累積エラー 2 回・成功 1454 枚 - Exception: GrabSucceeded=False code=0xE2000102 desc=The buffer was cancelled.
[2026-06-23 19:43:47] [WARN ] [camera  ] cam_under: 1回の連続エラーから復帰 (この間パネルは約 47ms フリーズ)
[2026-06-23 19:43:49] [INFO ] [main    ] 判定確定 | ID:028 | 結果:未熟果 | 信頼度:97%
[2026-06-23 19:43:51] [INFO ] [main    ] 判定確定 | ID:029 | 結果:健全果 | 信頼度:94%
[2026-06-23 19:43:53] [INFO ] [main    ] 判定確定 | ID:030 | 結果:奇形果 | 信頼度:95%
[2026-06-23 19:43:55] [INFO ] [main    ] 判定確定 | ID:031 | 結果:健全果 | 信頼度:94%
[2026-06-23 19:43:58] [INFO ] [main    ] 判定確定 | ID:032 | 結果:健全果 | 信頼度:97%
[2026-06-23 19:44:02] [DEBUG] [motor   ] [Serial Send] P
[2026-06-23 19:44:02] [INFO ] [event   ] arduino_heartbeat status=ok latency_ms=0.0
[2026-06-23 19:44:02] [DEBUG] [motor   ] [Serial Recv] OK:PONG
[2026-06-23 19:44:02] [INFO ] [main    ] 判定確定 | ID:033 | 結果:未熟果 | 信頼度:96%
[2026-06-23 19:44:03] [INFO ] [main    ] 判定確定 | ID:034 | 結果:健全果 | 信頼度:96%
[2026-06-23 19:44:06] [INFO ] [main    ] 判定確定 | ID:035 | 結果:奇形果 | 信頼度:95%
[2026-06-23 19:44:08] [INFO ] [main    ] 判定確定 | ID:036 | 結果:健全果 | 信頼度:95%
[2026-06-23 19:44:11] [INFO ] [main    ] 判定確定 | ID:037 | 結果:健全果 | 信頼度:97%
[2026-06-23 19:44:15] [INFO ] [main    ] 判定確定 | ID:038 | 結果:未熟果 | 信頼度:96%
[2026-06-23 19:44:16] [INFO ] [main    ] 判定確定 | ID:039 | 結果:健全果 | 信頼度:95%
[2026-06-23 19:44:19] [INFO ] [main    ] 判定確定 | ID:040 | 結果:奇形果 | 信頼度:95%
[2026-06-23 19:44:21] [INFO ] [main    ] 判定確定 | ID:041 | 結果:健全果 | 信頼度:94%
[2026-06-23 19:44:23] [INFO ] [main    ] 判定確定 | ID:042 | 結果:未熟果 | 信頼度:95%
[2026-06-23 19:44:28] [INFO ] [main    ] 判定確定 | ID:043 | 結果:未熟果 | 信頼度:96%
[2026-06-23 19:44:29] [INFO ] [main    ] 判定確定 | ID:044 | 結果:未熟果 | 信頼度:95%
[2026-06-23 19:44:32] [DEBUG] [motor   ] [Serial Send] P
[2026-06-23 19:44:32] [INFO ] [event   ] arduino_heartbeat status=ok latency_ms=1.5
[2026-06-23 19:44:32] [DEBUG] [motor   ] [Serial Recv] OK:PONG
[2026-06-23 19:44:32] [INFO ] [main    ] 判定確定 | ID:045 | 結果:奇形果 | 信頼度:94%
[2026-06-23 19:44:34] [INFO ] [event   ] mem_snapshot py_current_mb=129.9 py_peak_mb=145.0 top=['c:\\Users\\kotan\\gohara\\DCRsystem_PC\\DCRsystem5goki_raw_PC_app\\module_cameras_5goki_v2.py:168: 102.3MB', 'c:\\Users\\kotan\\gohara\\DCRsystem_PC\\DCRsystem5goki_raw_PC_app\\module_yolo_csv4.py:372: 4.9MB', 'c:\\Users\\kotan\\gohara\\DCRsystem_PC\\DCRsystem5goki_raw_PC_app\\module_yolo_csv4.py:648: 4.9MB', 'c:\\Users\\kotan\\gohara\\DCRsystem_PC\\DCRsystem5goki_raw_PC_app\\module_yolo_csv4.py:599: 4.9MB', 'C:\\Users\\kotan\\gohara\\DCRsystem_PC\\DCRsystem5goki_raw_PC_app\\.venv\\Lib\\site-packages\\pypylon\\pylon.py:6403: 4.5MB']
[2026-06-23 19:44:34] [DEBUG] [camera  ] [CamStats] cam_inside: 累積 成功 2401 枚 / エラー 0 回 (エラー率 0.00%)
[2026-06-23 19:44:34] [DEBUG] [camera  ] [CamStats] cam_outside: 累積 成功 2401 枚 / エラー 0 回 (エラー率 0.00%)
[2026-06-23 19:44:34] [WARN ] [camera  ] [CamStats] cam_under: 累積 成功 2397 枚 / エラー 2 回 (エラー率 0.08%)
[2026-06-23 19:44:34] [DEBUG] [camera  ] [CamStats] cam_top: 累積 成功 2402 枚 / エラー 0 回 (エラー率 0.00%)
[2026-06-23 19:44:34] [INFO ] [main    ] 判定確定 | ID:046 | 結果:健全果 | 信頼度:95%
[2026-06-23 19:44:36] [INFO ] [main    ] 判定確定 | ID:047 | 結果:健全果 | 信頼度:97%
[2026-06-23 19:44:40] [INFO ] [main    ] 判定確定 | ID:048 | 結果:未熟果 | 信頼度:97%
[2026-06-23 19:44:42] [INFO ] [main    ] 判定確定 | ID:049 | 結果:健全果 | 信頼度:93%
[2026-06-23 19:44:45] [INFO ] [main    ] 判定確定 | ID:050 | 結果:奇形果 | 信頼度:95%
[2026-06-23 19:44:47] [INFO ] [main    ] 判定確定 | ID:051 | 結果:健全果 | 信頼度:94%
[2026-06-23 19:44:49] [INFO ] [main    ] 判定確定 | ID:052 | 結果:健全果 | 信頼度:97%
[2026-06-23 19:44:53] [INFO ] [main    ] 判定確定 | ID:053 | 結果:未熟果 | 信頼度:96%
[2026-06-23 19:44:55] [INFO ] [main    ] 判定確定 | ID:054 | 結果:健全果 | 信頼度:96%
[2026-06-23 19:44:58] [INFO ] [main    ] 判定確定 | ID:055 | 結果:奇形果 | 信頼度:95%
[2026-06-23 19:44:59] [INFO ] [main    ] 判定確定 | ID:056 | 結果:健全果 | 信頼度:95%
[2026-06-23 19:45:02] [DEBUG] [motor   ] [Serial Send] P
[2026-06-23 19:45:02] [INFO ] [event   ] arduino_heartbeat status=ok latency_ms=0.0
[2026-06-23 19:45:02] [DEBUG] [motor   ] [Serial Recv] OK:PONG
[2026-06-23 19:45:02] [INFO ] [main    ] 判定確定 | ID:057 | 結果:奇形果 | 信頼度:90%
[2026-06-23 19:45:06] [INFO ] [main    ] 判定確定 | ID:058 | 結果:未熟果 | 信頼度:96%
[2026-06-23 19:45:07] [INFO ] [main    ] 判定確定 | ID:059 | 結果:健全果 | 信頼度:95%
[2026-06-23 19:45:10] [INFO ] [main    ] 判定確定 | ID:060 | 結果:奇形果 | 信頼度:94%
[2026-06-23 19:45:12] [INFO ] [main    ] 判定確定 | ID:061 | 結果:健全果 | 信頼度:96%
[2026-06-23 19:45:15] [INFO ] [main    ] 判定確定 | ID:062 | 結果:未熟果 | 信頼度:96%
[2026-06-23 19:45:19] [INFO ] [main    ] 判定確定 | ID:063 | 結果:未熟果 | 信頼度:96%
[2026-06-23 19:45:20] [INFO ] [main    ] 判定確定 | ID:064 | 結果:健全果 | 信頼度:96%
[2026-06-23 19:45:23] [INFO ] [main    ] 判定確定 | ID:065 | 結果:奇形果 | 信頼度:95%
[2026-06-23 19:45:25] [INFO ] [main    ] 判定確定 | ID:066 | 結果:健全果 | 信頼度:93%
[2026-06-23 19:45:27] [INFO ] [main    ] 判定確定 | ID:067 | 結果:奇形果 | 信頼度:90%
[2026-06-23 19:45:32] [INFO ] [main    ] 判定確定 | ID:068 | 結果:未熟果 | 信頼度:96%
[2026-06-23 19:45:32] [DEBUG] [motor   ] [Serial Send] P
[2026-06-23 19:45:32] [INFO ] [event   ] arduino_heartbeat status=ok latency_ms=4.0
[2026-06-23 19:45:32] [DEBUG] [motor   ] [Serial Recv] OK:PONG
[2026-06-23 19:45:33] [INFO ] [main    ] 判定確定 | ID:069 | 結果:健全果 | 信頼度:96%
[2026-06-23 19:45:34] [INFO ] [event   ] mem_snapshot py_current_mb=121.8 py_peak_mb=145.4 top=['c:\\Users\\kotan\\gohara\\DCRsystem_PC\\DCRsystem5goki_raw_PC_app\\module_cameras_5goki_v2.py:168: 102.3MB', 'c:\\Users\\kotan\\gohara\\DCRsystem_PC\\DCRsystem5goki_raw_PC_app\\module_yolo_csv4.py:566: 4.9MB', 'C:\\Users\\kotan\\gohara\\DCRsystem_PC\\DCRsystem5goki_raw_PC_app\\.venv\\Lib\\site-packages\\pypylon\\pylon.py:6403: 4.5MB', 'c:\\Users\\kotan\\gohara\\DCRsystem_PC\\DCRsystem5goki_raw_PC_app\\module_cameras_5goki_v2.py:174: 2.0MB', 'c:\\Users\\kotan\\gohara\\DCRsystem_PC\\DCRsystem5goki_raw_PC_app\\module_yolo_csv4.py:266: 1.6MB']
[2026-06-23 19:45:34] [DEBUG] [camera  ] [CamStats] cam_top: 累積 成功 3602 枚 / エラー 0 回 (エラー率 0.00%)
[2026-06-23 19:45:34] [DEBUG] [camera  ] [CamStats] cam_inside: 累積 成功 3602 枚 / エラー 0 回 (エラー率 0.00%)
[2026-06-23 19:45:34] [DEBUG] [camera  ] [CamStats] cam_outside: 累積 成功 3602 枚 / エラー 0 回 (エラー率 0.00%)
[2026-06-23 19:45:34] [WARN ] [camera  ] [CamStats] cam_under: 累積 成功 3598 枚 / エラー 2 回 (エラー率 0.06%)
[2026-06-23 19:45:36] [INFO ] [main    ] 判定確定 | ID:070 | 結果:奇形果 | 信頼度:95%
[2026-06-23 19:45:38] [INFO ] [main    ] 判定確定 | ID:071 | 結果:健全果 | 信頼度:96%
[2026-06-23 19:45:40] [INFO ] [main    ] 判定確定 | ID:072 | 結果:健全果 | 信頼度:97%
[2026-06-23 19:45:45] [INFO ] [main    ] 判定確定 | ID:073 | 結果:未熟果 | 信頼度:96%
[2026-06-23 19:45:46] [INFO ] [main    ] 判定確定 | ID:074 | 結果:健全果 | 信頼度:97%
[2026-06-23 19:45:49] [INFO ] [main    ] 判定確定 | ID:075 | 結果:奇形果 | 信頼度:95%
[2026-06-23 19:45:50] [INFO ] [main    ] 判定確定 | ID:076 | 結果:健全果 | 信頼度:94%
[2026-06-23 19:45:53] [INFO ] [main    ] 判定確定 | ID:077 | 結果:未熟果 | 信頼度:95%
[2026-06-23 19:45:57] [INFO ] [main    ] 判定確定 | ID:078 | 結果:未熟果 | 信頼度:96%
[2026-06-23 19:45:59] [INFO ] [main    ] 判定確定 | ID:079 | 結果:健全果 | 信頼度:95%
[2026-06-23 19:46:02] [INFO ] [main    ] 判定確定 | ID:080 | 結果:奇形果 | 信頼度:95%
[2026-06-23 19:46:02] [DEBUG] [motor   ] [Serial Send] P
[2026-06-23 19:46:02] [INFO ] [event   ] arduino_heartbeat status=ok latency_ms=0.0
[2026-06-23 19:46:02] [DEBUG] [motor   ] [Serial Recv] OK:PONG
[2026-06-23 19:46:04] [INFO ] [main    ] 判定確定 | ID:081 | 結果:健全果 | 信頼度:95%
[2026-06-23 19:46:06] [INFO ] [main    ] 判定確定 | ID:082 | 結果:健全果 | 信頼度:97%
[2026-06-23 19:46:10] [INFO ] [main    ] 判定確定 | ID:083 | 結果:未熟果 | 信頼度:96%
[2026-06-23 19:46:12] [INFO ] [main    ] 判定確定 | ID:084 | 結果:健全果 | 信頼度:96%
[2026-06-23 19:46:15] [INFO ] [main    ] 判定確定 | ID:085 | 結果:奇形果 | 信頼度:95%
[2026-06-23 19:46:16] [INFO ] [main    ] 判定確定 | ID:086 | 結果:健全果 | 信頼度:95%
[2026-06-23 19:46:19] [INFO ] [main    ] 判定確定 | ID:087 | 結果:健全果 | 信頼度:97%
[2026-06-23 19:46:23] [INFO ] [main    ] 判定確定 | ID:088 | 結果:未熟果 | 信頼度:96%
[2026-06-23 19:46:24] [INFO ] [main    ] 判定確定 | ID:089 | 結果:健全果 | 信頼度:97%
[2026-06-23 19:46:27] [INFO ] [main    ] 判定確定 | ID:090 | 結果:奇形果 | 信頼度:95%
[2026-06-23 19:46:29] [INFO ] [main    ] 判定確定 | ID:091 | 結果:健全果 | 信頼度:95%
[2026-06-23 19:46:32] [INFO ] [main    ] 判定確定 | ID:092 | 結果:健全果 | 信頼度:97%
[2026-06-23 19:46:32] [DEBUG] [motor   ] [Serial Send] P
[2026-06-23 19:46:32] [INFO ] [event   ] arduino_heartbeat status=ok latency_ms=5.9
[2026-06-23 19:46:32] [DEBUG] [motor   ] [Serial Recv] OK:PONG
[2026-06-23 19:46:34] [DEBUG] [camera  ] [CamStats] cam_top: 累積 成功 4803 枚 / エラー 0 回 (エラー率 0.00%)
[2026-06-23 19:46:34] [INFO ] [event   ] mem_snapshot py_current_mb=119.7 py_peak_mb=146.7 top=['c:\\Users\\kotan\\gohara\\DCRsystem_PC\\DCRsystem5goki_raw_PC_app\\module_cameras_5goki_v2.py:168: 102.3MB', 'c:\\Users\\kotan\\gohara\\DCRsystem_PC\\DCRsystem5goki_raw_PC_app\\module_yolo_csv4.py:566: 4.9MB', 'C:\\Users\\kotan\\gohara\\DCRsystem_PC\\DCRsystem5goki_raw_PC_app\\.venv\\Lib\\site-packages\\pypylon\\pylon.py:6403: 4.5MB', 'c:\\Users\\kotan\\gohara\\DCRsystem_PC\\DCRsystem5goki_raw_PC_app\\module_cameras_5goki_v2.py:174: 3.2MB', 'c:\\Users\\kotan\\gohara\\DCRsystem_PC\\DCRsystem5goki_raw_PC_app\\module_yolo_csv4.py:585: 1.2MB']
[2026-06-23 19:46:34] [DEBUG] [camera  ] [CamStats] cam_outside: 累積 成功 4803 枚 / エラー 0 回 (エラー率 0.00%)
[2026-06-23 19:46:34] [DEBUG] [camera  ] [CamStats] cam_inside: 累積 成功 4803 枚 / エラー 0 回 (エラー率 0.00%)
[2026-06-23 19:46:34] [WARN ] [camera  ] [CamStats] cam_under: 累積 成功 4799 枚 / エラー 2 回 (エラー率 0.04%)
[2026-06-23 19:46:36] [INFO ] [main    ] 判定確定 | ID:093 | 結果:未熟果 | 信頼度:96%
[2026-06-23 19:46:37] [INFO ] [main    ] 判定確定 | ID:094 | 結果:健全果 | 信頼度:95%
[2026-06-23 19:46:40] [INFO ] [main    ] 判定確定 | ID:095 | 結果:奇形果 | 信頼度:96%
[2026-06-23 19:46:42] [INFO ] [main    ] 判定確定 | ID:096 | 結果:健全果 | 信頼度:94%
[2026-06-23 19:46:44] [INFO ] [main    ] 判定確定 | ID:097 | 結果:未熟果 | 信頼度:96%
[2026-06-23 19:46:49] [INFO ] [main    ] 判定確定 | ID:098 | 結果:未熟果 | 信頼度:96%
[2026-06-23 19:46:50] [INFO ] [main    ] 判定確定 | ID:099 | 結果:健全果 | 信頼度:95%
[2026-06-23 19:46:53] [INFO ] [main    ] 判定確定 | ID:100 | 結果:奇形果 | 信頼度:95%
[2026-06-23 19:46:55] [INFO ] [main    ] 判定確定 | ID:101 | 結果:健全果 | 信頼度:95%
[2026-06-23 19:46:57] [INFO ] [main    ] 判定確定 | ID:102 | 結果:健全果 | 信頼度:97%
[2026-06-23 19:47:01] [INFO ] [main    ] 判定確定 | ID:103 | 結果:未熟果 | 信頼度:96%
[2026-06-23 19:47:02] [DEBUG] [motor   ] [Serial Send] P
[2026-06-23 19:47:02] [INFO ] [event   ] arduino_heartbeat status=ok latency_ms=0.0
[2026-06-23 19:47:02] [DEBUG] [motor   ] [Serial Recv] OK:PONG
[2026-06-23 19:47:03] [INFO ] [main    ] 判定確定 | ID:104 | 結果:健全果 | 信頼度:96%
[2026-06-23 19:47:06] [INFO ] [main    ] 判定確定 | ID:105 | 結果:奇形果 | 信頼度:94%
[2026-06-23 19:47:08] [INFO ] [main    ] 判定確定 | ID:106 | 結果:健全果 | 信頼度:95%
[2026-06-23 19:47:10] [INFO ] [main    ] 判定確定 | ID:107 | 結果:健全果 | 信頼度:97%
[2026-06-23 19:47:14] [INFO ] [main    ] 判定確定 | ID:108 | 結果:未熟果 | 信頼度:95%
[2026-06-23 19:47:16] [INFO ] [main    ] 判定確定 | ID:109 | 結果:健全果 | 信頼度:96%
[2026-06-23 19:47:18] [INFO ] [main    ] 判定確定 | ID:110 | 結果:奇形果 | 信頼度:95%
[2026-06-23 19:47:20] [INFO ] [main    ] 判定確定 | ID:111 | 結果:健全果 | 信頼度:96%
[2026-06-23 19:47:23] [INFO ] [main    ] 判定確定 | ID:112 | 結果:健全果 | 信頼度:97%
[2026-06-23 19:47:27] [INFO ] [main    ] 判定確定 | ID:113 | 結果:未熟果 | 信頼度:96%
[2026-06-23 19:47:28] [INFO ] [main    ] 判定確定 | ID:114 | 結果:健全果 | 信頼度:95%
[2026-06-23 19:47:31] [INFO ] [main    ] 判定確定 | ID:115 | 結果:奇形果 | 信頼度:95%
[2026-06-23 19:47:32] [DEBUG] [motor   ] [Serial Send] P
[2026-06-23 19:47:32] [INFO ] [event   ] arduino_heartbeat status=ok latency_ms=0.0
[2026-06-23 19:47:32] [DEBUG] [motor   ] [Serial Recv] OK:PONG
[2026-06-23 19:47:33] [INFO ] [main    ] 判定確定 | ID:116 | 結果:健全果 | 信頼度:94%
[2026-06-23 19:47:34] [DEBUG] [camera  ] [CamStats] cam_top: 累積 成功 6004 枚 / エラー 0 回 (エラー率 0.00%)
[2026-06-23 19:47:34] [WARN ] [camera  ] [CamStats] cam_under: 累積 成功 6000 枚 / エラー 2 回 (エラー率 0.03%)
[2026-06-23 19:47:34] [DEBUG] [camera  ] [CamStats] cam_inside: 累積 成功 6004 枚 / エラー 0 回 (エラー率 0.00%)
[2026-06-23 19:47:34] [DEBUG] [camera  ] [CamStats] cam_outside: 累積 成功 6004 枚 / エラー 0 回 (エラー率 0.00%)
[2026-06-23 19:47:34] [INFO ] [event   ] mem_snapshot py_current_mb=120.2 py_peak_mb=146.7 top=['c:\\Users\\kotan\\gohara\\DCRsystem_PC\\DCRsystem5goki_raw_PC_app\\module_cameras_5goki_v2.py:168: 102.3MB', 'c:\\Users\\kotan\\gohara\\DCRsystem_PC\\DCRsystem5goki_raw_PC_app\\module_yolo_csv4.py:566: 4.9MB', 'C:\\Users\\kotan\\gohara\\DCRsystem_PC\\DCRsystem5goki_raw_PC_app\\.venv\\Lib\\site-packages\\pypylon\\pylon.py:6403: 4.5MB', 'c:\\Users\\kotan\\gohara\\DCRsystem_PC\\DCRsystem5goki_raw_PC_app\\module_cameras_5goki_v2.py:174: 2.0MB', 'c:\\Users\\kotan\\gohara\\DCRsystem_PC\\DCRsystem5goki_raw_PC_app\\module_yolo_csv4.py:372: 1.2MB']
[2026-06-23 19:47:36] [INFO ] [main    ] 判定確定 | ID:117 | 結果:未熟果 | 信頼度:96%
[2026-06-23 19:47:40] [INFO ] [main    ] 判定確定 | ID:118 | 結果:未熟果 | 信頼度:96%
[2026-06-23 19:47:41] [INFO ] [main    ] 判定確定 | ID:119 | 結果:健全果 | 信頼度:96%
[2026-06-23 19:47:44] [INFO ] [main    ] 判定確定 | ID:120 | 結果:奇形果 | 信頼度:95%
[2026-06-23 19:47:46] [INFO ] [main    ] 判定確定 | ID:121 | 結果:健全果 | 信頼度:95%
[2026-06-23 19:47:48] [INFO ] [main    ] 判定確定 | ID:122 | 結果:健全果 | 信頼度:97%
[2026-06-23 19:47:53] [INFO ] [main    ] 判定確定 | ID:123 | 結果:未熟果 | 信頼度:96%
[2026-06-23 19:47:54] [INFO ] [main    ] 判定確定 | ID:124 | 結果:健全果 | 信頼度:97%
[2026-06-23 19:47:57] [INFO ] [main    ] 判定確定 | ID:125 | 結果:奇形果 | 信頼度:95%
[2026-06-23 19:47:58] [WARN ] [camera  ] [GrabError] cam_under: 連続 1 回目 / 継続 0ms / 累積エラー 3 回・成功 6487 枚 - Exception: GrabSucceeded=False code=0xE2000102 desc=The buffer was cancelled.
[2026-06-23 19:47:58] [WARN ] [camera  ] cam_under: 1回の連続エラーから復帰 (この間パネルは約 63ms フリーズ)
[2026-06-23 19:47:59] [INFO ] [main    ] 判定確定 | ID:126 | 結果:健全果 | 信頼度:96%
[2026-06-23 19:48:01] [INFO ] [main    ] 判定確定 | ID:127 | 結果:健全果 | 信頼度:97%
[2026-06-23 19:48:02] [DEBUG] [motor   ] [Serial Send] P
[2026-06-23 19:48:02] [INFO ] [event   ] arduino_heartbeat status=ok latency_ms=0.0
[2026-06-23 19:48:02] [DEBUG] [motor   ] [Serial Recv] OK:PONG
[2026-06-23 19:48:06] [INFO ] [main    ] 判定確定 | ID:128 | 結果:未熟果 | 信頼度:95%
[2026-06-23 19:48:07] [INFO ] [main    ] 判定確定 | ID:129 | 結果:健全果 | 信頼度:96%
[2026-06-23 19:48:09] [INFO ] [main    ] 判定確定 | ID:130 | 結果:奇形果 | 信頼度:95%
[2026-06-23 19:48:11] [INFO ] [main    ] 判定確定 | ID:131 | 結果:健全果 | 信頼度:95%
[2026-06-23 19:48:14] [INFO ] [main    ] 判定確定 | ID:132 | 結果:健全果 | 信頼度:96%
[2026-06-23 19:48:18] [INFO ] [main    ] 判定確定 | ID:133 | 結果:未熟果 | 信頼度:96%
[2026-06-23 19:48:20] [INFO ] [main    ] 判定確定 | ID:134 | 結果:健全果 | 信頼度:95%
[2026-06-23 19:48:23] [INFO ] [main    ] 判定確定 | ID:135 | 結果:奇形果 | 信頼度:95%
[2026-06-23 19:48:25] [INFO ] [main    ] 判定確定 | ID:136 | 結果:健全果 | 信頼度:91%
[2026-06-23 19:48:27] [INFO ] [main    ] 判定確定 | ID:137 | 結果:健全果 | 信頼度:97%
[2026-06-23 19:48:31] [INFO ] [main    ] 判定確定 | ID:138 | 結果:未熟果 | 信頼度:96%
[2026-06-23 19:48:32] [DEBUG] [motor   ] [Serial Send] P
[2026-06-23 19:48:32] [INFO ] [event   ] arduino_heartbeat status=ok latency_ms=0.0
[2026-06-23 19:48:32] [DEBUG] [motor   ] [Serial Recv] OK:PONG
[2026-06-23 19:48:33] [INFO ] [main    ] 判定確定 | ID:139 | 結果:健全果 | 信頼度:94%
[2026-06-23 19:48:34] [DEBUG] [camera  ] [CamStats] cam_top: 累積 成功 7204 枚 / エラー 0 回 (エラー率 0.00%)
[2026-06-23 19:48:34] [WARN ] [camera  ] [CamStats] cam_under: 累積 成功 7198 枚 / エラー 3 回 (エラー率 0.04%)
[2026-06-23 19:48:34] [DEBUG] [camera  ] [CamStats] cam_inside: 累積 成功 7204 枚 / エラー 0 回 (エラー率 0.00%)
[2026-06-23 19:48:34] [DEBUG] [camera  ] [CamStats] cam_outside: 累積 成功 7205 枚 / エラー 0 回 (エラー率 0.00%)
[2026-06-23 19:48:34] [INFO ] [event   ] mem_snapshot py_current_mb=119.4 py_peak_mb=146.7 top=['c:\\Users\\kotan\\gohara\\DCRsystem_PC\\DCRsystem5goki_raw_PC_app\\module_cameras_5goki_v2.py:168: 102.3MB', 'c:\\Users\\kotan\\gohara\\DCRsystem_PC\\DCRsystem5goki_raw_PC_app\\module_yolo_csv4.py:566: 4.9MB', 'C:\\Users\\kotan\\gohara\\DCRsystem_PC\\DCRsystem5goki_raw_PC_app\\.venv\\Lib\\site-packages\\pypylon\\pylon.py:6403: 4.5MB', 'c:\\Users\\kotan\\gohara\\DCRsystem_PC\\DCRsystem5goki_raw_PC_app\\module_cameras_5goki_v2.py:174: 2.0MB', 'c:\\Users\\kotan\\gohara\\DCRsystem_PC\\DCRsystem5goki_raw_PC_app\\module_yolo_csv4.py:585: 1.2MB']
[2026-06-23 19:48:36] [INFO ] [main    ] 判定確定 | ID:140 | 結果:奇形果 | 信頼度:95%
[2026-06-23 19:48:37] [INFO ] [main    ] 判定確定 | ID:141 | 結果:健全果 | 信頼度:94%
[2026-06-23 19:48:40] [INFO ] [main    ] 判定確定 | ID:142 | 結果:健全果 | 信頼度:97%
[2026-06-23 19:48:42] [WARN ] [camera  ] [GrabError] cam_under: 連続 1 回目 / 継続 0ms / 累積エラー 4 回・成功 7361 枚 - Exception: GrabSucceeded=False code=0xE2000102 desc=The buffer was cancelled.
[2026-06-23 19:48:42] [WARN ] [camera  ] cam_under: 1回の連続エラーから復帰 (この間パネルは約 31ms フリーズ)
[2026-06-23 19:48:44] [INFO ] [main    ] 判定確定 | ID:143 | 結果:未熟果 | 信頼度:96%
[2026-06-23 19:48:45] [INFO ] [main    ] 判定確定 | ID:144 | 結果:健全果 | 信頼度:95%
[2026-06-23 19:48:48] [INFO ] [main    ] 判定確定 | ID:145 | 結果:奇形果 | 信頼度:95%
[2026-06-23 19:48:50] [INFO ] [main    ] 判定確定 | ID:146 | 結果:健全果 | 信頼度:95%
[2026-06-23 19:48:53] [INFO ] [main    ] 判定確定 | ID:147 | 結果:健全果 | 信頼度:97%
[2026-06-23 19:48:57] [INFO ] [main    ] 判定確定 | ID:148 | 結果:未熟果 | 信頼度:97%
[2026-06-23 19:48:58] [INFO ] [main    ] 判定確定 | ID:149 | 結果:健全果 | 信頼度:96%
[2026-06-23 19:49:01] [INFO ] [main    ] 判定確定 | ID:150 | 結果:奇形果 | 信頼度:95%
[2026-06-23 19:49:02] [DEBUG] [motor   ] [Serial Send] P
[2026-06-23 19:49:02] [INFO ] [event   ] arduino_heartbeat status=ok latency_ms=0.0
[2026-06-23 19:49:02] [DEBUG] [motor   ] [Serial Recv] OK:PONG
[2026-06-23 19:49:03] [INFO ] [main    ] 判定確定 | ID:151 | 結果:健全果 | 信頼度:96%
[2026-06-23 19:49:05] [INFO ] [main    ] 判定確定 | ID:152 | 結果:健全果 | 信頼度:97%
[2026-06-23 19:49:09] [INFO ] [main    ] 判定確定 | ID:153 | 結果:未熟果 | 信頼度:96%
[2026-06-23 19:49:11] [INFO ] [main    ] 判定確定 | ID:154 | 結果:健全果 | 信頼度:93%
[2026-06-23 19:49:14] [INFO ] [main    ] 判定確定 | ID:155 | 結果:奇形果 | 信頼度:95%
[2026-06-23 19:49:16] [INFO ] [main    ] 判定確定 | ID:156 | 結果:健全果 | 信頼度:96%
[2026-06-23 19:49:18] [INFO ] [main    ] 判定確定 | ID:157 | 結果:健全果 | 信頼度:97%
[2026-06-23 19:49:22] [INFO ] [main    ] 判定確定 | ID:158 | 結果:未熟果 | 信頼度:96%
[2026-06-23 19:49:24] [INFO ] [main    ] 判定確定 | ID:159 | 結果:健全果 | 信頼度:95%
[2026-06-23 19:49:27] [INFO ] [main    ] 判定確定 | ID:160 | 結果:奇形果 | 信頼度:95%
[2026-06-23 19:49:29] [INFO ] [main    ] 判定確定 | ID:161 | 結果:健全果 | 信頼度:95%
[2026-06-23 19:49:31] [INFO ] [main    ] 判定確定 | ID:162 | 結果:健全果 | 信頼度:97%
[2026-06-23 19:49:32] [DEBUG] [motor   ] [Serial Send] P
[2026-06-23 19:49:32] [INFO ] [event   ] arduino_heartbeat status=ok latency_ms=0.0
[2026-06-23 19:49:32] [DEBUG] [motor   ] [Serial Recv] OK:PONG
[2026-06-23 19:49:34] [DEBUG] [camera  ] [CamStats] cam_top: 累積 成功 8404 枚 / エラー 0 回 (エラー率 0.00%)
[2026-06-23 19:49:34] [WARN ] [camera  ] [CamStats] cam_under: 累積 成功 8397 枚 / エラー 4 回 (エラー率 0.05%)
[2026-06-23 19:49:34] [DEBUG] [camera  ] [CamStats] cam_inside: 累積 成功 8405 枚 / エラー 0 回 (エラー率 0.00%)
[2026-06-23 19:49:34] [DEBUG] [camera  ] [CamStats] cam_outside: 累積 成功 8405 枚 / エラー 0 回 (エラー率 0.00%)
[2026-06-23 19:49:34] [INFO ] [event   ] mem_snapshot py_current_mb=126.0 py_peak_mb=146.7 top=['c:\\Users\\kotan\\gohara\\DCRsystem_PC\\DCRsystem5goki_raw_PC_app\\module_cameras_5goki_v2.py:168: 102.3MB', 'C:\\Users\\kotan\\gohara\\DCRsystem_PC\\DCRsystem5goki_raw_PC_app\\.venv\\Lib\\site-packages\\pypylon\\pylon.py:6403: 4.5MB', 'c:\\Users\\kotan\\gohara\\DCRsystem_PC\\DCRsystem5goki_raw_PC_app\\module_yolo_csv4.py:566: 3.7MB', 'c:\\Users\\kotan\\gohara\\DCRsystem_PC\\DCRsystem5goki_raw_PC_app\\module_yolo_csv4.py:372: 2.5MB', 'c:\\Users\\kotan\\gohara\\DCRsystem_PC\\DCRsystem5goki_raw_PC_app\\module_yolo_csv4.py:599: 2.5MB']
[2026-06-23 19:49:35] [INFO ] [main    ] 判定確定 | ID:163 | 結果:未熟果 | 信頼度:96%
[2026-06-23 19:49:37] [INFO ] [main    ] 判定確定 | ID:164 | 結果:健全果 | 信頼度:95%
[2026-06-23 19:49:37] [WARN ] [camera  ] [GrabError] cam_under: 連続 1 回目 / 継続 0ms / 累積エラー 5 回・成功 8449 枚 - Exception: GrabSucceeded=False code=0xE2000102 desc=The buffer was cancelled.
[2026-06-23 19:49:37] [WARN ] [camera  ] cam_under: 1回の連続エラーから復帰 (この間パネルは約 47ms フリーズ)
[2026-06-23 19:49:39] [INFO ] [main    ] 判定確定 | ID:165 | 結果:奇形果 | 信頼度:95%
[2026-06-23 19:49:41] [INFO ] [main    ] 判定確定 | ID:166 | 結果:健全果 | 信頼度:95%
[2026-06-23 19:49:44] [INFO ] [main    ] 判定確定 | ID:167 | 結果:健全果 | 信頼度:97%
[2026-06-23 19:49:48] [INFO ] [main    ] 判定確定 | ID:168 | 結果:健全果 | 信頼度:91%
[2026-06-23 19:49:49] [INFO ] [main    ] 判定確定 | ID:169 | 結果:健全果 | 信頼度:96%
[2026-06-23 19:49:52] [INFO ] [main    ] 判定確定 | ID:170 | 結果:奇形果 | 信頼度:95%
[2026-06-23 19:49:54] [WARN ] [camera  ] [GrabError] cam_under: 連続 1 回目 / 継続 0ms / 累積エラー 6 回・成功 8789 枚 - Exception: GrabSucceeded=False code=0xE2000102 desc=The buffer was cancelled.
[2026-06-23 19:49:54] [WARN ] [camera  ] cam_under: 1回の連続エラーから復帰 (この間パネルは約 31ms フリーズ)
[2026-06-23 19:49:54] [INFO ] [main    ] 判定確定 | ID:171 | 結果:健全果 | 信頼度:94%
[2026-06-23 19:49:57] [INFO ] [main    ] 判定確定 | ID:172 | 結果:健全果 | 信頼度:97%
[2026-06-23 19:50:01] [INFO ] [main    ] 判定確定 | ID:173 | 結果:未熟果 | 信頼度:96%
[2026-06-23 19:50:02] [INFO ] [main    ] 判定確定 | ID:174 | 結果:健全果 | 信頼度:95%
[2026-06-23 19:50:02] [DEBUG] [motor   ] [Serial Send] P
[2026-06-23 19:50:02] [INFO ] [event   ] arduino_heartbeat status=ok latency_ms=4.4
[2026-06-23 19:50:02] [DEBUG] [motor   ] [Serial Recv] OK:PONG
[2026-06-23 19:50:05] [INFO ] [main    ] 判定確定 | ID:175 | 結果:奇形果 | 信頼度:95%
[2026-06-23 19:50:07] [INFO ] [main    ] 判定確定 | ID:176 | 結果:健全果 | 信頼度:95%
[2026-06-23 19:50:09] [INFO ] [main    ] 判定確定 | ID:177 | 結果:健全果 | 信頼度:96%
[2026-06-23 19:50:14] [INFO ] [main    ] 判定確定 | ID:178 | 結果:未熟果 | 信頼度:96%
[2026-06-23 19:50:15] [INFO ] [main    ] 判定確定 | ID:179 | 結果:健全果 | 信頼度:94%
[2026-06-23 19:50:18] [INFO ] [main    ] 判定確定 | ID:180 | 結果:奇形果 | 信頼度:94%
[2026-06-23 19:50:20] [INFO ] [main    ] 判定確定 | ID:181 | 結果:健全果 | 信頼度:95%
[2026-06-23 19:50:22] [INFO ] [main    ] 判定確定 | ID:182 | 結果:健全果 | 信頼度:97%
[2026-06-23 19:50:27] [INFO ] [main    ] 判定確定 | ID:183 | 結果:健全果 | 信頼度:67%
[2026-06-23 19:50:28] [INFO ] [main    ] 判定確定 | ID:184 | 結果:健全果 | 信頼度:97%
[2026-06-23 19:50:31] [INFO ] [main    ] 判定確定 | ID:185 | 結果:奇形果 | 信頼度:95%
[2026-06-23 19:50:32] [DEBUG] [motor   ] [Serial Send] P
[2026-06-23 19:50:32] [INFO ] [event   ] arduino_heartbeat status=ok latency_ms=0.0
[2026-06-23 19:50:32] [DEBUG] [motor   ] [Serial Recv] OK:PONG
[2026-06-23 19:50:33] [INFO ] [main    ] 判定確定 | ID:186 | 結果:健全果 | 信頼度:95%
[2026-06-23 19:50:34] [WARN ] [camera  ] [CamStats] cam_under: 累積 成功 9592 枚 / エラー 6 回 (エラー率 0.06%)
[2026-06-23 19:50:34] [DEBUG] [camera  ] [CamStats] cam_top: 累積 成功 9604 枚 / エラー 0 回 (エラー率 0.00%)
[2026-06-23 19:50:34] [DEBUG] [camera  ] [CamStats] cam_inside: 累積 成功 9605 枚 / エラー 0 回 (エラー率 0.00%)
[2026-06-23 19:50:34] [DEBUG] [camera  ] [CamStats] cam_outside: 累積 成功 9605 枚 / エラー 0 回 (エラー率 0.00%)
[2026-06-23 19:50:34] [INFO ] [event   ] mem_snapshot py_current_mb=134.5 py_peak_mb=147.1 top=['c:\\Users\\kotan\\gohara\\DCRsystem_PC\\DCRsystem5goki_raw_PC_app\\module_cameras_5goki_v2.py:168: 102.3MB', 'c:\\Users\\kotan\\gohara\\DCRsystem_PC\\DCRsystem5goki_raw_PC_app\\module_yolo_csv4.py:372: 4.9MB', 'c:\\Users\\kotan\\gohara\\DCRsystem_PC\\DCRsystem5goki_raw_PC_app\\module_yolo_csv4.py:648: 4.9MB', 'c:\\Users\\kotan\\gohara\\DCRsystem_PC\\DCRsystem5goki_raw_PC_app\\module_yolo_csv4.py:599: 4.9MB', 'C:\\Users\\kotan\\gohara\\DCRsystem_PC\\DCRsystem5goki_raw_PC_app\\.venv\\Lib\\site-packages\\pypylon\\pylon.py:6403: 4.5MB']
[2026-06-23 19:50:35] [INFO ] [main    ] 判定確定 | ID:187 | 結果:健全果 | 信頼度:96%
[2026-06-23 19:50:39] [INFO ] [main    ] 判定確定 | ID:188 | 結果:未熟果 | 信頼度:96%
[2026-06-23 19:50:41] [INFO ] [main    ] 判定確定 | ID:189 | 結果:健全果 | 信頼度:96%
[2026-06-23 19:50:44] [INFO ] [main    ] 判定確定 | ID:190 | 結果:奇形果 | 信頼度:94%
[2026-06-23 19:50:45] [INFO ] [main    ] 判定確定 | ID:191 | 結果:健全果 | 信頼度:96%
[2026-06-23 19:50:48] [INFO ] [main    ] 判定確定 | ID:192 | 結果:未熟果 | 信頼度:96%
[2026-06-23 19:50:52] [INFO ] [main    ] 判定確定 | ID:193 | 結果:未熟果 | 信頼度:97%
[2026-06-23 19:50:53] [INFO ] [main    ] 判定確定 | ID:194 | 結果:健全果 | 信頼度:96%
[2026-06-23 19:50:56] [INFO ] [main    ] 判定確定 | ID:195 | 結果:奇形果 | 信頼度:95%
[2026-06-23 19:50:58] [INFO ] [main    ] 判定確定 | ID:196 | 結果:健全果 | 信頼度:96%
[2026-06-23 19:51:01] [INFO ] [main    ] 判定確定 | ID:197 | 結果:健全果 | 信頼度:97%
[2026-06-23 19:51:02] [DEBUG] [motor   ] [Serial Send] P
[2026-06-23 19:51:02] [INFO ] [event   ] arduino_heartbeat status=ok latency_ms=0.9
[2026-06-23 19:51:02] [DEBUG] [motor   ] [Serial Recv] OK:PONG
[2026-06-23 19:51:05] [INFO ] [main    ] 判定確定 | ID:198 | 結果:未熟果 | 信頼度:96%
[2026-06-23 19:51:06] [INFO ] [main    ] 判定確定 | ID:199 | 結果:健全果 | 信頼度:94%
[2026-06-23 19:51:09] [INFO ] [main    ] 判定確定 | ID:200 | 結果:奇形果 | 信頼度:95%
[2026-06-23 19:51:11] [INFO ] [main    ] 判定確定 | ID:201 | 結果:健全果 | 信頼度:96%
[2026-06-23 19:51:13] [INFO ] [main    ] 判定確定 | ID:202 | 結果:健全果 | 信頼度:97%
[2026-06-23 19:51:18] [INFO ] [main    ] 判定確定 | ID:203 | 結果:未熟果 | 信頼度:96%
[2026-06-23 19:51:19] [INFO ] [main    ] 判定確定 | ID:204 | 結果:健全果 | 信頼度:92%
[2026-06-23 19:51:22] [INFO ] [main    ] 判定確定 | ID:205 | 結果:奇形果 | 信頼度:95%
[2026-06-23 19:51:24] [INFO ] [main    ] 判定確定 | ID:206 | 結果:健全果 | 信頼度:95%
[2026-06-23 19:51:26] [INFO ] [main    ] 判定確定 | ID:207 | 結果:健全果 | 信頼度:97%
[2026-06-23 19:51:31] [INFO ] [main    ] 判定確定 | ID:208 | 結果:未熟果 | 信頼度:96%
[2026-06-23 19:51:32] [INFO ] [main    ] 判定確定 | ID:209 | 結果:健全果 | 信頼度:97%
[2026-06-23 19:51:33] [DEBUG] [motor   ] [Serial Send] P
[2026-06-23 19:51:33] [INFO ] [event   ] arduino_heartbeat status=ok latency_ms=1.0
[2026-06-23 19:51:33] [DEBUG] [motor   ] [Serial Recv] OK:PONG
[2026-06-23 19:51:34] [WARN ] [camera  ] [CamStats] cam_under: 累積 成功 10792 枚 / エラー 6 回 (エラー率 0.06%)
[2026-06-23 19:51:34] [DEBUG] [camera  ] [CamStats] cam_top: 累積 成功 10804 枚 / エラー 0 回 (エラー率 0.00%)
[2026-06-23 19:51:34] [DEBUG] [camera  ] [CamStats] cam_inside: 累積 成功 10805 枚 / エラー 0 回 (エラー率 0.00%)
[2026-06-23 19:51:34] [DEBUG] [camera  ] [CamStats] cam_outside: 累積 成功 10805 枚 / エラー 0 回 (エラー率 0.00%)
[2026-06-23 19:51:34] [INFO ] [event   ] mem_snapshot py_current_mb=130.5 py_peak_mb=148.1 top=['c:\\Users\\kotan\\gohara\\DCRsystem_PC\\DCRsystem5goki_raw_PC_app\\module_cameras_5goki_v2.py:168: 102.3MB', 'c:\\Users\\kotan\\gohara\\DCRsystem_PC\\DCRsystem5goki_raw_PC_app\\module_yolo_csv4.py:372: 4.9MB', 'c:\\Users\\kotan\\gohara\\DCRsystem_PC\\DCRsystem5goki_raw_PC_app\\module_yolo_csv4.py:648: 4.9MB', 'c:\\Users\\kotan\\gohara\\DCRsystem_PC\\DCRsystem5goki_raw_PC_app\\module_yolo_csv4.py:599: 4.9MB', 'C:\\Users\\kotan\\gohara\\DCRsystem_PC\\DCRsystem5goki_raw_PC_app\\.venv\\Lib\\site-packages\\pypylon\\pylon.py:6403: 4.5MB']
[2026-06-23 19:51:35] [INFO ] [main    ] 判定確定 | ID:210 | 結果:奇形果 | 信頼度:94%
[2026-06-23 19:51:36] [INFO ] [main    ] 判定確定 | ID:211 | 結果:健全果 | 信頼度:95%
[2026-06-23 19:51:39] [INFO ] [main    ] 判定確定 | ID:212 | 結果:健全果 | 信頼度:97%
[2026-06-23 19:51:43] [INFO ] [main    ] 判定確定 | ID:213 | 結果:未熟果 | 信頼度:96%
[2026-06-23 19:51:45] [INFO ] [main    ] 判定確定 | ID:214 | 結果:健全果 | 信頼度:96%
[2026-06-23 19:51:48] [INFO ] [main    ] 判定確定 | ID:215 | 結果:奇形果 | 信頼度:95%
[2026-06-23 19:51:49] [INFO ] [main    ] 判定確定 | ID:216 | 結果:健全果 | 信頼度:95%
[2026-06-23 19:51:52] [INFO ] [main    ] 判定確定 | ID:217 | 結果:未熟果 | 信頼度:96%
[2026-06-23 19:51:56] [INFO ] [main    ] 判定確定 | ID:218 | 結果:健全果 | 信頼度:88%
[2026-06-23 19:51:58] [INFO ] [main    ] 判定確定 | ID:219 | 結果:健全果 | 信頼度:96%
[2026-06-23 19:52:00] [INFO ] [main    ] 判定確定 | ID:220 | 結果:奇形果 | 信頼度:95%
[2026-06-23 19:52:02] [INFO ] [main    ] 判定確定 | ID:221 | 結果:健全果 | 信頼度:95%
[2026-06-23 19:52:03] [DEBUG] [motor   ] [Serial Send] P
[2026-06-23 19:52:03] [INFO ] [event   ] arduino_heartbeat status=ok latency_ms=5.5
[2026-06-23 19:52:03] [DEBUG] [motor   ] [Serial Recv] OK:PONG
[2026-06-23 19:52:05] [INFO ] [main    ] 判定確定 | ID:222 | 結果:健全果 | 信頼度:97%
[2026-06-23 19:52:09] [INFO ] [main    ] 判定確定 | ID:223 | 結果:未熟果 | 信頼度:96%
[2026-06-23 19:52:10] [INFO ] [main    ] 判定確定 | ID:224 | 結果:健全果 | 信頼度:96%
[2026-06-23 19:52:13] [INFO ] [main    ] 判定確定 | ID:225 | 結果:奇形果 | 信頼度:95%
[2026-06-23 19:52:15] [INFO ] [main    ] 判定確定 | ID:226 | 結果:健全果 | 信頼度:95%
[2026-06-23 19:52:17] [INFO ] [main    ] 判定確定 | ID:227 | 結果:未熟果 | 信頼度:96%
[2026-06-23 19:52:22] [INFO ] [main    ] 判定確定 | ID:228 | 結果:未熟果 | 信頼度:96%
[2026-06-23 19:52:23] [INFO ] [main    ] 判定確定 | ID:229 | 結果:健全果 | 信頼度:96%
[2026-06-23 19:52:26] [INFO ] [main    ] 判定確定 | ID:230 | 結果:奇形果 | 信頼度:95%
[2026-06-23 19:52:28] [INFO ] [main    ] 判定確定 | ID:231 | 結果:健全果 | 信頼度:95%
[2026-06-23 19:52:30] [INFO ] [main    ] 判定確定 | ID:232 | 結果:健全果 | 信頼度:97%
[2026-06-23 19:52:33] [DEBUG] [motor   ] [Serial Send] P
[2026-06-23 19:52:33] [INFO ] [event   ] arduino_heartbeat status=ok latency_ms=0.0
[2026-06-23 19:52:33] [DEBUG] [motor   ] [Serial Recv] OK:PONG
[2026-06-23 19:52:34] [WARN ] [camera  ] [CamStats] cam_under: 累積 成功 11992 枚 / エラー 6 回 (エラー率 0.05%)
[2026-06-23 19:52:34] [DEBUG] [camera  ] [CamStats] cam_top: 累積 成功 12004 枚 / エラー 0 回 (エラー率 0.00%)
[2026-06-23 19:52:34] [DEBUG] [camera  ] [CamStats] cam_inside: 累積 成功 12005 枚 / エラー 0 回 (エラー率 0.00%)
[2026-06-23 19:52:34] [DEBUG] [camera  ] [CamStats] cam_outside: 累積 成功 12005 枚 / エラー 0 回 (エラー率 0.00%)
[2026-06-23 19:52:35] [INFO ] [event   ] mem_snapshot py_current_mb=131.0 py_peak_mb=148.2 top=['c:\\Users\\kotan\\gohara\\DCRsystem_PC\\DCRsystem5goki_raw_PC_app\\module_cameras_5goki_v2.py:168: 102.3MB', 'c:\\Users\\kotan\\gohara\\DCRsystem_PC\\DCRsystem5goki_raw_PC_app\\module_yolo_csv4.py:372: 4.9MB', 'c:\\Users\\kotan\\gohara\\DCRsystem_PC\\DCRsystem5goki_raw_PC_app\\module_yolo_csv4.py:648: 4.9MB', 'c:\\Users\\kotan\\gohara\\DCRsystem_PC\\DCRsystem5goki_raw_PC_app\\module_yolo_csv4.py:599: 4.9MB', 'C:\\Users\\kotan\\gohara\\DCRsystem_PC\\DCRsystem5goki_raw_PC_app\\.venv\\Lib\\site-packages\\pypylon\\pylon.py:6403: 4.5MB']
[2026-06-23 19:52:35] [INFO ] [main    ] 判定確定 | ID:233 | 結果:未熟果 | 信頼度:96%
[2026-06-23 19:52:36] [INFO ] [main    ] 判定確定 | ID:234 | 結果:未熟果 | 信頼度:95%
[2026-06-23 19:52:39] [INFO ] [main    ] 判定確定 | ID:235 | 結果:奇形果 | 信頼度:94%
[2026-06-23 19:52:41] [INFO ] [main    ] 判定確定 | ID:236 | 結果:健全果 | 信頼度:87%
[2026-06-23 19:52:43] [INFO ] [main    ] 判定確定 | ID:237 | 結果:健全果 | 信頼度:96%
[2026-06-23 19:52:47] [INFO ] [main    ] 判定確定 | ID:238 | 結果:未熟果 | 信頼度:96%
[2026-06-23 19:52:49] [INFO ] [main    ] 判定確定 | ID:239 | 結果:健全果 | 信頼度:96%
[2026-06-23 19:52:52] [INFO ] [main    ] 判定確定 | ID:240 | 結果:奇形果 | 信頼度:95%
[2026-06-23 19:52:53] [INFO ] [main    ] 判定確定 | ID:241 | 結果:健全果 | 信頼度:96%
[2026-06-23 19:52:56] [INFO ] [main    ] 判定確定 | ID:242 | 結果:健全果 | 信頼度:97%
[2026-06-23 19:53:00] [INFO ] [main    ] 判定確定 | ID:243 | 結果:未熟果 | 信頼度:95%
[2026-06-23 19:53:02] [INFO ] [main    ] 判定確定 | ID:244 | 結果:健全果 | 信頼度:96%
[2026-06-23 19:53:03] [DEBUG] [motor   ] [Serial Send] P
[2026-06-23 19:53:03] [INFO ] [event   ] arduino_heartbeat status=ok latency_ms=0.0
[2026-06-23 19:53:03] [DEBUG] [motor   ] [Serial Recv] OK:PONG
[2026-06-23 19:53:04] [INFO ] [main    ] 判定確定 | ID:245 | 結果:奇形果 | 信頼度:96%
[2026-06-23 19:53:06] [INFO ] [main    ] 判定確定 | ID:246 | 結果:健全果 | 信頼度:95%
[2026-06-23 19:53:09] [INFO ] [main    ] 判定確定 | ID:247 | 結果:健全果 | 信頼度:97%
[2026-06-23 19:53:13] [INFO ] [main    ] 判定確定 | ID:248 | 結果:未熟果 | 信頼度:96%
[2026-06-23 19:53:14] [INFO ] [main    ] 判定確定 | ID:249 | 結果:健全果 | 信頼度:95%
[2026-06-23 19:53:17] [INFO ] [main    ] 判定確定 | ID:250 | 結果:奇形果 | 信頼度:95%
[2026-06-23 19:53:19] [INFO ] [main    ] 判定確定 | ID:251 | 結果:健全果 | 信頼度:95%
[2026-06-23 19:53:22] [INFO ] [main    ] 判定確定 | ID:252 | 結果:未熟果 | 信頼度:95%
[2026-06-23 19:53:26] [INFO ] [main    ] 判定確定 | ID:253 | 結果:未熟果 | 信頼度:96%
[2026-06-23 19:53:27] [INFO ] [main    ] 判定確定 | ID:254 | 結果:健全果 | 信頼度:95%
[2026-06-23 19:53:30] [INFO ] [main    ] 判定確定 | ID:255 | 結果:奇形果 | 信頼度:95%
[2026-06-23 19:53:32] [INFO ] [main    ] 判定確定 | ID:256 | 結果:健全果 | 信頼度:96%
[2026-06-23 19:53:33] [DEBUG] [motor   ] [Serial Send] P
[2026-06-23 19:53:33] [INFO ] [event   ] arduino_heartbeat status=ok latency_ms=0.5
[2026-06-23 19:53:33] [DEBUG] [motor   ] [Serial Recv] OK:PONG
[2026-06-23 19:53:34] [WARN ] [camera  ] [CamStats] cam_under: 累積 成功 13190 枚 / エラー 6 回 (エラー率 0.05%)
[2026-06-23 19:53:34] [DEBUG] [camera  ] [CamStats] cam_top: 累積 成功 13202 枚 / エラー 0 回 (エラー率 0.00%)
[2026-06-23 19:53:34] [DEBUG] [camera  ] [CamStats] cam_inside: 累積 成功 13204 枚 / エラー 0 回 (エラー率 0.00%)
[2026-06-23 19:53:34] [DEBUG] [camera  ] [CamStats] cam_outside: 累積 成功 13205 枚 / エラー 0 回 (エラー率 0.00%)
[2026-06-23 19:53:35] [INFO ] [main    ] 判定確定 | ID:257 | 結果:健全果 | 信頼度:97%
[2026-06-23 19:53:35] [INFO ] [event   ] mem_snapshot py_current_mb=133.6 py_peak_mb=148.7 top=['c:\\Users\\kotan\\gohara\\DCRsystem_PC\\DCRsystem5goki_raw_PC_app\\module_cameras_5goki_v2.py:168: 103.3MB', 'c:\\Users\\kotan\\gohara\\DCRsystem_PC\\DCRsystem5goki_raw_PC_app\\module_yolo_csv4.py:372: 4.9MB', 'c:\\Users\\kotan\\gohara\\DCRsystem_PC\\DCRsystem5goki_raw_PC_app\\module_yolo_csv4.py:648: 4.9MB', 'c:\\Users\\kotan\\gohara\\DCRsystem_PC\\DCRsystem5goki_raw_PC_app\\module_yolo_csv4.py:599: 4.9MB', 'C:\\Users\\kotan\\gohara\\DCRsystem_PC\\DCRsystem5goki_raw_PC_app\\.venv\\Lib\\site-packages\\pypylon\\pylon.py:6403: 4.5MB']
[2026-06-23 19:53:39] [INFO ] [main    ] 判定確定 | ID:258 | 結果:未熟果 | 信頼度:96%
[2026-06-23 19:53:40] [INFO ] [main    ] 判定確定 | ID:259 | 結果:未熟果 | 信頼度:93%
[2026-06-23 19:53:43] [INFO ] [main    ] 判定確定 | ID:260 | 結果:奇形果 | 信頼度:96%
[2026-06-23 19:53:45] [INFO ] [main    ] 判定確定 | ID:261 | 結果:健全果 | 信頼度:96%
[2026-06-23 19:53:47] [INFO ] [main    ] 判定確定 | ID:262 | 結果:健全果 | 信頼度:97%
[2026-06-23 19:53:52] [INFO ] [main    ] 判定確定 | ID:263 | 結果:未熟果 | 信頼度:96%
[2026-06-23 19:53:53] [INFO ] [main    ] 判定確定 | ID:264 | 結果:健全果 | 信頼度:96%
[2026-06-23 19:53:56] [INFO ] [main    ] 判定確定 | ID:265 | 結果:奇形果 | 信頼度:95%
[2026-06-23 19:53:57] [INFO ] [main    ] 判定確定 | ID:266 | 結果:健全果 | 信頼度:96%
[2026-06-23 19:54:00] [INFO ] [main    ] 判定確定 | ID:267 | 結果:健全果 | 信頼度:97%
[2026-06-23 19:54:03] [DEBUG] [motor   ] [Serial Send] P
[2026-06-23 19:54:03] [INFO ] [event   ] arduino_heartbeat status=ok latency_ms=3.6
[2026-06-23 19:54:03] [DEBUG] [motor   ] [Serial Recv] OK:PONG
[2026-06-23 19:54:04] [INFO ] [main    ] 判定確定 | ID:268 | 結果:未熟果 | 信頼度:96%
[2026-06-23 19:54:06] [INFO ] [main    ] 判定確定 | ID:269 | 結果:健全果 | 信頼度:96%
[2026-06-23 19:54:09] [INFO ] [main    ] 判定確定 | ID:270 | 結果:奇形果 | 信頼度:94%
[2026-06-23 19:54:10] [INFO ] [main    ] 判定確定 | ID:271 | 結果:健全果 | 信頼度:95%
[2026-06-23 19:54:13] [INFO ] [main    ] 判定確定 | ID:272 | 結果:健全果 | 信頼度:97%
[2026-06-23 19:54:17] [INFO ] [main    ] 判定確定 | ID:273 | 結果:未熟果 | 信頼度:96%
[2026-06-23 19:54:19] [INFO ] [main    ] 判定確定 | ID:274 | 結果:健全果 | 信頼度:97%
[2026-06-23 19:54:21] [INFO ] [main    ] 判定確定 | ID:275 | 結果:奇形果 | 信頼度:95%
[2026-06-23 19:54:23] [INFO ] [main    ] 判定確定 | ID:276 | 結果:健全果 | 信頼度:95%
[2026-06-23 19:54:26] [INFO ] [main    ] 判定確定 | ID:277 | 結果:未熟果 | 信頼度:96%
[2026-06-23 19:54:30] [INFO ] [main    ] 判定確定 | ID:278 | 結果:健全果 | 信頼度:70%
[2026-06-23 19:54:31] [INFO ] [main    ] 判定確定 | ID:279 | 結果:健全果 | 信頼度:95%
[2026-06-23 19:54:33] [DEBUG] [motor   ] [Serial Send] P
[2026-06-23 19:54:33] [INFO ] [event   ] arduino_heartbeat status=ok latency_ms=3.5
[2026-06-23 19:54:33] [DEBUG] [motor   ] [Serial Recv] OK:PONG
[2026-06-23 19:54:34] [WARN ] [camera  ] [CamStats] cam_under: 累積 成功 14390 枚 / エラー 6 回 (エラー率 0.04%)
[2026-06-23 19:54:34] [DEBUG] [camera  ] [CamStats] cam_top: 累積 成功 14402 枚 / エラー 0 回 (エラー率 0.00%)
[2026-06-23 19:54:34] [DEBUG] [camera  ] [CamStats] cam_inside: 累積 成功 14404 枚 / エラー 0 回 (エラー率 0.00%)
[2026-06-23 19:54:34] [DEBUG] [camera  ] [CamStats] cam_outside: 累積 成功 14405 枚 / エラー 0 回 (エラー率 0.00%)
[2026-06-23 19:54:34] [INFO ] [main    ] 判定確定 | ID:280 | 結果:奇形果 | 信頼度:94%
[2026-06-23 19:54:35] [INFO ] [event   ] mem_snapshot py_current_mb=125.9 py_peak_mb=149.2 top=['c:\\Users\\kotan\\gohara\\DCRsystem_PC\\DCRsystem5goki_raw_PC_app\\module_cameras_5goki_v2.py:168: 102.3MB', 'c:\\Users\\kotan\\gohara\\DCRsystem_PC\\DCRsystem5goki_raw_PC_app\\module_yolo_csv4.py:566: 4.9MB', 'C:\\Users\\kotan\\gohara\\DCRsystem_PC\\DCRsystem5goki_raw_PC_app\\.venv\\Lib\\site-packages\\pypylon\\pylon.py:6403: 4.5MB', 'c:\\Users\\kotan\\gohara\\DCRsystem_PC\\DCRsystem5goki_raw_PC_app\\module_cameras_5goki_v2.py:174: 2.0MB', 'c:\\Users\\kotan\\gohara\\DCRsystem_PC\\DCRsystem5goki_raw_PC_app\\module_yolo_csv4.py:266: 1.6MB']
[2026-06-23 19:54:36] [INFO ] [main    ] 判定確定 | ID:281 | 結果:健全果 | 信頼度:96%
[2026-06-23 19:54:39] [INFO ] [main    ] 判定確定 | ID:282 | 結果:健全果 | 信頼度:97%
[2026-06-23 19:54:43] [INFO ] [main    ] 判定確定 | ID:283 | 結果:未熟果 | 信頼度:96%
[2026-06-23 19:54:44] [INFO ] [main    ] 判定確定 | ID:284 | 結果:健全果 | 信頼度:96%
[2026-06-23 19:54:47] [INFO ] [main    ] 判定確定 | ID:285 | 結果:奇形果 | 信頼度:96%
[2026-06-23 19:54:49] [INFO ] [main    ] 判定確定 | ID:286 | 結果:健全果 | 信頼度:96%
[2026-06-23 19:54:51] [INFO ] [main    ] 判定確定 | ID:287 | 結果:未熟果 | 信頼度:95%
[2026-06-23 19:54:55] [INFO ] [main    ] 判定確定 | ID:288 | 結果:未熟果 | 信頼度:96%
[2026-06-23 19:54:57] [INFO ] [main    ] 判定確定 | ID:289 | 結果:未熟果 | 信頼度:93%
[2026-06-23 19:55:00] [INFO ] [main    ] 判定確定 | ID:290 | 結果:奇形果 | 信頼度:95%
[2026-06-23 19:55:02] [INFO ] [main    ] 判定確定 | ID:291 | 結果:健全果 | 信頼度:96%
[2026-06-23 19:55:03] [DEBUG] [motor   ] [Serial Send] P
[2026-06-23 19:55:03] [INFO ] [event   ] arduino_heartbeat status=ok latency_ms=0.0
[2026-06-23 19:55:03] [DEBUG] [motor   ] [Serial Recv] OK:PONG
[2026-06-23 19:55:04] [INFO ] [main    ] 判定確定 | ID:292 | 結果:未熟果 | 信頼度:96%
[2026-06-23 19:55:08] [INFO ] [main    ] 判定確定 | ID:293 | 結果:未熟果 | 信頼度:96%
[2026-06-23 19:55:10] [INFO ] [main    ] 判定確定 | ID:294 | 結果:健全果 | 信頼度:96%
[2026-06-23 19:55:13] [INFO ] [main    ] 判定確定 | ID:295 | 結果:奇形果 | 信頼度:95%
[2026-06-23 19:55:14] [INFO ] [main    ] 判定確定 | ID:296 | 結果:健全果 | 信頼度:95%
[2026-06-23 19:55:17] [INFO ] [main    ] 判定確定 | ID:297 | 結果:健全果 | 信頼度:97%
[2026-06-23 19:55:21] [INFO ] [main    ] 判定確定 | ID:298 | 結果:健全果 | 信頼度:90%
[2026-06-23 19:55:23] [INFO ] [main    ] 判定確定 | ID:299 | 結果:健全果 | 信頼度:96%
[2026-06-23 19:55:24] [WARN ] [camera  ] [GrabError] cam_under: 連続 1 回目 / 継続 0ms / 累積エラー 7 回・成功 15382 枚 - Exception: GrabSucceeded=False code=0xE2000102 desc=The buffer was cancelled.
[2026-06-23 19:55:24] [WARN ] [camera  ] cam_under: 1回の連続エラーから復帰 (この間パネルは約 47ms フリーズ)
[2026-06-23 19:55:25] [INFO ] [main    ] 判定確定 | ID:300 | 結果:奇形果 | 信頼度:95%
[2026-06-23 19:55:27] [INFO ] [main    ] 判定確定 | ID:301 | 結果:健全果 | 信頼度:95%
[2026-06-23 19:55:30] [INFO ] [main    ] 判定確定 | ID:302 | 結果:健全果 | 信頼度:97%
[2026-06-23 19:55:33] [DEBUG] [motor   ] [Serial Send] P
[2026-06-23 19:55:33] [INFO ] [event   ] arduino_heartbeat status=ok latency_ms=1.7
[2026-06-23 19:55:33] [DEBUG] [motor   ] [Serial Recv] OK:PONG
[2026-06-23 19:55:34] [WARN ] [camera  ] [CamStats] cam_under: 累積 成功 15588 枚 / エラー 7 回 (エラー率 0.04%)
[2026-06-23 19:55:34] [DEBUG] [camera  ] [CamStats] cam_top: 累積 成功 15602 枚 / エラー 0 回 (エラー率 0.00%)
[2026-06-23 19:55:34] [DEBUG] [camera  ] [CamStats] cam_inside: 累積 成功 15603 枚 / エラー 0 回 (エラー率 0.00%)
[2026-06-23 19:55:34] [INFO ] [main    ] 判定確定 | ID:303 | 結果:未熟果 | 信頼度:96%
[2026-06-23 19:55:34] [DEBUG] [camera  ] [CamStats] cam_outside: 累積 成功 15605 枚 / エラー 0 回 (エラー率 0.00%)
[2026-06-23 19:55:35] [INFO ] [event   ] mem_snapshot py_current_mb=134.7 py_peak_mb=149.6 top=['c:\\Users\\kotan\\gohara\\DCRsystem_PC\\DCRsystem5goki_raw_PC_app\\module_cameras_5goki_v2.py:168: 102.3MB', 'c:\\Users\\kotan\\gohara\\DCRsystem_PC\\DCRsystem5goki_raw_PC_app\\module_yolo_csv4.py:372: 4.9MB', 'c:\\Users\\kotan\\gohara\\DCRsystem_PC\\DCRsystem5goki_raw_PC_app\\module_yolo_csv4.py:648: 4.9MB', 'c:\\Users\\kotan\\gohara\\DCRsystem_PC\\DCRsystem5goki_raw_PC_app\\module_yolo_csv4.py:599: 4.9MB', 'C:\\Users\\kotan\\gohara\\DCRsystem_PC\\DCRsystem5goki_raw_PC_app\\.venv\\Lib\\site-packages\\pypylon\\pylon.py:6403: 4.5MB']
[2026-06-23 19:55:35] [INFO ] [main    ] 判定確定 | ID:304 | 結果:健全果 | 信頼度:95%
[2026-06-23 19:55:38] [INFO ] [main    ] 判定確定 | ID:305 | 結果:奇形果 | 信頼度:95%
[2026-06-23 19:55:40] [INFO ] [main    ] 判定確定 | ID:306 | 結果:健全果 | 信頼度:96%
[2026-06-23 19:55:42] [INFO ] [main    ] 判定確定 | ID:307 | 結果:黒双子 | 信頼度:92%
[2026-06-23 19:55:47] [INFO ] [main    ] 判定確定 | ID:308 | 結果:未熟果 | 信頼度:96%
[2026-06-23 19:55:48] [INFO ] [main    ] 判定確定 | ID:309 | 結果:健全果 | 信頼度:95%
[2026-06-23 19:55:51] [INFO ] [main    ] 判定確定 | ID:310 | 結果:奇形果 | 信頼度:94%
[2026-06-23 19:55:53] [INFO ] [main    ] 判定確定 | ID:311 | 結果:健全果 | 信頼度:96%
[2026-06-23 19:55:56] [INFO ] [main    ] 判定確定 | ID:312 | 結果:健全果 | 信頼度:97%
[2026-06-23 19:56:00] [INFO ] [main    ] 判定確定 | ID:313 | 結果:未熟果 | 信頼度:96%
[2026-06-23 19:56:01] [INFO ] [main    ] 判定確定 | ID:314 | 結果:未熟果 | 信頼度:94%
[2026-06-23 19:56:03] [DEBUG] [motor   ] [Serial Send] P
[2026-06-23 19:56:03] [INFO ] [event   ] arduino_heartbeat status=ok latency_ms=0.0
[2026-06-23 19:56:03] [DEBUG] [motor   ] [Serial Recv] OK:PONG
[2026-06-23 19:56:04] [INFO ] [main    ] 判定確定 | ID:315 | 結果:奇形果 | 信頼度:95%
[2026-06-23 19:56:06] [INFO ] [main    ] 判定確定 | ID:316 | 結果:健全果 | 信頼度:95%
[2026-06-23 19:56:08] [INFO ] [main    ] 判定確定 | ID:317 | 結果:健全果 | 信頼度:97%
[2026-06-23 19:56:12] [INFO ] [main    ] 判定確定 | ID:318 | 結果:健全果 | 信頼度:88%
[2026-06-23 19:56:14] [INFO ] [main    ] 判定確定 | ID:319 | 結果:健全果 | 信頼度:94%
[2026-06-23 19:56:17] [INFO ] [main    ] 判定確定 | ID:320 | 結果:奇形果 | 信頼度:95%
[2026-06-23 19:56:18] [INFO ] [main    ] 判定確定 | ID:321 | 結果:健全果 | 信頼度:96%
[2026-06-23 19:56:21] [INFO ] [main    ] 判定確定 | ID:322 | 結果:健全果 | 信頼度:97%
[2026-06-23 19:56:25] [INFO ] [main    ] 判定確定 | ID:323 | 結果:未熟果 | 信頼度:96%
[2026-06-23 19:56:27] [INFO ] [main    ] 判定確定 | ID:324 | 結果:健全果 | 信頼度:95%
[2026-06-23 19:56:30] [INFO ] [main    ] 判定確定 | ID:325 | 結果:奇形果 | 信頼度:95%
[2026-06-23 19:56:31] [INFO ] [main    ] 判定確定 | ID:326 | 結果:健全果 | 信頼度:96%
[2026-06-23 19:56:33] [DEBUG] [motor   ] [Serial Send] P
[2026-06-23 19:56:33] [INFO ] [event   ] arduino_heartbeat status=ok latency_ms=4.6
[2026-06-23 19:56:33] [DEBUG] [motor   ] [Serial Recv] OK:PONG
[2026-06-23 19:56:34] [INFO ] [main    ] 判定確定 | ID:327 | 結果:健全果 | 信頼度:97%
[2026-06-23 19:56:34] [WARN ] [camera  ] [CamStats] cam_under: 累積 成功 16787 枚 / エラー 7 回 (エラー率 0.04%)
[2026-06-23 19:56:34] [DEBUG] [camera  ] [CamStats] cam_top: 累積 成功 16801 枚 / エラー 0 回 (エラー率 0.00%)
[2026-06-23 19:56:34] [DEBUG] [camera  ] [CamStats] cam_inside: 累積 成功 16802 枚 / エラー 0 回 (エラー率 0.00%)
[2026-06-23 19:56:34] [DEBUG] [camera  ] [CamStats] cam_outside: 累積 成功 16806 枚 / エラー 0 回 (エラー率 0.00%)
[2026-06-23 19:56:35] [INFO ] [event   ] mem_snapshot py_current_mb=122.5 py_peak_mb=149.7 top=['c:\\Users\\kotan\\gohara\\DCRsystem_PC\\DCRsystem5goki_raw_PC_app\\module_cameras_5goki_v2.py:168: 102.3MB', 'c:\\Users\\kotan\\gohara\\DCRsystem_PC\\DCRsystem5goki_raw_PC_app\\module_yolo_csv4.py:566: 4.9MB', 'C:\\Users\\kotan\\gohara\\DCRsystem_PC\\DCRsystem5goki_raw_PC_app\\.venv\\Lib\\site-packages\\pypylon\\pylon.py:6403: 4.5MB', 'c:\\Users\\kotan\\gohara\\DCRsystem_PC\\DCRsystem5goki_raw_PC_app\\module_cameras_5goki_v2.py:174: 2.0MB', 'C:\\Users\\kotan\\gohara\\DCRsystem_PC\\DCRsystem5goki_raw_PC_app\\.venv\\Lib\\site-packages\\numpy\\lib\\_twodim_base_impl.py:318: 1.5MB']
[2026-06-23 19:56:38] [INFO ] [main    ] 判定確定 | ID:328 | 結果:健全果 | 信頼度:92%
[2026-06-23 19:56:39] [INFO ] [main    ] 判定確定 | ID:329 | 結果:健全果 | 信頼度:95%
[2026-06-23 19:56:42] [INFO ] [main    ] 判定確定 | ID:330 | 結果:奇形果 | 信頼度:94%
[2026-06-23 19:56:44] [INFO ] [main    ] 判定確定 | ID:331 | 結果:健全果 | 信頼度:96%
[2026-06-23 19:56:47] [INFO ] [main    ] 判定確定 | ID:332 | 結果:健全果 | 信頼度:97%
[2026-06-23 19:56:51] [INFO ] [main    ] 判定確定 | ID:333 | 結果:未熟果 | 信頼度:96%
[2026-06-23 19:56:52] [INFO ] [main    ] 判定確定 | ID:334 | 結果:健全果 | 信頼度:96%
[2026-06-23 19:56:55] [INFO ] [main    ] 判定確定 | ID:335 | 結果:奇形果 | 信頼度:94%
[2026-06-23 19:56:57] [INFO ] [main    ] 判定確定 | ID:336 | 結果:健全果 | 信頼度:96%
[2026-06-23 19:56:59] [INFO ] [main    ] 判定確定 | ID:337 | 結果:健全果 | 信頼度:97%
[2026-06-23 19:57:03] [DEBUG] [motor   ] [Serial Send] P
[2026-06-23 19:57:03] [INFO ] [event   ] arduino_heartbeat status=ok latency_ms=2.8
[2026-06-23 19:57:03] [DEBUG] [motor   ] [Serial Recv] OK:PONG
[2026-06-23 19:57:04] [INFO ] [main    ] 判定確定 | ID:338 | 結果:未熟果 | 信頼度:96%
[2026-06-23 19:57:05] [INFO ] [main    ] 判定確定 | ID:339 | 結果:健全果 | 信頼度:96%
[2026-06-23 19:57:08] [INFO ] [main    ] 判定確定 | ID:340 | 結果:奇形果 | 信頼度:95%
[2026-06-23 19:57:10] [INFO ] [main    ] 判定確定 | ID:341 | 結果:健全果 | 信頼度:96%
[2026-06-23 19:57:12] [INFO ] [main    ] 判定確定 | ID:342 | 結果:健全果 | 信頼度:97%
[2026-06-23 19:57:16] [INFO ] [main    ] 判定確定 | ID:343 | 結果:未熟果 | 信頼度:96%
[2026-06-23 19:57:18] [INFO ] [main    ] 判定確定 | ID:344 | 結果:健全果 | 信頼度:97%
[2026-06-23 19:57:21] [INFO ] [main    ] 判定確定 | ID:345 | 結果:奇形果 | 信頼度:95%
[2026-06-23 19:57:22] [INFO ] [main    ] 判定確定 | ID:346 | 結果:健全果 | 信頼度:96%
[2026-06-23 19:57:25] [INFO ] [main    ] 判定確定 | ID:347 | 結果:健全果 | 信頼度:97%
[2026-06-23 19:57:29] [INFO ] [main    ] 判定確定 | ID:348 | 結果:未熟果 | 信頼度:94%
[2026-06-23 19:57:31] [INFO ] [main    ] 判定確定 | ID:349 | 結果:健全果 | 信頼度:95%
[2026-06-23 19:57:33] [DEBUG] [motor   ] [Serial Send] P
[2026-06-23 19:57:33] [INFO ] [event   ] arduino_heartbeat status=ok latency_ms=0.0
[2026-06-23 19:57:33] [DEBUG] [motor   ] [Serial Recv] OK:PONG
[2026-06-23 19:57:34] [INFO ] [main    ] 判定確定 | ID:350 | 結果:奇形果 | 信頼度:95%
[2026-06-23 19:57:34] [WARN ] [camera  ] [CamStats] cam_under: 累積 成功 17987 枚 / エラー 7 回 (エラー率 0.04%)
[2026-06-23 19:57:34] [DEBUG] [camera  ] [CamStats] cam_top: 累積 成功 18001 枚 / エラー 0 回 (エラー率 0.00%)
[2026-06-23 19:57:34] [DEBUG] [camera  ] [CamStats] cam_inside: 累積 成功 18002 枚 / エラー 0 回 (エラー率 0.00%)
[2026-06-23 19:57:34] [DEBUG] [camera  ] [CamStats] cam_outside: 累積 成功 18005 枚 / エラー 0 回 (エラー率 0.00%)
[2026-06-23 19:57:35] [INFO ] [event   ] mem_snapshot py_current_mb=132.4 py_peak_mb=149.9 top=['c:\\Users\\kotan\\gohara\\DCRsystem_PC\\DCRsystem5goki_raw_PC_app\\module_cameras_5goki_v2.py:168: 102.3MB', 'c:\\Users\\kotan\\gohara\\DCRsystem_PC\\DCRsystem5goki_raw_PC_app\\module_yolo_csv4.py:372: 4.9MB', 'c:\\Users\\kotan\\gohara\\DCRsystem_PC\\DCRsystem5goki_raw_PC_app\\module_yolo_csv4.py:648: 4.9MB', 'c:\\Users\\kotan\\gohara\\DCRsystem_PC\\DCRsystem5goki_raw_PC_app\\module_yolo_csv4.py:599: 4.9MB', 'C:\\Users\\kotan\\gohara\\DCRsystem_PC\\DCRsystem5goki_raw_PC_app\\.venv\\Lib\\site-packages\\pypylon\\pylon.py:6403: 4.5MB']
[2026-06-23 19:57:36] [INFO ] [main    ] 判定確定 | ID:351 | 結果:健全果 | 信頼度:96%
[2026-06-23 19:57:38] [INFO ] [main    ] 判定確定 | ID:352 | 結果:未熟果 | 信頼度:96%
[2026-06-23 19:57:42] [INFO ] [main    ] 判定確定 | ID:353 | 結果:未熟果 | 信頼度:96%
[2026-06-23 19:57:44] [INFO ] [main    ] 判定確定 | ID:354 | 結果:健全果 | 信頼度:96%
[2026-06-23 19:57:46] [INFO ] [main    ] 判定確定 | ID:355 | 結果:奇形果 | 信頼度:94%
[2026-06-23 19:57:48] [WARN ] [camera  ] [GrabError] cam_under: 連続 1 回目 / 継続 0ms / 累積エラー 8 回・成功 18263 枚 - Exception: GrabSucceeded=False code=0xE2000102 desc=The buffer was cancelled.
[2026-06-23 19:57:48] [WARN ] [camera  ] cam_under: 1回の連続エラーから復帰 (この間パネルは約 31ms フリーズ)
[2026-06-23 19:57:48] [INFO ] [main    ] 判定確定 | ID:356 | 結果:健全果 | 信頼度:95%
[2026-06-23 19:57:51] [INFO ] [main    ] 判定確定 | ID:357 | 結果:未熟果 | 信頼度:96%
[2026-06-23 19:57:55] [INFO ] [main    ] 判定確定 | ID:358 | 結果:未熟果 | 信頼度:95%
[2026-06-23 19:57:56] [INFO ] [main    ] 判定確定 | ID:359 | 結果:健全果 | 信頼度:95%
[2026-06-23 19:57:59] [WARN ] [camera  ] [GrabError] cam_under: 連続 1 回目 / 継続 0ms / 累積エラー 9 回・成功 18479 枚 - Exception: GrabSucceeded=False code=0xE2000102 desc=The buffer was cancelled.
[2026-06-23 19:57:59] [WARN ] [camera  ] cam_under: 1回の連続エラーから復帰 (この間パネルは約 31ms フリーズ)
[2026-06-23 19:57:59] [INFO ] [main    ] 判定確定 | ID:360 | 結果:奇形果 | 信頼度:95%
[2026-06-23 19:58:01] [INFO ] [main    ] 判定確定 | ID:361 | 結果:健全果 | 信頼度:96%
[2026-06-23 19:58:03] [DEBUG] [motor   ] [Serial Send] P
[2026-06-23 19:58:03] [INFO ] [event   ] arduino_heartbeat status=ok latency_ms=5.1
[2026-06-23 19:58:03] [DEBUG] [motor   ] [Serial Recv] OK:PONG
[2026-06-23 19:58:03] [INFO ] [main    ] 判定確定 | ID:362 | 結果:未熟果 | 信頼度:96%
[2026-06-23 19:58:08] [INFO ] [main    ] 判定確定 | ID:363 | 結果:健全果 | 信頼度:91%
[2026-06-23 19:58:09] [INFO ] [main    ] 判定確定 | ID:364 | 結果:健全果 | 信頼度:95%
[2026-06-23 19:58:12] [INFO ] [main    ] 判定確定 | ID:365 | 結果:奇形果 | 信頼度:96%
[2026-06-23 19:58:14] [INFO ] [main    ] 判定確定 | ID:366 | 結果:健全果 | 信頼度:96%
[2026-06-23 19:58:16] [INFO ] [main    ] 判定確定 | ID:367 | 結果:未熟果 | 信頼度:96%
[2026-06-23 19:58:21] [INFO ] [main    ] 判定確定 | ID:368 | 結果:未熟果 | 信頼度:96%
[2026-06-23 19:58:22] [INFO ] [main    ] 判定確定 | ID:369 | 結果:健全果 | 信頼度:91%
[2026-06-23 19:58:25] [INFO ] [main    ] 判定確定 | ID:370 | 結果:奇形果 | 信頼度:95%
[2026-06-23 19:58:27] [INFO ] [main    ] 判定確定 | ID:371 | 結果:健全果 | 信頼度:96%
[2026-06-23 19:58:29] [INFO ] [main    ] 判定確定 | ID:372 | 結果:健全果 | 信頼度:97%
[2026-06-23 19:58:33] [INFO ] [main    ] 判定確定 | ID:373 | 結果:未熟果 | 信頼度:96%
[2026-06-23 19:58:33] [DEBUG] [motor   ] [Serial Send] P
[2026-06-23 19:58:33] [INFO ] [event   ] arduino_heartbeat status=ok latency_ms=0.0
[2026-06-23 19:58:33] [DEBUG] [motor   ] [Serial Recv] OK:PONG
[2026-06-23 19:58:34] [DEBUG] [camera  ] [CamStats] cam_top: 累積 成功 19200 枚 / エラー 0 回 (エラー率 0.00%)
[2026-06-23 19:58:34] [DEBUG] [camera  ] [CamStats] cam_inside: 累積 成功 19201 枚 / エラー 0 回 (エラー率 0.00%)
[2026-06-23 19:58:34] [WARN ] [camera  ] [CamStats] cam_under: 累積 成功 19183 枚 / エラー 9 回 (エラー率 0.05%)
[2026-06-23 19:58:34] [DEBUG] [camera  ] [CamStats] cam_outside: 累積 成功 19204 枚 / エラー 0 回 (エラー率 0.00%)
[2026-06-23 19:58:35] [INFO ] [main    ] 判定確定 | ID:374 | 結果:健全果 | 信頼度:95%
[2026-06-23 19:58:35] [INFO ] [event   ] mem_snapshot py_current_mb=128.0 py_peak_mb=150.1 top=['c:\\Users\\kotan\\gohara\\DCRsystem_PC\\DCRsystem5goki_raw_PC_app\\module_cameras_5goki_v2.py:168: 102.3MB', 'c:\\Users\\kotan\\gohara\\DCRsystem_PC\\DCRsystem5goki_raw_PC_app\\module_yolo_csv4.py:566: 4.9MB', 'C:\\Users\\kotan\\gohara\\DCRsystem_PC\\DCRsystem5goki_raw_PC_app\\.venv\\Lib\\site-packages\\pypylon\\pylon.py:6403: 4.5MB', 'c:\\Users\\kotan\\gohara\\DCRsystem_PC\\DCRsystem5goki_raw_PC_app\\module_yolo_csv4.py:276: 2.1MB', 'c:\\Users\\kotan\\gohara\\DCRsystem_PC\\DCRsystem5goki_raw_PC_app\\module_cameras_5goki_v2.py:174: 2.0MB']
[2026-06-23 19:58:38] [INFO ] [main    ] 判定確定 | ID:375 | 結果:奇形果 | 信頼度:95%
[2026-06-23 19:58:39] [INFO ] [main    ] 判定確定 | ID:376 | 結果:健全果 | 信頼度:96%
[2026-06-23 19:58:42] [INFO ] [main    ] 判定確定 | ID:377 | 結果:健全果 | 信頼度:97%
[2026-06-23 19:58:46] [INFO ] [main    ] 判定確定 | ID:378 | 結果:未熟果 | 信頼度:97%
[2026-06-23 19:58:48] [INFO ] [main    ] 判定確定 | ID:379 | 結果:健全果 | 信頼度:96%
[2026-06-23 19:58:50] [INFO ] [main    ] 判定確定 | ID:380 | 結果:奇形果 | 信頼度:95%
[2026-06-23 19:58:52] [INFO ] [main    ] 判定確定 | ID:381 | 結果:健全果 | 信頼度:96%
[2026-06-23 19:58:55] [INFO ] [main    ] 判定確定 | ID:382 | 結果:未熟果 | 信頼度:96%
[2026-06-23 19:58:59] [INFO ] [main    ] 判定確定 | ID:383 | 結果:未熟果 | 信頼度:96%
[2026-06-23 19:59:00] [INFO ] [main    ] 判定確定 | ID:384 | 結果:未熟果 | 信頼度:92%
[2026-06-23 19:59:02] [WARN ] [camera  ] [GrabError] cam_under: 連続 1 回目 / 継続 0ms / 累積エラー 10 回・成功 19737 枚 - Exception: GrabSucceeded=False code=0xE2000102 desc=The buffer was cancelled.
[2026-06-23 19:59:02] [WARN ] [camera  ] cam_under: 1回の連続エラーから復帰 (この間パネルは約 46ms フリーズ)
[2026-06-23 19:59:03] [INFO ] [main    ] 判定確定 | ID:385 | 結果:奇形果 | 信頼度:94%
[2026-06-23 19:59:03] [DEBUG] [motor   ] [Serial Send] P
[2026-06-23 19:59:03] [INFO ] [event   ] arduino_heartbeat status=ok latency_ms=0.0
[2026-06-23 19:59:03] [DEBUG] [motor   ] [Serial Recv] OK:PONG
[2026-06-23 19:59:05] [INFO ] [main    ] 判定確定 | ID:386 | 結果:健全果 | 信頼度:96%
[2026-06-23 19:59:07] [INFO ] [main    ] 判定確定 | ID:387 | 結果:健全果 | 信頼度:97%
[2026-06-23 19:59:12] [INFO ] [main    ] 判定確定 | ID:388 | 結果:未熟果 | 信頼度:96%
[2026-06-23 19:59:13] [INFO ] [main    ] 判定確定 | ID:389 | 結果:健全果 | 信頼度:96%
[2026-06-23 19:59:16] [INFO ] [main    ] 判定確定 | ID:390 | 結果:奇形果 | 信頼度:95%
[2026-06-23 19:59:18] [INFO ] [main    ] 判定確定 | ID:391 | 結果:健全果 | 信頼度:96%
[2026-06-23 19:59:20] [INFO ] [main    ] 判定確定 | ID:392 | 結果:健全果 | 信頼度:97%
[2026-06-23 19:59:25] [INFO ] [main    ] 判定確定 | ID:393 | 結果:健全果 | 信頼度:83%
[2026-06-23 19:59:26] [INFO ] [main    ] 判定確定 | ID:394 | 結果:健全果 | 信頼度:93%
[2026-06-23 19:59:29] [INFO ] [main    ] 判定確定 | ID:395 | 結果:奇形果 | 信頼度:96%
[2026-06-23 19:59:31] [INFO ] [main    ] 判定確定 | ID:396 | 結果:健全果 | 信頼度:96%
[2026-06-23 19:59:33] [INFO ] [main    ] 判定確定 | ID:397 | 結果:健全果 | 信頼度:97%
[2026-06-23 19:59:33] [DEBUG] [motor   ] [Serial Send] P
[2026-06-23 19:59:33] [INFO ] [event   ] arduino_heartbeat status=ok latency_ms=0.0
[2026-06-23 19:59:33] [DEBUG] [motor   ] [Serial Recv] OK:PONG
[2026-06-23 19:59:34] [DEBUG] [camera  ] [CamStats] cam_top: 累積 成功 20400 枚 / エラー 0 回 (エラー率 0.00%)
[2026-06-23 19:59:34] [DEBUG] [camera  ] [CamStats] cam_inside: 累積 成功 20401 枚 / エラー 0 回 (エラー率 0.00%)
[2026-06-23 19:59:34] [WARN ] [camera  ] [CamStats] cam_under: 累積 成功 20381 枚 / エラー 10 回 (エラー率 0.05%)
[2026-06-23 19:59:34] [DEBUG] [camera  ] [CamStats] cam_outside: 累積 成功 20404 枚 / エラー 0 回 (エラー率 0.00%)
[2026-06-23 19:59:36] [INFO ] [event   ] mem_snapshot py_current_mb=122.7 py_peak_mb=150.7 top=['c:\\Users\\kotan\\gohara\\DCRsystem_PC\\DCRsystem5goki_raw_PC_app\\module_cameras_5goki_v2.py:168: 102.3MB', 'c:\\Users\\kotan\\gohara\\DCRsystem_PC\\DCRsystem5goki_raw_PC_app\\module_yolo_csv4.py:566: 4.9MB', 'C:\\Users\\kotan\\gohara\\DCRsystem_PC\\DCRsystem5goki_raw_PC_app\\.venv\\Lib\\site-packages\\pypylon\\pylon.py:6403: 4.5MB', 'c:\\Users\\kotan\\gohara\\DCRsystem_PC\\DCRsystem5goki_raw_PC_app\\module_cameras_5goki_v2.py:174: 2.0MB', 'C:\\Users\\kotan\\gohara\\DCRsystem_PC\\DCRsystem5goki_raw_PC_app\\.venv\\Lib\\site-packages\\numpy\\lib\\_twodim_base_impl.py:318: 1.6MB']
[2026-06-23 19:59:37] [INFO ] [main    ] 判定確定 | ID:398 | 結果:未熟果 | 信頼度:95%
[2026-06-23 19:59:39] [INFO ] [main    ] 判定確定 | ID:399 | 結果:健全果 | 信頼度:95%
[2026-06-23 19:59:42] [INFO ] [main    ] 判定確定 | ID:400 | 結果:奇形果 | 信頼度:95%
[2026-06-23 19:59:44] [INFO ] [main    ] 判定確定 | ID:401 | 結果:健全果 | 信頼度:96%
[2026-06-23 19:59:46] [INFO ] [main    ] 判定確定 | ID:402 | 結果:健全果 | 信頼度:97%
[2026-06-23 19:59:50] [INFO ] [main    ] 判定確定 | ID:403 | 結果:未熟果 | 信頼度:96%
[2026-06-23 19:59:52] [INFO ] [main    ] 判定確定 | ID:404 | 結果:健全果 | 信頼度:96%
[2026-06-23 19:59:55] [INFO ] [main    ] 判定確定 | ID:405 | 結果:奇形果 | 信頼度:94%
[2026-06-23 19:59:56] [INFO ] [main    ] 判定確定 | ID:406 | 結果:健全果 | 信頼度:96%
[2026-06-23 19:59:59] [INFO ] [main    ] 判定確定 | ID:407 | 結果:黒双子 | 信頼度:91%
[2026-06-23 20:00:03] [INFO ] [main    ] 判定確定 | ID:408 | 結果:未熟果 | 信頼度:96%
[2026-06-23 20:00:04] [DEBUG] [motor   ] [Serial Send] P
[2026-06-23 20:00:04] [INFO ] [event   ] arduino_heartbeat status=ok latency_ms=4.1
[2026-06-23 20:00:04] [DEBUG] [motor   ] [Serial Recv] OK:PONG
[2026-06-23 20:00:04] [INFO ] [main    ] 判定確定 | ID:409 | 結果:健全果 | 信頼度:95%
[2026-06-23 20:00:07] [INFO ] [main    ] 判定確定 | ID:410 | 結果:奇形果 | 信頼度:95%
[2026-06-23 20:00:09] [INFO ] [main    ] 判定確定 | ID:411 | 結果:健全果 | 信頼度:96%
[2026-06-23 20:00:11] [INFO ] [main    ] 判定確定 | ID:412 | 結果:健全果 | 信頼度:97%
[2026-06-23 20:00:16] [INFO ] [main    ] 判定確定 | ID:413 | 結果:未熟果 | 信頼度:97%
[2026-06-23 20:00:17] [INFO ] [main    ] 判定確定 | ID:414 | 結果:健全果 | 信頼度:96%
[2026-06-23 20:00:20] [INFO ] [main    ] 判定確定 | ID:415 | 結果:奇形果 | 信頼度:95%
[2026-06-23 20:00:22] [INFO ] [main    ] 判定確定 | ID:416 | 結果:健全果 | 信頼度:96%
[2026-06-23 20:00:25] [INFO ] [main    ] 判定確定 | ID:417 | 結果:健全果 | 信頼度:97%
[2026-06-23 20:00:28] [INFO ] [main    ] 判定確定 | ID:418 | 結果:未熟果 | 信頼度:95%
[2026-06-23 20:00:30] [INFO ] [main    ] 判定確定 | ID:419 | 結果:健全果 | 信頼度:95%
[2026-06-23 20:00:33] [INFO ] [main    ] 判定確定 | ID:420 | 結果:奇形果 | 信頼度:95%
[2026-06-23 20:00:34] [DEBUG] [motor   ] [Serial Send] P
[2026-06-23 20:00:34] [INFO ] [event   ] arduino_heartbeat status=ok latency_ms=2.2
[2026-06-23 20:00:34] [DEBUG] [motor   ] [Serial Recv] OK:PONG
[2026-06-23 20:00:34] [DEBUG] [camera  ] [CamStats] cam_top: 累積 成功 21600 枚 / エラー 0 回 (エラー率 0.00%)
[2026-06-23 20:00:34] [DEBUG] [camera  ] [CamStats] cam_inside: 累積 成功 21601 枚 / エラー 0 回 (エラー率 0.00%)
[2026-06-23 20:00:34] [WARN ] [camera  ] [CamStats] cam_under: 累積 成功 21581 枚 / エラー 10 回 (エラー率 0.05%)
[2026-06-23 20:00:34] [DEBUG] [camera  ] [CamStats] cam_outside: 累積 成功 21604 枚 / エラー 0 回 (エラー率 0.00%)
[2026-06-23 20:00:35] [INFO ] [main    ] 判定確定 | ID:421 | 結果:健全果 | 信頼度:96%
[2026-06-23 20:00:36] [INFO ] [event   ] mem_snapshot py_current_mb=125.2 py_peak_mb=150.8 top=['c:\\Users\\kotan\\gohara\\DCRsystem_PC\\DCRsystem5goki_raw_PC_app\\module_cameras_5goki_v2.py:168: 102.3MB', 'C:\\Users\\kotan\\gohara\\DCRsystem_PC\\DCRsystem5goki_raw_PC_app\\.venv\\Lib\\site-packages\\pypylon\\pylon.py:6403: 4.5MB', 'c:\\Users\\kotan\\gohara\\DCRsystem_PC\\DCRsystem5goki_raw_PC_app\\module_yolo_csv4.py:566: 3.7MB', 'c:\\Users\\kotan\\gohara\\DCRsystem_PC\\DCRsystem5goki_raw_PC_app\\module_yolo_csv4.py:372: 2.5MB', 'c:\\Users\\kotan\\gohara\\DCRsystem_PC\\DCRsystem5goki_raw_PC_app\\module_cameras_5goki_v2.py:174: 2.0MB']
[2026-06-23 20:00:37] [INFO ] [main    ] 判定確定 | ID:422 | 結果:健全果 | 信頼度:97%
[2026-06-23 20:00:41] [INFO ] [main    ] 判定確定 | ID:423 | 結果:未熟果 | 信頼度:97%
[2026-06-23 20:00:43] [INFO ] [main    ] 判定確定 | ID:424 | 結果:健全果 | 信頼度:95%
[2026-06-23 20:00:46] [INFO ] [main    ] 判定確定 | ID:425 | 結果:奇形果 | 信頼度:95%
[2026-06-23 20:00:48] [INFO ] [main    ] 判定確定 | ID:426 | 結果:健全果 | 信頼度:96%
[2026-06-23 20:00:50] [INFO ] [main    ] 判定確定 | ID:427 | 結果:健全果 | 信頼度:96%
[2026-06-23 20:00:54] [INFO ] [main    ] 判定確定 | ID:428 | 結果:未熟果 | 信頼度:96%
[2026-06-23 20:00:56] [INFO ] [main    ] 判定確定 | ID:429 | 結果:健全果 | 信頼度:96%
[2026-06-23 20:00:59] [INFO ] [main    ] 判定確定 | ID:430 | 結果:奇形果 | 信頼度:95%
[2026-06-23 20:01:00] [INFO ] [main    ] 判定確定 | ID:431 | 結果:健全果 | 信頼度:95%
[2026-06-23 20:01:03] [INFO ] [main    ] 判定確定 | ID:432 | 結果:健全果 | 信頼度:97%
[2026-06-23 20:01:04] [DEBUG] [motor   ] [Serial Send] P
[2026-06-23 20:01:04] [INFO ] [event   ] arduino_heartbeat status=ok latency_ms=0.0
[2026-06-23 20:01:04] [DEBUG] [motor   ] [Serial Recv] OK:PONG
[2026-06-23 20:01:05] [WARN ] [camera  ] [GrabError] cam_under: 連続 1 回目 / 継続 0ms / 累積エラー 11 回・成功 22204 枚 - Exception: GrabSucceeded=False code=0xE2000102 desc=The buffer was cancelled.
[2026-06-23 20:01:05] [WARN ] [camera  ] cam_under: 1回の連続エラーから復帰 (この間パネルは約 31ms フリーズ)
[2026-06-23 20:01:07] [INFO ] [main    ] 判定確定 | ID:433 | 結果:未熟果 | 信頼度:96%
[2026-06-23 20:01:09] [INFO ] [main    ] 判定確定 | ID:434 | 結果:健全果 | 信頼度:96%
[2026-06-23 20:01:11] [INFO ] [main    ] 判定確定 | ID:435 | 結果:奇形果 | 信頼度:95%
[2026-06-23 20:01:13] [INFO ] [main    ] 判定確定 | ID:436 | 結果:健全果 | 信頼度:95%
[2026-06-23 20:01:16] [INFO ] [main    ] 判定確定 | ID:437 | 結果:健全果 | 信頼度:97%
[2026-06-23 20:01:20] [INFO ] [main    ] 判定確定 | ID:438 | 結果:未熟果 | 信頼度:96%
[2026-06-23 20:01:21] [INFO ] [main    ] 判定確定 | ID:439 | 結果:健全果 | 信頼度:96%
[2026-06-23 20:01:24] [INFO ] [main    ] 判定確定 | ID:440 | 結果:奇形果 | 信頼度:95%
[2026-06-23 20:01:26] [INFO ] [main    ] 判定確定 | ID:441 | 結果:健全果 | 信頼度:96%
[2026-06-23 20:01:28] [INFO ] [main    ] 判定確定 | ID:442 | 結果:未熟果 | 信頼度:96%
[2026-06-23 20:01:33] [INFO ] [main    ] 判定確定 | ID:443 | 結果:未熟果 | 信頼度:96%
[2026-06-23 20:01:34] [DEBUG] [motor   ] [Serial Send] P
[2026-06-23 20:01:34] [INFO ] [event   ] arduino_heartbeat status=ok latency_ms=0.0
[2026-06-23 20:01:34] [DEBUG] [motor   ] [Serial Recv] OK:PONG
[2026-06-23 20:01:34] [DEBUG] [camera  ] [CamStats] cam_top: 累積 成功 22800 枚 / エラー 0 回 (エラー率 0.00%)
[2026-06-23 20:01:34] [DEBUG] [camera  ] [CamStats] cam_inside: 累積 成功 22801 枚 / エラー 0 回 (エラー率 0.00%)
[2026-06-23 20:01:34] [WARN ] [camera  ] [CamStats] cam_under: 累積 成功 22780 枚 / エラー 11 回 (エラー率 0.05%)
[2026-06-23 20:01:34] [DEBUG] [camera  ] [CamStats] cam_outside: 累積 成功 22805 枚 / エラー 0 回 (エラー率 0.00%)
[2026-06-23 20:01:34] [INFO ] [main    ] 判定確定 | ID:444 | 結果:健全果 | 信頼度:95%
[2026-06-23 20:01:36] [INFO ] [event   ] mem_snapshot py_current_mb=122.8 py_peak_mb=150.8 top=['c:\\Users\\kotan\\gohara\\DCRsystem_PC\\DCRsystem5goki_raw_PC_app\\module_cameras_5goki_v2.py:168: 102.3MB', 'c:\\Users\\kotan\\gohara\\DCRsystem_PC\\DCRsystem5goki_raw_PC_app\\module_yolo_csv4.py:566: 4.9MB', 'C:\\Users\\kotan\\gohara\\DCRsystem_PC\\DCRsystem5goki_raw_PC_app\\.venv\\Lib\\site-packages\\pypylon\\pylon.py:6403: 4.5MB', 'c:\\Users\\kotan\\gohara\\DCRsystem_PC\\DCRsystem5goki_raw_PC_app\\module_cameras_5goki_v2.py:174: 2.0MB', 'C:\\Users\\kotan\\gohara\\DCRsystem_PC\\DCRsystem5goki_raw_PC_app\\.venv\\Lib\\site-packages\\numpy\\lib\\_twodim_base_impl.py:318: 1.6MB']
[2026-06-23 20:01:37] [INFO ] [main    ] 判定確定 | ID:445 | 結果:奇形果 | 信頼度:95%
[2026-06-23 20:01:39] [INFO ] [main    ] 判定確定 | ID:446 | 結果:健全果 | 信頼度:96%
[2026-06-23 20:01:41] [INFO ] [main    ] 判定確定 | ID:447 | 結果:奇形果 | 信頼度:91%
[2026-06-23 20:01:45] [INFO ] [main    ] 判定確定 | ID:448 | 結果:未熟果 | 信頼度:96%
[2026-06-23 20:01:47] [INFO ] [main    ] 判定確定 | ID:449 | 結果:健全果 | 信頼度:96%
[2026-06-23 20:01:50] [INFO ] [main    ] 判定確定 | ID:450 | 結果:奇形果 | 信頼度:95%
[2026-06-23 20:01:52] [INFO ] [main    ] 判定確定 | ID:451 | 結果:健全果 | 信頼度:96%
[2026-06-23 20:01:54] [INFO ] [main    ] 判定確定 | ID:452 | 結果:健全果 | 信頼度:97%
[2026-06-23 20:01:58] [INFO ] [main    ] 判定確定 | ID:453 | 結果:健全果 | 信頼度:79%
[2026-06-23 20:02:00] [INFO ] [main    ] 判定確定 | ID:454 | 結果:健全果 | 信頼度:97%
[2026-06-23 20:02:03] [INFO ] [main    ] 判定確定 | ID:455 | 結果:奇形果 | 信頼度:95%
[2026-06-23 20:02:04] [DEBUG] [motor   ] [Serial Send] P
[2026-06-23 20:02:04] [INFO ] [event   ] arduino_heartbeat status=ok latency_ms=1.2
[2026-06-23 20:02:04] [DEBUG] [motor   ] [Serial Recv] OK:PONG
[2026-06-23 20:02:05] [INFO ] [main    ] 判定確定 | ID:456 | 結果:健全果 | 信頼度:96%
[2026-06-23 20:02:07] [INFO ] [main    ] 判定確定 | ID:457 | 結果:黒双子 | 信頼度:93%
[2026-06-23 20:02:11] [INFO ] [main    ] 判定確定 | ID:458 | 結果:未熟果 | 信頼度:96%
[2026-06-23 20:02:13] [INFO ] [main    ] 判定確定 | ID:459 | 結果:健全果 | 信頼度:96%
[2026-06-23 20:02:15] [INFO ] [main    ] 判定確定 | ID:460 | 結果:奇形果 | 信頼度:95%
[2026-06-23 20:02:17] [INFO ] [main    ] 判定確定 | ID:461 | 結果:健全果 | 信頼度:96%
[2026-06-23 20:02:20] [INFO ] [main    ] 判定確定 | ID:462 | 結果:未熟果 | 信頼度:96%
[2026-06-23 20:02:24] [INFO ] [main    ] 判定確定 | ID:463 | 結果:未熟果 | 信頼度:95%
[2026-06-23 20:02:25] [INFO ] [main    ] 判定確定 | ID:464 | 結果:健全果 | 信頼度:95%
[2026-06-23 20:02:28] [INFO ] [main    ] 判定確定 | ID:465 | 結果:奇形果 | 信頼度:94%
[2026-06-23 20:02:30] [INFO ] [main    ] 判定確定 | ID:466 | 結果:健全果 | 信頼度:96%
[2026-06-23 20:02:32] [INFO ] [main    ] 判定確定 | ID:467 | 結果:健全果 | 信頼度:97%
[2026-06-23 20:02:34] [DEBUG] [motor   ] [Serial Send] P
[2026-06-23 20:02:34] [INFO ] [event   ] arduino_heartbeat status=ok latency_ms=5.6
[2026-06-23 20:02:34] [DEBUG] [motor   ] [Serial Recv] OK:PONG
[2026-06-23 20:02:34] [DEBUG] [camera  ] [CamStats] cam_top: 累積 成功 24000 枚 / エラー 0 回 (エラー率 0.00%)
[2026-06-23 20:02:34] [DEBUG] [camera  ] [CamStats] cam_inside: 累積 成功 24001 枚 / エラー 0 回 (エラー率 0.00%)
[2026-06-23 20:02:34] [WARN ] [camera  ] [CamStats] cam_under: 累積 成功 23979 枚 / エラー 11 回 (エラー率 0.05%)
[2026-06-23 20:02:34] [DEBUG] [camera  ] [CamStats] cam_outside: 累積 成功 24004 枚 / エラー 0 回 (エラー率 0.00%)
[2026-06-23 20:02:36] [INFO ] [event   ] mem_snapshot py_current_mb=133.9 py_peak_mb=151.1 top=['c:\\Users\\kotan\\gohara\\DCRsystem_PC\\DCRsystem5goki_raw_PC_app\\module_cameras_5goki_v2.py:168: 102.3MB', 'c:\\Users\\kotan\\gohara\\DCRsystem_PC\\DCRsystem5goki_raw_PC_app\\module_yolo_csv4.py:372: 4.9MB', 'c:\\Users\\kotan\\gohara\\DCRsystem_PC\\DCRsystem5goki_raw_PC_app\\module_yolo_csv4.py:648: 4.9MB', 'c:\\Users\\kotan\\gohara\\DCRsystem_PC\\DCRsystem5goki_raw_PC_app\\module_yolo_csv4.py:599: 4.9MB', 'C:\\Users\\kotan\\gohara\\DCRsystem_PC\\DCRsystem5goki_raw_PC_app\\.venv\\Lib\\site-packages\\pypylon\\pylon.py:6403: 4.5MB']
[2026-06-23 20:02:37] [INFO ] [main    ] 判定確定 | ID:468 | 結果:未熟果 | 信頼度:96%
[2026-06-23 20:02:38] [INFO ] [main    ] 判定確定 | ID:469 | 結果:健全果 | 信頼度:96%
[2026-06-23 20:02:41] [INFO ] [main    ] 判定確定 | ID:470 | 結果:奇形果 | 信頼度:94%
[2026-06-23 20:02:43] [INFO ] [main    ] 判定確定 | ID:471 | 結果:健全果 | 信頼度:96%
[2026-06-23 20:02:45] [INFO ] [main    ] 判定確定 | ID:472 | 結果:奇形果 | 信頼度:90%
[2026-06-23 20:02:49] [INFO ] [main    ] 判定確定 | ID:473 | 結果:未熟果 | 信頼度:96%
[2026-06-23 20:02:51] [INFO ] [main    ] 判定確定 | ID:474 | 結果:健全果 | 信頼度:97%
[2026-06-23 20:02:54] [INFO ] [main    ] 判定確定 | ID:475 | 結果:奇形果 | 信頼度:95%
[2026-06-23 20:02:56] [INFO ] [main    ] 判定確定 | ID:476 | 結果:健全果 | 信頼度:96%
[2026-06-23 20:02:58] [INFO ] [main    ] 判定確定 | ID:477 | 結果:健全果 | 信頼度:97%
[2026-06-23 20:03:02] [INFO ] [main    ] 判定確定 | ID:478 | 結果:未熟果 | 信頼度:96%
[2026-06-23 20:03:04] [INFO ] [main    ] 判定確定 | ID:479 | 結果:健全果 | 信頼度:96%
[2026-06-23 20:03:04] [DEBUG] [motor   ] [Serial Send] P
[2026-06-23 20:03:04] [INFO ] [event   ] arduino_heartbeat status=ok latency_ms=0.0
[2026-06-23 20:03:04] [DEBUG] [motor   ] [Serial Recv] OK:PONG
[2026-06-23 20:03:06] [INFO ] [main    ] 判定確定 | ID:480 | 結果:奇形果 | 信頼度:95%
[2026-06-23 20:03:09] [INFO ] [main    ] 判定確定 | ID:481 | 結果:健全果 | 信頼度:96%
[2026-06-23 20:03:11] [INFO ] [main    ] 判定確定 | ID:482 | 結果:健全果 | 信頼度:97%
[2026-06-23 20:03:15] [INFO ] [main    ] 判定確定 | ID:483 | 結果:健全果 | 信頼度:82%
[2026-06-23 20:03:17] [INFO ] [main    ] 判定確定 | ID:484 | 結果:健全果 | 信頼度:96%
[2026-06-23 20:03:20] [INFO ] [main    ] 判定確定 | ID:485 | 結果:奇形果 | 信頼度:94%
[2026-06-23 20:03:21] [INFO ] [main    ] 判定確定 | ID:486 | 結果:健全果 | 信頼度:96%
[2026-06-23 20:03:24] [INFO ] [main    ] 判定確定 | ID:487 | 結果:未熟果 | 信頼度:96%
[2026-06-23 20:03:28] [INFO ] [main    ] 判定確定 | ID:488 | 結果:健全果 | 信頼度:83%
[2026-06-23 20:03:29] [INFO ] [main    ] 判定確定 | ID:489 | 結果:健全果 | 信頼度:96%
[2026-06-23 20:03:32] [INFO ] [main    ] 判定確定 | ID:490 | 結果:奇形果 | 信頼度:95%
[2026-06-23 20:03:34] [DEBUG] [camera  ] [CamStats] cam_top: 累積 成功 25200 枚 / エラー 0 回 (エラー率 0.00%)
[2026-06-23 20:03:34] [DEBUG] [camera  ] [CamStats] cam_inside: 累積 成功 25201 枚 / エラー 0 回 (エラー率 0.00%)
[2026-06-23 20:03:34] [DEBUG] [motor   ] [Serial Send] P
[2026-06-23 20:03:34] [INFO ] [event   ] arduino_heartbeat status=ok latency_ms=0.0
[2026-06-23 20:03:34] [DEBUG] [motor   ] [Serial Recv] OK:PONG
[2026-06-23 20:03:34] [WARN ] [camera  ] [CamStats] cam_under: 累積 成功 25179 枚 / エラー 11 回 (エラー率 0.04%)
[2026-06-23 20:03:34] [INFO ] [main    ] 判定確定 | ID:491 | 結果:健全果 | 信頼度:96%
[2026-06-23 20:03:34] [DEBUG] [camera  ] [CamStats] cam_outside: 累積 成功 25204 枚 / エラー 0 回 (エラー率 0.00%)
[2026-06-23 20:03:36] [INFO ] [event   ] mem_snapshot py_current_mb=135.2 py_peak_mb=151.1 top=['c:\\Users\\kotan\\gohara\\DCRsystem_PC\\DCRsystem5goki_raw_PC_app\\module_cameras_5goki_v2.py:168: 102.3MB', 'c:\\Users\\kotan\\gohara\\DCRsystem_PC\\DCRsystem5goki_raw_PC_app\\module_yolo_csv4.py:372: 4.9MB', 'c:\\Users\\kotan\\gohara\\DCRsystem_PC\\DCRsystem5goki_raw_PC_app\\module_yolo_csv4.py:648: 4.9MB', 'c:\\Users\\kotan\\gohara\\DCRsystem_PC\\DCRsystem5goki_raw_PC_app\\module_yolo_csv4.py:599: 4.9MB', 'C:\\Users\\kotan\\gohara\\DCRsystem_PC\\DCRsystem5goki_raw_PC_app\\.venv\\Lib\\site-packages\\pypylon\\pylon.py:6403: 4.5MB']
[2026-06-23 20:03:36] [INFO ] [main    ] 判定確定 | ID:492 | 結果:健全果 | 信頼度:97%
[2026-06-23 20:03:41] [INFO ] [main    ] 判定確定 | ID:493 | 結果:健全果 | 信頼度:88%
[2026-06-23 20:03:42] [INFO ] [main    ] 判定確定 | ID:494 | 結果:健全果 | 信頼度:94%
[2026-06-23 20:03:45] [INFO ] [main    ] 判定確定 | ID:495 | 結果:奇形果 | 信頼度:95%
[2026-06-23 20:03:47] [INFO ] [main    ] 判定確定 | ID:496 | 結果:健全果 | 信頼度:96%
[2026-06-23 20:03:49] [INFO ] [main    ] 判定確定 | ID:497 | 結果:健全果 | 信頼度:97%
[2026-06-23 20:03:54] [INFO ] [main    ] 判定確定 | ID:498 | 結果:健全果 | 信頼度:86%
[2026-06-23 20:03:55] [INFO ] [main    ] 判定確定 | ID:499 | 結果:健全果 | 信頼度:96%
[2026-06-23 20:03:58] [INFO ] [main    ] 判定確定 | ID:500 | 結果:奇形果 | 信頼度:95%
[2026-06-23 20:04:00] [INFO ] [main    ] 判定確定 | ID:501 | 結果:健全果 | 信頼度:96%
[2026-06-23 20:04:02] [INFO ] [main    ] 判定確定 | ID:502 | 結果:健全果 | 信頼度:97%
[2026-06-23 20:04:04] [DEBUG] [motor   ] [Serial Send] P
[2026-06-23 20:04:04] [INFO ] [event   ] arduino_heartbeat status=ok latency_ms=0.0
[2026-06-23 20:04:04] [DEBUG] [motor   ] [Serial Recv] OK:PONG
[2026-06-23 20:04:06] [INFO ] [main    ] 判定確定 | ID:503 | 結果:未熟果 | 信頼度:97%
[2026-06-23 20:04:08] [INFO ] [main    ] 判定確定 | ID:504 | 結果:健全果 | 信頼度:96%
[2026-06-23 20:04:11] [INFO ] [main    ] 判定確定 | ID:505 | 結果:奇形果 | 信頼度:95%
[2026-06-23 20:04:13] [INFO ] [main    ] 判定確定 | ID:506 | 結果:健全果 | 信頼度:96%
[2026-06-23 20:04:15] [INFO ] [main    ] 判定確定 | ID:507 | 結果:健全果 | 信頼度:97%
[2026-06-23 20:04:19] [INFO ] [main    ] 判定確定 | ID:508 | 結果:未熟果 | 信頼度:96%
[2026-06-23 20:04:21] [INFO ] [main    ] 判定確定 | ID:509 | 結果:健全果 | 信頼度:96%
[2026-06-23 20:04:24] [INFO ] [main    ] 判定確定 | ID:510 | 結果:奇形果 | 信頼度:95%
[2026-06-23 20:04:26] [INFO ] [main    ] 判定確定 | ID:511 | 結果:健全果 | 信頼度:96%
[2026-06-23 20:04:28] [INFO ] [main    ] 判定確定 | ID:512 | 結果:未熟果 | 信頼度:96%
[2026-06-23 20:04:28] [WARN ] [camera  ] [GrabError] cam_under: 連続 1 回目 / 継続 0ms / 累積エラー 12 回・成功 26256 枚 - Exception: GrabSucceeded=False code=0xE2000102 desc=The buffer was cancelled.
[2026-06-23 20:04:28] [WARN ] [camera  ] cam_under: 1回の連続エラーから復帰 (この間パネルは約 47ms フリーズ)
[2026-06-23 20:04:32] [INFO ] [main    ] 判定確定 | ID:513 | 結果:健全果 | 信頼度:80%
[2026-06-23 20:04:33] [INFO ] [main    ] 判定確定 | ID:514 | 結果:健全果 | 信頼度:94%
[2026-06-23 20:04:34] [DEBUG] [camera  ] [CamStats] cam_top: 累積 成功 26400 枚 / エラー 0 回 (エラー率 0.00%)
[2026-06-23 20:04:34] [DEBUG] [camera  ] [CamStats] cam_inside: 累積 成功 26401 枚 / エラー 0 回 (エラー率 0.00%)
[2026-06-23 20:04:34] [WARN ] [camera  ] [CamStats] cam_under: 累積 成功 26376 枚 / エラー 12 回 (エラー率 0.05%)
[2026-06-23 20:04:34] [DEBUG] [motor   ] [Serial Send] P
[2026-06-23 20:04:34] [INFO ] [event   ] arduino_heartbeat status=ok latency_ms=1.9
[2026-06-23 20:04:34] [DEBUG] [motor   ] [Serial Recv] OK:PONG
[2026-06-23 20:04:34] [DEBUG] [camera  ] [CamStats] cam_outside: 累積 成功 26403 枚 / エラー 0 回 (エラー率 0.00%)
[2026-06-23 20:04:36] [INFO ] [event   ] mem_snapshot py_current_mb=135.2 py_peak_mb=151.1 top=['c:\\Users\\kotan\\gohara\\DCRsystem_PC\\DCRsystem5goki_raw_PC_app\\module_cameras_5goki_v2.py:168: 102.3MB', 'c:\\Users\\kotan\\gohara\\DCRsystem_PC\\DCRsystem5goki_raw_PC_app\\module_yolo_csv4.py:372: 4.9MB', 'c:\\Users\\kotan\\gohara\\DCRsystem_PC\\DCRsystem5goki_raw_PC_app\\module_yolo_csv4.py:648: 4.9MB', 'c:\\Users\\kotan\\gohara\\DCRsystem_PC\\DCRsystem5goki_raw_PC_app\\module_yolo_csv4.py:599: 4.9MB', 'C:\\Users\\kotan\\gohara\\DCRsystem_PC\\DCRsystem5goki_raw_PC_app\\.venv\\Lib\\site-packages\\pypylon\\pylon.py:6403: 4.5MB']
[2026-06-23 20:04:36] [INFO ] [main    ] 判定確定 | ID:515 | 結果:奇形果 | 信頼度:96%
[2026-06-23 20:04:38] [INFO ] [main    ] 判定確定 | ID:516 | 結果:健全果 | 信頼度:96%
[2026-06-23 20:04:41] [INFO ] [main    ] 判定確定 | ID:517 | 結果:健全果 | 信頼度:97%
[2026-06-23 20:04:45] [INFO ] [main    ] 判定確定 | ID:518 | 結果:未熟果 | 信頼度:96%
[2026-06-23 20:04:46] [INFO ] [main    ] 判定確定 | ID:519 | 結果:健全果 | 信頼度:96%
[2026-06-23 20:04:49] [INFO ] [main    ] 判定確定 | ID:520 | 結果:奇形果 | 信頼度:94%
[2026-06-23 20:04:51] [INFO ] [main    ] 判定確定 | ID:521 | 結果:健全果 | 信頼度:96%
[2026-06-23 20:04:53] [INFO ] [main    ] 判定確定 | ID:522 | 結果:健全果 | 信頼度:97%
[2026-06-23 20:04:58] [INFO ] [main    ] 判定確定 | ID:523 | 結果:未熟果 | 信頼度:97%
[2026-06-23 20:04:59] [INFO ] [main    ] 判定確定 | ID:524 | 結果:健全果 | 信頼度:96%
[2026-06-23 20:05:02] [INFO ] [main    ] 判定確定 | ID:525 | 結果:奇形果 | 信頼度:94%
[2026-06-23 20:05:04] [INFO ] [main    ] 判定確定 | ID:526 | 結果:健全果 | 信頼度:96%
[2026-06-23 20:05:04] [DEBUG] [motor   ] [Serial Send] P
[2026-06-23 20:05:04] [INFO ] [event   ] arduino_heartbeat status=ok latency_ms=3.8
[2026-06-23 20:05:04] [DEBUG] [motor   ] [Serial Recv] OK:PONG
[2026-06-23 20:05:06] [INFO ] [main    ] 判定確定 | ID:527 | 結果:未熟果 | 信頼度:93%
[2026-06-23 20:05:10] [INFO ] [main    ] 判定確定 | ID:528 | 結果:未熟果 | 信頼度:97%
[2026-06-23 20:05:12] [INFO ] [main    ] 判定確定 | ID:529 | 結果:健全果 | 信頼度:95%
[2026-06-23 20:05:15] [INFO ] [main    ] 判定確定 | ID:530 | 結果:奇形果 | 信頼度:95%
[2026-06-23 20:05:17] [INFO ] [main    ] 判定確定 | ID:531 | 結果:健全果 | 信頼度:96%
[2026-06-23 20:05:19] [INFO ] [main    ] 判定確定 | ID:532 | 結果:健全果 | 信頼度:97%
[2026-06-23 20:05:23] [INFO ] [main    ] 判定確定 | ID:533 | 結果:未熟果 | 信頼度:96%
[2026-06-23 20:05:25] [INFO ] [main    ] 判定確定 | ID:534 | 結果:健全果 | 信頼度:95%
[2026-06-23 20:05:28] [INFO ] [main    ] 判定確定 | ID:535 | 結果:奇形果 | 信頼度:95%
[2026-06-23 20:05:30] [INFO ] [main    ] 判定確定 | ID:536 | 結果:健全果 | 信頼度:96%
[2026-06-23 20:05:32] [INFO ] [main    ] 判定確定 | ID:537 | 結果:健全果 | 信頼度:97%
[2026-06-23 20:05:34] [DEBUG] [camera  ] [CamStats] cam_top: 累積 成功 27600 枚 / エラー 0 回 (エラー率 0.00%)
[2026-06-23 20:05:34] [DEBUG] [camera  ] [CamStats] cam_inside: 累積 成功 27600 枚 / エラー 0 回 (エラー率 0.00%)
[2026-06-23 20:05:34] [WARN ] [camera  ] [CamStats] cam_under: 累積 成功 27575 枚 / エラー 12 回 (エラー率 0.04%)
[2026-06-23 20:05:34] [DEBUG] [camera  ] [CamStats] cam_outside: 累積 成功 27603 枚 / エラー 0 回 (エラー率 0.00%)
[2026-06-23 20:05:34] [DEBUG] [motor   ] [Serial Send] P
[2026-06-23 20:05:34] [INFO ] [event   ] arduino_heartbeat status=ok latency_ms=3.1
[2026-06-23 20:05:34] [DEBUG] [motor   ] [Serial Recv] OK:PONG
[2026-06-23 20:05:36] [INFO ] [main    ] 判定確定 | ID:538 | 結果:未熟果 | 信頼度:96%
[2026-06-23 20:05:37] [INFO ] [event   ] mem_snapshot py_current_mb=122.9 py_peak_mb=151.2 top=['c:\\Users\\kotan\\gohara\\DCRsystem_PC\\DCRsystem5goki_raw_PC_app\\module_cameras_5goki_v2.py:168: 102.3MB', 'c:\\Users\\kotan\\gohara\\DCRsystem_PC\\DCRsystem5goki_raw_PC_app\\module_yolo_csv4.py:566: 4.9MB', 'C:\\Users\\kotan\\gohara\\DCRsystem_PC\\DCRsystem5goki_raw_PC_app\\.venv\\Lib\\site-packages\\pypylon\\pylon.py:6403: 4.5MB', 'c:\\Users\\kotan\\gohara\\DCRsystem_PC\\DCRsystem5goki_raw_PC_app\\module_cameras_5goki_v2.py:174: 2.0MB', 'C:\\Users\\kotan\\gohara\\DCRsystem_PC\\DCRsystem5goki_raw_PC_app\\.venv\\Lib\\site-packages\\numpy\\lib\\_twodim_base_impl.py:318: 1.7MB']
[2026-06-23 20:05:38] [INFO ] [main    ] 判定確定 | ID:539 | 結果:健全果 | 信頼度:96%
[2026-06-23 20:05:41] [INFO ] [main    ] 判定確定 | ID:540 | 結果:奇形果 | 信頼度:95%
[2026-06-23 20:05:42] [INFO ] [main    ] 判定確定 | ID:541 | 結果:健全果 | 信頼度:96%
[2026-06-23 20:05:45] [INFO ] [main    ] 判定確定 | ID:542 | 結果:健全果 | 信頼度:97%
[2026-06-23 20:05:49] [INFO ] [main    ] 判定確定 | ID:543 | 結果:未熟果 | 信頼度:95%
[2026-06-23 20:05:50] [INFO ] [main    ] 判定確定 | ID:544 | 結果:健全果 | 信頼度:95%
[2026-06-23 20:05:53] [INFO ] [main    ] 判定確定 | ID:545 | 結果:奇形果 | 信頼度:95%
[2026-06-23 20:05:55] [INFO ] [main    ] 判定確定 | ID:546 | 結果:健全果 | 信頼度:96%
[2026-06-23 20:05:58] [INFO ] [main    ] 判定確定 | ID:547 | 結果:健全果 | 信頼度:96%
[2026-06-23 20:06:02] [INFO ] [main    ] 判定確定 | ID:548 | 結果:未熟果 | 信頼度:97%
[2026-06-23 20:06:03] [INFO ] [main    ] 判定確定 | ID:549 | 結果:健全果 | 信頼度:92%
[2026-06-23 20:06:04] [DEBUG] [motor   ] [Serial Send] P
[2026-06-23 20:06:04] [INFO ] [event   ] arduino_heartbeat status=ok latency_ms=0.0
[2026-06-23 20:06:04] [DEBUG] [motor   ] [Serial Recv] OK:PONG
[2026-06-23 20:06:06] [INFO ] [main    ] 判定確定 | ID:550 | 結果:奇形果 | 信頼度:94%
[2026-06-23 20:06:08] [INFO ] [main    ] 判定確定 | ID:551 | 結果:健全果 | 信頼度:96%
[2026-06-23 20:06:10] [INFO ] [main    ] 判定確定 | ID:552 | 結果:未熟果 | 信頼度:97%
[2026-06-23 20:06:15] [INFO ] [main    ] 判定確定 | ID:553 | 結果:未熟果 | 信頼度:96%
[2026-06-23 20:06:16] [INFO ] [main    ] 判定確定 | ID:554 | 結果:健全果 | 信頼度:95%
[2026-06-23 20:06:19] [INFO ] [main    ] 判定確定 | ID:555 | 結果:奇形果 | 信頼度:94%
[2026-06-23 20:06:21] [INFO ] [main    ] 判定確定 | ID:556 | 結果:健全果 | 信頼度:96%
[2026-06-23 20:06:23] [INFO ] [main    ] 判定確定 | ID:557 | 結果:健全果 | 信頼度:97%
[2026-06-23 20:06:27] [INFO ] [main    ] 判定確定 | ID:558 | 結果:未熟果 | 信頼度:96%
[2026-06-23 20:06:29] [INFO ] [main    ] 判定確定 | ID:559 | 結果:健全果 | 信頼度:96%
[2026-06-23 20:06:32] [INFO ] [main    ] 判定確定 | ID:560 | 結果:奇形果 | 信頼度:95%
[2026-06-23 20:06:34] [INFO ] [main    ] 判定確定 | ID:561 | 結果:健全果 | 信頼度:96%
[2026-06-23 20:06:34] [DEBUG] [camera  ] [CamStats] cam_top: 累積 成功 28800 枚 / エラー 0 回 (エラー率 0.00%)
[2026-06-23 20:06:34] [DEBUG] [camera  ] [CamStats] cam_inside: 累積 成功 28799 枚 / エラー 0 回 (エラー率 0.00%)
[2026-06-23 20:06:34] [WARN ] [camera  ] [CamStats] cam_under: 累積 成功 28775 枚 / エラー 12 回 (エラー率 0.04%)
[2026-06-23 20:06:34] [DEBUG] [camera  ] [CamStats] cam_outside: 累積 成功 28802 枚 / エラー 0 回 (エラー率 0.00%)
[2026-06-23 20:06:34] [DEBUG] [motor   ] [Serial Send] P
[2026-06-23 20:06:34] [INFO ] [event   ] arduino_heartbeat status=ok latency_ms=4.5
[2026-06-23 20:06:34] [DEBUG] [motor   ] [Serial Recv] OK:PONG
[2026-06-23 20:06:36] [INFO ] [main    ] 判定確定 | ID:562 | 結果:健全果 | 信頼度:97%
[2026-06-23 20:06:37] [INFO ] [event   ] mem_snapshot py_current_mb=124.2 py_peak_mb=151.2 top=['c:\\Users\\kotan\\gohara\\DCRsystem_PC\\DCRsystem5goki_raw_PC_app\\module_cameras_5goki_v2.py:168: 102.3MB', 'c:\\Users\\kotan\\gohara\\DCRsystem_PC\\DCRsystem5goki_raw_PC_app\\module_yolo_csv4.py:566: 4.9MB', 'C:\\Users\\kotan\\gohara\\DCRsystem_PC\\DCRsystem5goki_raw_PC_app\\.venv\\Lib\\site-packages\\pypylon\\pylon.py:6403: 4.5MB', 'c:\\Users\\kotan\\gohara\\DCRsystem_PC\\DCRsystem5goki_raw_PC_app\\module_cameras_5goki_v2.py:174: 2.0MB', 'C:\\Users\\kotan\\gohara\\DCRsystem_PC\\DCRsystem5goki_raw_PC_app\\.venv\\Lib\\site-packages\\numpy\\lib\\_twodim_base_impl.py:318: 1.7MB']
[2026-06-23 20:06:40] [INFO ] [main    ] 判定確定 | ID:563 | 結果:未熟果 | 信頼度:96%
[2026-06-23 20:06:42] [INFO ] [main    ] 判定確定 | ID:564 | 結果:健全果 | 信頼度:95%
[2026-06-23 20:06:45] [INFO ] [main    ] 判定確定 | ID:565 | 結果:奇形果 | 信頼度:94%
[2026-06-23 20:06:46] [INFO ] [main    ] 判定確定 | ID:566 | 結果:健全果 | 信頼度:96%
[2026-06-23 20:06:49] [INFO ] [main    ] 判定確定 | ID:567 | 結果:健全果 | 信頼度:96%
[2026-06-23 20:06:53] [INFO ] [main    ] 判定確定 | ID:568 | 結果:健全果 | 信頼度:88%
[2026-06-23 20:06:54] [INFO ] [main    ] 判定確定 | ID:569 | 結果:健全果 | 信頼度:97%
[2026-06-23 20:06:57] [INFO ] [main    ] 判定確定 | ID:570 | 結果:奇形果 | 信頼度:95%
[2026-06-23 20:06:59] [INFO ] [main    ] 判定確定 | ID:571 | 結果:健全果 | 信頼度:96%
[2026-06-23 20:07:01] [INFO ] [main    ] 判定確定 | ID:572 | 結果:健全果 | 信頼度:97%
[2026-06-23 20:07:04] [DEBUG] [motor   ] [Serial Send] P
[2026-06-23 20:07:04] [INFO ] [event   ] arduino_heartbeat status=ok latency_ms=0.0
[2026-06-23 20:07:04] [DEBUG] [motor   ] [Serial Recv] OK:PONG
[2026-06-23 20:07:06] [INFO ] [main    ] 判定確定 | ID:573 | 結果:未熟果 | 信頼度:96%
[2026-06-23 20:07:07] [INFO ] [main    ] 判定確定 | ID:574 | 結果:健全果 | 信頼度:95%
[2026-06-23 20:07:07] [WARN ] [camera  ] [GrabError] cam_under: 連続 1 回目 / 継続 0ms / 累積エラー 13 回・成功 29439 枚 - Exception: GrabSucceeded=False code=0xE2000102 desc=The buffer was cancelled.
[2026-06-23 20:07:07] [WARN ] [camera  ] cam_under: 1回の連続エラーから復帰 (この間パネルは約 32ms フリーズ)
[2026-06-23 20:07:10] [INFO ] [main    ] 判定確定 | ID:575 | 結果:奇形果 | 信頼度:94%
[2026-06-23 20:07:12] [INFO ] [main    ] 判定確定 | ID:576 | 結果:健全果 | 信頼度:96%
[2026-06-23 20:07:14] [INFO ] [main    ] 判定確定 | ID:577 | 結果:健全果 | 信頼度:97%
[2026-06-23 20:07:19] [INFO ] [main    ] 判定確定 | ID:578 | 結果:未熟果 | 信頼度:96%
[2026-06-23 20:07:20] [INFO ] [main    ] 判定確定 | ID:579 | 結果:健全果 | 信頼度:91%
[2026-06-23 20:07:23] [INFO ] [main    ] 判定確定 | ID:580 | 結果:奇形果 | 信頼度:95%
[2026-06-23 20:07:25] [INFO ] [main    ] 判定確定 | ID:581 | 結果:健全果 | 信頼度:96%
[2026-06-23 20:07:27] [INFO ] [main    ] 判定確定 | ID:582 | 結果:健全果 | 信頼度:97%
[2026-06-23 20:07:31] [INFO ] [main    ] 判定確定 | ID:583 | 結果:未熟果 | 信頼度:96%
[2026-06-23 20:07:33] [WARN ] [camera  ] [GrabError] cam_under: 連続 1 回目 / 継続 0ms / 累積エラー 14 回・成功 29945 枚 - Exception: GrabSucceeded=False code=0xE2000102 desc=The buffer was cancelled.
[2026-06-23 20:07:33] [WARN ] [camera  ] cam_under: 1回の連続エラーから復帰 (この間パネルは約 63ms フリーズ)
[2026-06-23 20:07:33] [INFO ] [main    ] 判定確定 | ID:584 | 結果:健全果 | 信頼度:97%
[2026-06-23 20:07:34] [DEBUG] [camera  ] [CamStats] cam_top: 累積 成功 30000 枚 / エラー 0 回 (エラー率 0.00%)
[2026-06-23 20:07:34] [DEBUG] [camera  ] [CamStats] cam_inside: 累積 成功 29998 枚 / エラー 0 回 (エラー率 0.00%)
[2026-06-23 20:07:34] [WARN ] [camera  ] [CamStats] cam_under: 累積 成功 29972 枚 / エラー 14 回 (エラー率 0.05%)
[2026-06-23 20:07:34] [DEBUG] [camera  ] [CamStats] cam_outside: 累積 成功 30002 枚 / エラー 0 回 (エラー率 0.00%)
[2026-06-23 20:07:34] [DEBUG] [motor   ] [Serial Send] P
[2026-06-23 20:07:34] [INFO ] [event   ] arduino_heartbeat status=ok latency_ms=0.0
[2026-06-23 20:07:34] [DEBUG] [motor   ] [Serial Recv] OK:PONG
[2026-06-23 20:07:36] [INFO ] [main    ] 判定確定 | ID:585 | 結果:奇形果 | 信頼度:95%
[2026-06-23 20:07:37] [INFO ] [event   ] mem_snapshot py_current_mb=131.5 py_peak_mb=151.2 top=['c:\\Users\\kotan\\gohara\\DCRsystem_PC\\DCRsystem5goki_raw_PC_app\\module_cameras_5goki_v2.py:168: 102.3MB', 'C:\\Users\\kotan\\gohara\\DCRsystem_PC\\DCRsystem5goki_raw_PC_app\\.venv\\Lib\\site-packages\\pypylon\\pylon.py:6403: 4.5MB', 'c:\\Users\\kotan\\gohara\\DCRsystem_PC\\DCRsystem5goki_raw_PC_app\\module_yolo_csv4.py:372: 3.7MB', 'c:\\Users\\kotan\\gohara\\DCRsystem_PC\\DCRsystem5goki_raw_PC_app\\module_yolo_csv4.py:648: 3.7MB', 'c:\\Users\\kotan\\gohara\\DCRsystem_PC\\DCRsystem5goki_raw_PC_app\\module_yolo_csv4.py:599: 3.7MB']
[2026-06-23 20:07:38] [INFO ] [main    ] 判定確定 | ID:586 | 結果:健全果 | 信頼度:95%
[2026-06-23 20:07:40] [INFO ] [main    ] 判定確定 | ID:587 | 結果:健全果 | 信頼度:97%
[2026-06-23 20:07:44] [INFO ] [main    ] 判定確定 | ID:588 | 結果:未熟果 | 信頼度:96%
[2026-06-23 20:07:46] [INFO ] [main    ] 判定確定 | ID:589 | 結果:健全果 | 信頼度:96%
[2026-06-23 20:07:49] [INFO ] [main    ] 判定確定 | ID:590 | 結果:奇形果 | 信頼度:95%
[2026-06-23 20:07:50] [INFO ] [main    ] 判定確定 | ID:591 | 結果:健全果 | 信頼度:96%
[2026-06-23 20:07:53] [INFO ] [main    ] 判定確定 | ID:592 | 結果:健全果 | 信頼度:97%
[2026-06-23 20:07:57] [INFO ] [main    ] 判定確定 | ID:593 | 結果:未熟果 | 信頼度:96%
[2026-06-23 20:07:59] [INFO ] [main    ] 判定確定 | ID:594 | 結果:健全果 | 信頼度:95%
[2026-06-23 20:08:01] [INFO ] [main    ] 判定確定 | ID:595 | 結果:奇形果 | 信頼度:95%
[2026-06-23 20:08:03] [INFO ] [main    ] 判定確定 | ID:596 | 結果:健全果 | 信頼度:96%
[2026-06-23 20:08:05] [DEBUG] [motor   ] [Serial Send] P
[2026-06-23 20:08:05] [INFO ] [event   ] arduino_heartbeat status=ok latency_ms=0.0
[2026-06-23 20:08:05] [DEBUG] [motor   ] [Serial Recv] OK:PONG
[2026-06-23 20:08:06] [INFO ] [main    ] 判定確定 | ID:597 | 結果:健全果 | 信頼度:97%
[2026-06-23 20:08:10] [INFO ] [main    ] 判定確定 | ID:598 | 結果:未熟果 | 信頼度:96%
[2026-06-23 20:08:12] [INFO ] [main    ] 判定確定 | ID:599 | 結果:健全果 | 信頼度:89%
[2026-06-23 20:08:14] [INFO ] [main    ] 判定確定 | ID:600 | 結果:奇形果 | 信頼度:95%
[2026-06-23 20:08:16] [INFO ] [main    ] 判定確定 | ID:601 | 結果:健全果 | 信頼度:96%
[2026-06-23 20:08:18] [INFO ] [main    ] 判定確定 | ID:602 | 結果:未熟果 | 信頼度:96%
[2026-06-23 20:08:23] [INFO ] [main    ] 判定確定 | ID:603 | 結果:健全果 | 信頼度:75%
[2026-06-23 20:08:24] [INFO ] [main    ] 判定確定 | ID:604 | 結果:健全果 | 信頼度:96%
[2026-06-23 20:08:27] [INFO ] [main    ] 判定確定 | ID:605 | 結果:奇形果 | 信頼度:95%
[2026-06-23 20:08:29] [INFO ] [main    ] 判定確定 | ID:606 | 結果:健全果 | 信頼度:96%
[2026-06-23 20:08:31] [INFO ] [main    ] 判定確定 | ID:607 | 結果:健全果 | 信頼度:97%
[2026-06-23 20:08:34] [DEBUG] [camera  ] [CamStats] cam_top: 累積 成功 31200 枚 / エラー 0 回 (エラー率 0.00%)
[2026-06-23 20:08:34] [DEBUG] [camera  ] [CamStats] cam_inside: 累積 成功 31198 枚 / エラー 0 回 (エラー率 0.00%)
[2026-06-23 20:08:34] [WARN ] [camera  ] [CamStats] cam_under: 累積 成功 31171 枚 / エラー 14 回 (エラー率 0.04%)
[2026-06-23 20:08:34] [DEBUG] [camera  ] [CamStats] cam_outside: 累積 成功 31201 枚 / エラー 0 回 (エラー率 0.00%)
[2026-06-23 20:08:35] [DEBUG] [motor   ] [Serial Send] P
[2026-06-23 20:08:35] [INFO ] [event   ] arduino_heartbeat status=ok latency_ms=1.4
[2026-06-23 20:08:35] [DEBUG] [motor   ] [Serial Recv] OK:PONG
[2026-06-23 20:08:36] [INFO ] [main    ] 判定確定 | ID:608 | 結果:健全果 | 信頼度:86%
[2026-06-23 20:08:37] [INFO ] [event   ] mem_snapshot py_current_mb=135.2 py_peak_mb=151.2 top=['c:\\Users\\kotan\\gohara\\DCRsystem_PC\\DCRsystem5goki_raw_PC_app\\module_cameras_5goki_v2.py:168: 102.3MB', 'c:\\Users\\kotan\\gohara\\DCRsystem_PC\\DCRsystem5goki_raw_PC_app\\module_yolo_csv4.py:372: 4.9MB', 'c:\\Users\\kotan\\gohara\\DCRsystem_PC\\DCRsystem5goki_raw_PC_app\\module_yolo_csv4.py:648: 4.9MB', 'c:\\Users\\kotan\\gohara\\DCRsystem_PC\\DCRsystem5goki_raw_PC_app\\module_yolo_csv4.py:599: 4.9MB', 'C:\\Users\\kotan\\gohara\\DCRsystem_PC\\DCRsystem5goki_raw_PC_app\\.venv\\Lib\\site-packages\\pypylon\\pylon.py:6403: 4.5MB']
[2026-06-23 20:08:37] [INFO ] [main    ] 判定確定 | ID:609 | 結果:健全果 | 信頼度:96%
[2026-06-23 20:08:40] [INFO ] [main    ] 判定確定 | ID:610 | 結果:奇形果 | 信頼度:96%
[2026-06-23 20:08:42] [INFO ] [main    ] 判定確定 | ID:611 | 結果:健全果 | 信頼度:96%
[2026-06-23 20:08:44] [INFO ] [main    ] 判定確定 | ID:612 | 結果:健全果 | 信頼度:97%
[2026-06-23 20:08:48] [INFO ] [main    ] 判定確定 | ID:613 | 結果:未熟果 | 信頼度:96%
[2026-06-23 20:08:50] [INFO ] [main    ] 判定確定 | ID:614 | 結果:健全果 | 信頼度:96%
[2026-06-23 20:08:53] [INFO ] [main    ] 判定確定 | ID:615 | 結果:奇形果 | 信頼度:94%
[2026-06-23 20:08:54] [INFO ] [main    ] 判定確定 | ID:616 | 結果:健全果 | 信頼度:96%
[2026-06-23 20:08:57] [INFO ] [main    ] 判定確定 | ID:617 | 結果:健全果 | 信頼度:97%
[2026-06-23 20:09:01] [INFO ] [main    ] 判定確定 | ID:618 | 結果:未熟果 | 信頼度:97%
[2026-06-23 20:09:03] [INFO ] [main    ] 判定確定 | ID:619 | 結果:健全果 | 信頼度:94%
[2026-06-23 20:09:05] [DEBUG] [motor   ] [Serial Send] P
[2026-06-23 20:09:05] [INFO ] [event   ] arduino_heartbeat status=ok latency_ms=0.0
[2026-06-23 20:09:05] [DEBUG] [motor   ] [Serial Recv] OK:PONG
[2026-06-23 20:09:06] [INFO ] [main    ] 判定確定 | ID:620 | 結果:奇形果 | 信頼度:95%
[2026-06-23 20:09:07] [INFO ] [main    ] 判定確定 | ID:621 | 結果:健全果 | 信頼度:96%
[2026-06-23 20:09:10] [INFO ] [main    ] 判定確定 | ID:622 | 結果:健全果 | 信頼度:97%
[2026-06-23 20:09:14] [INFO ] [main    ] 判定確定 | ID:623 | 結果:健全果 | 信頼度:84%
[2026-06-23 20:09:16] [INFO ] [main    ] 判定確定 | ID:624 | 結果:健全果 | 信頼度:96%
[2026-06-23 20:09:18] [INFO ] [main    ] 判定確定 | ID:625 | 結果:奇形果 | 信頼度:95%
[2026-06-23 20:09:20] [INFO ] [main    ] 判定確定 | ID:626 | 結果:健全果 | 信頼度:96%
[2026-06-23 20:09:22] [INFO ] [main    ] 判定確定 | ID:627 | 結果:健全果 | 信頼度:97%
[2026-06-23 20:09:27] [INFO ] [main    ] 判定確定 | ID:628 | 結果:未熟果 | 信頼度:96%
[2026-06-23 20:09:28] [INFO ] [main    ] 判定確定 | ID:629 | 結果:健全果 | 信頼度:96%
[2026-06-23 20:09:31] [INFO ] [main    ] 判定確定 | ID:630 | 結果:奇形果 | 信頼度:95%
[2026-06-23 20:09:33] [INFO ] [main    ] 判定確定 | ID:631 | 結果:健全果 | 信頼度:96%
[2026-06-23 20:09:34] [DEBUG] [camera  ] [CamStats] cam_top: 累積 成功 32400 枚 / エラー 0 回 (エラー率 0.00%)
[2026-06-23 20:09:34] [DEBUG] [camera  ] [CamStats] cam_inside: 累積 成功 32398 枚 / エラー 0 回 (エラー率 0.00%)
[2026-06-23 20:09:34] [WARN ] [camera  ] [CamStats] cam_under: 累積 成功 32370 枚 / エラー 14 回 (エラー率 0.04%)
[2026-06-23 20:09:34] [DEBUG] [camera  ] [CamStats] cam_outside: 累積 成功 32401 枚 / エラー 0 回 (エラー率 0.00%)
[2026-06-23 20:09:35] [DEBUG] [motor   ] [Serial Send] P
[2026-06-23 20:09:35] [INFO ] [event   ] arduino_heartbeat status=ok latency_ms=0.0
[2026-06-23 20:09:35] [DEBUG] [motor   ] [Serial Recv] OK:PONG
[2026-06-23 20:09:35] [INFO ] [main    ] 判定確定 | ID:632 | 結果:健全果 | 信頼度:97%
[2026-06-23 20:09:37] [INFO ] [event   ] mem_snapshot py_current_mb=122.9 py_peak_mb=151.2 top=['c:\\Users\\kotan\\gohara\\DCRsystem_PC\\DCRsystem5goki_raw_PC_app\\module_cameras_5goki_v2.py:168: 102.3MB', 'c:\\Users\\kotan\\gohara\\DCRsystem_PC\\DCRsystem5goki_raw_PC_app\\module_yolo_csv4.py:566: 4.9MB', 'C:\\Users\\kotan\\gohara\\DCRsystem_PC\\DCRsystem5goki_raw_PC_app\\.venv\\Lib\\site-packages\\pypylon\\pylon.py:6403: 4.5MB', 'c:\\Users\\kotan\\gohara\\DCRsystem_PC\\DCRsystem5goki_raw_PC_app\\module_cameras_5goki_v2.py:174: 2.0MB', 'C:\\Users\\kotan\\gohara\\DCRsystem_PC\\DCRsystem5goki_raw_PC_app\\.venv\\Lib\\site-packages\\numpy\\lib\\_twodim_base_impl.py:318: 1.7MB']
[2026-06-23 20:09:40] [INFO ] [main    ] 判定確定 | ID:633 | 結果:未熟果 | 信頼度:96%
[2026-06-23 20:09:41] [INFO ] [main    ] 判定確定 | ID:634 | 結果:健全果 | 信頼度:96%
[2026-06-23 20:09:44] [INFO ] [main    ] 判定確定 | ID:635 | 結果:奇形果 | 信頼度:95%
[2026-06-23 20:09:46] [INFO ] [main    ] 判定確定 | ID:636 | 結果:健全果 | 信頼度:95%
[2026-06-23 20:09:48] [INFO ] [main    ] 判定確定 | ID:637 | 結果:健全果 | 信頼度:97%
[2026-06-23 20:09:52] [INFO ] [main    ] 判定確定 | ID:638 | 結果:未熟果 | 信頼度:96%
[2026-06-23 20:09:54] [INFO ] [main    ] 判定確定 | ID:639 | 結果:未熟果 | 信頼度:90%
[2026-06-23 20:09:57] [INFO ] [main    ] 判定確定 | ID:640 | 結果:奇形果 | 信頼度:95%
[2026-06-23 20:09:58] [INFO ] [main    ] 判定確定 | ID:641 | 結果:健全果 | 信頼度:96%
[2026-06-23 20:10:01] [INFO ] [main    ] 判定確定 | ID:642 | 結果:健全果 | 信頼度:96%
[2026-06-23 20:10:05] [DEBUG] [motor   ] [Serial Send] P
[2026-06-23 20:10:05] [INFO ] [event   ] arduino_heartbeat status=ok latency_ms=0.0
[2026-06-23 20:10:05] [DEBUG] [motor   ] [Serial Recv] OK:PONG
[2026-06-23 20:10:05] [INFO ] [main    ] 判定確定 | ID:643 | 結果:健全果 | 信頼度:93%
[2026-06-23 20:10:07] [INFO ] [main    ] 判定確定 | ID:644 | 結果:健全果 | 信頼度:97%
[2026-06-23 20:10:10] [INFO ] [main    ] 判定確定 | ID:645 | 結果:奇形果 | 信頼度:94%
[2026-06-23 20:10:11] [INFO ] [main    ] 判定確定 | ID:646 | 結果:健全果 | 信頼度:96%
[2026-06-23 20:10:14] [INFO ] [main    ] 判定確定 | ID:647 | 結果:健全果 | 信頼度:97%
[2026-06-23 20:10:18] [INFO ] [main    ] 判定確定 | ID:648 | 結果:健全果 | 信頼度:86%
[2026-06-23 20:10:19] [INFO ] [main    ] 判定確定 | ID:649 | 結果:健全果 | 信頼度:92%
[2026-06-23 20:10:22] [INFO ] [main    ] 判定確定 | ID:650 | 結果:奇形果 | 信頼度:94%
[2026-06-23 20:10:24] [INFO ] [main    ] 判定確定 | ID:651 | 結果:健全果 | 信頼度:96%
[2026-06-23 20:10:27] [INFO ] [main    ] 判定確定 | ID:652 | 結果:健全果 | 信頼度:97%
[2026-06-23 20:10:31] [INFO ] [main    ] 判定確定 | ID:653 | 結果:未熟果 | 信頼度:96%
[2026-06-23 20:10:32] [INFO ] [main    ] 判定確定 | ID:654 | 結果:健全果 | 信頼度:96%
[2026-06-23 20:10:32] [WARN ] [camera  ] [GrabError] cam_under: 連続 1 回目 / 継続 0ms / 累積エラー 15 回・成功 33528 枚 - Exception: GrabSucceeded=False code=0xE2000102 desc=The buffer was cancelled.
[2026-06-23 20:10:34] [DEBUG] [camera  ] [CamStats] cam_top: 累積 成功 33600 枚 / エラー 0 回 (エラー率 0.00%)
[2026-06-23 20:10:34] [DEBUG] [camera  ] [CamStats] cam_inside: 累積 成功 33597 枚 / エラー 0 回 (エラー率 0.00%)
[2026-06-23 20:10:34] [DEBUG] [camera  ] [CamStats] cam_outside: 累積 成功 33600 枚 / エラー 0 回 (エラー率 0.00%)
[2026-06-23 20:10:35] [DEBUG] [motor   ] [Serial Send] P
[2026-06-23 20:10:35] [INFO ] [event   ] arduino_heartbeat status=ok latency_ms=0.0
[2026-06-23 20:10:35] [DEBUG] [motor   ] [Serial Recv] OK:PONG
[2026-06-23 20:10:35] [INFO ] [main    ] 判定確定 | ID:655 | 結果:奇形果 | 信頼度:95%
[2026-06-23 20:10:37] [INFO ] [main    ] 判定確定 | ID:656 | 結果:健全果 | 信頼度:96%
[2026-06-23 20:10:37] [WARN ] [camera  ] [GrabError] cam_under: 連続 2 回目 / 継続 5000ms / 累積エラー 16 回・成功 33528 枚 - TimeoutException: Grab timed out. Possible reasons are: The image transport from the camera device is not working properly, e.g., all GigE network packets for streaming are dropped; The camera uses explicit triggering (see TriggerSelector for more information) and has not been triggered; Single frame acquisition mode is used and one frame has already been acquired; The acquisition has not been started or has been stopped. : TimeoutException thrown (file 'InstantCameraImpl.h', line 1058)
[2026-06-23 20:10:37] [INFO ] [event   ] mem_snapshot py_current_mb=124.1 py_peak_mb=151.2 top=['c:\\Users\\kotan\\gohara\\DCRsystem_PC\\DCRsystem5goki_raw_PC_app\\module_cameras_5goki_v2.py:168: 102.3MB', 'c:\\Users\\kotan\\gohara\\DCRsystem_PC\\DCRsystem5goki_raw_PC_app\\module_yolo_csv4.py:566: 4.9MB', 'C:\\Users\\kotan\\gohara\\DCRsystem_PC\\DCRsystem5goki_raw_PC_app\\.venv\\Lib\\site-packages\\pypylon\\pylon.py:6403: 4.5MB', 'c:\\Users\\kotan\\gohara\\DCRsystem_PC\\DCRsystem5goki_raw_PC_app\\module_cameras_5goki_v2.py:174: 2.0MB', 'C:\\Users\\kotan\\gohara\\DCRsystem_PC\\DCRsystem5goki_raw_PC_app\\.venv\\Lib\\site-packages\\numpy\\lib\\_twodim_base_impl.py:318: 1.7MB']
[2026-06-23 20:10:37] [ERROR] [camera  ] [Fatal] cam_under: 5.0 秒間フレーム取得不能。接続喪失として通知します。
[2026-06-23 20:10:37] [DEBUG] [camera  ] スレッド終了: cam_under
[2026-06-23 20:10:37] [ERROR] [event   ] [緊急停止] カメラ 'cam_under' の接続が切れました。
[2026-06-23 20:10:37] [INFO ] [event   ] トグルスイッチ OFF: 停止
[2026-06-23 20:10:37] [DEBUG] [motor   ] [Serial Send] S
[2026-06-23 20:10:37] [DEBUG] [camera  ] スレッド終了: cam_top
[2026-06-23 20:10:37] [INFO ] [relay   ] 全リレーをOFF（停止）にしました。
[2026-06-23 20:10:37] [INFO ] [patlite ] 状態遷移: 待機中
[2026-06-23 20:10:37] [DEBUG] [motor   ] [Serial Recv] OK:STOP
[2026-06-23 20:10:38] [INFO ] [camera  ] cam_top: リソース解放完了
[2026-06-23 20:10:39] [INFO ] [camera  ] cam_under: リソース解放完了
[2026-06-23 20:10:39] [DEBUG] [camera  ] スレッド終了: cam_inside
[2026-06-23 20:10:39] [INFO ] [camera  ] cam_inside: リソース解放完了
[2026-06-23 20:10:39] [DEBUG] [camera  ] スレッド終了: cam_outside
[2026-06-23 20:10:39] [INFO ] [camera  ] cam_outside: リソース解放完了
[2026-06-23 20:10:39] [INFO ] [patlite ] 状態遷移: エラー停止
[2026-06-23 20:11:05] [DEBUG] [motor   ] [Serial Send] P
[2026-06-23 20:11:05] [INFO ] [event   ] arduino_heartbeat status=ok latency_ms=0.0
[2026-06-23 20:11:05] [DEBUG] [motor   ] [Serial Recv] OK:PONG
[2026-06-23 20:11:35] [DEBUG] [motor   ] [Serial Send] P
[2026-06-23 20:11:35] [INFO ] [event   ] arduino_heartbeat status=ok latency_ms=0.0
[2026-06-23 20:11:35] [DEBUG] [motor   ] [Serial Recv] OK:PONG
[2026-06-23 20:11:38] [INFO ] [event   ] mem_snapshot py_current_mb=119.6 py_peak_mb=151.2 top=['c:\\Users\\kotan\\gohara\\DCRsystem_PC\\DCRsystem5goki_raw_PC_app\\module_cameras_5goki_v2.py:168: 102.3MB', 'c:\\Users\\kotan\\gohara\\DCRsystem_PC\\DCRsystem5goki_raw_PC_app\\module_yolo_csv4.py:566: 4.9MB', 'c:\\Users\\kotan\\gohara\\DCRsystem_PC\\DCRsystem5goki_raw_PC_app\\module_cameras_5goki_v2.py:174: 2.0MB', 'C:\\Users\\kotan\\gohara\\DCRsystem_PC\\DCRsystem5goki_raw_PC_app\\.venv\\Lib\\site-packages\\numpy\\lib\\_twodim_base_impl.py:318: 1.7MB', 'c:\\Users\\kotan\\gohara\\DCRsystem_PC\\DCRsystem5goki_raw_PC_app\\module_yolo_csv4.py:372: 1.2MB']
[2026-06-23 20:12:05] [DEBUG] [motor   ] [Serial Send] P
[2026-06-23 20:12:05] [INFO ] [event   ] arduino_heartbeat status=ok latency_ms=0.0
[2026-06-23 20:12:05] [DEBUG] [motor   ] [Serial Recv] OK:PONG
[2026-06-23 20:12:35] [DEBUG] [motor   ] [Serial Send] P
[2026-06-23 20:12:35] [INFO ] [event   ] arduino_heartbeat status=ok latency_ms=0.0
[2026-06-23 20:12:35] [DEBUG] [motor   ] [Serial Recv] OK:PONG
[2026-06-23 20:12:38] [INFO ] [event   ] mem_snapshot py_current_mb=119.7 py_peak_mb=151.2 top=['c:\\Users\\kotan\\gohara\\DCRsystem_PC\\DCRsystem5goki_raw_PC_app\\module_cameras_5goki_v2.py:168: 102.3MB', 'c:\\Users\\kotan\\gohara\\DCRsystem_PC\\DCRsystem5goki_raw_PC_app\\module_yolo_csv4.py:566: 4.9MB', 'c:\\Users\\kotan\\gohara\\DCRsystem_PC\\DCRsystem5goki_raw_PC_app\\module_cameras_5goki_v2.py:174: 2.0MB', 'C:\\Users\\kotan\\gohara\\DCRsystem_PC\\DCRsystem5goki_raw_PC_app\\.venv\\Lib\\site-packages\\numpy\\lib\\_twodim_base_impl.py:318: 1.7MB', 'c:\\Users\\kotan\\gohara\\DCRsystem_PC\\DCRsystem5goki_raw_PC_app\\module_yolo_csv4.py:372: 1.2MB']
[2026-06-23 20:13:05] [DEBUG] [motor   ] [Serial Send] P
[2026-06-23 20:13:05] [INFO ] [event   ] arduino_heartbeat status=ok latency_ms=0.0
[2026-06-23 20:13:05] [DEBUG] [motor   ] [Serial Recv] OK:PONG
[2026-06-23 20:13:35] [DEBUG] [motor   ] [Serial Send] P
[2026-06-23 20:13:35] [INFO ] [event   ] arduino_heartbeat status=ok latency_ms=0.0
[2026-06-23 20:13:35] [DEBUG] [motor   ] [Serial Recv] OK:PONG
[2026-06-23 20:13:38] [INFO ] [event   ] mem_snapshot py_current_mb=119.7 py_peak_mb=151.2 top=['c:\\Users\\kotan\\gohara\\DCRsystem_PC\\DCRsystem5goki_raw_PC_app\\module_cameras_5goki_v2.py:168: 102.3MB', 'c:\\Users\\kotan\\gohara\\DCRsystem_PC\\DCRsystem5goki_raw_PC_app\\module_yolo_csv4.py:566: 4.9MB', 'c:\\Users\\kotan\\gohara\\DCRsystem_PC\\DCRsystem5goki_raw_PC_app\\module_cameras_5goki_v2.py:174: 2.0MB', 'C:\\Users\\kotan\\gohara\\DCRsystem_PC\\DCRsystem5goki_raw_PC_app\\.venv\\Lib\\site-packages\\numpy\\lib\\_twodim_base_impl.py:318: 1.7MB', 'c:\\Users\\kotan\\gohara\\DCRsystem_PC\\DCRsystem5goki_raw_PC_app\\module_yolo_csv4.py:372: 1.2MB']
[2026-06-23 20:14:05] [DEBUG] [motor   ] [Serial Send] P
[2026-06-23 20:14:05] [INFO ] [event   ] arduino_heartbeat status=ok latency_ms=0.0
[2026-06-23 20:14:05] [DEBUG] [motor   ] [Serial Recv] OK:PONG
[2026-06-23 20:14:35] [DEBUG] [motor   ] [Serial Send] P
[2026-06-23 20:14:35] [INFO ] [event   ] arduino_heartbeat status=ok latency_ms=0.0
[2026-06-23 20:14:35] [DEBUG] [motor   ] [Serial Recv] OK:PONG
[2026-06-23 20:14:38] [INFO ] [event   ] mem_snapshot py_current_mb=119.7 py_peak_mb=151.2 top=['c:\\Users\\kotan\\gohara\\DCRsystem_PC\\DCRsystem5goki_raw_PC_app\\module_cameras_5goki_v2.py:168: 102.3MB', 'c:\\Users\\kotan\\gohara\\DCRsystem_PC\\DCRsystem5goki_raw_PC_app\\module_yolo_csv4.py:566: 4.9MB', 'c:\\Users\\kotan\\gohara\\DCRsystem_PC\\DCRsystem5goki_raw_PC_app\\module_cameras_5goki_v2.py:174: 2.0MB', 'C:\\Users\\kotan\\gohara\\DCRsystem_PC\\DCRsystem5goki_raw_PC_app\\.venv\\Lib\\site-packages\\numpy\\lib\\_twodim_base_impl.py:318: 1.7MB', 'c:\\Users\\kotan\\gohara\\DCRsystem_PC\\DCRsystem5goki_raw_PC_app\\module_yolo_csv4.py:372: 1.2MB']
[2026-06-23 20:15:05] [DEBUG] [motor   ] [Serial Send] P
[2026-06-23 20:15:05] [INFO ] [event   ] arduino_heartbeat status=ok latency_ms=0.0
[2026-06-23 20:15:05] [DEBUG] [motor   ] [Serial Recv] OK:PONG
[2026-06-23 20:15:35] [DEBUG] [motor   ] [Serial Send] P
[2026-06-23 20:15:35] [INFO ] [event   ] arduino_heartbeat status=ok latency_ms=0.0
[2026-06-23 20:15:35] [DEBUG] [motor   ] [Serial Recv] OK:PONG
[2026-06-23 20:15:38] [INFO ] [event   ] mem_snapshot py_current_mb=119.7 py_peak_mb=151.2 top=['c:\\Users\\kotan\\gohara\\DCRsystem_PC\\DCRsystem5goki_raw_PC_app\\module_cameras_5goki_v2.py:168: 102.3MB', 'c:\\Users\\kotan\\gohara\\DCRsystem_PC\\DCRsystem5goki_raw_PC_app\\module_yolo_csv4.py:566: 4.9MB', 'c:\\Users\\kotan\\gohara\\DCRsystem_PC\\DCRsystem5goki_raw_PC_app\\module_cameras_5goki_v2.py:174: 2.0MB', 'C:\\Users\\kotan\\gohara\\DCRsystem_PC\\DCRsystem5goki_raw_PC_app\\.venv\\Lib\\site-packages\\numpy\\lib\\_twodim_base_impl.py:318: 1.7MB', 'c:\\Users\\kotan\\gohara\\DCRsystem_PC\\DCRsystem5goki_raw_PC_app\\module_yolo_csv4.py:372: 1.2MB']
[2026-06-23 20:16:06] [DEBUG] [motor   ] [Serial Send] P
[2026-06-23 20:16:06] [INFO ] [event   ] arduino_heartbeat status=ok latency_ms=0.0
[2026-06-23 20:16:06] [DEBUG] [motor   ] [Serial Recv] OK:PONG
[2026-06-23 20:16:36] [DEBUG] [motor   ] [Serial Send] P
[2026-06-23 20:16:36] [INFO ] [event   ] arduino_heartbeat status=ok latency_ms=2.7
[2026-06-23 20:16:36] [DEBUG] [motor   ] [Serial Recv] OK:PONG
[2026-06-23 20:16:38] [INFO ] [event   ] mem_snapshot py_current_mb=119.7 py_peak_mb=151.2 top=['c:\\Users\\kotan\\gohara\\DCRsystem_PC\\DCRsystem5goki_raw_PC_app\\module_cameras_5goki_v2.py:168: 102.3MB', 'c:\\Users\\kotan\\gohara\\DCRsystem_PC\\DCRsystem5goki_raw_PC_app\\module_yolo_csv4.py:566: 4.9MB', 'c:\\Users\\kotan\\gohara\\DCRsystem_PC\\DCRsystem5goki_raw_PC_app\\module_cameras_5goki_v2.py:174: 2.0MB', 'C:\\Users\\kotan\\gohara\\DCRsystem_PC\\DCRsystem5goki_raw_PC_app\\.venv\\Lib\\site-packages\\numpy\\lib\\_twodim_base_impl.py:318: 1.7MB', 'c:\\Users\\kotan\\gohara\\DCRsystem_PC\\DCRsystem5goki_raw_PC_app\\module_yolo_csv4.py:372: 1.2MB']
[2026-06-23 20:17:06] [DEBUG] [motor   ] [Serial Send] P
[2026-06-23 20:17:06] [INFO ] [event   ] arduino_heartbeat status=ok latency_ms=0.0
[2026-06-23 20:17:06] [DEBUG] [motor   ] [Serial Recv] OK:PONG
[2026-06-23 20:17:36] [DEBUG] [motor   ] [Serial Send] P
[2026-06-23 20:17:36] [INFO ] [event   ] arduino_heartbeat status=ok latency_ms=0.0
[2026-06-23 20:17:36] [DEBUG] [motor   ] [Serial Recv] OK:PONG
[2026-06-23 20:17:39] [INFO ] [event   ] mem_snapshot py_current_mb=119.7 py_peak_mb=151.2 top=['c:\\Users\\kotan\\gohara\\DCRsystem_PC\\DCRsystem5goki_raw_PC_app\\module_cameras_5goki_v2.py:168: 102.3MB', 'c:\\Users\\kotan\\gohara\\DCRsystem_PC\\DCRsystem5goki_raw_PC_app\\module_yolo_csv4.py:566: 4.9MB', 'c:\\Users\\kotan\\gohara\\DCRsystem_PC\\DCRsystem5goki_raw_PC_app\\module_cameras_5goki_v2.py:174: 2.0MB', 'C:\\Users\\kotan\\gohara\\DCRsystem_PC\\DCRsystem5goki_raw_PC_app\\.venv\\Lib\\site-packages\\numpy\\lib\\_twodim_base_impl.py:318: 1.7MB', 'c:\\Users\\kotan\\gohara\\DCRsystem_PC\\DCRsystem5goki_raw_PC_app\\module_yolo_csv4.py:372: 1.2MB']
[2026-06-23 20:18:06] [DEBUG] [motor   ] [Serial Send] P
[2026-06-23 20:18:06] [INFO ] [event   ] arduino_heartbeat status=ok latency_ms=0.0
[2026-06-23 20:18:06] [DEBUG] [motor   ] [Serial Recv] OK:PONG
[2026-06-23 20:18:36] [DEBUG] [motor   ] [Serial Send] P
[2026-06-23 20:18:36] [INFO ] [event   ] arduino_heartbeat status=ok latency_ms=0.0
[2026-06-23 20:18:36] [DEBUG] [motor   ] [Serial Recv] OK:PONG
[2026-06-23 20:18:39] [INFO ] [event   ] mem_snapshot py_current_mb=119.7 py_peak_mb=151.2 top=['c:\\Users\\kotan\\gohara\\DCRsystem_PC\\DCRsystem5goki_raw_PC_app\\module_cameras_5goki_v2.py:168: 102.3MB', 'c:\\Users\\kotan\\gohara\\DCRsystem_PC\\DCRsystem5goki_raw_PC_app\\module_yolo_csv4.py:566: 4.9MB', 'c:\\Users\\kotan\\gohara\\DCRsystem_PC\\DCRsystem5goki_raw_PC_app\\module_cameras_5goki_v2.py:174: 2.0MB', 'C:\\Users\\kotan\\gohara\\DCRsystem_PC\\DCRsystem5goki_raw_PC_app\\.venv\\Lib\\site-packages\\numpy\\lib\\_twodim_base_impl.py:318: 1.7MB', 'c:\\Users\\kotan\\gohara\\DCRsystem_PC\\DCRsystem5goki_raw_PC_app\\module_yolo_csv4.py:372: 1.2MB']
[2026-06-23 20:19:06] [DEBUG] [motor   ] [Serial Send] P
[2026-06-23 20:19:06] [INFO ] [event   ] arduino_heartbeat status=ok latency_ms=0.0
[2026-06-23 20:19:06] [DEBUG] [motor   ] [Serial Recv] OK:PONG
[2026-06-23 20:19:36] [DEBUG] [motor   ] [Serial Send] P
[2026-06-23 20:19:36] [INFO ] [event   ] arduino_heartbeat status=ok latency_ms=0.0
[2026-06-23 20:19:36] [DEBUG] [motor   ] [Serial Recv] OK:PONG
[2026-06-23 20:19:39] [INFO ] [event   ] mem_snapshot py_current_mb=119.7 py_peak_mb=151.2 top=['c:\\Users\\kotan\\gohara\\DCRsystem_PC\\DCRsystem5goki_raw_PC_app\\module_cameras_5goki_v2.py:168: 102.3MB', 'c:\\Users\\kotan\\gohara\\DCRsystem_PC\\DCRsystem5goki_raw_PC_app\\module_yolo_csv4.py:566: 4.9MB', 'c:\\Users\\kotan\\gohara\\DCRsystem_PC\\DCRsystem5goki_raw_PC_app\\module_cameras_5goki_v2.py:174: 2.0MB', 'C:\\Users\\kotan\\gohara\\DCRsystem_PC\\DCRsystem5goki_raw_PC_app\\.venv\\Lib\\site-packages\\numpy\\lib\\_twodim_base_impl.py:318: 1.7MB', 'c:\\Users\\kotan\\gohara\\DCRsystem_PC\\DCRsystem5goki_raw_PC_app\\module_yolo_csv4.py:372: 1.2MB']
[2026-06-23 20:20:06] [DEBUG] [motor   ] [Serial Send] P
[2026-06-23 20:20:06] [INFO ] [event   ] arduino_heartbeat status=ok latency_ms=0.0
[2026-06-23 20:20:06] [DEBUG] [motor   ] [Serial Recv] OK:PONG
[2026-06-23 20:20:36] [DEBUG] [motor   ] [Serial Send] P
[2026-06-23 20:20:36] [INFO ] [event   ] arduino_heartbeat status=ok latency_ms=0.0
[2026-06-23 20:20:36] [DEBUG] [motor   ] [Serial Recv] OK:PONG
[2026-06-23 20:20:39] [INFO ] [event   ] mem_snapshot py_current_mb=119.7 py_peak_mb=151.2 top=['c:\\Users\\kotan\\gohara\\DCRsystem_PC\\DCRsystem5goki_raw_PC_app\\module_cameras_5goki_v2.py:168: 102.3MB', 'c:\\Users\\kotan\\gohara\\DCRsystem_PC\\DCRsystem5goki_raw_PC_app\\module_yolo_csv4.py:566: 4.9MB', 'c:\\Users\\kotan\\gohara\\DCRsystem_PC\\DCRsystem5goki_raw_PC_app\\module_cameras_5goki_v2.py:174: 2.0MB', 'C:\\Users\\kotan\\gohara\\DCRsystem_PC\\DCRsystem5goki_raw_PC_app\\.venv\\Lib\\site-packages\\numpy\\lib\\_twodim_base_impl.py:318: 1.7MB', 'c:\\Users\\kotan\\gohara\\DCRsystem_PC\\DCRsystem5goki_raw_PC_app\\module_yolo_csv4.py:372: 1.2MB']
[2026-06-23 20:21:06] [DEBUG] [motor   ] [Serial Send] P
[2026-06-23 20:21:06] [INFO ] [event   ] arduino_heartbeat status=ok latency_ms=0.0
[2026-06-23 20:21:06] [DEBUG] [motor   ] [Serial Recv] OK:PONG
[2026-06-23 20:21:36] [DEBUG] [motor   ] [Serial Send] P
[2026-06-23 20:21:36] [INFO ] [event   ] arduino_heartbeat status=ok latency_ms=3.3
[2026-06-23 20:21:36] [DEBUG] [motor   ] [Serial Recv] OK:PONG
[2026-06-23 20:21:39] [INFO ] [event   ] mem_snapshot py_current_mb=119.7 py_peak_mb=151.2 top=['c:\\Users\\kotan\\gohara\\DCRsystem_PC\\DCRsystem5goki_raw_PC_app\\module_cameras_5goki_v2.py:168: 102.3MB', 'c:\\Users\\kotan\\gohara\\DCRsystem_PC\\DCRsystem5goki_raw_PC_app\\module_yolo_csv4.py:566: 4.9MB', 'c:\\Users\\kotan\\gohara\\DCRsystem_PC\\DCRsystem5goki_raw_PC_app\\module_cameras_5goki_v2.py:174: 2.0MB', 'C:\\Users\\kotan\\gohara\\DCRsystem_PC\\DCRsystem5goki_raw_PC_app\\.venv\\Lib\\site-packages\\numpy\\lib\\_twodim_base_impl.py:318: 1.7MB', 'c:\\Users\\kotan\\gohara\\DCRsystem_PC\\DCRsystem5goki_raw_PC_app\\module_yolo_csv4.py:372: 1.2MB']
[2026-06-23 20:22:06] [DEBUG] [motor   ] [Serial Send] P
[2026-06-23 20:22:06] [INFO ] [event   ] arduino_heartbeat status=ok latency_ms=0.8
[2026-06-23 20:22:06] [DEBUG] [motor   ] [Serial Recv] OK:PONG
[2026-06-23 20:22:32] [INFO ] [main    ] 復旧プロセス開始...
[2026-06-23 20:22:32] [INFO ] [camera  ] cam_top: リソース解放完了
[2026-06-23 20:22:32] [INFO ] [camera  ] cam_under: リソース解放完了
[2026-06-23 20:22:32] [INFO ] [camera  ] cam_inside: リソース解放完了
[2026-06-23 20:22:32] [INFO ] [camera  ] cam_outside: リソース解放完了
[2026-06-23 20:22:33] [INFO ] [camera  ] cam_top: リソース解放完了
[2026-06-23 20:22:33] [INFO ] [camera  ] cam_under: リソース解放完了
[2026-06-23 20:22:33] [INFO ] [camera  ] cam_inside: リソース解放完了
[2026-06-23 20:22:33] [INFO ] [camera  ] cam_outside: リソース解放完了
[2026-06-23 20:22:34] [INFO ] [camera  ] cam_top: 設定を適用しました
[2026-06-23 20:22:34] [INFO ] [camera  ] cam_inside: 設定を適用しました
[2026-06-23 20:22:34] [INFO ] [camera  ] cam_outside: 設定を適用しました
[2026-06-23 20:22:36] [DEBUG] [motor   ] [Serial Send] P
[2026-06-23 20:22:36] [INFO ] [event   ] arduino_heartbeat status=ok latency_ms=0.0
[2026-06-23 20:22:36] [DEBUG] [motor   ] [Serial Recv] OK:PONG
[2026-06-23 20:22:39] [INFO ] [event   ] mem_snapshot py_current_mb=15.1 py_peak_mb=151.2 top=['c:\\Users\\kotan\\gohara\\DCRsystem_PC\\DCRsystem5goki_raw_PC_app\\module_yolo_csv4.py:566: 4.9MB', 'C:\\Users\\kotan\\gohara\\DCRsystem_PC\\DCRsystem5goki_raw_PC_app\\.venv\\Lib\\site-packages\\numpy\\lib\\_twodim_base_impl.py:318: 1.7MB', 'c:\\Users\\kotan\\gohara\\DCRsystem_PC\\DCRsystem5goki_raw_PC_app\\module_yolo_csv4.py:372: 1.2MB', 'c:\\Users\\kotan\\gohara\\DCRsystem_PC\\DCRsystem5goki_raw_PC_app\\module_yolo_csv4.py:585: 1.2MB', 'C:\\Users\\kotan\\gohara\\DCRsystem_PC\\DCRsystem5goki_raw_PC_app\\.venv\\Lib\\site-packages\\ultralytics\\trackers\\utils\\kalman_filter.py:193: 1.0MB']
[2026-06-23 20:22:53] [INFO ] [main    ] 復旧プロセス開始...
[2026-06-23 20:22:53] [INFO ] [camera  ] cam_top: リソース解放完了
[2026-06-23 20:22:53] [INFO ] [camera  ] cam_inside: リソース解放完了
[2026-06-23 20:22:53] [INFO ] [camera  ] cam_outside: リソース解放完了
[2026-06-23 20:22:54] [INFO ] [camera  ] cam_top: リソース解放完了
[2026-06-23 20:22:54] [INFO ] [camera  ] cam_inside: リソース解放完了
[2026-06-23 20:22:54] [INFO ] [camera  ] cam_outside: リソース解放完了
[2026-06-23 20:22:55] [INFO ] [camera  ] cam_top: 設定を適用しました
[2026-06-23 20:22:56] [INFO ] [camera  ] cam_inside: 設定を適用しました
[2026-06-23 20:22:56] [INFO ] [camera  ] cam_outside: 設定を適用しました
[2026-06-23 20:23:06] [DEBUG] [motor   ] [Serial Send] P
[2026-06-23 20:23:06] [INFO ] [event   ] arduino_heartbeat status=ok latency_ms=0.0
[2026-06-23 20:23:06] [DEBUG] [motor   ] [Serial Recv] OK:PONG
[2026-06-23 20:23:36] [DEBUG] [motor   ] [Serial Send] P
[2026-06-23 20:23:36] [INFO ] [event   ] arduino_heartbeat status=ok latency_ms=2.3
[2026-06-23 20:23:36] [DEBUG] [motor   ] [Serial Recv] OK:PONG
[2026-06-23 20:23:39] [INFO ] [event   ] mem_snapshot py_current_mb=15.2 py_peak_mb=151.2 top=['c:\\Users\\kotan\\gohara\\DCRsystem_PC\\DCRsystem5goki_raw_PC_app\\module_yolo_csv4.py:566: 4.9MB', 'C:\\Users\\kotan\\gohara\\DCRsystem_PC\\DCRsystem5goki_raw_PC_app\\.venv\\Lib\\site-packages\\numpy\\lib\\_twodim_base_impl.py:318: 1.7MB', 'c:\\Users\\kotan\\gohara\\DCRsystem_PC\\DCRsystem5goki_raw_PC_app\\module_yolo_csv4.py:372: 1.2MB', 'c:\\Users\\kotan\\gohara\\DCRsystem_PC\\DCRsystem5goki_raw_PC_app\\module_yolo_csv4.py:585: 1.2MB', 'C:\\Users\\kotan\\gohara\\DCRsystem_PC\\DCRsystem5goki_raw_PC_app\\.venv\\Lib\\site-packages\\ultralytics\\trackers\\utils\\kalman_filter.py:193: 1.0MB']
[2026-06-23 20:24:06] [DEBUG] [motor   ] [Serial Send] P
[2026-06-23 20:24:06] [INFO ] [event   ] arduino_heartbeat status=ok latency_ms=0.0
[2026-06-23 20:24:06] [DEBUG] [motor   ] [Serial Recv] OK:PONG
[2026-06-23 20:24:28] [INFO ] [main    ] 復旧プロセス開始...
[2026-06-23 20:24:28] [INFO ] [camera  ] cam_top: リソース解放完了
[2026-06-23 20:24:28] [INFO ] [camera  ] cam_inside: リソース解放完了
[2026-06-23 20:24:28] [INFO ] [camera  ] cam_outside: リソース解放完了
[2026-06-23 20:24:29] [INFO ] [camera  ] cam_top: リソース解放完了
[2026-06-23 20:24:29] [INFO ] [camera  ] cam_inside: リソース解放完了
[2026-06-23 20:24:29] [INFO ] [camera  ] cam_outside: リソース解放完了
[2026-06-23 20:24:30] [INFO ] [camera  ] cam_top: 設定を適用しました
[2026-06-23 20:24:30] [INFO ] [camera  ] cam_inside: 設定を適用しました
[2026-06-23 20:24:30] [INFO ] [camera  ] cam_outside: 設定を適用しました
[2026-06-23 20:24:37] [DEBUG] [motor   ] [Serial Send] P
[2026-06-23 20:24:37] [INFO ] [event   ] arduino_heartbeat status=ok latency_ms=0.0
[2026-06-23 20:24:37] [DEBUG] [motor   ] [Serial Recv] OK:PONG
[2026-06-23 20:24:40] [INFO ] [event   ] mem_snapshot py_current_mb=15.1 py_peak_mb=151.2 top=['c:\\Users\\kotan\\gohara\\DCRsystem_PC\\DCRsystem5goki_raw_PC_app\\module_yolo_csv4.py:566: 4.9MB', 'C:\\Users\\kotan\\gohara\\DCRsystem_PC\\DCRsystem5goki_raw_PC_app\\.venv\\Lib\\site-packages\\numpy\\lib\\_twodim_base_impl.py:318: 1.7MB', 'c:\\Users\\kotan\\gohara\\DCRsystem_PC\\DCRsystem5goki_raw_PC_app\\module_yolo_csv4.py:372: 1.2MB', 'c:\\Users\\kotan\\gohara\\DCRsystem_PC\\DCRsystem5goki_raw_PC_app\\module_yolo_csv4.py:585: 1.2MB', 'C:\\Users\\kotan\\gohara\\DCRsystem_PC\\DCRsystem5goki_raw_PC_app\\.venv\\Lib\\site-packages\\ultralytics\\trackers\\utils\\kalman_filter.py:193: 1.0MB']
[2026-06-23 20:25:07] [DEBUG] [motor   ] [Serial Send] P
[2026-06-23 20:25:07] [INFO ] [event   ] arduino_heartbeat status=ok latency_ms=0.0
[2026-06-23 20:25:07] [DEBUG] [motor   ] [Serial Recv] OK:PONG
[2026-06-23 20:25:17] [INFO ] [main    ] 復旧プロセス開始...
[2026-06-23 20:25:17] [INFO ] [camera  ] cam_top: リソース解放完了
[2026-06-23 20:25:17] [INFO ] [camera  ] cam_inside: リソース解放完了
[2026-06-23 20:25:17] [INFO ] [camera  ] cam_outside: リソース解放完了
[2026-06-23 20:25:18] [INFO ] [camera  ] cam_top: リソース解放完了
[2026-06-23 20:25:18] [INFO ] [camera  ] cam_inside: リソース解放完了
[2026-06-23 20:25:18] [INFO ] [camera  ] cam_outside: リソース解放完了
[2026-06-23 20:25:19] [INFO ] [camera  ] cam_top: 設定を適用しました
[2026-06-23 20:25:19] [INFO ] [camera  ] cam_inside: 設定を適用しました
[2026-06-23 20:25:19] [INFO ] [camera  ] cam_outside: 設定を適用しました
[2026-06-23 20:25:24] [INFO ] [main    ] 電源ボタンが押されました。終了します。
[2026-06-23 20:25:24] [INFO ] [patlite ] 切断完了
[2026-06-23 20:25:24] [INFO ] [relay   ] 切断完了
[2026-06-23 20:25:24] [INFO ] [camera  ] cam_top: リソース解放完了
[2026-06-23 20:25:24] [INFO ] [camera  ] cam_inside: リソース解放完了
[2026-06-23 20:25:24] [INFO ] [camera  ] cam_outside: リソース解放完了
[2026-06-23 20:25:24] [DEBUG] [motor   ] [Serial Send] C
[2026-06-23 20:25:24] [DEBUG] [motor   ] [Serial Recv] OK:CLEANUP
[2026-06-23 20:25:24] [INFO ] [motor   ] 切断しました
[2026-06-23 20:25:24] [INFO ] [event   ] shutdown uptime_s=2575.6
