schema_version,timestamp,cpu_temp,cpu_util[%],gpu_temp,gpu_util[%],gpu_clock[mhz],gpu_mem_used[mb],gpu_power[w],ram_used[mb],proc_rss[mb],disk_free[gb],queue_depth[n],torch_vram_alloc[mb],torch_vram_reserved[mb],cycles_total[n],dropped_logs[n]
1.0.0,2026-06-23 19:42:35.283,40.5,0.0,55,2,2040,2322.436096,35.962,19532.161024,1713.967104,586.705076224,42,71.338496,138.412032,1,0
1.0.0,2026-06-23 19:42:36.225,24.2,2.5,55,1,2040,2322.436096,35.529,19585.347584,1763.893248,586.705002496,80,71.338496,138.412032,1,0
1.0.0,2026-06-23 19:42:37.227,21.4,2.9,55,1,2040,2322.436096,35.393,19591.774208,1770.2912,586.705002496,80,71.338496,138.412032,1,0
1.0.0,2026-06-23 19:42:38.226,21.9,5.2,55,13,2040,2331.348992,36.65,19627.528192,1804.345344,586.704994304,80,71.339008,138.412032,1,0
1.0.0,2026-06-23 19:42:39.232,40.3,4.8,55,2,2040,2331.348992,42.235,19625.8816,1802.563584,586.704564224,80,71.338496,138.412032,2,0
1.0.0,2026-06-23 19:42:40.215,35.5,3.6,55,1,2040,2331.348992,36.183,19627.905024,1805.88544,586.704551936,80,71.338496,138.412032,2,0
1.0.0,2026-06-23 19:42:41.210,37.0,4.8,56,9,2040,2331.144192,41.252,19604.922368,1779.585024,586.704539648,80,71.338496,138.412032,2,0
1.0.0,2026-06-23 19:42:42.231,37.5,4.5,55,1,2040,2326.556672,38.219,19593.580544,1769.754624,586.704072704,80,71.338496,138.412032,3,0
1.0.0,2026-06-23 19:42:43.233,30.9,4.6,55,2,2040,2326.556672,35.123,19594.21952,1770.8032,586.70405632,80,71.338496,138.412032,3,0
1.0.0,2026-06-23 19:42:44.192,32.8,3.7,55,2,2040,2326.4256,35.171,19593.084928,1770.8032,586.704031744,80,71.338496,138.412032,3,0
1.0.0,2026-06-23 19:42:45.277,29.2,5.7,56,9,2040,2326.4256,39.555,19605.692416,1782.76352,586.70401536,80,71.339008,138.412032,3,0
1.0.0,2026-06-23 19:42:46.269,34.7,3.6,56,10,2040,2321.772544,40.36,19606.171648,1782.792192,586.703548416,80,71.339008,138.412032,4,0
1.0.0,2026-06-23 19:42:47.236,34.7,3.9,56,9,2040,2321.772544,42.878,19596.337152,1772.93312,586.703286272,80,71.338496,138.412032,5,0
1.0.0,2026-06-23 19:42:48.209,30.5,3.8,55,1,2040,2321.772544,35.901,19594.551296,1772.93312,586.703044608,80,71.338496,138.412032,5,0
1.0.0,2026-06-23 19:42:49.250,32.4,4.3,56,13,2040,2321.707008,37.439,19604.545536,1782.816768,586.703028224,80,71.339008,138.412032,5,0
1.0.0,2026-06-23 19:42:50.238,35.4,4.7,56,1,2040,2321.707008,41.93,19564.60544,1772.998656,586.702340096,80,71.338496,138.412032,6,0
1.0.0,2026-06-23 19:42:51.229,31.2,3.9,56,13,2040,2321.707008,38.089,19572.9408,1782.86592,586.702327808,80,71.339008,138.412032,6,0
1.0.0,2026-06-23 19:42:52.226,37.7,3.8,56,2,2040,2321.772544,41.066,19562.971136,1774.98112,586.70186496,80,71.338496,138.412032,7,0
1.0.0,2026-06-23 19:42:53.251,32.5,5.5,55,2,2040,2321.772544,36.427,19557.076992,1782.86592,586.701852672,80,71.339008,138.412032,7,0
1.0.0,2026-06-23 19:42:54.259,35.9,3.9,56,8,2040,2321.772544,42.474,19555.115008,1782.861824,586.701840384,80,71.338496,138.412032,7,0
1.0.0,2026-06-23 19:42:55.250,32.3,3.9,56,1,2040,2321.772544,37.578,19545.21088,1774.256128,586.701361152,80,71.338496,138.412032,8,0
1.0.0,2026-06-23 19:42:56.219,29.9,3.9,56,1,2040,2321.772544,35.354,19544.649728,1774.026752,586.701344768,80,71.338496,138.412032,8,0
1.0.0,2026-06-23 19:42:57.257,30.5,3.9,55,1,2040,2321.772544,35.397,19544.137728,1773.023232,586.70133248,80,71.338496,138.412032,8,0
1.0.0,2026-06-23 19:42:58.262,31.0,4.9,56,10,2040,2321.772544,40.931,19523.166208,1782.890496,586.701316096,80,71.338496,138.412032,8,0
1.0.0,2026-06-23 19:42:59.214,35.1,3.9,56,11,2040,2321.83808,40.932,19520.38912,1782.894592,586.700791808,80,71.339008,138.412032,9,0
1.0.0,2026-06-23 19:43:00.230,34.6,4.5,56,2,2040,2321.83808,41.318,19511.205888,1773.031424,586.70026752,80,71.338496,138.412032,10,0
1.0.0,2026-06-23 19:43:01.237,33.3,5.1,56,2,2040,2321.83808,35.333,19507.519488,1773.03552,586.700251136,80,71.338496,138.412032,10,0
1.0.0,2026-06-23 19:43:02.209,31.2,4.5,56,10,2040,2322.296832,38.914,19517.915136,1782.92736,586.700234752,80,71.339008,138.412032,10,0
1.0.0,2026-06-23 19:43:03.206,37.5,4.4,56,2,2040,2322.362368,41.441,19507.605504,1773.11744,586.699665408,80,71.339008,138.412032,11,0
1.0.0,2026-06-23 19:43:04.216,33.3,5.2,56,10,2040,2322.362368,39.462,19517.27616,1783.099392,586.699649024,80,71.339008,138.412032,11,0
1.0.0,2026-06-23 19:43:05.223,37.8,4.2,56,2,2040,2322.362368,40.895,19510.611968,1774.493696,586.698993664,80,71.338496,138.412032,12,0
1.0.0,2026-06-23 19:43:06.254,31.0,5.0,56,15,2040,2322.362368,37.556,19519.148032,1783.123968,586.698981376,80,71.339008,138.412032,12,0
1.0.0,2026-06-23 19:43:07.227,37.6,5.7,56,3,2040,2322.362368,42.788,19509.809152,1773.285376,586.698428416,80,71.338496,138.412032,13,0
1.0.0,2026-06-23 19:43:08.214,30.4,4.6,56,2,2040,2317.512704,35.528,19511.545856,1773.285376,586.698416128,80,71.338496,138.412032,13,0
1.0.0,2026-06-23 19:43:09.202,30.8,4.5,56,2,2040,2317.512704,35.588,19508.79744,1774.280704,586.69840384,80,71.338496,138.412032,13,0
1.0.0,2026-06-23 19:43:10.228,29.7,4.2,56,2,2040,2317.512704,35.526,19515.953152,1781.714944,586.698387456,80,71.338496,138.412032,13,0
1.0.0,2026-06-23 19:43:11.265,36.2,5.5,56,7,2040,2317.512704,42.011,19509.026816,1774.350336,586.69811712,80,71.338496,138.412032,14,0
1.0.0,2026-06-23 19:43:12.242,36.8,4.1,56,11,2040,2317.512704,40.983,19516.2112,1784.213504,586.698027008,80,71.339008,138.412032,14,0
1.0.0,2026-06-23 19:43:13.213,38.1,5.6,56,2,2040,2317.512704,40.834,19507.224576,1774.350336,586.6975232,80,71.338496,138.412032,15,0
1.0.0,2026-06-23 19:43:14.213,32.9,4.6,56,2,2040,2317.512704,35.331,19510.747136,1774.350336,586.697506816,80,71.338496,138.412032,15,0
1.0.0,2026-06-23 19:43:15.243,39.2,7.9,56,10,2040,2317.512704,40.131,19544.20736,1784.209408,586.697457664,80,71.338496,138.412032,15,0
1.0.0,2026-06-23 19:43:16.216,36.7,5.6,56,2,2040,2317.512704,39.391,19533.713408,1774.288896,586.696794112,80,71.339008,138.412032,16,0
1.0.0,2026-06-23 19:43:17.274,32.8,4.8,57,7,2040,2317.512704,40.929,19523.452928,1775.53408,586.707124224,80,71.338496,138.412032,17,0
1.0.0,2026-06-23 19:43:18.243,36.4,4.5,56,5,2040,2317.512704,38.713,19522.777088,1776.78336,586.706911232,80,71.338496,138.412032,17,0
1.0.0,2026-06-23 19:43:19.284,39.1,6.9,57,11,2040,2317.512704,39.568,19552.288768,1785.454592,586.70682112,80,71.339008,138.412032,17,0
1.0.0,2026-06-23 19:43:20.203,39.7,4.8,56,2,2040,2317.512704,41.158,19534.0288,1774.444544,586.70628864,80,71.338496,138.412032,18,0
1.0.0,2026-06-23 19:43:21.217,41.9,8.3,56,8,2040,2344.48896,36.779,19537.932288,1774.444544,586.706272256,80,71.338496,138.412032,18,0
1.0.0,2026-06-23 19:43:22.230,42.7,4.6,56,1,2040,2344.48896,36.021,19538.169856,1774.444544,586.706251776,80,71.338496,138.412032,18,0
1.0.0,2026-06-23 19:43:23.233,26.5,5.7,56,7,2040,2344.128512,37.26,19541.434368,1784.307712,586.706239488,80,71.339008,138.412032,18,0
1.0.0,2026-06-23 19:43:24.217,35.4,5.8,56,2,2040,2342.883328,43.305,19528.54016,1774.452736,586.70596096,80,71.339008,138.412032,19,0
1.0.0,2026-06-23 19:43:25.263,33.9,5.3,57,10,2040,2342.03136,41.061,19538.59584,1784.328192,586.705686528,80,71.338496,138.412032,19,0
1.0.0,2026-06-23 19:43:26.254,33.7,4.8,56,1,2040,2327.605248,39.099,19527.18848,1774.485504,586.705170432,80,71.338496,138.412032,20,0
1.0.0,2026-06-23 19:43:27.257,28.7,4.3,56,1,2040,2317.971456,35.981,19523.756032,1774.497792,586.705154048,80,71.338496,138.412032,20,0
1.0.0,2026-06-23 19:43:28.293,29.5,5.4,57,13,2040,2317.971456,42.293,19516.616704,1784.369152,586.70514176,80,71.338496,138.412032,20,0
1.0.0,2026-06-23 19:43:29.222,32.5,5.1,56,4,2040,2317.971456,38.337,19493.7856,1776.975872,586.704572416,80,71.339008,138.412032,21,0
1.0.0,2026-06-23 19:43:30.231,34.2,5.7,57,13,2040,2317.971456,43.308,19499.257856,1784.369152,586.704560128,80,71.338496,138.412032,21,0
1.0.0,2026-06-23 19:43:31.231,33.4,4.9,56,1,2040,2317.971456,38.463,19491.30752,1776.975872,586.704044032,80,71.338496,138.412032,22,0
1.0.0,2026-06-23 19:43:32.257,29.8,4.5,57,9,2040,2317.971456,41.138,19500.978176,1784.377344,586.704023552,80,71.338496,138.412032,22,0
1.0.0,2026-06-23 19:43:33.234,36.0,4.9,56,0,2040,2317.971456,41.22,19490.9184,1775.747072,586.703470592,80,71.338496,138.412032,23,0
1.0.0,2026-06-23 19:43:34.227,27.1,4.9,56,1,2040,2317.971456,35.956,19492.073472,1775.783936,586.703450112,80,71.338496,138.412032,23,0
1.0.0,2026-06-23 19:43:35.255,29.8,4.1,56,0,2040,2317.971456,35.977,19493.502976,1776.78336,586.703433728,80,71.338496,138.412032,23,0
1.0.0,2026-06-23 19:43:36.246,28.4,4.9,57,10,2040,2317.971456,39.283,19506.70848,1786.707968,586.70342144,80,71.339008,138.412032,23,0
1.0.0,2026-06-23 19:43:37.248,37.9,5.3,56,0,2040,2317.971456,41.435,19495.657472,1776.848896,586.702946304,80,71.338496,138.412032,24,0
1.0.0,2026-06-23 19:43:38.270,33.8,5.3,57,8,2040,2317.971456,42.521,19504.603136,1786.707968,586.702934016,80,71.338496,138.412032,24,0
1.0.0,2026-06-23 19:43:39.281,32.2,5.3,56,1,2040,2317.971456,37.828,19496.054784,1776.848896,586.702409728,80,71.338496,138.412032,25,0
1.0.0,2026-06-23 19:43:40.342,26.2,5.8,56,7,2040,2317.971456,36.496,19504.611328,1788.813312,586.702393344,80,71.339008,138.412032,25,0
1.0.0,2026-06-23 19:43:41.326,33.0,4.8,57,9,2040,2317.971456,43.679,19495.841792,1777.860608,586.702139392,80,71.338496,138.412032,26,0
1.0.0,2026-06-23 19:43:42.360,31.9,4.2,56,9,2040,2317.971456,38.715,19504.791552,1787.723776,586.701930496,80,71.339008,138.412032,26,0
1.0.0,2026-06-23 19:43:43.315,32.8,5.6,57,8,2040,2317.971456,42.961,19496.71424,1779.093504,586.701279232,80,71.338496,138.412032,27,0
1.0.0,2026-06-23 19:43:44.340,32.5,4.1,56,1,2040,2317.971456,38.364,19498.725376,1780.330496,586.701275136,80,71.338496,138.412032,27,0
1.0.0,2026-06-23 19:43:45.357,35.9,5.8,57,11,2040,2317.971456,41.835,19507.593216,1787.727872,586.701262848,80,71.338496,138.412032,27,0
1.0.0,2026-06-23 19:43:46.305,36.9,5.2,56,1,2040,2317.971456,39.847,19496.845312,1777.8688,586.700722176,80,71.338496,138.412032,28,0
1.0.0,2026-06-23 19:43:47.309,27.8,5.1,56,2,2040,2317.971456,36.121,19503.910912,1778.835456,586.700705792,80,71.338496,138.412032,28,0
1.0.0,2026-06-23 19:43:48.308,28.7,7.8,56,1,2040,2317.971456,35.872,19505.864704,1778.839552,586.70067712,80,71.338496,138.412032,28,0
1.0.0,2026-06-23 19:43:49.350,30.7,4.9,57,8,2040,2317.971456,40.762,19515.097088,1788.706816,586.700730368,80,71.338496,138.412032,28,0
1.0.0,2026-06-23 19:43:50.289,33.5,5.9,57,7,2040,2317.971456,40.332,19517.595648,1788.739584,586.700255232,80,71.339008,138.412032,29,0
1.0.0,2026-06-23 19:43:51.311,31.4,5.9,57,5,2040,2317.971456,42.989,19506.712576,1778.876416,586.699669504,80,71.339008,138.412032,30,0
1.0.0,2026-06-23 19:43:52.294,28.0,4.8,56,0,2040,2317.971456,36.208,19506.008064,1778.876416,586.699657216,80,71.339008,138.412032,30,0
1.0.0,2026-06-23 19:43:53.312,27.9,5.6,57,10,2040,2317.971456,37.973,19515.097088,1788.739584,586.699640832,80,71.339008,138.412032,30,0
1.0.0,2026-06-23 19:43:54.316,37.1,6.8,56,1,2040,2317.971456,42.356,19502.907392,1778.876416,586.698989568,80,71.339008,138.412032,31,0
1.0.0,2026-06-23 19:43:55.329,28.9,4.9,57,8,2040,2317.971456,38.62,19513.81504,1788.735488,586.69897728,80,71.339008,138.412032,31,0
1.0.0,2026-06-23 19:43:56.321,36.2,7.1,56,1,2040,2317.971456,41.379,19506.679808,1781.342208,586.698584064,80,71.338496,138.412032,32,0
1.0.0,2026-06-23 19:43:57.356,31.1,4.5,56,1,2040,2317.971456,37.298,19513.982976,1788.739584,586.698571776,80,71.339008,138.412032,32,0
1.0.0,2026-06-23 19:43:58.315,33.7,4.9,57,11,2040,2317.971456,42.987,19505.319936,1778.876416,586.698289152,80,71.338496,138.412032,33,0
1.0.0,2026-06-23 19:43:59.300,32.7,4.8,56,1,2040,2317.971456,37.057,19504.201728,1778.876416,586.69801472,80,71.338496,138.412032,33,0
1.0.0,2026-06-23 19:44:00.313,27.7,5.6,56,1,2040,2317.971456,35.986,19507.79392,1778.876416,586.698002432,80,71.338496,138.412032,33,0
1.0.0,2026-06-23 19:44:01.309,27.7,4.8,56,1,2040,2317.971456,36.119,19505.549312,1778.87232,586.697986048,80,71.338496,138.412032,33,0
1.0.0,2026-06-23 19:44:02.316,32.7,6.7,57,13,2040,2317.971456,41.707,19522.568192,1788.735488,586.697900032,80,71.338496,138.412032,33,0
1.0.0,2026-06-23 19:44:03.309,32.4,4.7,57,10,2040,2317.971456,40.751,19521.458176,1788.74368,586.697351168,80,71.339008,138.412032,34,0
1.0.0,2026-06-23 19:44:04.306,34.9,6.1,56,1,2040,2317.971456,41.636,19510.25152,1778.880512,586.697105408,80,71.338496,138.412032,35,0
1.0.0,2026-06-23 19:44:05.315,29.4,4.4,56,2,2040,2317.971456,36.022,19508.502528,1778.880512,586.697089024,80,71.338496,138.412032,35,0
1.0.0,2026-06-23 19:44:06.359,27.4,5.4,57,5,2040,2317.971456,38.932,19519.36512,1788.739584,586.697076736,80,71.339008,138.412032,35,0
1.0.0,2026-06-23 19:44:07.289,38.7,5.3,56,1,2040,2317.971456,41.012,19508.805632,1778.880512,586.696716288,80,71.338496,138.412032,36,0
1.0.0,2026-06-23 19:44:08.361,33.7,5.0,57,13,2040,2317.971456,40.145,19524.07552,1788.739584,586.696699904,80,71.338496,138.412032,36,0
1.0.0,2026-06-23 19:44:09.325,36.5,5.4,56,1,2040,2317.971456,40.983,19516.686336,1780.113408,586.696433664,80,71.338496,138.412032,37,0
1.0.0,2026-06-23 19:44:10.340,29.8,8.4,56,8,2040,2317.971456,38.722,19544.358912,1788.74368,586.69635584,80,71.339008,138.412032,37,0
1.0.0,2026-06-23 19:44:11.330,37.2,5.5,57,2,2040,2317.971456,42.932,19533.197312,1778.880512,586.696077312,80,71.338496,138.412032,38,0
1.0.0,2026-06-23 19:44:12.326,32.9,3.4,56,1,2040,2317.971456,36.056,19532.029952,1778.880512,586.696056832,80,71.338496,138.412032,38,0
1.0.0,2026-06-23 19:44:13.339,27.2,6.2,56,1,2040,2317.971456,35.928,19532.750848,1778.880512,586.696044544,80,71.338496,138.412032,38,0
1.0.0,2026-06-23 19:44:14.363,27.8,5.1,56,2,2040,2317.971456,36.363,19542.372352,1788.739584,586.69602816,80,71.338496,138.412032,38,0
1.0.0,2026-06-23 19:44:15.360,34.7,5.2,57,12,2040,2317.971456,43.202,19532.447744,1778.880512,586.695733248,80,71.339008,138.412032,39,0
1.0.0,2026-06-23 19:44:16.352,34.8,5.8,57,10,2040,2317.971456,40.761,19541.856256,1788.74368,586.695565312,80,71.339008,138.412032,39,0
1.0.0,2026-06-23 19:44:17.353,35.5,4.4,56,1,2040,2317.971456,40.519,19532.664832,1778.880512,586.695294976,80,71.338496,138.412032,40,0
1.0.0,2026-06-23 19:44:18.347,27.8,5.1,56,1,2040,2317.971456,36.11,19532.283904,1778.880512,586.695282688,80,71.338496,138.412032,40,0
1.0.0,2026-06-23 19:44:19.363,31.3,5.1,57,10,2040,2317.971456,40.607,19542.654976,1788.739584,586.6952704,80,71.338496,138.412032,40,0
1.0.0,2026-06-23 19:44:20.355,33.3,3.9,56,1,2040,2317.971456,39.497,19533.7216,1778.860032,586.694946816,80,71.338496,138.412032,41,0
1.0.0,2026-06-23 19:44:21.357,31.6,5.3,57,9,2040,2317.971456,41.413,19544.313856,1788.719104,586.694934528,80,71.338496,138.412032,41,0
1.0.0,2026-06-23 19:44:22.376,35.5,5.6,56,1,2040,2317.971456,39.81,19537.371136,1781.325824,586.694656,80,71.338496,138.412032,42,0
1.0.0,2026-06-23 19:44:23.340,27.9,4.6,57,7,2040,2317.971456,39.464,19543.998464,1788.7232,586.694643712,80,71.339008,138.412032,42,0
1.0.0,2026-06-23 19:44:24.354,36.1,5.5,57,0,2040,2317.971456,41.988,19531.5712,1778.860032,586.694361088,80,71.338496,138.412032,43,0
1.0.0,2026-06-23 19:44:25.360,26.6,7.3,56,1,2040,2317.971456,35.95,19532.292096,1778.855936,586.6943488,80,71.338496,138.412032,43,0
1.0.0,2026-06-23 19:44:26.355,28.1,7.1,56,1,2040,2317.971456,36.275,19532.857344,1778.855936,586.694332416,80,71.338496,138.412032,43,0
1.0.0,2026-06-23 19:44:27.350,29.5,4.5,56,13,2040,2317.971456,37.254,19543.781376,1788.7232,586.694316032,80,71.339008,138.412032,43,0
1.0.0,2026-06-23 19:44:28.375,35.0,5.5,57,10,2040,2317.971456,43.68,19534.462976,1778.864128,586.6940416,80,71.339008,138.412032,44,0
1.0.0,2026-06-23 19:44:29.352,34.0,4.6,57,6,2040,2317.971456,42.235,19544.174592,1788.727296,586.694025216,80,71.338496,138.412032,44,0
1.0.0,2026-06-23 19:44:30.390,32.1,6.8,56,0,2040,2317.971456,39.79,19531.247616,1778.843648,586.69375488,80,71.338496,138.412032,45,0
1.0.0,2026-06-23 19:44:31.357,28.0,6.5,56,1,2040,2317.971456,36.081,19531.034624,1778.839552,586.693742592,80,71.338496,138.412032,45,0
1.0.0,2026-06-23 19:44:32.378,32.5,6.4,57,8,2040,2317.971456,41.392,19541.938176,1788.70272,586.693730304,80,71.338496,138.412032,45,0
1.0.0,2026-06-23 19:44:33.370,33.5,5.1,56,0,2040,2317.971456,39.28,19543.166976,1788.710912,586.693414912,80,71.339008,138.412032,46,0
1.0.0,2026-06-23 19:44:34.351,35.2,4.7,57,8,2040,2317.971456,42.676,19544.14592,1789.6448,586.693398528,80,71.338496,138.412032,46,0
1.0.0,2026-06-23 19:44:35.357,30.8,4.8,57,7,2040,2317.971456,38.789,19537.842176,1782.259712,586.693132288,80,71.338496,138.412032,47,0
1.0.0,2026-06-23 19:44:36.428,31.9,5.3,57,11,2040,2317.971456,40.857,19546.19392,1789.657088,586.69312,80,71.338496,138.412032,47,0
1.0.0,2026-06-23 19:44:37.341,33.2,4.4,56,0,2040,2317.971456,40.305,19528.941568,1780.801536,586.692837376,80,71.338496,138.412032,48,0
1.0.0,2026-06-23 19:44:38.361,29.3,9.0,56,1,2040,2317.971456,36.106,19519.971328,1780.801536,586.692825088,80,71.338496,138.412032,48,0
1.0.0,2026-06-23 19:44:39.333,25.9,3.5,56,1,2040,2317.971456,36.181,19519.209472,1780.79744,586.6928128,80,71.338496,138.412032,48,0
1.0.0,2026-06-23 19:44:40.395,29.8,4.4,57,10,2040,2317.971456,38.654,19529.699328,1790.660608,586.692861952,80,71.339008,138.412032,48,0
1.0.0,2026-06-23 19:44:41.370,37.0,4.6,56,1,2040,2317.971456,41.833,19524.23936,1785.73312,586.69258752,80,71.339008,138.412032,49,0
1.0.0,2026-06-23 19:44:42.345,31.7,5.4,57,19,2040,2317.971456,42.279,19529.23648,1790.660608,586.692579328,80,71.338496,138.412032,49,0
1.0.0,2026-06-23 19:44:43.346,33.4,3.8,56,0,2040,2317.971456,38.546,19515.101184,1780.801536,586.692317184,80,71.338496,138.412032,50,0
1.0.0,2026-06-23 19:44:44.350,26.0,4.4,57,1,2040,2317.971456,36.132,19524.4032,1790.664704,586.6923008,80,71.339008,138.412032,50,0
1.0.0,2026-06-23 19:44:45.359,35.8,5.9,57,12,2040,2317.971456,43.369,19523.846144,1790.660608,586.692288512,80,71.338496,138.412032,50,0
1.0.0,2026-06-23 19:44:46.345,29.7,5.3,57,11,2040,2317.971456,39.262,19523.723264,1790.6688,586.691977216,80,71.339008,138.412032,51,0
1.0.0,2026-06-23 19:44:47.366,38.6,4.5,57,6,2040,2317.971456,43.78,19515.45344,1782.038528,586.69170688,80,71.338496,138.412032,52,0
1.0.0,2026-06-23 19:44:48.340,32.7,4.6,57,4,2040,2317.971456,38.187,19516.391424,1783.271424,586.691694592,80,71.338496,138.412032,52,0
1.0.0,2026-06-23 19:44:49.368,33.3,4.5,57,9,2040,2317.971456,41.727,19522.781184,1790.6688,586.691682304,80,71.338496,138.412032,52,0
1.0.0,2026-06-23 19:44:50.352,29.7,4.2,56,1,2040,2317.971456,38.95,19512.926208,1780.805632,586.691411968,80,71.338496,138.412032,53,0
1.0.0,2026-06-23 19:44:51.339,28.3,3.7,56,1,2040,2317.971456,36.057,19514.69568,1782.734848,586.691395584,80,71.338496,138.412032,53,0
1.0.0,2026-06-23 19:44:52.381,26.8,4.9,56,0,2040,2317.971456,36.209,19514.916864,1782.730752,586.691383296,80,71.338496,138.412032,53,0
1.0.0,2026-06-23 19:44:53.403,28.8,5.9,57,13,2040,2317.971456,39.868,19524.980736,1792.59392,586.691371008,80,71.338496,138.412032,53,0
1.0.0,2026-06-23 19:44:54.407,32.2,5.7,57,2,2040,2317.971456,41.073,19525.677056,1792.6144,586.691088384,80,71.339008,138.412032,54,0
1.0.0,2026-06-23 19:44:55.392,35.3,4.6,57,13,2040,2317.971456,43.659,19516.817408,1783.984128,586.690830336,80,71.338496,138.412032,55,0
1.0.0,2026-06-23 19:44:56.392,28.0,4.4,56,0,2040,2317.971456,36.978,19515.932672,1782.751232,586.690813952,80,71.338496,138.412032,55,0
1.0.0,2026-06-23 19:44:57.357,25.2,4.2,57,5,2040,2317.971456,36.752,19525.632,1792.6144,586.690801664,80,71.339008,138.412032,55,0
1.0.0,2026-06-23 19:44:58.400,35.9,4.5,57,3,2040,2317.971456,43.104,19515.71968,1782.751232,586.690494464,80,71.338496,138.412032,56,0
1.0.0,2026-06-23 19:44:59.413,31.0,4.7,57,11,2040,2317.971456,38.324,19524.52608,1792.6144,586.690482176,80,71.339008,138.412032,56,0
1.0.0,2026-06-23 19:45:00.400,36.0,5.7,57,4,2040,2317.971456,42.463,19521.31072,1785.217024,586.690220032,80,71.338496,138.412032,57,0
1.0.0,2026-06-23 19:45:01.408,29.2,5.2,56,1,2040,2317.971456,37.5,19521.9456,1790.148608,586.690203648,80,71.338496,138.412032,57,0
1.0.0,2026-06-23 19:45:02.473,33.6,5.0,57,12,2040,2317.971456,42.345,19516.747776,1782.751232,586.68992512,80,71.338496,138.412032,58,0
1.0.0,2026-06-23 19:45:03.401,31.5,4.6,56,1,2040,2317.971456,38.249,19514.875904,1782.751232,586.689908736,80,71.338496,138.412032,58,0
1.0.0,2026-06-23 19:45:04.391,25.6,5.4,56,1,2040,2317.971456,36.186,19514.621952,1782.747136,586.689847296,80,71.338496,138.412032,58,0
1.0.0,2026-06-23 19:45:05.384,28.3,5.0,56,0,2040,2317.971456,36.25,19514.421248,1782.747136,586.689835008,80,71.338496,138.412032,58,0
1.0.0,2026-06-23 19:45:06.410,30.5,5.0,57,13,2040,2317.971456,41.145,19525.26336,1792.618496,586.689826816,80,71.338496,138.412032,58,0
1.0.0,2026-06-23 19:45:07.408,33.9,5.1,57,11,2040,2317.971456,40.966,19526.582272,1792.622592,586.689552384,80,71.339008,138.412032,59,0
1.0.0,2026-06-23 19:45:08.404,36.1,4.9,57,0,2040,2317.971456,42.04,19518.595072,1782.759424,586.689224704,80,71.338496,138.412032,60,0
1.0.0,2026-06-23 19:45:09.411,27.5,4.7,56,1,2040,2317.971456,36.079,19518.468096,1782.759424,586.68920832,80,71.338496,138.412032,60,0
1.0.0,2026-06-23 19:45:10.382,29.9,5.9,57,10,2040,2317.971456,38.315,19528.241152,1792.618496,586.689196032,80,71.339008,138.412032,60,0
1.0.0,2026-06-23 19:45:11.402,33.1,4.7,56,0,2040,2317.971456,40.399,19517.956096,1782.759424,586.688868352,80,71.338496,138.412032,61,0
1.0.0,2026-06-23 19:45:12.397,30.0,4.1,57,13,2040,2317.971456,39.684,19527.282688,1792.618496,586.68886016,80,71.338496,138.412032,61,0
1.0.0,2026-06-23 19:45:13.411,33.8,5.1,56,0,2040,2317.971456,41.268,19518.68928,1783.99232,586.688610304,80,71.338496,138.412032,62,0
1.0.0,2026-06-23 19:45:14.399,30.8,4.7,57,10,2040,2317.971456,37.945,19528.036352,1792.622592,586.688610304,80,71.339008,138.412032,62,0
1.0.0,2026-06-23 19:45:15.410,32.4,4.9,57,6,2040,2317.971456,43.328,19518.83264,1782.759424,586.68832768,80,71.338496,138.412032,63,0
1.0.0,2026-06-23 19:45:16.411,28.3,4.1,56,1,2040,2317.971456,36.48,19518.492672,1782.759424,586.688315392,80,71.338496,138.412032,63,0
1.0.0,2026-06-23 19:45:17.391,27.7,5.4,56,1,2040,2317.971456,36.086,19518.93504,1782.755328,586.688303104,80,71.338496,138.412032,63,0
1.0.0,2026-06-23 19:45:18.432,25.0,5.6,56,1,2040,2317.971456,36.523,19532.017664,1793.3312,586.68828672,80,71.339008,138.412032,63,0
1.0.0,2026-06-23 19:45:19.412,34.3,5.1,57,12,2040,2317.971456,42.728,19520.12288,1782.76352,586.688012288,80,71.338496,138.412032,64,0
1.0.0,2026-06-23 19:45:20.414,31.6,4.7,57,10,2040,2317.971456,40.18,19529.33888,1792.626688,586.688,80,71.339008,138.412032,64,0
1.0.0,2026-06-23 19:45:21.413,32.4,5.0,57,0,2040,2317.971456,41.556,19518.992384,1782.76352,586.687746048,80,71.338496,138.412032,65,0
1.0.0,2026-06-23 19:45:22.443,25.1,5.0,56,0,2040,2317.971456,36.008,19518.394368,1782.76352,586.68773376,80,71.338496,138.412032,65,0
1.0.0,2026-06-23 19:45:23.419,30.1,6.4,57,12,2040,2317.971456,40.237,19529.183232,1792.622592,586.687717376,80,71.338496,138.412032,65,0
1.0.0,2026-06-23 19:45:24.433,32.6,3.9,56,1,2040,2327.867392,40.776,19518.615552,1782.76352,586.68740608,80,71.339008,138.412032,66,0
1.0.0,2026-06-23 19:45:25.502,31.5,4.8,57,10,2040,2327.867392,40.494,19529.17504,1792.622592,586.687389696,80,71.338496,138.412032,66,0
1.0.0,2026-06-23 19:45:26.428,30.4,4.3,57,1,2040,2317.971456,40.456,19521.998848,1785.229312,586.687131648,80,71.338496,138.412032,67,0
1.0.0,2026-06-23 19:45:27.476,30.1,4.4,57,10,2040,2317.971456,39.196,19529.412608,1792.626688,586.68711936,80,71.339008,138.412032,67,0
1.0.0,2026-06-23 19:45:28.446,30.9,4.8,57,0,2040,2317.971456,41.955,19519.397888,1782.76352,586.686619648,80,71.338496,138.412032,68,0
1.0.0,2026-06-23 19:45:29.454,26.9,4.1,56,1,2040,2317.971456,36.063,19518.435328,1782.759424,586.68660736,80,71.338496,138.412032,68,0
1.0.0,2026-06-23 19:45:30.448,26.7,3.9,56,1,2040,2317.971456,36.07,19516.862464,1782.759424,586.686595072,80,71.338496,138.412032,68,0
1.0.0,2026-06-23 19:45:31.422,27.1,5.0,56,7,2040,2317.971456,36.736,19527.458816,1794.90816,586.686578688,80,71.339008,138.412032,68,0
1.0.0,2026-06-23 19:45:32.420,36.2,4.2,57,12,2040,2317.971456,43.888,19519.537152,1783.816192,586.686312448,80,71.338496,138.412032,69,0
1.0.0,2026-06-23 19:45:33.443,35.2,5.0,57,13,2040,2317.971456,41.262,19530.99776,1793.67936,586.68630016,80,71.338496,138.412032,69,0
1.0.0,2026-06-23 19:45:34.444,30.6,4.8,56,1,2040,2317.971456,39.802,19514.888192,1784.17664,586.686046208,80,71.338496,138.412032,70,0
1.0.0,2026-06-23 19:45:35.444,28.9,5.5,56,0,2040,2317.971456,35.902,19515.47392,1786.646528,586.686025728,80,71.339008,138.412032,70,0
1.0.0,2026-06-23 19:45:36.513,33.0,4.9,57,11,2040,2317.971456,41.101,19511.656448,1794.043904,586.68601344,80,71.338496,138.412032,70,0
1.0.0,2026-06-23 19:45:37.448,30.6,4.6,56,1,2040,2317.971456,39.532,19508.301824,1791.586304,586.685710336,80,71.339008,138.412032,71,0
1.0.0,2026-06-23 19:45:38.467,34.9,4.9,57,9,2040,2317.971456,42.129,19503.218688,1785.421824,586.685435904,80,71.338496,138.412032,72,0
1.0.0,2026-06-23 19:45:39.461,30.2,4.7,57,1,2040,2317.971456,38.994,19501.535232,1786.65472,586.685427712,80,71.338496,138.412032,72,0
1.0.0,2026-06-23 19:45:40.490,32.1,5.6,57,10,2040,2317.971456,40.352,19510.460416,1794.052096,586.685411328,80,71.338496,138.412032,72,0
1.0.0,2026-06-23 19:45:41.491,33.5,4.6,57,1,2040,2317.971456,41.432,19500.662784,1784.188928,586.6851328,80,71.338496,138.412032,73,0
1.0.0,2026-06-23 19:45:42.482,24.3,5.8,56,1,2040,2317.971456,35.961,19500.347392,1784.188928,586.685120512,80,71.338496,138.412032,73,0
1.0.0,2026-06-23 19:45:43.485,29.2,4.6,56,1,2040,2317.971456,36.374,19499.23328,1784.184832,586.685104128,80,71.338496,138.412032,73,0
1.0.0,2026-06-23 19:45:44.475,28.8,6.9,57,10,2040,2317.971456,37.874,19510.55872,1794.048,586.68509184,80,71.339008,138.412032,73,0
1.0.0,2026-06-23 19:45:45.557,36.8,6.7,57,2,2040,2317.971456,43.203,19510.890496,1794.052096,586.68480512,80,71.339008,138.412032,74,0
1.0.0,2026-06-23 19:45:46.491,34.6,3.9,57,9,2040,2317.971456,41.352,19500.838912,1784.188928,586.684551168,80,71.338496,138.412032,75,0
1.0.0,2026-06-23 19:45:47.483,31.0,4.3,56,1,2040,2317.971456,38.345,19501.01504,1784.188928,586.684542976,80,71.338496,138.412032,75,0
1.0.0,2026-06-23 19:45:48.536,28.1,4.9,56,1,2040,2317.971456,36.133,19510.689792,1794.052096,586.684526592,80,71.339008,138.412032,75,0
1.0.0,2026-06-23 19:45:49.493,38.5,5.1,57,12,2040,2317.971456,43.302,19502.493696,1784.188928,586.684203008,80,71.339008,138.412032,76,0
1.0.0,2026-06-23 19:45:50.510,30.5,4.6,57,7,2040,2317.971456,38.039,19513.511936,1794.052096,586.68419072,80,71.339008,138.412032,76,0
1.0.0,2026-06-23 19:45:51.502,36.0,6.0,57,8,2040,2317.971456,43.326,19504.381952,1786.65472,586.683871232,80,71.338496,138.412032,77,0
1.0.0,2026-06-23 19:45:52.494,28.8,4.8,57,5,2040,2317.971456,38.985,19503.833088,1786.65472,586.683858944,80,71.338496,138.412032,77,0
1.0.0,2026-06-23 19:45:53.539,32.6,4.4,57,13,2040,2317.971456,41.435,19510.792192,1794.048,586.683846656,80,71.338496,138.412032,77,0
1.0.0,2026-06-23 19:45:54.517,31.2,4.7,57,1,2040,2317.971456,39.4,19501.785088,1784.188928,586.683564032,80,71.338496,138.412032,78,0
1.0.0,2026-06-23 19:45:55.511,26.2,4.5,56,1,2040,2317.971456,36.076,19502.24384,1784.184832,586.683551744,80,71.338496,138.412032,78,0
1.0.0,2026-06-23 19:45:56.540,26.9,4.0,56,0,2040,2317.971456,36.176,19502.829568,1784.184832,586.68353536,80,71.338496,138.412032,78,0
1.0.0,2026-06-23 19:45:57.525,32.6,5.5,57,12,2040,2317.971456,39.651,19511.259136,1794.048,586.683523072,80,71.338496,138.412032,78,0
1.0.0,2026-06-23 19:45:58.514,34.3,4.8,56,0,2040,2317.971456,41.646,19513.1392,1794.052096,586.683252736,80,71.339008,138.412032,79,0
1.0.0,2026-06-23 19:45:59.526,34.6,4.7,57,12,2040,2317.971456,42.753,19503.681536,1784.188928,586.682986496,80,71.338496,138.412032,80,0
1.0.0,2026-06-23 19:46:00.521,27.9,5.5,56,1,2040,2317.971456,37.087,19504.68096,1784.188928,586.682970112,80,71.338496,138.412032,80,0
1.0.0,2026-06-23 19:46:01.562,27.2,5.4,57,13,2040,2317.971456,36.939,19509.489664,1794.052096,586.682957824,80,71.339008,138.412032,80,0
1.0.0,2026-06-23 19:46:02.515,34.2,3.8,57,7,2040,2317.971456,43.616,19501.002752,1784.188928,586.68263424,80,71.338496,138.412032,81,0
1.0.0,2026-06-23 19:46:03.567,27.6,5.8,57,12,2040,2317.971456,37.965,19509.61664,1794.048,586.682621952,80,71.339008,138.412032,81,0
1.0.0,2026-06-23 19:46:04.509,37.8,4.1,57,8,2040,2317.971456,44.042,19502.727168,1785.421824,586.682359808,80,71.338496,138.412032,82,0
1.0.0,2026-06-23 19:46:05.530,30.0,5.8,57,0,2040,2317.971456,37.714,19510.083584,1794.052096,586.68234752,80,71.339008,138.412032,82,0
1.0.0,2026-06-23 19:46:06.526,35.7,5.6,57,12,2040,2317.971456,42.407,19501.780992,1784.201216,586.682056704,80,71.338496,138.412032,83,0
1.0.0,2026-06-23 19:46:07.525,29.3,5.5,57,1,2040,2317.971456,38.808,19501.133824,1784.201216,586.682044416,80,71.338496,138.412032,83,0
1.0.0,2026-06-23 19:46:08.541,26.4,4.3,56,1,2040,2317.971456,35.976,19501.920256,1784.201216,586.682028032,80,71.338496,138.412032,83,0
1.0.0,2026-06-23 19:46:09.518,28.6,4.9,56,1,2040,2317.971456,36.323,19504.443392,1786.662912,586.682015744,80,71.339008,138.412032,83,0
1.0.0,2026-06-23 19:46:10.598,34.8,5.3,57,9,2040,2317.971456,40.563,19500.52352,1784.201216,586.681737216,80,71.338496,138.412032,84,0
1.0.0,2026-06-23 19:46:11.569,36.9,4.7,57,16,2040,2317.971456,41.013,19509.32992,1794.064384,586.681724928,80,71.339008,138.412032,84,0
1.0.0,2026-06-23 19:46:12.569,36.1,5.9,57,4,2040,2317.971456,43.595,19498.459136,1784.201216,586.681458688,80,71.338496,138.412032,85,0
1.0.0,2026-06-23 19:46:13.575,25.0,5.0,56,1,2040,2317.971456,36.397,19498.786816,1784.201216,586.6814464,80,71.338496,138.412032,85,0
1.0.0,2026-06-23 19:46:14.567,30.0,5.3,57,8,2040,2317.971456,38.525,19511.13216,1794.060288,586.681434112,80,71.338496,138.412032,85,0
1.0.0,2026-06-23 19:46:15.544,33.8,5.2,57,2,2040,2317.971456,42.415,19499.384832,1784.201216,586.681122816,80,71.338496,138.412032,86,0
1.0.0,2026-06-23 19:46:16.612,30.9,4.3,57,7,2040,2317.971456,38.788,19508.277248,1794.060288,586.681110528,80,71.338496,138.412032,86,0
1.0.0,2026-06-23 19:46:17.616,33.2,4.8,57,1,2040,2317.971456,42.06,19500.66688,1785.434112,586.680848384,80,71.338496,138.412032,87,0
1.0.0,2026-06-23 19:46:18.609,26.4,4.6,56,1,2040,2317.971456,37.379,19508.637696,1794.912256,586.680836096,80,71.339008,138.412032,87,0
1.0.0,2026-06-23 19:46:19.571,34.5,4.6,57,13,2040,2317.971456,42.98,19499.347968,1785.757696,586.680549376,80,71.338496,138.412032,88,0
1.0.0,2026-06-23 19:46:20.607,28.0,5.4,56,0,2040,2317.971456,37.163,19462.074368,1784.201216,586.680537088,80,71.338496,138.412032,88,0
1.0.0,2026-06-23 19:46:21.586,25.9,6.3,56,1,2040,2317.971456,35.884,19458.998272,1784.201216,586.680520704,80,71.338496,138.412032,88,0
1.0.0,2026-06-23 19:46:22.595,26.3,5.6,56,1,2040,2317.971456,36.152,19466.866688,1794.060288,586.680492032,80,71.339008,138.412032,88,0
1.0.0,2026-06-23 19:46:23.627,35.5,5.6,57,10,2040,2317.971456,41.55,19453.161472,1785.442304,586.680205312,80,71.339008,138.412032,89,0
1.0.0,2026-06-23 19:46:24.657,30.2,4.3,57,13,2040,2317.971456,39.162,19463.299072,1794.060288,586.680188928,80,71.338496,138.412032,89,0
1.0.0,2026-06-23 19:46:25.621,31.9,4.3,57,1,2040,2317.971456,41.942,19453.169664,1784.201216,586.679934976,80,71.338496,138.412032,90,0
1.0.0,2026-06-23 19:46:26.608,26.6,4.7,56,1,2040,2317.971456,36.263,19453.353984,1784.201216,586.679918592,80,71.338496,138.412032,90,0
1.0.0,2026-06-23 19:46:27.646,29.7,4.8,57,10,2040,2317.971456,39.154,19462.709248,1795.616768,586.679906304,80,71.338496,138.412032,90,0
1.0.0,2026-06-23 19:46:28.689,31.0,5.6,56,1,2040,2317.971456,41.231,19461.390336,1791.598592,586.679578624,80,71.339008,138.412032,91,0
1.0.0,2026-06-23 19:46:29.711,34.6,5.4,57,13,2040,2317.971456,40.458,19452.903424,1785.434112,586.67931648,80,71.338496,138.412032,92,0
1.0.0,2026-06-23 19:46:30.674,32.1,4.4,57,0,2040,2317.971456,41.12,19453.50144,1786.667008,586.679304192,80,71.338496,138.412032,92,0
1.0.0,2026-06-23 19:46:31.704,31.6,6.8,57,10,2040,2317.971456,39.139,19461.46816,1794.064384,586.679287808,80,71.338496,138.412032,92,0
1.0.0,2026-06-23 19:46:32.642,35.7,5.2,57,2,2040,2317.971456,43.327,19453.44,1784.201216,586.679017472,80,71.338496,138.412032,93,0
1.0.0,2026-06-23 19:46:33.667,28.9,5.7,56,1,2040,2317.971456,36.123,19454.54592,1784.201216,586.678996992,80,71.338496,138.412032,93,0
1.0.0,2026-06-23 19:46:34.678,27.0,4.4,56,1,2040,2317.971456,36.064,19455.463424,1785.147392,586.678984704,80,71.338496,138.412032,93,0
1.0.0,2026-06-23 19:46:35.696,31.1,4.9,56,4,2040,2317.971456,36.076,19466.555392,1795.014656,586.67896832,80,71.339008,138.412032,93,0
1.0.0,2026-06-23 19:46:36.662,37.1,5.2,57,8,2040,2317.971456,43.107,19456.745472,1785.155584,586.678693888,80,71.338496,138.412032,94,0
1.0.0,2026-06-23 19:46:37.656,29.4,4.9,57,9,2040,2317.971456,40.47,19457.216512,1785.155584,586.678431744,80,71.339008,138.412032,95,0
1.0.0,2026-06-23 19:46:38.681,29.9,4.2,56,0,2040,2323.738624,39.752,19458.637824,1785.155584,586.67841536,80,71.339008,138.412032,95,0
1.0.0,2026-06-23 19:46:39.656,26.6,4.1,56,1,2040,2323.738624,35.563,19469.012992,1795.018752,586.678403072,80,71.339008,138.412032,95,0
1.0.0,2026-06-23 19:46:40.645,35.8,5.7,57,13,2040,2323.738624,40.249,19467.067392,1795.014656,586.678390784,80,71.338496,138.412032,95,0
1.0.0,2026-06-23 19:46:41.633,30.4,4.3,56,1,2040,2319.020032,40.683,19467.96032,1795.018752,586.678075392,80,71.339008,138.412032,96,0
1.0.0,2026-06-23 19:46:42.700,38.3,5.5,57,13,2040,2319.020032,41.864,19459.006464,1786.38848,586.677813248,80,71.338496,138.412032,97,0
1.0.0,2026-06-23 19:46:43.666,28.4,3.5,57,1,2040,2319.020032,40.125,19458.117632,1786.38848,586.67780096,80,71.338496,138.412032,97,0
1.0.0,2026-06-23 19:46:44.658,30.9,5.4,57,9,2040,2319.020032,38.993,19467.911168,1795.018752,586.677784576,80,71.338496,138.412032,97,0
1.0.0,2026-06-23 19:46:45.636,30.8,4.3,57,1,2040,2319.020032,41.462,19456.843776,1785.155584,586.677506048,80,71.338496,138.412032,98,0
1.0.0,2026-06-23 19:46:46.644,27.0,3.9,56,1,2040,2319.020032,36.323,19455.393792,1785.151488,586.677489664,80,71.338496,138.412032,98,0
1.0.0,2026-06-23 19:46:47.653,26.9,3.9,56,1,2040,2319.020032,36.461,19455.520768,1785.151488,586.67747328,80,71.338496,138.412032,98,0
1.0.0,2026-06-23 19:46:48.725,28.8,5.4,57,13,2040,2319.020032,37.406,19464.84736,1795.014656,586.677460992,80,71.338496,138.412032,98,0
1.0.0,2026-06-23 19:46:49.674,37.6,4.1,57,12,2040,2328.915968,43.551,19464.032256,1795.018752,586.677182464,80,71.339008,138.412032,99,0
1.0.0,2026-06-23 19:46:50.666,34.0,5.3,57,11,2040,2328.784896,42.505,19456.278528,1785.15968,586.676928512,80,71.338496,138.412032,100,0
1.0.0,2026-06-23 19:46:51.653,28.1,3.7,56,1,2040,2317.971456,38.396,19456.618496,1785.155584,586.676916224,80,71.338496,138.412032,100,0
1.0.0,2026-06-23 19:46:52.672,28.7,4.7,56,0,2040,2317.971456,36.395,19466.604544,1795.018752,586.67689984,80,71.339008,138.412032,100,0
1.0.0,2026-06-23 19:46:53.654,37.4,4.9,57,11,2040,2317.971456,43.146,19454.701568,1785.155584,586.676588544,80,71.339008,138.412032,101,0
1.0.0,2026-06-23 19:46:54.665,28.7,5.2,56,8,2040,2317.971456,38.032,19465.117696,1795.018752,586.676576256,80,71.339008,138.412032,101,0
1.0.0,2026-06-23 19:46:55.662,35.6,4.8,57,8,2040,2317.971456,43.206,19457.589248,1787.621376,586.676256768,80,71.338496,138.412032,102,0
1.0.0,2026-06-23 19:46:56.654,28.0,4.0,57,1,2040,2317.971456,38.054,19460.34176,1791.320064,586.676240384,80,71.339008,138.412032,102,0
1.0.0,2026-06-23 19:46:57.664,32.4,4.8,57,10,2040,2317.971456,40.702,19464.966144,1795.014656,586.676232192,80,71.338496,138.412032,102,0
1.0.0,2026-06-23 19:46:58.662,32.8,3.8,57,1,2040,2317.971456,41.673,19455.20128,1785.155584,586.675941376,80,71.338496,138.412032,103,0
1.0.0,2026-06-23 19:46:59.682,24.6,4.0,56,1,2040,2317.971456,36.084,19452.633088,1785.155584,586.675929088,80,71.338496,138.412032,103,0
1.0.0,2026-06-23 19:47:00.671,26.1,5.9,56,0,2040,2317.971456,36.198,19454.640128,1785.151488,586.675912704,80,71.338496,138.412032,103,0
1.0.0,2026-06-23 19:47:01.730,31.4,5.4,57,12,2040,2317.971456,39.386,19464.17152,1795.014656,586.675900416,80,71.338496,138.412032,103,0
1.0.0,2026-06-23 19:47:02.689,33.6,4.2,57,1,2040,2317.971456,40.729,19466.092544,1795.018752,586.675617792,80,71.339008,138.412032,104,0
1.0.0,2026-06-23 19:47:03.661,37.1,5.8,57,7,2040,2317.971456,42.23,19457.671168,1785.155584,586.675310592,80,71.338496,138.412032,105,0
1.0.0,2026-06-23 19:47:04.650,29.4,4.2,56,0,2040,2317.971456,37.425,19456.913408,1785.155584,586.675294208,80,71.338496,138.412032,105,0
1.0.0,2026-06-23 19:47:05.676,25.7,6.3,56,6,2040,2317.971456,36.773,19466.706944,1795.018752,586.67528192,80,71.339008,138.412032,105,0
1.0.0,2026-06-23 19:47:06.654,40.1,4.6,57,9,2040,2317.971456,43.617,19456.212992,1785.15968,586.674966528,80,71.339008,138.412032,106,0
1.0.0,2026-06-23 19:47:07.645,31.6,4.8,57,12,2040,2317.971456,39.067,19467.251712,1795.018752,586.67495424,80,71.339008,138.412032,106,0
1.0.0,2026-06-23 19:47:08.667,35.4,5.3,57,6,2040,2317.971456,42.959,19458.256896,1786.392576,586.674688,80,71.338496,138.412032,107,0
1.0.0,2026-06-23 19:47:09.672,28.7,4.3,57,1,2040,2317.971456,37.682,19465.437184,1795.022848,586.674675712,80,71.339008,138.412032,107,0
1.0.0,2026-06-23 19:47:10.637,38.2,4.7,57,11,2040,2317.971456,42.51,19455.188992,1785.15968,586.674397184,80,71.338496,138.412032,108,0
1.0.0,2026-06-23 19:47:11.629,28.7,3.5,57,1,2040,2317.971456,38.417,19455.025152,1785.15968,586.6743808,80,71.338496,138.412032,108,0
1.0.0,2026-06-23 19:47:12.666,27.0,4.2,56,1,2040,2317.971456,35.98,19454.42304,1785.15968,586.674368512,80,71.338496,138.412032,108,0
1.0.0,2026-06-23 19:47:13.635,25.8,4.1,56,0,2040,2317.971456,36.278,19456.794624,1787.621376,586.674352128,80,71.339008,138.412032,108,0
1.0.0,2026-06-23 19:47:14.691,32.9,4.2,57,8,2040,2317.971456,40.211,19454.849024,1785.15968,586.674069504,80,71.338496,138.412032,109,0
1.0.0,2026-06-23 19:47:15.666,28.7,5.2,57,7,2040,2317.971456,39.713,19463.92576,1795.022848,586.674057216,80,71.339008,138.412032,109,0
1.0.0,2026-06-23 19:47:16.643,33.8,4.2,57,2,2040,2317.971456,42.887,19454.070784,1785.331712,586.673795072,80,71.338496,138.412032,110,0
1.0.0,2026-06-23 19:47:17.654,27.1,4.5,56,1,2040,2317.971456,35.96,19454.308352,1785.331712,586.673778688,80,71.338496,138.412032,110,0
1.0.0,2026-06-23 19:47:18.717,27.6,5.5,57,7,2040,2317.971456,38.051,19462.90176,1795.190784,586.6737664,80,71.338496,138.412032,110,0
1.0.0,2026-06-23 19:47:19.650,32.3,4.1,57,1,2040,2317.971456,40.584,19453.923328,1786.564608,586.673451008,80,71.338496,138.412032,111,0
1.0.0,2026-06-23 19:47:20.703,29.9,4.6,57,13,2040,2317.971456,39.299,19460.431872,1795.190784,586.67343872,80,71.338496,138.412032,111,0
1.0.0,2026-06-23 19:47:21.688,39.2,6.9,57,2,2040,2317.971456,42.122,19470.06976,1786.564608,586.673119232,80,71.338496,138.412032,112,0
1.0.0,2026-06-23 19:47:22.738,44.4,10.9,56,2,2040,2317.971456,37.362,19539.984384,1795.19488,586.672406528,80,71.339008,138.412032,112,0
1.0.0,2026-06-23 19:47:23.724,51.6,7.3,57,4,2040,2317.971456,43.164,19608.30976,1786.564608,586.672779264,80,71.338496,138.412032,113,0
1.0.0,2026-06-23 19:47:24.704,56.7,8.7,57,1,2040,2317.971456,36.639,19655.74144,1786.564608,586.672758784,80,71.338496,138.412032,113,0
1.0.0,2026-06-23 19:47:25.697,55.7,8.2,57,1,2040,2317.971456,36.119,19676.491776,1786.564608,586.672746496,80,71.338496,138.412032,113,0
1.0.0,2026-06-23 19:47:26.673,41.6,5.8,57,1,2040,2317.971456,36.336,19692.560384,1795.19488,586.672730112,80,71.339008,138.412032,113,0
1.0.0,2026-06-23 19:47:27.665,39.4,6.2,57,12,2040,2317.971456,41.956,19695.087616,1785.335808,586.672451584,80,71.338496,138.412032,114,0
1.0.0,2026-06-23 19:47:28.671,38.4,7.8,57,8,2040,2317.971456,41.115,19715.121152,1796.36224,586.672439296,80,71.338496,138.412032,114,0
1.0.0,2026-06-23 19:47:29.695,36.6,5.4,57,1,2040,2317.971456,42.04,19705.409536,1786.011648,586.672173056,80,71.338496,138.412032,115,0
1.0.0,2026-06-23 19:47:30.692,29.0,6.9,57,1,2040,2317.971456,36.156,19708.239872,1785.335808,586.672160768,80,71.338496,138.412032,115,0
1.0.0,2026-06-23 19:47:31.754,31.2,6.9,57,4,2040,2317.971456,42.289,19710.005248,1785.335808,586.671853568,80,71.339008,138.412032,116,0
1.0.0,2026-06-23 19:47:32.737,36.0,7.4,57,0,2040,2317.971456,40.04,19709.00992,1792.733184,586.671837184,80,71.339008,138.412032,116,0
1.0.0,2026-06-23 19:47:33.758,37.1,7.2,58,8,2040,2317.971456,43.645,19714.420736,1786.568704,586.67157504,80,71.338496,138.412032,117,0
1.0.0,2026-06-23 19:47:34.686,34.8,6.1,57,1,2040,2317.971456,40.834,19717.578752,1788.166144,586.671517696,80,71.338496,138.412032,117,0
1.0.0,2026-06-23 19:47:35.689,35.1,6.3,57,8,2040,2317.971456,38.486,19727.384576,1795.575808,586.671505408,80,71.339008,138.412032,117,0
1.0.0,2026-06-23 19:47:36.698,34.7,8.4,57,2,2040,2317.971456,42.849,19707.301888,1785.71264,586.671218688,80,71.338496,138.412032,118,0
1.0.0,2026-06-23 19:47:37.710,30.3,6.4,57,1,2040,2317.971456,36.17,19712.851968,1785.708544,586.6712064,80,71.338496,138.412032,118,0
1.0.0,2026-06-23 19:47:38.684,30.3,7.7,57,1,2040,2317.971456,36.779,19713.015808,1785.71264,586.67040768,80,71.338496,138.412032,118,0
1.0.0,2026-06-23 19:47:39.689,29.7,5.9,57,0,2040,2317.971456,36.485,19731.226624,1795.575808,586.670395392,80,71.339008,138.412032,118,0
1.0.0,2026-06-23 19:47:40.698,40.9,7.5,57,8,2040,2317.971456,43.087,19726.401536,1786.69568,586.66958848,80,71.338496,138.412032,119,0
1.0.0,2026-06-23 19:47:41.706,35.4,7.4,58,7,2040,2317.971456,40.28,19733.848064,1795.575808,586.669576192,80,71.338496,138.412032,119,0
1.0.0,2026-06-23 19:47:42.720,30.3,6.4,57,1,2040,2317.971456,40.359,19728.146432,1785.716736,586.669318144,80,71.338496,138.412032,120,0
1.0.0,2026-06-23 19:47:43.722,28.5,8.0,57,1,2040,2317.971456,36.136,19752.189952,1795.584,586.66930176,80,71.339008,138.412032,120,0
1.0.0,2026-06-23 19:47:44.744,38.0,7.3,57,8,2040,2317.971456,40.219,19751.05536,1785.720832,586.668998656,80,71.338496,138.412032,121,0
1.0.0,2026-06-23 19:47:45.713,33.4,6.8,57,0,2040,2317.971456,39.843,19760.549888,1795.584,586.668986368,80,71.339008,138.412032,121,0
1.0.0,2026-06-23 19:47:46.740,35.9,10.0,58,13,2040,2317.971456,41.8,19758.260224,1786.953728,586.66858496,80,71.338496,138.412032,122,0
1.0.0,2026-06-23 19:47:47.736,35.2,6.9,57,1,2040,2317.971456,40.077,19763.290112,1788.186624,586.667327488,80,71.338496,138.412032,122,0
1.0.0,2026-06-23 19:47:48.767,35.4,6.9,58,11,2040,2317.971456,43.025,19782.336512,1795.584,586.6673152,80,71.338496,138.412032,122,0
1.0.0,2026-06-23 19:47:49.766,36.2,8.0,57,0,2040,2317.971456,38.386,19778.494464,1785.720832,586.667032576,80,71.338496,138.412032,123,0
1.0.0,2026-06-23 19:47:50.771,28.7,6.5,57,0,2040,2317.971456,36.211,19789.258752,1785.720832,586.667016192,80,71.338496,138.412032,123,0
1.0.0,2026-06-23 19:47:51.771,30.4,6.7,57,1,2040,2317.971456,36.328,19790.307328,1785.716736,586.667003904,80,71.338496,138.412032,123,0
1.0.0,2026-06-23 19:47:52.779,32.4,6.9,58,7,2040,2317.971456,40.786,19829.469184,1795.579904,586.666991616,80,71.338496,138.412032,123,0
1.0.0,2026-06-23 19:47:53.786,37.9,8.1,57,12,2040,2317.971456,40.899,19829.47328,1795.584,586.666704896,80,71.339008,138.412032,124,0
1.0.0,2026-06-23 19:47:54.833,37.4,5.2,58,13,2040,2317.971456,44.286,19831.873536,1786.53184,586.666442752,80,71.338496,138.412032,125,0
1.0.0,2026-06-23 19:47:55.778,35.2,5.4,57,1,2040,2317.971456,37.327,19841.908736,1785.720832,586.666426368,80,71.338496,138.412032,125,0
1.0.0,2026-06-23 19:47:56.764,33.8,6.7,58,14,2040,2317.971456,39.06,19860.881408,1795.588096,586.66641408,80,71.339008,138.412032,125,0
1.0.0,2026-06-23 19:47:57.795,39.6,6.9,57,1,2040,2317.971456,42.194,19858.731008,1785.749504,586.666098688,80,71.339008,138.412032,126,0
1.0.0,2026-06-23 19:47:58.827,33.1,6.2,58,10,2040,2317.971456,39.425,19868.286976,1793.531904,586.666090496,80,71.339008,138.412032,126,0
1.0.0,2026-06-23 19:47:59.783,38.7,7.6,57,3,2040,2317.971456,42.515,19876.163584,1786.9824,586.665824256,80,71.338496,138.412032,127,0
1.0.0,2026-06-23 19:48:00.799,31.6,9.6,58,10,2040,2317.971456,38.357,19928.182784,1794.379776,586.66594304,80,71.339008,138.412032,127,0
1.0.0,2026-06-23 19:48:01.812,42.6,11.2,58,10,2040,2317.971456,44.147,19894.304768,1785.7536,586.66551296,80,71.338496,138.412032,128,0
1.0.0,2026-06-23 19:48:02.788,36.3,7.1,57,2,2040,2317.971456,37.182,19892.736,1785.749504,586.665365504,80,71.338496,138.412032,128,0
1.0.0,2026-06-23 19:48:03.774,28.7,6.2,57,1,2040,2317.971456,36.187,19927.908352,1785.749504,586.665353216,80,71.338496,138.412032,128,0
1.0.0,2026-06-23 19:48:04.772,31.7,7.3,57,1,2040,2317.971456,36.228,19931.62752,1785.745408,586.665340928,80,71.338496,138.412032,128,0
1.0.0,2026-06-23 19:48:05.806,38.8,8.3,58,7,2040,2317.971456,42.689,19945.271296,1797.029888,586.66532864,80,71.338496,138.412032,128,0
1.0.0,2026-06-23 19:48:06.784,36.5,7.6,58,11,2040,2317.971456,40.934,19944.579072,1795.674112,586.665070592,80,71.339008,138.412032,129,0
1.0.0,2026-06-23 19:48:07.792,40.6,6.8,57,0,2040,2317.971456,42.235,19940.51584,1785.810944,586.664812544,80,71.338496,138.412032,130,0
1.0.0,2026-06-23 19:48:08.795,32.6,8.4,57,0,2040,2317.971456,36.274,19943.415808,1787.367424,586.664800256,80,71.338496,138.412032,130,0
1.0.0,2026-06-23 19:48:09.796,30.8,8.1,58,4,2040,2317.971456,39.121,19960.573952,1795.674112,586.66477568,80,71.339008,138.412032,130,0
1.0.0,2026-06-23 19:48:10.801,31.3,6.1,57,1,2040,2317.971456,38.679,19973.48864,1787.04384,586.664476672,80,71.338496,138.412032,131,0
1.0.0,2026-06-23 19:48:11.793,33.1,9.3,58,7,2040,2317.971456,40.857,19997.728768,1798.3488,586.664460288,80,71.339008,138.412032,131,0
1.0.0,2026-06-23 19:48:12.788,31.4,7.8,57,1,2040,2317.971456,39.877,20000.731136,1788.276736,586.664194048,80,71.338496,138.412032,132,0
1.0.0,2026-06-23 19:48:13.831,27.7,7.2,58,12,2040,2317.971456,39.547,20020.129792,1795.674112,586.66418176,80,71.339008,138.412032,132,0
1.0.0,2026-06-23 19:48:14.781,36.3,9.6,57,3,2040,2317.971456,43.074,20025.360384,1785.81504,586.66389504,80,71.338496,138.412032,133,0
1.0.0,2026-06-23 19:48:15.788,31.0,8.1,57,1,2040,2317.971456,36.183,20035.74784,1787.047936,586.663882752,80,71.338496,138.412032,133,0
1.0.0,2026-06-23 19:48:16.773,26.9,8.1,57,1,2040,2317.971456,36.589,20050.86208,1785.81504,586.663870464,80,71.338496,138.412032,133,0
1.0.0,2026-06-23 19:48:17.785,27.3,7.3,58,7,2040,2317.971456,36.894,19744.0512,1795.674112,586.671648768,80,71.339008,138.412032,133,0
1.0.0,2026-06-23 19:48:18.858,36.2,4.8,58,12,2040,2317.971456,43.933,19734.949888,1785.81504,586.679492608,80,71.338496,138.412032,134,0
1.0.0,2026-06-23 19:48:19.781,38.7,6.1,58,10,2040,2317.971456,41.665,19744.137216,1795.690496,586.672336896,80,71.339008,138.412032,134,0
1.0.0,2026-06-23 19:48:20.809,35.2,4.5,57,1,2040,2317.971456,40.475,19734.618112,1785.847808,586.672062464,80,71.338496,138.412032,135,0
1.0.0,2026-06-23 19:48:21.804,27.3,4.6,57,1,2040,2317.971456,36.327,19734.032384,1785.847808,586.670997504,80,71.338496,138.412032,135,0
1.0.0,2026-06-23 19:48:22.779,31.7,4.6,58,11,2040,2317.971456,41.428,19743.342592,1795.710976,586.669674496,80,71.338496,138.412032,135,0
1.0.0,2026-06-23 19:48:23.781,35.0,4.1,57,1,2040,2317.971456,40.111,19729.072128,1785.851904,586.668138496,80,71.338496,138.412032,136,0
1.0.0,2026-06-23 19:48:24.800,32.9,5.5,58,8,2040,2317.971456,41.889,19729.6128,1797.074944,586.667077632,80,71.338496,138.412032,136,0
1.0.0,2026-06-23 19:48:25.813,32.4,5.2,57,0,2040,2317.971456,39.176,19718.119424,1789.321216,586.66575872,80,71.338496,138.412032,137,0
1.0.0,2026-06-23 19:48:26.784,29.8,4.3,58,10,2040,2317.971456,40.155,19725.533184,1796.763648,586.66469376,80,71.339008,138.412032,137,0
1.0.0,2026-06-23 19:48:27.784,36.2,5.8,57,1,2040,2317.971456,41.786,19715.186688,1786.90048,586.663370752,80,71.338496,138.412032,138,0
1.0.0,2026-06-23 19:48:28.789,28.5,3.8,57,0,2040,2317.971456,36.397,19714.686976,1786.912768,586.662309888,80,71.338496,138.412032,138,0
1.0.0,2026-06-23 19:48:29.789,24.7,3.8,57,1,2040,2317.971456,36.327,19713.26976,1786.912768,586.661244928,80,71.338496,138.412032,138,0
1.0.0,2026-06-23 19:48:30.796,29.7,4.7,58,11,2040,2317.971456,38.125,19724.599296,1797.77536,586.660184064,80,71.339008,138.412032,138,0
1.0.0,2026-06-23 19:48:31.787,34.7,4.9,57,0,2040,2317.971456,42.175,19713.294336,1786.912768,586.65885696,80,71.338496,138.412032,139,0
1.0.0,2026-06-23 19:48:32.856,33.9,4.8,58,12,2040,2317.971456,41.399,19724.730368,1796.775936,586.657796096,80,71.338496,138.412032,139,0
1.0.0,2026-06-23 19:48:33.796,29.8,3.4,57,0,2040,2317.971456,38.796,19715.15392,1788.461056,586.656493568,80,71.338496,138.412032,140,0
1.0.0,2026-06-23 19:48:34.830,27.3,4.1,57,1,2040,2317.971456,36.487,19714.854912,1787.293696,586.655428608,80,71.338496,138.412032,140,0
1.0.0,2026-06-23 19:48:35.821,33.7,5.0,58,8,2040,2317.971456,42.544,19711.275008,1797.152768,586.654367744,80,71.338496,138.412032,140,0
1.0.0,2026-06-23 19:48:36.819,30.2,5.3,57,1,2040,2317.971456,38.743,19710.570496,1795.653632,586.653007872,80,71.339008,138.412032,141,0
1.0.0,2026-06-23 19:48:37.820,37.1,4.6,58,10,2040,2317.971456,43.494,19704.487936,1788.297216,586.651693056,80,71.338496,138.412032,142,0
1.0.0,2026-06-23 19:48:38.828,30.0,4.6,57,7,2040,2317.971456,38.483,19706.363904,1790.763008,586.650632192,80,71.338496,138.412032,142,0
1.0.0,2026-06-23 19:48:39.839,34.2,5.0,58,14,2040,2317.971456,41.378,19715.887104,1798.168576,586.649571328,80,71.338496,138.412032,142,0
1.0.0,2026-06-23 19:48:40.831,32.5,4.5,57,1,2040,2317.971456,40.001,19706.96192,1788.305408,586.64822784,80,71.339008,138.412032,143,0
1.0.0,2026-06-23 19:48:41.835,28.3,4.8,57,1,2040,2317.971456,36.423,19706.703872,1788.305408,586.648215552,80,71.339008,138.412032,143,0
1.0.0,2026-06-23 19:48:42.865,28.4,4.8,57,2,2040,2317.971456,36.383,19707.281408,1788.301312,586.647150592,80,71.339008,138.412032,143,0
1.0.0,2026-06-23 19:48:43.911,30.8,4.4,58,13,2040,2317.971456,39.325,19719.24992,1798.16448,586.646089728,80,71.339008,138.412032,143,0
1.0.0,2026-06-23 19:48:44.868,35.1,4.7,57,1,2040,2317.971456,41.279,19713.171456,1793.236992,586.644758528,80,71.339008,138.412032,144,0
1.0.0,2026-06-23 19:48:45.903,34.2,4.3,58,12,2040,2317.971456,42.661,19707.98592,1788.305408,586.643456,80,71.338496,138.412032,145,0
1.0.0,2026-06-23 19:48:46.864,29.8,3.7,57,1,2040,2317.971456,37.716,19705.655296,1788.305408,586.642395136,80,71.338496,138.412032,145,0
1.0.0,2026-06-23 19:48:47.869,26.4,5.2,57,9,2040,2317.971456,36.928,19717.398528,1798.168576,586.641334272,80,71.339008,138.412032,145,0
1.0.0,2026-06-23 19:48:48.848,33.7,4.9,57,3,2040,2317.971456,42.979,19707.383808,1788.305408,586.63993344,80,71.338496,138.412032,146,0
1.0.0,2026-06-23 19:48:49.889,30.1,4.6,58,7,2040,2317.971456,37.632,19716.825088,1798.168576,586.638872576,80,71.339008,138.412032,146,0
1.0.0,2026-06-23 19:48:50.846,36.6,5.8,57,5,2040,2317.971456,43.363,19712.401408,1789.538304,586.63755776,80,71.338496,138.412032,147,0
1.0.0,2026-06-23 19:48:51.841,29.8,4.6,57,4,2040,2317.971456,38.581,19710.967808,1790.7712,586.636496896,80,71.338496,138.412032,147,0
1.0.0,2026-06-23 19:48:52.851,34.7,5.2,58,13,2040,2317.971456,42.478,19718.2464,1798.168576,586.635431936,80,71.338496,138.412032,147,0
1.0.0,2026-06-23 19:48:53.848,33.7,4.3,57,1,2040,2317.971456,39.371,19708.895232,1788.305408,586.634113024,80,71.338496,138.412032,148,0
1.0.0,2026-06-23 19:48:54.855,28.0,4.1,57,1,2040,2317.971456,36.419,19709.067264,1788.305408,586.63409664,80,71.338496,138.412032,148,0
1.0.0,2026-06-23 19:48:55.849,26.9,3.7,57,1,2040,2317.971456,36.421,19709.014016,1788.301312,586.633035776,80,71.338496,138.412032,148,0
1.0.0,2026-06-23 19:48:56.897,28.9,4.5,58,8,2040,2317.971456,40.342,19719.294976,1798.16448,586.631974912,80,71.338496,138.412032,148,0
1.0.0,2026-06-23 19:48:57.903,32.2,3.4,58,7,2040,2317.971456,40.686,19719.602176,1798.148096,586.630647808,80,71.339008,138.412032,149,0
1.0.0,2026-06-23 19:48:58.865,39.0,3.9,57,2,2040,2317.971456,43.184,19710.631936,1788.284928,586.629337088,80,71.338496,138.412032,150,0
1.0.0,2026-06-23 19:48:59.860,27.5,4.0,57,1,2040,2317.971456,36.475,19707.6992,1788.284928,586.629320704,80,71.338496,138.412032,150,0
1.0.0,2026-06-23 19:49:00.849,29.7,5.5,57,13,2040,2317.971456,38.068,19723.104256,1798.148096,586.62825984,80,71.339008,138.412032,150,0
1.0.0,2026-06-23 19:49:01.851,33.4,5.3,57,1,2040,2317.971456,42.775,19711.479808,1788.284928,586.625835008,80,71.338496,138.412032,151,0
1.0.0,2026-06-23 19:49:02.874,31.2,5.6,58,12,2040,2317.971456,39.079,19722.702848,1798.148096,586.624770048,80,71.339008,138.412032,151,0
1.0.0,2026-06-23 19:49:03.852,38.0,5.2,57,1,2040,2317.971456,42.849,19716.66944,1790.75072,586.623455232,80,71.338496,138.412032,152,0
1.0.0,2026-06-23 19:49:04.933,32.5,4.2,57,1,2040,2317.971456,38.567,19722.059776,1795.682304,586.622394368,80,71.339008,138.412032,152,0
1.0.0,2026-06-23 19:49:05.939,36.6,4.1,58,11,2040,2317.971456,43.17,19715.772416,1788.284928,586.621116416,80,71.338496,138.412032,153,0
1.0.0,2026-06-23 19:49:06.863,28.5,5.3,57,1,2040,2317.971456,37.958,19714.58048,1788.284928,586.621104128,80,71.338496,138.412032,153,0
1.0.0,2026-06-23 19:49:07.872,27.3,5.2,57,0,2040,2317.971456,36.469,19714.932736,1788.284928,586.620043264,80,71.338496,138.412032,153,0
1.0.0,2026-06-23 19:49:08.860,23.3,4.3,57,1,2040,2317.971456,36.316,19714.760704,1788.280832,586.618978304,80,71.338496,138.412032,153,0
1.0.0,2026-06-23 19:49:09.886,34.1,4.4,58,12,2040,2317.971456,41.981,19723.575296,1798.144,586.61791744,80,71.338496,138.412032,153,0
1.0.0,2026-06-23 19:49:10.901,30.3,3.7,58,10,2040,2317.971456,39.881,19724.664832,1798.148096,586.616590336,80,71.339008,138.412032,154,0
1.0.0,2026-06-23 19:49:11.843,34.2,5.3,57,1,2040,2317.971456,42.468,19717.005312,1788.284928,586.615287808,80,71.338496,138.412032,155,0
1.0.0,2026-06-23 19:49:12.873,27.4,3.7,57,1,2040,2317.971456,36.271,19714.904064,1788.284928,586.61527552,80,71.338496,138.412032,155,0
1.0.0,2026-06-23 19:49:13.897,31.6,4.0,57,8,2040,2317.971456,38.937,19724.894208,1798.144,586.613161984,80,71.339008,138.412032,155,0
1.0.0,2026-06-23 19:49:14.861,34.4,3.8,57,1,2040,2317.971456,41.594,19716.366336,1788.284928,586.612850688,80,71.339008,138.412032,156,0
1.0.0,2026-06-23 19:49:15.856,32.1,4.7,58,8,2040,2317.971456,39.866,19726.778368,1798.144,586.611789824,80,71.338496,138.412032,156,0
1.0.0,2026-06-23 19:49:16.893,35.4,3.6,57,1,2040,2317.971456,41.808,19719.737344,1790.75072,586.610466816,80,71.338496,138.412032,157,0
1.0.0,2026-06-23 19:49:17.931,31.0,4.8,57,10,2040,2317.971456,38.897,19727.253504,1798.148096,586.609401856,80,71.339008,138.412032,157,0
1.0.0,2026-06-23 19:49:18.875,35.7,3.8,58,13,2040,2317.971456,44.157,19718.283264,1789.734912,586.608070656,80,71.338496,138.412032,158,0
1.0.0,2026-06-23 19:49:19.868,30.5,5.6,57,1,2040,2317.971456,37.059,19717.24288,1788.284928,586.600501248,80,71.338496,138.412032,158,0
1.0.0,2026-06-23 19:49:20.860,30.3,7.4,57,1,2040,2317.971456,36.654,19730.96448,1788.284928,586.600484864,80,71.338496,138.412032,158,0
1.0.0,2026-06-23 19:49:21.919,27.3,7.1,57,1,2040,2317.971456,36.936,19747.852288,1798.144,586.600472576,80,71.339008,138.412032,158,0
1.0.0,2026-06-23 19:49:22.941,42.9,7.1,58,12,2040,2317.971456,43.237,19738.058752,1788.284928,586.600185856,80,71.339008,138.412032,159,0
1.0.0,2026-06-23 19:49:23.877,34.8,6.8,58,12,2040,2317.971456,41.802,19750.07232,1798.148096,586.600124416,80,71.339008,138.412032,159,0
1.0.0,2026-06-23 19:49:24.893,37.7,5.2,57,1,2040,2317.971456,41.253,19727.343616,1789.517824,586.67134976,80,71.338496,138.412032,160,0
1.0.0,2026-06-23 19:49:25.898,28.2,3.9,57,1,2040,2317.971456,36.329,19725.410304,1788.284928,586.671312896,80,71.338496,138.412032,160,0
1.0.0,2026-06-23 19:49:26.905,33.1,5.0,58,12,2040,2317.971456,40.35,19733.204992,1798.144,586.671300608,80,71.338496,138.412032,160,0
1.0.0,2026-06-23 19:49:27.911,34.4,4.1,57,0,2040,2317.971456,39.254,19706.535936,1788.284928,586.670985216,80,71.338496,138.412032,161,0
1.0.0,2026-06-23 19:49:28.923,32.9,4.8,58,8,2040,2317.971456,41.268,19714.793472,1798.144,586.670972928,80,71.338496,138.412032,161,0
1.0.0,2026-06-23 19:49:29.919,28.6,4.3,57,2,2040,2317.971456,39.275,19704.369152,1790.75072,586.670727168,80,71.338496,138.412032,162,0
1.0.0,2026-06-23 19:49:30.972,34.9,4.8,58,11,2040,2317.971456,40.475,19707.2896,1798.148096,586.670710784,80,71.339008,138.412032,162,0
1.0.0,2026-06-23 19:49:31.949,33.5,5.4,57,1,2040,2317.971456,42.029,19697.467392,1788.284928,586.670436352,80,71.339008,138.412032,163,0
1.0.0,2026-06-23 19:49:32.957,28.8,3.7,57,1,2040,2317.971456,36.313,19697.688576,1788.284928,586.670419968,80,71.339008,138.412032,163,0
1.0.0,2026-06-23 19:49:33.942,26.4,4.1,57,1,2040,2317.971456,36.067,19698.491392,1788.280832,586.670403584,80,71.339008,138.412032,163,0
1.0.0,2026-06-23 19:49:34.953,26.5,4.9,57,1,2040,2317.971456,36.713,19710.255104,1798.823936,586.670391296,80,71.339008,138.412032,163,0
1.0.0,2026-06-23 19:49:35.954,34.1,4.8,58,13,2040,2317.971456,43.398,19702.755328,1788.964864,586.670112768,80,71.338496,138.412032,164,0
1.0.0,2026-06-23 19:49:36.957,35.3,4.6,58,12,2040,2317.971456,42.386,19713.748992,1798.828032,586.67010048,80,71.338496,138.412032,164,0
1.0.0,2026-06-23 19:49:37.968,31.9,4.1,57,1,2040,2317.971456,39.185,19704.881152,1788.964864,586.66983424,80,71.338496,138.412032,165,0
1.0.0,2026-06-23 19:49:39.006,29.6,5.1,57,1,2040,2317.971456,36.438,19711.799296,1796.399104,586.669817856,80,71.339008,138.412032,165,0
1.0.0,2026-06-23 19:49:39.942,37.1,5.5,58,7,2040,2317.971456,41.82,19704.410112,1790.19776,586.67159552,80,71.338496,138.412032,166,0
1.0.0,2026-06-23 19:49:41.011,29.5,4.9,57,1,2040,2317.971456,37.6,19712.692224,1798.828032,586.671583232,80,71.339008,138.412032,166,0
1.0.0,2026-06-23 19:49:41.992,33.4,5.1,58,12,2040,2317.971456,42.941,19705.032704,1790.19776,586.671316992,80,71.338496,138.412032,167,0
1.0.0,2026-06-23 19:49:42.974,31.3,3.8,57,7,2040,2317.971456,39.469,19705.049088,1791.430656,586.671304704,80,71.338496,138.412032,167,0
1.0.0,2026-06-23 19:49:44.041,34.4,4.9,58,13,2040,2317.971456,41.443,19713.114112,1798.828032,586.671292416,80,71.338496,138.412032,167,0
1.0.0,2026-06-23 19:49:45.004,30.8,3.6,57,0,2040,2317.971456,40.916,19704.897536,1788.964864,586.671013888,80,71.338496,138.412032,168,0
1.0.0,2026-06-23 19:49:46.006,25.0,3.9,57,0,2040,2317.971456,36.229,19704.942592,1788.964864,586.6710016,80,71.338496,138.412032,168,0
1.0.0,2026-06-23 19:49:46.998,23.6,4.1,57,0,2040,2317.971456,36.136,19704.725504,1788.960768,586.670989312,80,71.338496,138.412032,168,0
1.0.0,2026-06-23 19:49:47.995,32.9,4.9,58,13,2040,2317.971456,38.887,19716.673536,1798.823936,586.670972928,80,71.339008,138.412032,168,0
1.0.0,2026-06-23 19:49:49.014,32.8,4.9,57,1,2040,2317.971456,42.824,19718.586368,1798.828032,586.67061248,80,71.339008,138.412032,169,0
1.0.0,2026-06-23 19:49:49.995,33.3,5.3,58,11,2040,2317.971456,41.645,19707.94496,1788.964864,586.67036672,80,71.338496,138.412032,170,0
1.0.0,2026-06-23 19:49:50.989,30.4,3.4,57,1,2040,2317.971456,38.676,19708.710912,1788.960768,586.670350336,80,71.338496,138.412032,170,0
1.0.0,2026-06-23 19:49:51.986,29.5,4.5,57,0,2040,2317.971456,36.581,19719.983104,1798.823936,586.670338048,80,71.339008,138.412032,170,0
1.0.0,2026-06-23 19:49:52.985,37.7,4.6,58,10,2040,2317.971456,42.956,19709.11232,1788.960768,586.670026752,80,71.339008,138.412032,171,0
1.0.0,2026-06-23 19:49:53.977,30.1,4.4,57,13,2040,2317.971456,39.185,19719.335936,1798.823936,586.670010368,80,71.339008,138.412032,171,0
1.0.0,2026-06-23 19:49:54.988,33.8,5.8,57,8,2040,2317.971456,43.492,19713.134592,1791.42656,586.66975232,80,71.338496,138.412032,172,0
1.0.0,2026-06-23 19:49:56.037,32.4,3.7,57,7,2040,2317.971456,39.653,19715.825664,1794.678784,586.669740032,80,71.338496,138.412032,172,0
1.0.0,2026-06-23 19:49:57.055,33.5,5.1,58,12,2040,2317.971456,42.074,19711.688704,1788.960768,586.669461504,80,71.339008,138.412032,173,0
1.0.0,2026-06-23 19:49:58.004,30.5,4.2,57,0,2040,2317.971456,38.426,19710.091264,1788.960768,586.66944512,80,71.339008,138.412032,173,0
1.0.0,2026-06-23 19:49:59.036,26.1,4.4,57,1,2040,2317.971456,36.508,19710.795776,1788.960768,586.669432832,80,71.339008,138.412032,173,0
1.0.0,2026-06-23 19:50:00.033,24.9,3.8,57,1,2040,2317.971456,36.384,19707.772928,1788.956672,586.669420544,80,71.339008,138.412032,173,0
1.0.0,2026-06-23 19:50:01.026,32.4,5.5,58,12,2040,2317.971456,40.16,19724.214272,1798.81984,586.669408256,80,71.338496,138.412032,173,0
1.0.0,2026-06-23 19:50:02.020,32.0,3.5,57,1,2040,2317.971456,39.958,19720.409088,1798.823936,586.669121536,80,71.339008,138.412032,174,0
1.0.0,2026-06-23 19:50:03.027,36.3,6.1,57,9,2040,2317.971456,43.209,19712.446464,1788.960768,586.668867584,80,71.338496,138.412032,175,0
1.0.0,2026-06-23 19:50:04.032,26.0,4.1,57,1,2040,2317.971456,36.827,19710.81216,1788.960768,586.6688512,80,71.338496,138.412032,175,0
1.0.0,2026-06-23 19:50:05.075,26.6,4.8,57,9,2040,2317.971456,37.794,19718.864896,1798.823936,586.668838912,80,71.339008,138.412032,175,0
1.0.0,2026-06-23 19:50:06.027,35.2,5.4,57,3,2040,2317.971456,43.655,19708.47744,1790.193664,586.66848256,80,71.339008,138.412032,176,0
1.0.0,2026-06-23 19:50:07.034,32.4,5.1,57,14,2040,2317.971456,38.528,19719.18848,1799.647232,586.668470272,80,71.339008,138.412032,176,0
1.0.0,2026-06-23 19:50:08.024,34.2,5.1,57,6,2040,2317.971456,43.385,19712.049152,1790.193664,586.668204032,80,71.338496,138.412032,177,0
1.0.0,2026-06-23 19:50:09.119,32.2,4.5,57,1,2040,2317.971456,38.522,19725.381632,1798.823936,586.668187648,80,71.339008,138.412032,177,0
1.0.0,2026-06-23 19:50:10.056,33.6,6.2,58,12,2040,2317.971456,42.576,19714.94912,1788.960768,586.667905024,80,71.338496,138.412032,178,0
1.0.0,2026-06-23 19:50:11.050,29.4,3.8,57,1,2040,2317.971456,38.422,19715.11296,1788.960768,586.66788864,80,71.338496,138.412032,178,0
1.0.0,2026-06-23 19:50:12.035,25.6,4.9,57,1,2040,2317.971456,36.241,19716.456448,1788.960768,586.667876352,80,71.338496,138.412032,178,0
1.0.0,2026-06-23 19:50:13.025,26.4,5.0,57,1,2040,2317.971456,36.36,19718.037504,1791.422464,586.667864064,80,71.339008,138.412032,178,0
1.0.0,2026-06-23 19:50:14.079,36.1,4.8,57,11,2040,2317.971456,41.379,19726.782464,1798.81984,586.667851776,80,71.338496,138.412032,178,0
1.0.0,2026-06-23 19:50:15.071,31.7,4.8,57,12,2040,2317.971456,41.224,19728.09728,1798.823936,586.66758144,80,71.339008,138.412032,179,0
1.0.0,2026-06-23 19:50:16.023,32.4,4.4,57,2,2040,2317.971456,42.637,19718.557696,1788.960768,586.667319296,80,71.338496,138.412032,180,0
1.0.0,2026-06-23 19:50:17.047,27.5,4.3,57,1,2040,2317.971456,36.31,19717.926912,1788.960768,586.667307008,80,71.338496,138.412032,180,0
1.0.0,2026-06-23 19:50:18.078,33.7,5.0,57,14,2040,2317.971456,39.272,19730.264064,1798.81984,586.66729472,80,71.338496,138.412032,180,0
1.0.0,2026-06-23 19:50:19.032,31.6,3.8,57,0,2040,2317.971456,41.766,19720.97024,1788.960768,586.66694656,80,71.338496,138.412032,181,0
1.0.0,2026-06-23 19:50:20.034,33.3,5.2,58,9,2040,2317.971456,39.205,19730.669568,1798.81984,586.666938368,80,71.338496,138.412032,181,0
1.0.0,2026-06-23 19:50:21.029,30.1,4.5,57,0,2040,2317.971456,41.787,19723.137024,1790.193664,586.666676224,80,71.338496,138.412032,182,0
1.0.0,2026-06-23 19:50:22.095,30.2,4.2,58,9,2040,2317.971456,37.919,19731.951616,1798.823936,586.666663936,80,71.339008,138.412032,182,0
1.0.0,2026-06-23 19:50:23.041,33.3,3.9,57,0,2040,2317.971456,42.661,19721.66656,1788.960768,586.666377216,80,71.338496,138.412032,183,0
1.0.0,2026-06-23 19:50:24.050,27.2,4.1,57,1,2040,2317.971456,36.305,19720.257536,1789.894656,586.666364928,80,71.338496,138.412032,183,0
1.0.0,2026-06-23 19:50:25.021,25.1,4.5,57,0,2040,2317.971456,36.573,19719.921664,1788.956672,586.66635264,80,71.338496,138.412032,183,0
1.0.0,2026-06-23 19:50:26.095,24.5,4.5,57,1,2040,2317.971456,36.716,19730.251776,1798.81984,586.666336256,80,71.339008,138.412032,183,0
1.0.0,2026-06-23 19:50:27.027,32.1,4.4,57,9,2040,2317.971456,42.171,19730.67776,1798.81984,586.666323968,80,71.339008,138.412032,183,0
1.0.0,2026-06-23 19:50:28.036,35.0,4.1,57,11,2040,2317.971456,42.496,19734.167552,1798.823936,586.666057728,80,71.338496,138.412032,184,0
1.0.0,2026-06-23 19:50:29.055,31.8,4.3,57,1,2040,2317.971456,41.021,19725.836288,1788.964864,586.66579968,80,71.338496,138.412032,185,0
1.0.0,2026-06-23 19:50:30.037,27.1,4.4,57,1,2040,2317.971456,36.212,19723.255808,1788.960768,586.665783296,80,71.338496,138.412032,185,0
1.0.0,2026-06-23 19:50:31.042,30.6,5.1,57,13,2040,2317.971456,40.817,19732.307968,1798.81984,586.665775104,80,71.338496,138.412032,185,0
1.0.0,2026-06-23 19:50:32.047,30.1,3.4,57,1,2040,2317.971456,40.86,19726.336,1792.126976,586.665459712,80,71.339008,138.412032,186,0
1.0.0,2026-06-23 19:50:33.087,36.1,6.1,58,12,2040,2317.971456,41.494,19729.567744,1791.42656,586.6650624,80,71.338496,138.412032,187,0
1.0.0,2026-06-23 19:50:34.032,28.8,4.4,57,0,2040,2317.971456,39.888,19727.409152,1792.950272,586.665050112,80,71.338496,138.412032,187,0
1.0.0,2026-06-23 19:50:35.079,34.5,5.4,57,4,2040,2317.971456,39.623,19736.096768,1799.405568,586.664968192,80,71.338496,138.412032,187,0
1.0.0,2026-06-23 19:50:36.047,33.2,4.2,57,1,2040,2317.971456,41.804,19728.95744,1791.434752,586.664669184,80,71.338496,138.412032,188,0
1.0.0,2026-06-23 19:50:37.020,25.4,4.2,57,1,2040,2317.971456,36.189,19728.441344,1791.438848,586.664656896,80,71.338496,138.412032,188,0
1.0.0,2026-06-23 19:50:38.046,24.0,3.5,57,0,2040,2317.971456,36.154,19727.937536,1791.475712,586.664640512,80,71.338496,138.412032,188,0
1.0.0,2026-06-23 19:50:39.024,26.7,4.4,57,5,2040,2317.971456,37.106,19740.745728,1802.3424,586.66463232,80,71.339008,138.412032,188,0
1.0.0,2026-06-23 19:50:40.022,34.6,4.8,57,2,2040,2317.971456,42.698,19730.214912,1791.483904,586.6643456,80,71.338496,138.412032,189,0
1.0.0,2026-06-23 19:50:41.045,35.6,4.5,57,5,2040,2317.971456,40.779,19739.717632,1801.342976,586.664333312,80,71.338496,138.412032,189,0
1.0.0,2026-06-23 19:50:42.040,29.2,3.7,57,1,2040,2317.971456,38.946,19730.661376,1791.483904,586.664062976,80,71.338496,138.412032,190,0
1.0.0,2026-06-23 19:50:43.057,25.6,5.0,57,1,2040,2317.971456,36.139,19735.556096,1798.88128,586.664050688,80,71.339008,138.412032,190,0
1.0.0,2026-06-23 19:50:44.079,35.5,5.7,58,7,2040,2317.971456,41.432,19731.525632,1791.492096,586.663739392,80,71.338496,138.412032,191,0
1.0.0,2026-06-23 19:50:45.079,27.0,4.3,57,1,2040,2317.971456,38.458,19741.339648,1801.355264,586.663727104,80,71.339008,138.412032,191,0
1.0.0,2026-06-23 19:50:46.091,34.8,5.9,57,1,2040,2317.971456,41.048,19736.203264,1792.724992,586.663469056,80,71.338496,138.412032,192,0
1.0.0,2026-06-23 19:50:47.052,29.4,3.2,57,4,2040,2317.971456,38.3,19736.113152,1793.957888,586.663452672,80,71.338496,138.412032,192,0
1.0.0,2026-06-23 19:50:48.070,35.5,6.1,57,11,2040,2317.971456,41.689,19742.294016,1801.351168,586.663440384,80,71.338496,138.412032,192,0
1.0.0,2026-06-23 19:50:49.057,33.2,3.8,57,1,2040,2317.971456,40.971,19731.816448,1791.492096,586.663153664,80,71.338496,138.412032,193,0
1.0.0,2026-06-23 19:50:50.057,25.1,4.2,57,1,2040,2317.971456,36.502,19731.091456,1791.488,586.663153664,80,71.338496,138.412032,193,0
1.0.0,2026-06-23 19:50:51.042,24.8,4.9,57,1,2040,2317.971456,36.343,19730.65728,1791.488,586.663141376,80,71.338496,138.412032,193,0
1.0.0,2026-06-23 19:50:52.040,33.2,4.4,57,12,2040,2317.971456,39.388,19741.208576,1801.351168,586.663124992,80,71.338496,138.412032,193,0
1.0.0,2026-06-23 19:50:53.019,32.7,4.4,57,1,2040,2317.971456,41.643,19741.868032,1801.355264,586.662780928,80,71.339008,138.412032,194,0
1.0.0,2026-06-23 19:50:54.061,33.5,5.6,57,10,2040,2317.971456,42.156,19731.103744,1791.492096,586.66252288,80,71.338496,138.412032,195,0
1.0.0,2026-06-23 19:50:55.022,28.1,4.1,57,1,2040,2317.971456,37.756,19731.492864,1791.492096,586.662510592,80,71.338496,138.412032,195,0
1.0.0,2026-06-23 19:50:56.086,26.8,5.1,57,0,2040,2317.971456,36.361,19741.237248,1801.355264,586.662490112,80,71.339008,138.412032,195,0
1.0.0,2026-06-23 19:50:57.024,36.9,5.9,57,9,2040,2317.971456,43.281,19731.136512,1791.492096,586.662166528,80,71.338496,138.412032,196,0
1.0.0,2026-06-23 19:50:58.048,31.7,3.5,57,13,2040,2317.971456,39.319,19738.558464,1802.58816,586.662158336,80,71.339008,138.412032,196,0
1.0.0,2026-06-23 19:50:59.044,36.8,4.5,58,5,2040,2317.971456,43.886,19731.902464,1792.724992,586.661896192,80,71.338496,138.412032,197,0
1.0.0,2026-06-23 19:51:00.082,28.7,5.0,57,6,2040,2317.971456,38.862,19736.756224,1796.42368,586.661879808,80,71.338496,138.412032,197,0
1.0.0,2026-06-23 19:51:01.072,35.2,5.7,58,10,2040,2317.971456,41.947,19741.769728,1801.355264,586.66186752,80,71.339008,138.412032,197,0
1.0.0,2026-06-23 19:51:02.027,31.1,4.5,57,1,2040,2317.971456,40.499,19730.0224,1791.492096,586.661588992,80,71.338496,138.412032,198,0
1.0.0,2026-06-23 19:51:03.024,26.3,3.6,57,0,2040,2317.971456,36.574,19732.697088,1792.352256,586.661572608,80,71.338496,138.412032,198,0
1.0.0,2026-06-23 19:51:04.042,25.9,3.8,57,1,2040,2317.971456,36.199,19731.378176,1791.488,586.662100992,80,71.338496,138.412032,198,0
1.0.0,2026-06-23 19:51:05.036,33.0,5.1,57,8,2040,2317.971456,40.066,19741.032448,1801.351168,586.662084608,80,71.338496,138.412032,198,0
1.0.0,2026-06-23 19:51:06.113,31.1,3.3,57,1,2040,2317.971456,40.836,19742.45376,1801.355264,586.661679104,80,71.339008,138.412032,199,0
1.0.0,2026-06-23 19:51:07.024,36.0,6.4,58,13,2040,2317.971456,43.178,19734.07744,1791.492096,586.661429248,80,71.338496,138.412032,200,0
1.0.0,2026-06-23 19:51:08.055,27.3,3.8,57,0,2040,2317.971456,37.164,19734.327296,1791.492096,586.661412864,80,71.338496,138.412032,200,0
1.0.0,2026-06-23 19:51:09.049,27.0,4.5,57,11,2040,2317.971456,37.639,19742.191616,1801.801728,586.661400576,80,71.339008,138.412032,200,0
1.0.0,2026-06-23 19:51:10.061,34.1,4.4,58,4,2040,2317.971456,43.616,19730.190336,1791.492096,586.661081088,80,71.339008,138.412032,201,0
1.0.0,2026-06-23 19:51:11.074,29.7,5.1,57,10,2040,2317.971456,38.209,19740.368896,1801.351168,586.6610688,80,71.339008,138.412032,201,0
1.0.0,2026-06-23 19:51:12.075,32.4,4.3,57,5,2040,2317.971456,42.96,19732.959232,1792.704512,586.660798464,80,71.338496,138.412032,202,0
1.0.0,2026-06-23 19:51:13.123,29.7,4.5,57,1,2040,2317.971456,37.926,19740.463104,1801.334784,586.66078208,80,71.339008,138.412032,202,0
1.0.0,2026-06-23 19:51:14.075,36.2,4.0,58,13,2040,2317.971456,42.918,19731.8656,1791.492096,586.660499456,80,71.338496,138.412032,203,0
1.0.0,2026-06-23 19:51:15.101,25.5,4.0,57,0,2040,2317.971456,37.295,19731.279872,1791.492096,586.660487168,80,71.338496,138.412032,203,0
1.0.0,2026-06-23 19:51:16.079,26.4,5.6,57,0,2040,2317.971456,36.414,19737.718784,1791.492096,586.66047488,80,71.338496,138.412032,203,0
1.0.0,2026-06-23 19:51:17.057,23.0,3.8,57,1,2040,2317.971456,36.395,19739.254784,1794.945024,586.660458496,80,71.339008,138.412032,203,0
1.0.0,2026-06-23 19:51:18.109,33.3,5.0,57,12,2040,2317.971456,41.098,19745.701888,1802.3424,586.660446208,80,71.338496,138.412032,203,0
1.0.0,2026-06-23 19:51:19.096,34.2,5.0,58,12,2040,2317.971456,41.935,19745.984512,1802.346496,586.659975168,80,71.339008,138.412032,204,0
1.0.0,2026-06-23 19:51:20.050,34.6,4.5,57,3,2040,2317.971456,43.394,19736.064,1792.49152,586.659713024,80,71.338496,138.412032,205,0
1.0.0,2026-06-23 19:51:21.063,27.0,4.7,57,1,2040,2317.971456,36.494,19736.526848,1792.49152,586.65969664,80,71.338496,138.412032,205,0
1.0.0,2026-06-23 19:51:22.068,30.8,4.4,57,4,2040,2317.971456,38.462,19746.050048,1802.350592,586.659680256,80,71.339008,138.412032,205,0
1.0.0,2026-06-23 19:51:23.075,28.8,5.0,57,1,2040,2317.971456,41.841,19735.846912,1792.49152,586.659364864,80,71.338496,138.412032,206,0
1.0.0,2026-06-23 19:51:24.086,33.6,6.7,57,7,2040,2317.971456,39.716,19746.455552,1802.350592,586.659086336,80,71.338496,138.412032,206,0
1.0.0,2026-06-23 19:51:25.102,34.2,6.5,57,0,2040,2317.971456,41.994,19740.217344,1794.957312,586.65863168,80,71.338496,138.412032,207,0
1.0.0,2026-06-23 19:51:26.049,28.5,3.8,57,9,2040,2317.971456,38.598,19746.144256,1802.354688,586.658619392,80,71.339008,138.412032,207,0
1.0.0,2026-06-23 19:51:27.062,30.5,5.1,57,8,2040,2317.971456,43.697,19736.449024,1792.49152,586.658336768,80,71.338496,138.412032,208,0
1.0.0,2026-06-23 19:51:28.068,27.5,4.8,57,1,2040,2317.971456,36.702,19735.138304,1792.49152,586.65832448,80,71.338496,138.412032,208,0
1.0.0,2026-06-23 19:51:29.081,26.9,5.0,57,1,2040,2317.971456,36.164,19734.700032,1792.49152,586.658308096,80,71.338496,138.412032,208,0
1.0.0,2026-06-23 19:51:30.106,26.4,5.3,57,0,2040,2317.971456,36.46,19740.758016,1802.350592,586.6580992,80,71.339008,138.412032,208,0
1.0.0,2026-06-23 19:51:31.101,36.4,5.2,57,12,2040,2317.971456,42.657,19729.952768,1792.49152,586.657824768,80,71.338496,138.412032,209,0
1.0.0,2026-06-23 19:51:32.094,31.2,5.1,57,13,2040,2317.971456,41.939,19738.984448,1802.354688,586.65781248,80,71.338496,138.412032,209,0
1.0.0,2026-06-23 19:51:33.056,32.0,5.3,57,1,2040,2317.971456,41.586,19718.995968,1792.507904,586.657558528,80,71.338496,138.412032,210,0
1.0.0,2026-06-23 19:51:34.076,24.8,4.2,57,0,2040,2317.971456,36.017,19717.627904,1792.507904,586.657542144,80,71.338496,138.412032,210,0
1.0.0,2026-06-23 19:51:35.090,32.8,4.7,58,12,2040,2317.971456,40.153,19724.296192,1802.993664,586.657529856,80,71.338496,138.412032,210,0
1.0.0,2026-06-23 19:51:36.072,28.7,5.0,57,1,2040,2317.971456,40.14,19712.864256,1793.134592,586.657214464,80,71.338496,138.412032,211,0
1.0.0,2026-06-23 19:51:37.080,33.7,4.6,58,11,2040,2317.971456,40.553,19711.279104,1794.691072,586.656944128,80,71.339008,138.412032,212,0
1.0.0,2026-06-23 19:51:38.095,26.3,3.7,57,1,2040,2317.971456,39.847,19711.311872,1795.600384,586.65693184,80,71.338496,138.412032,212,0
1.0.0,2026-06-23 19:51:39.085,32.9,5.1,57,10,2040,2317.971456,40.191,19717.394432,1802.99776,586.656919552,80,71.339008,138.412032,212,0
1.0.0,2026-06-23 19:51:40.083,34.3,5.5,57,7,2040,2317.971456,43.875,19706.44992,1793.134592,586.656632832,80,71.338496,138.412032,213,0
1.0.0,2026-06-23 19:51:41.088,26.3,3.3,57,1,2040,2317.971456,36.812,19705.393152,1793.134592,586.656616448,80,71.338496,138.412032,213,0
1.0.0,2026-06-23 19:51:42.090,25.0,4.8,57,1,2040,2317.971456,36.256,19706.089472,1793.134592,586.65660416,80,71.338496,138.412032,213,0
1.0.0,2026-06-23 19:51:43.118,30.2,5.0,57,7,2040,2317.971456,37.042,19713.650688,1802.993664,586.656591872,80,71.339008,138.412032,213,0
1.0.0,2026-06-23 19:51:44.121,32.1,4.0,57,5,2040,2317.971456,43.336,19704.762368,1794.691072,586.656309248,80,71.339008,138.412032,214,0
1.0.0,2026-06-23 19:51:45.157,36.1,3.6,57,13,2040,2317.971456,40.505,19715.354624,1804.034048,586.65629696,80,71.338496,138.412032,214,0
1.0.0,2026-06-23 19:51:46.170,26.8,3.1,57,1,2040,2317.971456,39.704,19703.885824,1793.134592,586.65603072,80,71.338496,138.412032,215,0
1.0.0,2026-06-23 19:51:47.162,25.6,4.5,57,1,2040,2317.971456,36.247,19711.410176,1802.99776,586.656018432,80,71.339008,138.412032,215,0
1.0.0,2026-06-23 19:51:48.192,34.4,5.8,57,10,2040,2317.971456,41.253,19698.74944,1793.134592,586.655694848,80,71.338496,138.412032,216,0
1.0.0,2026-06-23 19:51:49.180,29.6,5.3,57,1,2040,2317.971456,39.834,19705.491456,1802.99776,586.65568256,80,71.339008,138.412032,216,0
1.0.0,2026-06-23 19:51:50.173,35.2,5.4,58,12,2040,2317.971456,41.939,19694.092288,1795.600384,586.655428608,80,71.338496,138.412032,217,0
1.0.0,2026-06-23 19:51:51.187,26.6,4.0,57,1,2040,2317.971456,39.354,19691.085824,1795.600384,586.65541632,80,71.338496,138.412032,217,0
1.0.0,2026-06-23 19:51:52.173,31.2,5.0,57,9,2040,2317.971456,40.723,19696.427008,1802.99776,586.655404032,80,71.339008,138.412032,217,0
1.0.0,2026-06-23 19:51:53.167,30.9,3.8,57,0,2040,2317.971456,41.341,19682.89792,1793.134592,586.655125504,80,71.339008,138.412032,218,0
1.0.0,2026-06-23 19:51:54.166,27.9,3.4,57,1,2040,2317.971456,36.217,19679.813632,1793.130496,586.65510912,80,71.339008,138.412032,218,0
1.0.0,2026-06-23 19:51:55.161,26.3,5.0,57,2,2040,2317.971456,36.168,19677.184,1793.130496,586.655096832,80,71.339008,138.412032,218,0
1.0.0,2026-06-23 19:51:56.153,33.1,4.5,57,9,2040,2317.971456,38.154,19685.45792,1802.993664,586.655080448,80,71.339008,138.412032,218,0
1.0.0,2026-06-23 19:51:57.172,34.2,4.3,57,1,2040,2317.971456,42.848,19683.049472,1802.99776,586.65480192,80,71.339008,138.412032,219,0
1.0.0,2026-06-23 19:51:58.160,37.9,3.8,57,7,2040,2317.971456,41.968,19670.249472,1793.138688,586.65453568,80,71.338496,138.412032,220,0
1.0.0,2026-06-23 19:51:59.185,26.0,4.2,57,0,2040,2317.971456,38.967,19666.149376,1793.134592,586.654523392,80,71.338496,138.412032,220,0
1.0.0,2026-06-23 19:52:00.239,27.7,5.1,57,1,2040,2317.971456,36.223,19676.606464,1802.99776,586.654507008,80,71.339008,138.412032,220,0
1.0.0,2026-06-23 19:52:01.187,33.6,4.8,57,12,2040,2317.971456,42.695,19663.495168,1793.134592,586.654195712,80,71.339008,138.412032,221,0
1.0.0,2026-06-23 19:52:02.176,30.7,3.6,57,4,2040,2317.971456,37.761,19668.402176,1802.99776,586.654183424,80,71.339008,138.412032,221,0
1.0.0,2026-06-23 19:52:03.197,35.3,5.6,57,10,2040,2317.971456,43.618,19658.973184,1794.367488,586.65392128,80,71.338496,138.412032,222,0
1.0.0,2026-06-23 19:52:04.228,28.9,6.1,57,7,2040,2317.971456,38.82,19664.990208,1802.99776,586.653904896,80,71.338496,138.412032,222,0
1.0.0,2026-06-23 19:52:05.235,36.7,5.5,57,13,2040,2317.971456,42.183,19651.817472,1793.134592,586.653618176,80,71.338496,138.412032,223,0
1.0.0,2026-06-23 19:52:06.200,28.6,4.3,57,1,2040,2317.971456,40.26,19648.024576,1794.21184,586.653605888,80,71.338496,138.412032,223,0
1.0.0,2026-06-23 19:52:07.189,26.4,5.5,57,1,2040,2317.971456,36.44,19643.420672,1793.134592,586.6535936,80,71.338496,138.412032,223,0
1.0.0,2026-06-23 19:52:08.188,25.6,3.5,57,1,2040,2317.971456,36.43,19642.834944,1793.130496,586.653577216,80,71.338496,138.412032,223,0
1.0.0,2026-06-23 19:52:09.244,34.7,5.0,57,10,2040,2317.971456,39.346,19658.092544,1804.070912,586.653560832,80,71.338496,138.412032,223,0
1.0.0,2026-06-23 19:52:10.179,36.0,4.7,57,1,2040,2317.971456,41.849,19656.675328,1802.99776,586.6532864,80,71.339008,138.412032,224,0
1.0.0,2026-06-23 19:52:11.180,33.2,4.7,57,12,2040,2317.971456,42.835,19647.049728,1793.134592,586.65302016,80,71.338496,138.412032,225,0
1.0.0,2026-06-23 19:52:12.198,27.2,4.9,57,1,2040,2317.971456,37.861,19645.579264,1793.134592,586.653007872,80,71.338496,138.412032,225,0
1.0.0,2026-06-23 19:52:13.221,27.7,3.9,57,4,2040,2317.971456,36.615,19652.890624,1802.99776,586.652991488,80,71.339008,138.412032,225,0
1.0.0,2026-06-23 19:52:14.221,33.6,3.7,57,6,2040,2317.971456,43.359,19642.687488,1793.134592,586.65265152,80,71.338496,138.412032,226,0
1.0.0,2026-06-23 19:52:15.221,35.0,5.7,58,7,2040,2317.971456,38.505,19651.465216,1802.993664,586.652639232,80,71.339008,138.412032,226,0
1.0.0,2026-06-23 19:52:16.235,34.0,5.1,57,4,2040,2317.971456,43.604,19642.789888,1795.633152,586.652389376,80,71.338496,138.412032,227,0
1.0.0,2026-06-23 19:52:17.276,31.3,4.2,57,1,2040,2317.971456,38.351,19648.528384,1803.030528,586.652372992,80,71.339008,138.412032,227,0
1.0.0,2026-06-23 19:52:18.237,38.2,4.6,58,10,2040,2317.971456,42.744,19637.977088,1793.16736,586.652094464,80,71.339008,138.412032,228,0
1.0.0,2026-06-23 19:52:19.245,25.2,3.4,57,1,2040,2317.971456,38.217,19636.670464,1793.16736,586.65207808,80,71.339008,138.412032,228,0
1.0.0,2026-06-23 19:52:20.243,27.6,3.9,57,1,2040,2317.971456,36.538,19635.888128,1793.163264,586.652065792,80,71.339008,138.412032,228,0
1.0.0,2026-06-23 19:52:21.229,26.7,4.7,57,1,2040,2317.971456,36.595,19643.539456,1803.026432,586.652049408,80,71.339008,138.412032,228,0
1.0.0,2026-06-23 19:52:22.261,36.6,4.0,57,12,2040,2317.971456,41.17,19633.098752,1793.16736,586.651766784,80,71.338496,138.412032,229,0
1.0.0,2026-06-23 19:52:23.257,30.6,4.6,57,13,2040,2317.971456,40.926,19639.320576,1803.030528,586.651754496,80,71.339008,138.412032,229,0
1.0.0,2026-06-23 19:52:24.249,33.1,3.9,57,0,2040,2317.971456,43.369,19627.45856,1793.16736,586.651488256,80,71.338496,138.412032,230,0
1.0.0,2026-06-23 19:52:25.241,25.4,4.9,57,1,2040,2317.971456,36.282,19624.67328,1793.16736,586.651475968,80,71.338496,138.412032,230,0
1.0.0,2026-06-23 19:52:26.248,30.6,4.9,57,10,2040,2317.971456,37.482,19633.094656,1803.026432,586.65146368,80,71.338496,138.412032,230,0
1.0.0,2026-06-23 19:52:27.240,30.0,4.8,57,1,2040,2317.971456,41.646,19621.265408,1793.16736,586.65115648,80,71.339008,138.412032,231,0
1.0.0,2026-06-23 19:52:28.232,32.1,4.3,57,10,2040,2317.971456,39.135,19630.452736,1803.026432,586.651144192,80,71.338496,138.412032,231,0
1.0.0,2026-06-23 19:52:29.232,31.3,4.2,57,1,2040,2317.971456,42.019,19620.794368,1795.633152,586.650877952,80,71.338496,138.412032,232,0
1.0.0,2026-06-23 19:52:30.216,29.0,4.5,57,1,2040,2317.971456,37.994,19623.313408,1803.030528,586.650865664,80,71.339008,138.412032,232,0
1.0.0,2026-06-23 19:52:31.249,30.7,4.2,57,13,2040,2317.971456,42.965,19613.106176,1793.16736,586.650578944,80,71.338496,138.412032,233,0
1.0.0,2026-06-23 19:52:32.225,26.5,3.5,57,1,2040,2317.971456,37.195,19609.698304,1793.16736,586.650566656,80,71.338496,138.412032,233,0
1.0.0,2026-06-23 19:52:33.245,28.3,4.6,57,1,2040,2317.971456,36.359,19608.55552,1793.163264,586.650550272,80,71.338496,138.412032,233,0
1.0.0,2026-06-23 19:52:34.278,27.2,4.2,57,1,2040,2317.971456,36.175,19618.410496,1803.026432,586.650537984,80,71.339008,138.412032,233,0
1.0.0,2026-06-23 19:52:35.298,35.4,4.6,58,6,2040,2317.971456,41.933,19607.92064,1793.69984,586.650222592,80,71.338496,138.412032,234,0
1.0.0,2026-06-23 19:52:36.322,36.7,5.9,57,12,2040,2317.971456,41.601,19614.08512,1803.563008,586.650210304,80,71.338496,138.412032,234,0
1.0.0,2026-06-23 19:52:37.278,31.8,4.3,57,1,2040,2317.971456,42.936,19603.6608,1793.69984,586.649944064,80,71.338496,138.412032,235,0
1.0.0,2026-06-23 19:52:38.308,24.2,4.9,57,1,2040,2317.971456,36.063,19606.196224,1798.627328,586.649931776,80,71.339008,138.412032,235,0
1.0.0,2026-06-23 19:52:39.336,35.2,4.5,57,13,2040,2317.971456,42.85,19610.468352,1803.558912,586.649919488,80,71.338496,138.412032,235,0
1.0.0,2026-06-23 19:52:40.294,26.6,4.8,57,9,2040,2317.971456,38.551,19606.704128,1801.097216,586.6496,80,71.339008,138.412032,236,0
1.0.0,2026-06-23 19:52:41.320,36.7,5.3,57,7,2040,2317.971456,43.72,19606.716416,1803.558912,586.649591808,80,71.338496,138.412032,236,0
1.0.0,2026-06-23 19:52:42.305,28.5,4.7,57,7,2040,2317.971456,38.52,19597.172736,1796.165632,586.64931328,80,71.338496,138.412032,237,0
1.0.0,2026-06-23 19:52:43.327,33.8,5.7,57,12,2040,2317.971456,42.138,19602.747392,1803.563008,586.649305088,80,71.338496,138.412032,237,0
1.0.0,2026-06-23 19:52:44.305,33.2,4.6,57,1,2040,2317.971456,41.018,19592.200192,1793.69984,586.648940544,80,71.338496,138.412032,238,0
1.0.0,2026-06-23 19:52:45.313,26.6,4.7,57,1,2040,2317.971456,36.164,19589.951488,1793.69984,586.64892416,80,71.338496,138.412032,238,0
1.0.0,2026-06-23 19:52:46.303,25.5,4.3,57,1,2040,2317.971456,36.411,19588.784128,1793.695744,586.648911872,80,71.338496,138.412032,238,0
1.0.0,2026-06-23 19:52:47.292,30.1,4.4,57,12,2040,2317.971456,39.753,19595.6736,1803.558912,586.648899584,80,71.339008,138.412032,238,0
1.0.0,2026-06-23 19:52:48.378,35.9,4.4,57,1,2040,2317.971456,41.556,19593.674752,1803.563008,586.648633344,80,71.339008,138.412032,239,0
1.0.0,2026-06-23 19:52:49.348,32.3,4.4,58,9,2040,2317.971456,43.142,19590.71744,1803.558912,586.648621056,80,71.338496,138.412032,239,0
1.0.0,2026-06-23 19:52:50.330,28.3,4.5,57,1,2040,2317.971456,37.636,19578.576896,1794.70336,586.648354816,80,71.338496,138.412032,240,0
1.0.0,2026-06-23 19:52:51.295,27.9,4.1,57,7,2040,2317.971456,37.176,19585.376256,1804.566528,586.648338432,80,71.339008,138.412032,240,0
1.0.0,2026-06-23 19:52:52.354,37.2,6.4,57,5,2040,2317.971456,43.477,19574.80448,1794.70336,586.648027136,80,71.338496,138.412032,241,0
1.0.0,2026-06-23 19:52:53.336,29.0,4.4,57,10,2040,2317.971456,38.094,19581.50144,1804.566528,586.648014848,80,71.339008,138.412032,241,0
1.0.0,2026-06-23 19:52:54.317,34.7,5.8,57,7,2040,2317.971456,42.707,19571.085312,1797.169152,586.647748608,80,71.338496,138.412032,242,0
1.0.0,2026-06-23 19:52:55.322,28.8,4.2,57,1,2040,2317.971456,38.419,19568.25088,1797.169152,586.64773632,80,71.338496,138.412032,242,0
1.0.0,2026-06-23 19:52:56.313,32.4,5.0,58,13,2040,2317.971456,42.358,19574.90688,1804.566528,586.647724032,80,71.338496,138.412032,242,0
1.0.0,2026-06-23 19:52:57.324,33.5,4.1,57,1,2040,2317.971456,39.508,19564.138496,1794.70336,586.647441408,80,71.338496,138.412032,243,0
1.0.0,2026-06-23 19:52:58.331,29.0,4.6,57,1,2040,2317.971456,36.237,19562.37312,1794.70336,586.64742912,80,71.338496,138.412032,243,0
1.0.0,2026-06-23 19:52:59.329,24.1,3.1,57,0,2040,2317.971456,36.438,19560.894464,1794.699264,586.647412736,80,71.338496,138.412032,243,0
1.0.0,2026-06-23 19:53:00.354,30.6,5.4,57,12,2040,2317.971456,41.16,19573.71904,1804.562432,586.647400448,80,71.338496,138.412032,243,0
1.0.0,2026-06-23 19:53:01.320,34.1,5.2,57,10,2040,2317.971456,41.871,19567.669248,1804.566528,586.647130112,80,71.339008,138.412032,244,0
1.0.0,2026-06-23 19:53:02.318,38.9,4.7,57,2,2040,2317.971456,43.391,19555.373056,1794.70336,586.646867968,80,71.338496,138.412032,245,0
1.0.0,2026-06-23 19:53:03.332,26.7,4.3,57,1,2040,2317.971456,36.282,19554.16064,1794.70336,586.646851584,80,71.338496,138.412032,245,0
1.0.0,2026-06-23 19:53:04.307,28.1,4.9,57,12,2040,2317.971456,38.137,19562.20928,1804.566528,586.646839296,80,71.339008,138.412032,245,0
1.0.0,2026-06-23 19:53:05.329,31.4,5.7,57,1,2040,2317.971456,42.371,19550.605312,1794.70336,586.646523904,80,71.339008,138.412032,246,0
1.0.0,2026-06-23 19:53:06.344,31.3,4.3,57,8,2040,2317.971456,39.657,19560.91904,1804.566528,586.646511616,80,71.339008,138.412032,246,0
1.0.0,2026-06-23 19:53:07.315,33.3,6.0,57,1,2040,2317.971456,41.952,19551.268864,1797.169152,586.646249472,80,71.338496,138.412032,247,0
1.0.0,2026-06-23 19:53:08.344,28.3,4.3,57,7,2040,2317.971456,38.358,19553.161216,1804.566528,586.646237184,80,71.339008,138.412032,247,0
1.0.0,2026-06-23 19:53:09.381,36.3,4.4,58,18,2040,2317.971456,44.332,19540.074496,1794.70336,586.64595456,80,71.338496,138.412032,248,0
1.0.0,2026-06-23 19:53:10.320,28.1,4.0,57,1,2040,2317.971456,37.859,19537.379328,1794.70336,586.645942272,80,71.338496,138.412032,248,0
1.0.0,2026-06-23 19:53:11.332,24.8,4.1,57,1,2040,2317.971456,36.178,19534.585856,1794.70336,586.645929984,80,71.338496,138.412032,248,0
1.0.0,2026-06-23 19:53:12.316,26.8,4.7,57,1,2040,2317.971456,36.44,19532.488704,1794.699264,586.6459136,80,71.338496,138.412032,248,0
1.0.0,2026-06-23 19:53:13.346,30.4,4.7,57,13,2040,2317.971456,41.714,19540.713472,1804.562432,586.645905408,80,71.338496,138.412032,248,0
1.0.0,2026-06-23 19:53:14.364,29.7,4.1,57,13,2040,2317.971456,40.615,19539.267584,1804.566528,586.645622784,80,71.339008,138.412032,249,0
1.0.0,2026-06-23 19:53:15.324,29.8,4.3,57,1,2040,2317.971456,40.749,19528.044544,1794.70336,586.645368832,80,71.338496,138.412032,250,0
1.0.0,2026-06-23 19:53:16.346,27.5,3.4,57,1,2040,2317.971456,36.258,19527.335936,1794.70336,586.645356544,80,71.338496,138.412032,250,0
1.0.0,2026-06-23 19:53:17.402,30.2,5.8,57,9,2040,2317.971456,39.863,19537.28512,1804.562432,586.645344256,80,71.339008,138.412032,250,0
1.0.0,2026-06-23 19:53:18.338,34.5,4.1,57,0,2040,2317.971456,41.571,19527.950336,1794.70336,586.645020672,80,71.338496,138.412032,251,0
1.0.0,2026-06-23 19:53:19.341,29.3,5.4,57,12,2040,2317.971456,40.837,19537.444864,1804.562432,586.645008384,80,71.338496,138.412032,251,0
1.0.0,2026-06-23 19:53:20.308,31.5,4.9,57,0,2040,2317.971456,39.954,19530.87488,1797.169152,586.644742144,80,71.338496,138.412032,252,0
1.0.0,2026-06-23 19:53:21.304,31.5,6.5,57,6,2040,2317.971456,38.924,19541.93408,1804.566528,586.64472576,80,71.339008,138.412032,252,0
1.0.0,2026-06-23 19:53:22.324,32.8,5.3,57,2,2040,2317.971456,42.82,19532.45184,1794.70336,586.64443904,80,71.338496,138.412032,253,0
1.0.0,2026-06-23 19:53:23.319,28.8,4.4,57,1,2040,2317.971456,36.117,19530.665984,1794.70336,586.644422656,80,71.338496,138.412032,253,0
1.0.0,2026-06-23 19:53:24.328,24.7,5.3,57,1,2040,2317.971456,36.329,19530.719232,1794.699264,586.644406272,80,71.338496,138.412032,253,0
1.0.0,2026-06-23 19:53:25.368,24.9,6.0,57,4,2040,2317.971456,36.703,19539.787776,1804.562432,586.644393984,80,71.339008,138.412032,253,0
1.0.0,2026-06-23 19:53:26.328,33.6,4.7,57,2,2040,2317.971456,42.387,19531.53024,1795.731456,586.644115456,80,71.339008,138.412032,254,0
1.0.0,2026-06-23 19:53:27.325,29.0,4.9,57,10,2040,2317.971456,39.718,19542.089728,1805.594624,586.644103168,80,71.339008,138.412032,254,0
1.0.0,2026-06-23 19:53:28.332,27.8,5.5,57,0,2040,2317.971456,40.047,19531.214848,1796.964352,586.643849216,80,71.338496,138.412032,255,0
1.0.0,2026-06-23 19:53:29.344,25.2,4.6,57,1,2040,2317.971456,36.124,19531.456512,1795.731456,586.643832832,80,71.338496,138.412032,255,0
1.0.0,2026-06-23 19:53:30.324,32.5,5.2,57,8,2040,2317.971456,40.786,19539.628032,1805.590528,586.643832832,80,71.338496,138.412032,255,0
1.0.0,2026-06-23 19:53:31.331,27.8,6.3,57,2,2040,2317.971456,39.656,19529.375744,1795.731456,586.643521536,80,71.339008,138.412032,256,0
1.0.0,2026-06-23 19:53:32.324,33.3,5.5,57,10,2040,2317.971456,41.665,19530.3424,1795.731456,586.643259392,80,71.338496,138.412032,257,0
1.0.0,2026-06-23 19:53:33.322,32.2,6.0,57,0,2040,2317.971456,38.465,19532.951552,1798.197248,586.643247104,80,71.338496,138.412032,257,0
1.0.0,2026-06-23 19:53:34.383,33.0,5.2,57,10,2040,2317.971456,40.306,19541.102592,1805.594624,586.64323072,80,71.339008,138.412032,257,0
1.0.0,2026-06-23 19:53:35.332,32.4,4.7,57,1,2040,2317.971456,43.151,19531.821056,1796.128768,586.642935808,80,71.338496,138.412032,258,0
1.0.0,2026-06-23 19:53:36.342,28.2,4.1,57,0,2040,2317.971456,36.083,19532.812288,1796.128768,586.642927616,80,71.338496,138.412032,258,0
1.0.0,2026-06-23 19:53:37.328,23.5,4.9,57,1,2040,2317.971456,36.198,19533.197312,1796.128768,586.642915328,80,71.338496,138.412032,258,0
1.0.0,2026-06-23 19:53:38.331,28.9,4.6,57,10,2040,2317.971456,37.755,19543.552,1805.98784,586.642898944,80,71.339008,138.412032,258,0
1.0.0,2026-06-23 19:53:39.371,36.6,5.3,57,6,2040,2317.971456,43.506,19531.890688,1796.128768,586.6426368,80,71.338496,138.412032,259,0
1.0.0,2026-06-23 19:53:40.386,32.7,4.2,57,10,2040,2317.971456,41.716,19540.471808,1805.991936,586.642624512,80,71.338496,138.412032,259,0
1.0.0,2026-06-23 19:53:41.354,28.1,7.6,57,1,2040,2317.971456,39.066,19521.626112,1797.091328,586.642366464,80,71.338496,138.412032,260,0
1.0.0,2026-06-23 19:53:42.354,24.9,4.8,57,1,2040,2317.971456,36.481,19520.884736,1797.087232,586.64235008,80,71.338496,138.412032,260,0
1.0.0,2026-06-23 19:53:43.361,36.0,5.6,57,12,2040,2317.971456,42.447,19528.122368,1806.979072,586.642337792,80,71.338496,138.412032,260,0
1.0.0,2026-06-23 19:53:44.350,27.7,4.5,57,0,2040,2317.971456,38.763,19506.72896,1804.517376,586.6420224,80,71.339008,138.412032,261,0
1.0.0,2026-06-23 19:53:45.355,36.4,6.1,57,5,2040,2317.971456,42.5,19500.642304,1799.59808,586.641752064,80,71.338496,138.412032,262,0
1.0.0,2026-06-23 19:53:46.380,33.0,4.8,57,4,2040,2317.971456,39.322,19501.891584,1799.59808,586.641743872,80,71.338496,138.412032,262,0
1.0.0,2026-06-23 19:53:47.354,32.4,4.5,57,11,2040,2317.971456,41.664,19509.088256,1806.995456,586.641727488,80,71.338496,138.412032,262,0
1.0.0,2026-06-23 19:53:48.366,32.5,5.5,57,1,2040,2317.971456,39.905,19498.65984,1797.132288,586.641436672,80,71.339008,138.412032,263,0
1.0.0,2026-06-23 19:53:49.376,27.6,4.4,57,0,2040,2317.971456,36.336,19498.110976,1797.132288,586.641420288,80,71.339008,138.412032,263,0
1.0.0,2026-06-23 19:53:50.367,28.5,4.3,57,1,2040,2317.971456,36.168,19497.746432,1797.128192,586.641403904,80,71.339008,138.412032,263,0
1.0.0,2026-06-23 19:53:51.468,29.2,4.3,57,11,2040,2317.971456,39.272,19508.187136,1806.99136,586.64138752,80,71.339008,138.412032,263,0
1.0.0,2026-06-23 19:53:52.448,35.5,5.4,57,1,2040,2317.971456,43.096,19508.16256,1806.995456,586.641104896,80,71.339008,138.412032,264,0
1.0.0,2026-06-23 19:53:53.415,39.7,7.3,57,6,2040,2317.971456,42.883,19509.346304,1797.136384,586.64101888,80,71.338496,138.412032,265,0
1.0.0,2026-06-23 19:53:54.426,30.7,3.5,57,1,2040,2317.971456,36.595,19506.425856,1797.132288,586.6409984,80,71.338496,138.412032,265,0
1.0.0,2026-06-23 19:53:55.401,28.3,5.6,57,10,2040,2317.971456,36.798,19515.96544,1806.995456,586.640986112,80,71.339008,138.412032,265,0
1.0.0,2026-06-23 19:53:56.406,35.7,5.5,57,4,2040,2317.971456,43.361,19503.9232,1797.132288,586.64067072,80,71.339008,138.412032,266,0
1.0.0,2026-06-23 19:53:57.453,24.9,4.3,57,13,2040,2317.971456,38.666,19514.548224,1806.995456,586.640658432,80,71.339008,138.412032,266,0
1.0.0,2026-06-23 19:53:58.413,34.2,4.5,57,4,2040,2317.971456,42.321,19507.331072,1799.59808,586.640396288,80,71.338496,138.412032,267,0
1.0.0,2026-06-23 19:53:59.430,30.6,5.9,57,1,2040,2317.971456,38.489,19508.629504,1802.063872,586.640384,80,71.339008,138.412032,267,0
1.0.0,2026-06-23 19:54:00.436,34.0,5.7,57,12,2040,2317.971456,42.796,19520.1024,1806.99136,586.640367616,80,71.339008,138.412032,267,0
1.0.0,2026-06-23 19:54:01.416,28.8,3.3,57,1,2040,2317.971456,37.784,19504.357376,1797.132288,586.640080896,80,71.339008,138.412032,268,0
1.0.0,2026-06-23 19:54:02.452,27.8,5.2,57,1,2040,2317.971456,36.553,19503.517696,1797.132288,586.640068608,80,71.339008,138.412032,268,0
1.0.0,2026-06-23 19:54:03.449,26.7,6.0,57,1,2040,2317.971456,36.522,19506.487296,1798.361088,586.640052224,80,71.339008,138.412032,268,0
1.0.0,2026-06-23 19:54:04.472,29.9,5.4,57,8,2040,2317.971456,40.99,19516.010496,1806.99136,586.640039936,80,71.338496,138.412032,268,0
1.0.0,2026-06-23 19:54:05.412,30.1,4.7,57,13,2040,2317.971456,40.226,19516.12928,1806.995456,586.639757312,80,71.339008,138.412032,269,0
1.0.0,2026-06-23 19:54:06.426,35.9,6.2,57,2,2040,2317.971456,43.55,19508.211712,1797.132288,586.640007168,80,71.338496,138.412032,270,0
1.0.0,2026-06-23 19:54:07.416,26.5,4.9,57,1,2040,2317.971456,36.275,19507.777536,1797.132288,586.63999488,80,71.338496,138.412032,270,0
1.0.0,2026-06-23 19:54:08.439,27.4,4.4,57,10,2040,2317.971456,38.233,19519.311872,1806.995456,586.639982592,80,71.339008,138.412032,270,0
1.0.0,2026-06-23 19:54:09.437,38.5,5.8,57,0,2040,2317.971456,42.556,19517.190144,1797.132288,586.639532032,80,71.339008,138.412032,271,0
1.0.0,2026-06-23 19:54:10.443,31.5,4.5,57,11,2040,2317.971456,39.356,19526.172672,1806.995456,586.639515648,80,71.339008,138.412032,271,0
1.0.0,2026-06-23 19:54:11.480,34.6,5.4,57,1,2040,2317.971456,42.109,19517.841408,1798.365184,586.639253504,80,71.338496,138.412032,272,0
1.0.0,2026-06-23 19:54:12.514,29.4,4.5,57,9,2040,2317.971456,38.323,19527.258112,1806.995456,586.639241216,80,71.339008,138.412032,272,0
1.0.0,2026-06-23 19:54:13.432,34.6,5.2,57,1,2040,2317.971456,43.209,19518.189568,1797.132288,586.638954496,80,71.339008,138.412032,273,0
1.0.0,2026-06-23 19:54:14.453,28.5,3.9,57,1,2040,2317.971456,36.331,19517.947904,1797.132288,586.638942208,80,71.339008,138.412032,273,0
1.0.0,2026-06-23 19:54:15.452,24.2,4.6,57,1,2040,2317.971456,36.128,19517.206528,1797.132288,586.638925824,80,71.339008,138.412032,273,0
1.0.0,2026-06-23 19:54:16.433,27.3,4.0,57,1,2040,2317.971456,36.4,19519.000576,1799.593984,586.638913536,80,71.339008,138.412032,273,0
1.0.0,2026-06-23 19:54:17.436,31.9,5.2,57,13,2040,2317.971456,42.023,19527.716864,1806.99136,586.638901248,80,71.338496,138.412032,273,0
1.0.0,2026-06-23 19:54:18.451,31.0,5.8,57,13,2040,2317.971456,40.457,19529.064448,1806.995456,586.638610432,80,71.339008,138.412032,274,0
1.0.0,2026-06-23 19:54:19.420,33.5,5.4,57,0,2040,2317.971456,42.184,19519.881216,1797.132288,586.638360576,80,71.338496,138.412032,275,0
1.0.0,2026-06-23 19:54:20.424,26.5,4.7,57,0,2040,2317.971456,36.237,19518.779392,1797.132288,586.638344192,80,71.338496,138.412032,275,0
1.0.0,2026-06-23 19:54:21.473,32.6,4.8,57,6,2040,2317.971456,39.818,19528.019968,1806.99136,586.638331904,80,71.338496,138.412032,275,0
1.0.0,2026-06-23 19:54:22.461,29.6,4.9,57,1,2040,2317.971456,39.814,19518.529536,1797.132288,586.638020608,80,71.338496,138.412032,276,0
1.0.0,2026-06-23 19:54:23.495,31.5,4.3,57,8,2040,2317.971456,40.858,19528.011776,1806.99136,586.63800832,80,71.338496,138.412032,276,0
1.0.0,2026-06-23 19:54:24.442,31.5,4.8,57,1,2040,2317.971456,39.722,19519.709184,1799.59808,586.637750272,80,71.338496,138.412032,277,0
1.0.0,2026-06-23 19:54:25.442,31.4,6.4,57,12,2040,2317.971456,40.403,19527.131136,1806.995456,586.637737984,80,71.339008,138.412032,277,0
1.0.0,2026-06-23 19:54:26.435,33.4,5.2,57,1,2040,2317.971456,42.616,19519.193088,1797.132288,586.637447168,80,71.339008,138.412032,278,0
1.0.0,2026-06-23 19:54:27.476,26.0,3.8,57,1,2040,2317.971456,36.188,19518.787584,1797.128192,586.63743488,80,71.339008,138.412032,278,0
1.0.0,2026-06-23 19:54:28.458,26.1,3.6,57,1,2040,2317.971456,36.158,19519.012864,1797.148672,586.637418496,80,71.339008,138.412032,278,0
1.0.0,2026-06-23 19:54:29.528,25.4,4.5,57,4,2040,2317.971456,36.448,19528.654848,1808.56832,586.637406208,80,71.339008,138.412032,278,0
1.0.0,2026-06-23 19:54:30.459,33.7,4.9,57,5,2040,2317.971456,43.166,19518.181376,1797.152768,586.637119488,80,71.339008,138.412032,279,0
1.0.0,2026-06-23 19:54:31.523,32.7,5.0,57,13,2040,2317.971456,41.378,19528.536064,1807.015936,586.6371072,80,71.338496,138.412032,279,0
1.0.0,2026-06-23 19:54:32.486,30.6,4.5,57,0,2040,2317.971456,40.178,19519.598592,1797.156864,586.636845056,80,71.338496,138.412032,280,0
1.0.0,2026-06-23 19:54:33.506,26.0,4.2,57,0,2040,2317.971456,36.208,19519.946752,1797.152768,586.636828672,80,71.338496,138.412032,280,0
1.0.0,2026-06-23 19:54:34.487,31.2,5.6,57,11,2040,2317.971456,40.793,19528.933376,1807.01184,586.636816384,80,71.338496,138.412032,280,0
1.0.0,2026-06-23 19:54:35.484,30.1,4.5,57,0,2040,2317.971456,38.137,19524.169728,1802.309632,586.636500992,80,71.339008,138.412032,281,0
1.0.0,2026-06-23 19:54:36.472,37.4,5.4,57,12,2040,2317.971456,42.374,19533.63968,1809.702912,586.636488704,80,71.338496,138.412032,281,0
1.0.0,2026-06-23 19:54:37.495,29.7,8.1,57,1,2040,2317.971456,39.646,19528.486912,1802.330112,586.63622656,80,71.338496,138.412032,282,0
1.0.0,2026-06-23 19:54:38.497,35.8,8.2,57,10,2040,2317.971456,40.23,19537.46944,1809.727488,586.636214272,80,71.338496,138.412032,282,0
1.0.0,2026-06-23 19:54:39.498,29.8,4.9,57,0,2040,2317.971456,42.124,19528.720384,1799.86432,586.635915264,80,71.338496,138.412032,283,0
1.0.0,2026-06-23 19:54:40.506,25.1,4.7,57,0,2040,2317.971456,36.057,19526.823936,1799.86432,586.63589888,80,71.338496,138.412032,283,0
1.0.0,2026-06-23 19:54:41.475,25.1,5.3,57,1,2040,2317.971456,36.317,19526.787072,1799.86432,586.635886592,80,71.338496,138.412032,283,0
1.0.0,2026-06-23 19:54:42.497,27.7,5.4,57,10,2040,2317.971456,37.468,19536.941056,1810.337792,586.635870208,80,71.339008,138.412032,283,0
1.0.0,2026-06-23 19:54:43.483,36.2,6.0,57,2,2040,2317.971456,43.363,19523.444736,1799.86432,586.63559168,80,71.338496,138.412032,284,0
1.0.0,2026-06-23 19:54:44.519,33.1,4.2,57,11,2040,2317.971456,40.853,19533.47584,1809.727488,586.635579392,80,71.338496,138.412032,284,0
1.0.0,2026-06-23 19:54:45.475,29.1,4.7,57,1,2040,2317.971456,38.22,19525.34528,1801.170944,586.634797056,80,71.338496,138.412032,285,0
1.0.0,2026-06-23 19:54:46.508,28.7,5.2,57,1,2040,2317.971456,36.12,19531.169792,1807.261696,586.634784768,80,71.339008,138.412032,285,0
1.0.0,2026-06-23 19:54:47.508,36.0,5.3,57,13,2040,2317.971456,42.643,19526.029312,1799.86432,586.63446528,80,71.338496,138.412032,286,0
1.0.0,2026-06-23 19:54:48.543,28.8,3.8,57,4,2040,2317.971456,38.065,19537.620992,1810.71872,586.634448896,80,71.339008,138.412032,286,0
1.0.0,2026-06-23 19:54:49.524,36.8,5.7,57,10,2040,2317.971456,43.71,19529.66656,1802.100736,586.634186752,80,71.338496,138.412032,287,0
1.0.0,2026-06-23 19:54:50.515,28.5,4.2,57,7,2040,2317.971456,38.376,19530.604544,1803.333632,586.634170368,80,71.338496,138.412032,287,0
1.0.0,2026-06-23 19:54:51.529,34.4,4.8,57,7,2040,2317.971456,42.21,19538.681856,1810.731008,586.63415808,80,71.338496,138.412032,287,0
1.0.0,2026-06-23 19:54:52.494,33.2,4.3,57,1,2040,2317.971456,39.927,19530.842112,1800.86784,586.633867264,80,71.339008,138.412032,288,0
1.0.0,2026-06-23 19:54:53.493,26.3,3.9,57,0,2040,2317.971456,36.453,19529.334784,1800.863744,586.633854976,80,71.339008,138.412032,288,0
1.0.0,2026-06-23 19:54:54.492,25.8,4.3,57,1,2040,2317.971456,36.265,19526.848512,1802.027008,586.633842688,80,71.339008,138.412032,288,0
1.0.0,2026-06-23 19:54:55.525,28.0,4.5,57,13,2040,2317.971456,39.571,19537.6128,1812.00896,586.633826304,80,71.339008,138.412032,288,0
1.0.0,2026-06-23 19:54:56.473,30.3,5.5,57,1,2040,2317.971456,40.646,19537.805312,1810.731008,586.633551872,80,71.339008,138.412032,289,0
1.0.0,2026-06-23 19:54:57.503,34.8,4.6,57,10,2040,2317.971456,42.345,19528.790016,1800.86784,586.633285632,80,71.338496,138.412032,290,0
1.0.0,2026-06-23 19:54:58.485,30.9,4.4,57,1,2040,2317.971456,36.685,19529.03168,1800.86784,586.633273344,80,71.338496,138.412032,290,0
1.0.0,2026-06-23 19:54:59.519,27.1,4.5,57,4,2040,2317.971456,36.66,19539.013632,1810.726912,586.63325696,80,71.339008,138.412032,290,0
1.0.0,2026-06-23 19:55:00.495,37.9,5.3,57,9,2040,2317.971456,43.679,19534.27456,1800.86784,586.632941568,80,71.338496,138.412032,291,0
1.0.0,2026-06-23 19:55:01.485,29.1,4.0,57,10,2040,2317.971456,37.905,19538.526208,1810.731008,586.632925184,80,71.339008,138.412032,291,0
1.0.0,2026-06-23 19:55:02.485,41.1,6.5,57,5,2040,2317.971456,43.56,19532.312576,1802.100736,586.632671232,80,71.338496,138.412032,292,0
1.0.0,2026-06-23 19:55:03.495,31.4,5.3,57,1,2040,2317.971456,38.52,19534.413824,1803.333632,586.632654848,80,71.338496,138.412032,292,0
1.0.0,2026-06-23 19:55:04.474,36.4,4.5,57,7,2040,2317.971456,41.746,19540.860928,1810.731008,586.63264256,80,71.339008,138.412032,292,0
1.0.0,2026-06-23 19:55:05.494,30.1,4.5,57,1,2040,2317.971456,38.95,19531.464704,1800.86784,586.632351744,80,71.338496,138.412032,293,0
1.0.0,2026-06-23 19:55:06.494,27.2,4.7,57,0,2040,2317.971456,36.327,19531.907072,1800.863744,586.63233536,80,71.338496,138.412032,293,0
1.0.0,2026-06-23 19:55:07.494,26.5,4.0,57,0,2040,2317.971456,36.264,19530.338304,1800.863744,586.632323072,80,71.338496,138.412032,293,0
1.0.0,2026-06-23 19:55:08.535,32.2,4.1,57,13,2040,2317.971456,40.846,19540.066304,1810.726912,586.632310784,80,71.338496,138.412032,293,0
1.0.0,2026-06-23 19:55:09.500,29.9,4.9,57,9,2040,2317.971456,40.824,19539.922944,1810.731008,586.631995392,80,71.339008,138.412032,294,0
1.0.0,2026-06-23 19:55:10.499,36.6,5.3,57,8,2040,2317.971456,43.777,19529.207808,1800.86784,586.631733248,80,71.338496,138.412032,295,0
1.0.0,2026-06-23 19:55:11.513,26.6,5.3,57,1,2040,2317.971456,36.944,19528.572928,1800.86784,586.631716864,80,71.338496,138.412032,295,0
1.0.0,2026-06-23 19:55:12.535,30.5,4.9,57,9,2040,2317.971456,38.113,19538.448384,1810.731008,586.631704576,80,71.339008,138.412032,295,0
1.0.0,2026-06-23 19:55:13.499,34.3,5.1,57,2,2040,2317.971456,42.691,19529.46176,1801.27744,586.631389184,80,71.339008,138.412032,296,0
1.0.0,2026-06-23 19:55:14.499,31.1,4.7,57,12,2040,2317.971456,38.792,19539.247104,1810.726912,586.631376896,80,71.339008,138.412032,296,0
1.0.0,2026-06-23 19:55:15.510,33.8,5.4,57,4,2040,2317.971456,42.198,19531.460608,1803.333632,586.631114752,80,71.338496,138.412032,297,0
1.0.0,2026-06-23 19:55:16.495,29.6,6.1,57,1,2040,2317.971456,38.406,19539.730432,1810.731008,586.631102464,80,71.339008,138.412032,297,0
1.0.0,2026-06-23 19:55:17.485,35.6,5.6,57,12,2040,2317.971456,43.024,19538.563072,1810.726912,586.631094272,80,71.338496,138.412032,297,0
1.0.0,2026-06-23 19:55:18.505,27.6,4.9,57,1,2040,2317.971456,38.863,19528.454144,1800.86784,586.63079936,80,71.338496,138.412032,298,0
1.0.0,2026-06-23 19:55:19.466,26.5,6.3,57,1,2040,2317.971456,36.594,19528.196096,1800.86784,586.630782976,80,71.338496,138.412032,298,0
1.0.0,2026-06-23 19:55:20.507,26.6,4.2,57,1,2040,2317.971456,36.519,19529.199616,1800.863744,586.630770688,80,71.338496,138.412032,298,0
1.0.0,2026-06-23 19:55:21.544,35.2,6.7,57,16,2040,2317.971456,41.86,19538.956288,1810.726912,586.6307584,80,71.338496,138.412032,298,0
1.0.0,2026-06-23 19:55:22.492,31.7,4.8,57,10,2040,2317.971456,41.599,19539.623936,1810.731008,586.630475776,80,71.339008,138.412032,299,0
1.0.0,2026-06-23 19:55:23.506,33.3,5.2,57,1,2040,2317.971456,42.137,19531.218944,1800.871936,586.630221824,80,71.338496,138.412032,300,0
1.0.0,2026-06-23 19:55:24.499,29.1,5.4,57,2,2040,2317.971456,36.094,19531.026432,1800.86784,586.630209536,80,71.338496,138.412032,300,0
1.0.0,2026-06-23 19:55:25.509,33.5,4.9,57,10,2040,2317.971456,38.525,19542.413312,1810.726912,586.630197248,80,71.339008,138.412032,300,0
1.0.0,2026-06-23 19:55:26.489,30.0,3.9,57,1,2040,2317.971456,41.476,19532.398592,1802.01472,586.629812224,80,71.339008,138.412032,301,0
1.0.0,2026-06-23 19:55:27.495,31.6,6.1,57,11,2040,2317.971456,40.178,19543.072768,1810.726912,586.629799936,80,71.338496,138.412032,301,0
1.0.0,2026-06-23 19:55:28.490,33.0,4.6,57,1,2040,2317.971456,41.151,19535.454208,1803.333632,586.629537792,80,71.338496,138.412032,302,0
1.0.0,2026-06-23 19:55:29.501,30.8,5.2,57,11,2040,2317.971456,39.305,19543.564288,1810.731008,586.629521408,80,71.339008,138.412032,302,0
1.0.0,2026-06-23 19:55:30.482,32.1,5.7,57,3,2040,2317.971456,43.387,19531.010048,1800.86784,586.62924288,80,71.339008,138.412032,303,0
1.0.0,2026-06-23 19:55:31.507,26.1,4.5,57,1,2040,2317.971456,36.265,19530.91584,1800.86784,586.629226496,80,71.339008,138.412032,303,0
1.0.0,2026-06-23 19:55:32.508,27.2,5.1,57,1,2040,2317.971456,36.083,19531.69408,1800.86784,586.629214208,80,71.339008,138.412032,303,0
1.0.0,2026-06-23 19:55:33.487,27.6,5.3,57,1,2040,2317.971456,36.383,19544.293376,1810.726912,586.629197824,80,71.339008,138.412032,303,0
1.0.0,2026-06-23 19:55:34.483,34.7,5.5,57,10,2040,2317.971456,42.827,19534.651392,1801.940992,586.628931584,80,71.338496,138.412032,304,0
1.0.0,2026-06-23 19:55:35.601,36.1,5.5,57,11,2040,2317.971456,41.24,19543.957504,1811.173376,586.628919296,80,71.338496,138.412032,304,0
1.0.0,2026-06-23 19:55:36.486,32.5,5.6,57,1,2040,2317.971456,40.208,19536.13824,1801.3184,586.628521984,80,71.338496,138.412032,305,0
1.0.0,2026-06-23 19:55:37.513,27.0,4.3,57,0,2040,2317.971456,36.166,19535.33952,1801.3184,586.6285056,80,71.338496,138.412032,305,0
1.0.0,2026-06-23 19:55:38.502,33.2,4.7,57,11,2040,2317.971456,40.331,19545.665536,1811.181568,586.628497408,80,71.338496,138.412032,305,0
1.0.0,2026-06-23 19:55:39.521,27.6,4.8,57,0,2040,2317.971456,40.207,19535.85152,1801.900032,586.628173824,80,71.338496,138.412032,306,0
1.0.0,2026-06-23 19:55:40.505,33.6,5.3,57,8,2040,2317.971456,41.045,19545.432064,1811.144704,586.628165632,80,71.338496,138.412032,306,0
1.0.0,2026-06-23 19:55:41.498,31.0,5.8,57,0,2040,2317.971456,39.626,19538.59584,1803.751424,586.627903488,80,71.338496,138.412032,307,0
1.0.0,2026-06-23 19:55:42.540,31.5,5.1,57,9,2040,2317.971456,39.949,19544.817664,1811.1488,586.6278912,80,71.339008,138.412032,307,0
1.0.0,2026-06-23 19:55:43.543,32.2,4.0,57,1,2040,2317.971456,41.731,19535.27808,1801.285632,586.62760448,80,71.338496,138.412032,308,0
1.0.0,2026-06-23 19:55:44.535,26.5,4.9,57,1,2040,2317.971456,36.524,19535.757312,1801.302016,586.627588096,80,71.338496,138.412032,308,0
1.0.0,2026-06-23 19:55:45.541,26.4,5.1,57,1,2040,2317.971456,36.285,19535.884288,1801.302016,586.627575808,80,71.338496,138.412032,308,0
1.0.0,2026-06-23 19:55:46.555,29.6,5.0,57,12,2040,2317.971456,37.763,19545.526272,1811.165184,586.62756352,80,71.339008,138.412032,308,0
1.0.0,2026-06-23 19:55:47.548,34.2,4.7,57,2,2040,2317.971456,42.843,19535.876096,1801.306112,586.6272768,80,71.339008,138.412032,309,0
1.0.0,2026-06-23 19:55:48.530,36.1,5.4,57,7,2040,2317.971456,40.615,19545.391104,1811.165184,586.627264512,80,71.338496,138.412032,309,0
1.0.0,2026-06-23 19:55:49.563,30.6,5.2,57,1,2040,2317.971456,40.944,19535.425536,1801.306112,586.626998272,80,71.338496,138.412032,310,0
1.0.0,2026-06-23 19:55:50.548,26.6,4.6,57,1,2040,2317.971456,36.045,19541.102592,1806.237696,586.626981888,80,71.339008,138.412032,310,0
1.0.0,2026-06-23 19:55:51.527,34.6,5.5,57,11,2040,2317.971456,41.777,19545.747456,1811.165184,586.626973696,80,71.338496,138.412032,310,0
1.0.0,2026-06-23 19:55:52.574,29.6,5.2,57,1,2040,2327.867392,38.999,19546.615808,1811.16928,586.62662144,80,71.339008,138.412032,311,0
1.0.0,2026-06-23 19:55:53.574,37.8,6.5,57,13,2040,2317.971456,42.484,19526.959104,1802.539008,586.626363392,80,71.338496,138.412032,312,0
1.0.0,2026-06-23 19:55:54.575,28.9,5.0,57,4,2040,2317.971456,39.375,19523.960832,1803.771904,586.626351104,80,71.338496,138.412032,312,0
1.0.0,2026-06-23 19:55:55.601,33.7,7.3,57,7,2040,2317.971456,41.108,19528.851456,1811.16928,586.626338816,80,71.338496,138.412032,312,0
1.0.0,2026-06-23 19:55:56.582,33.8,4.6,57,0,2040,2317.971456,42.046,19517.702144,1801.306112,586.626052096,80,71.338496,138.412032,313,0
1.0.0,2026-06-23 19:55:57.579,26.5,3.5,57,0,2040,2317.971456,36.105,19516.698624,1801.306112,586.626039808,80,71.338496,138.412032,313,0
1.0.0,2026-06-23 19:55:58.598,26.1,5.0,57,0,2040,2317.971456,36.182,19515.518976,1801.302016,586.626023424,80,71.338496,138.412032,313,0
1.0.0,2026-06-23 19:55:59.659,36.8,5.1,57,13,2040,2317.971456,38.771,19525.103616,1811.165184,586.626011136,80,71.339008,138.412032,313,0
1.0.0,2026-06-23 19:56:00.583,30.7,4.3,57,2,2040,2317.971456,42.499,19526.8608,1811.16928,586.625728512,80,71.339008,138.412032,314,0
1.0.0,2026-06-23 19:56:01.586,35.0,5.6,58,10,2040,2317.971456,42.16,19515.424768,1801.306112,586.625466368,80,71.338496,138.412032,315,0
1.0.0,2026-06-23 19:56:02.583,28.1,4.2,57,1,2040,2317.971456,37.673,19518.513152,1801.306112,586.625449984,80,71.338496,138.412032,315,0
1.0.0,2026-06-23 19:56:03.644,31.4,5.9,57,1,2040,2317.971456,36.459,19526.4512,1811.165184,586.625437696,80,71.339008,138.412032,315,0
1.0.0,2026-06-23 19:56:04.620,36.3,4.8,57,13,2040,2317.971456,43.265,19516.592128,1801.306112,586.6251264,80,71.339008,138.412032,316,0
1.0.0,2026-06-23 19:56:05.664,30.2,4.6,57,10,2040,2317.971456,39.09,19527.016448,1811.16928,586.625114112,80,71.339008,138.412032,316,0
1.0.0,2026-06-23 19:56:06.580,32.9,6.2,57,5,2040,2317.971456,42.531,19518.087168,1802.539008,586.624864256,80,71.338496,138.412032,317,0
1.0.0,2026-06-23 19:56:07.624,28.8,3.9,57,6,2040,2317.971456,38.93,19522.265088,1807.470592,586.62483968,80,71.339008,138.412032,317,0
1.0.0,2026-06-23 19:56:08.646,35.6,4.9,57,8,2040,2317.971456,41.55,19517.571072,1802.784768,586.62455296,80,71.338496,138.412032,318,0
1.0.0,2026-06-23 19:56:09.655,26.5,7.0,57,1,2040,2317.971456,38.813,19523.66592,1801.306112,586.62453248,80,71.338496,138.412032,318,0
1.0.0,2026-06-23 19:56:10.627,27.7,7.1,57,1,2040,2317.971456,36.356,19521.118208,1801.306112,586.624520192,80,71.338496,138.412032,318,0
1.0.0,2026-06-23 19:56:11.633,25.9,4.7,57,1,2040,2317.971456,36.205,19520.782336,1801.302016,586.624507904,80,71.338496,138.412032,318,0
1.0.0,2026-06-23 19:56:12.670,33.7,4.0,57,7,2040,2317.971456,39.697,19530.768384,1811.165184,586.624495616,80,71.338496,138.412032,318,0
1.0.0,2026-06-23 19:56:13.635,32.5,5.7,57,6,2040,2317.971456,41.449,19533.451264,1811.16928,586.623971328,80,71.339008,138.412032,319,0
1.0.0,2026-06-23 19:56:14.643,35.0,4.4,57,13,2040,2317.971456,43.687,19524.108288,1801.310208,586.623705088,80,71.338496,138.412032,320,0
1.0.0,2026-06-23 19:56:15.659,27.4,3.1,57,1,2040,2317.971456,37.157,19523.403776,1801.306112,586.623696896,80,71.338496,138.412032,320,0
1.0.0,2026-06-23 19:56:16.695,32.9,5.5,57,9,2040,2317.971456,37.542,19532.763136,1811.165184,586.623684608,80,71.339008,138.412032,320,0
1.0.0,2026-06-23 19:56:17.690,34.0,4.9,57,10,2040,2317.971456,43.88,19522.719744,1801.306112,586.623377408,80,71.339008,138.412032,321,0
1.0.0,2026-06-23 19:56:18.667,32.2,4.0,57,13,2040,2317.971456,38.957,19533.2096,1811.976192,586.623361024,80,71.339008,138.412032,321,0
1.0.0,2026-06-23 19:56:19.654,32.4,5.2,57,7,2040,2317.971456,42.486,19526.115328,1802.539008,586.623107072,80,71.338496,138.412032,322,0
1.0.0,2026-06-23 19:56:20.680,30.8,4.9,57,1,2040,2317.971456,38.789,19534.344192,1811.16928,586.623094784,80,71.339008,138.412032,322,0
1.0.0,2026-06-23 19:56:21.701,37.4,4.9,57,10,2040,2317.971456,42.279,19526.582272,1801.306112,586.62279168,80,71.338496,138.412032,323,0
1.0.0,2026-06-23 19:56:22.686,26.2,4.6,57,1,2040,2317.971456,39.295,19525.820416,1801.306112,586.62279168,80,71.338496,138.412032,323,0
1.0.0,2026-06-23 19:56:23.664,27.0,4.3,57,1,2040,2317.971456,36.11,19524.75136,1801.306112,586.622779392,80,71.338496,138.412032,323,0
1.0.0,2026-06-23 19:56:24.731,27.0,4.0,57,1,2040,2317.971456,36.316,19533.627392,1811.165184,586.62275072,80,71.339008,138.412032,323,0
1.0.0,2026-06-23 19:56:25.731,36.0,7.6,57,11,2040,2317.971456,41.165,19533.971456,1801.306112,586.622480384,80,71.338496,138.412032,324,0
1.0.0,2026-06-23 19:56:26.709,32.4,3.7,57,6,2040,2317.971456,41.036,19543.26528,1811.16928,586.622480384,80,71.338496,138.412032,324,0
1.0.0,2026-06-23 19:56:27.707,32.9,3.5,57,2,2040,2317.971456,42.77,19534.823424,1801.306112,586.622230528,80,71.338496,138.412032,325,0
1.0.0,2026-06-23 19:56:28.693,27.2,3.9,57,1,2040,2317.971456,36.009,19534.17216,1801.306112,586.622214144,80,71.338496,138.412032,325,0
1.0.0,2026-06-23 19:56:29.696,32.4,4.6,57,12,2040,2317.971456,39.14,19542.646784,1811.165184,586.62219776,80,71.338496,138.412032,325,0
1.0.0,2026-06-23 19:56:30.681,32.0,4.1,57,1,2040,2317.971456,42.855,19528.994816,1801.306112,586.621886464,80,71.338496,138.412032,326,0
1.0.0,2026-06-23 19:56:31.677,35.1,5.5,57,9,2040,2317.971456,39.45,19538.96448,1811.165184,586.62187008,80,71.338496,138.412032,326,0
1.0.0,2026-06-23 19:56:32.692,30.7,4.4,57,1,2040,2317.971456,42.324,19533.303808,1803.771904,586.621612032,80,71.338496,138.412032,327,0
1.0.0,2026-06-23 19:56:33.677,29.8,4.0,57,10,2040,2317.971456,38.091,19540.144128,1811.16928,586.621599744,80,71.339008,138.412032,327,0
1.0.0,2026-06-23 19:56:34.669,32.5,5.5,57,2,2040,2317.971456,42.642,19529.838592,1801.306112,586.621308928,80,71.338496,138.412032,328,0
1.0.0,2026-06-23 19:56:35.737,25.0,4.2,57,0,2040,2317.971456,36.054,19531.14112,1802.121216,586.621292544,80,71.338496,138.412032,328,0
1.0.0,2026-06-23 19:56:36.719,27.9,3.3,57,1,2040,2317.971456,36.014,19532.300288,1803.20256,586.621284352,80,71.338496,138.412032,328,0
1.0.0,2026-06-23 19:56:37.658,31.2,4.8,57,1,2040,2317.971456,36.074,19542.212608,1811.980288,586.621267968,80,71.339008,138.412032,328,0
1.0.0,2026-06-23 19:56:38.692,32.3,6.4,57,8,2040,2317.971456,42.218,19532.20608,1802.121216,586.620985344,80,71.339008,138.412032,329,0
1.0.0,2026-06-23 19:56:39.681,34.3,4.3,57,13,2040,2317.971456,41.645,19543.977984,1811.984384,586.620973056,80,71.338496,138.412032,329,0
1.0.0,2026-06-23 19:56:40.686,27.9,5.7,57,1,2040,2317.971456,41.184,19534.696448,1802.125312,586.6207232,80,71.338496,138.412032,330,0
1.0.0,2026-06-23 19:56:41.686,27.7,4.9,57,1,2040,2317.971456,36.167,19533.7216,1802.121216,586.620698624,80,71.338496,138.412032,330,0
1.0.0,2026-06-23 19:56:42.702,34.7,6.0,57,13,2040,2317.971456,40.251,19534.491648,1802.121216,586.620379136,80,71.338496,138.412032,331,0
1.0.0,2026-06-23 19:56:43.702,29.1,3.6,57,0,2040,2317.971456,39.779,19541.753856,1809.518592,586.620366848,80,71.339008,138.412032,331,0
1.0.0,2026-06-23 19:56:44.775,33.9,5.8,57,13,2040,2317.971456,40.644,19536.67072,1803.354112,586.620100608,80,71.338496,138.412032,332,0
1.0.0,2026-06-23 19:56:45.687,28.5,3.2,57,1,2040,2317.971456,40.636,19536.32256,1804.587008,586.62008832,80,71.338496,138.412032,332,0
1.0.0,2026-06-23 19:56:46.750,33.1,5.6,57,13,2040,2317.971456,39.823,19543.764992,1811.984384,586.620076032,80,71.338496,138.412032,332,0
1.0.0,2026-06-23 19:56:47.709,28.3,2.9,57,0,2040,2317.971456,42.429,19534.143488,1803.354112,586.619789312,80,71.339008,138.412032,333,0
1.0.0,2026-06-23 19:56:48.691,26.7,3.2,57,1,2040,2317.971456,36.263,19533.901824,1802.121216,586.619772928,80,71.339008,138.412032,333,0
1.0.0,2026-06-23 19:56:49.704,27.2,3.8,57,1,2040,2317.971456,36.367,19533.627392,1802.11712,586.61976064,80,71.339008,138.412032,333,0
1.0.0,2026-06-23 19:56:50.773,29.6,4.7,57,4,2040,2317.971456,36.841,19544.711168,1811.980288,586.619744256,80,71.339008,138.412032,333,0
1.0.0,2026-06-23 19:56:51.727,33.1,5.2,57,7,2040,2317.90592,42.864,19542.278144,1807.0528,586.6299392,80,71.339008,138.412032,334,0
1.0.0,2026-06-23 19:56:52.784,35.9,4.3,57,10,2040,2317.90592,40.557,19535.949824,1802.121216,586.629677056,80,71.338496,138.412032,335,0
1.0.0,2026-06-23 19:56:53.698,25.1,3.4,57,1,2040,2317.90592,40.114,19533.545472,1802.121216,586.629668864,80,71.338496,138.412032,335,0
1.0.0,2026-06-23 19:56:54.705,27.1,4.0,57,1,2040,2317.90592,36.126,19543.523328,1811.984384,586.62965248,80,71.339008,138.412032,335,0
1.0.0,2026-06-23 19:56:55.747,34.5,5.4,57,12,2040,2317.90592,40.684,19536.883712,1802.121216,586.62934528,80,71.338496,138.412032,336,0
1.0.0,2026-06-23 19:56:56.727,29.2,4.3,57,1,2040,2317.90592,39.944,19544.064,1811.984384,586.629332992,80,71.339008,138.412032,336,0
1.0.0,2026-06-23 19:56:57.697,29.2,5.0,57,2,2040,2317.90592,41.342,19537.457152,1804.587008,586.628964352,80,71.338496,138.412032,337,0
1.0.0,2026-06-23 19:56:58.724,33.4,4.0,57,1,2040,2317.90592,38.28,19537.477632,1805.377536,586.628952064,80,71.338496,138.412032,337,0
1.0.0,2026-06-23 19:56:59.710,35.2,4.4,57,11,2040,2317.90592,40.543,19545.362432,1811.980288,586.628939776,80,71.338496,138.412032,337,0
1.0.0,2026-06-23 19:57:00.719,30.2,4.0,57,1,2040,2317.90592,41.021,19539.173376,1802.121216,586.628579328,80,71.338496,138.412032,338,0
1.0.0,2026-06-23 19:57:01.736,30.2,5.1,57,1,2040,2317.90592,36.081,19534.80704,1802.121216,586.62856704,80,71.338496,138.412032,338,0
1.0.0,2026-06-23 19:57:02.699,23.4,3.7,57,1,2040,2317.90592,36.496,19535.282176,1802.11712,586.628550656,80,71.338496,138.412032,338,0
1.0.0,2026-06-23 19:57:03.755,32.8,4.7,57,13,2040,2317.90592,37.506,19544.838144,1812.606976,586.628538368,80,71.339008,138.412032,338,0
1.0.0,2026-06-23 19:57:04.718,32.8,4.2,57,0,2040,2317.90592,43.105,19545.76384,1811.984384,586.628255744,80,71.339008,138.412032,339,0
1.0.0,2026-06-23 19:57:05.724,35.5,4.2,57,9,2040,2317.90592,40.948,19536.748544,1802.121216,586.628009984,80,71.338496,138.412032,340,0
1.0.0,2026-06-23 19:57:06.715,35.5,4.2,57,0,2040,2317.90592,38.807,19536.498688,1802.121216,586.627997696,80,71.338496,138.412032,340,0
1.0.0,2026-06-23 19:57:07.755,27.8,4.7,57,1,2040,2317.90592,36.119,19546.148864,1811.984384,586.627874816,80,71.339008,138.412032,340,0
1.0.0,2026-06-23 19:57:08.735,34.8,3.8,57,9,2040,2317.90592,42.431,19536.654336,1802.121216,586.62756352,80,71.339008,138.412032,341,0
1.0.0,2026-06-23 19:57:09.793,28.8,5.7,57,4,2040,2317.90592,38.317,19546.595328,1813.540864,586.627547136,80,71.339008,138.412032,341,0
1.0.0,2026-06-23 19:57:10.737,34.4,4.8,57,8,2040,2317.90592,42.584,19539.521536,1803.354112,586.627284992,80,71.338496,138.412032,342,0
1.0.0,2026-06-23 19:57:11.822,30.4,5.0,57,6,2040,2317.90592,38.747,19547.639808,1811.984384,586.627268608,80,71.339008,138.412032,342,0
1.0.0,2026-06-23 19:57:12.732,32.8,5.6,57,13,2040,2317.90592,41.503,19538.956288,1802.121216,586.626985984,80,71.338496,138.412032,343,0
1.0.0,2026-06-23 19:57:13.705,32.8,4.0,57,1,2040,2317.90592,39.017,19537.944576,1802.121216,586.626973696,80,71.338496,138.412032,343,0
1.0.0,2026-06-23 19:57:14.730,27.4,4.6,57,0,2040,2317.90592,36.29,19538.722816,1802.121216,586.626961408,80,71.338496,138.412032,343,0
1.0.0,2026-06-23 19:57:15.722,27.4,4.7,57,1,2040,2317.90592,36.368,19538.604032,1802.682368,586.626945024,80,71.338496,138.412032,343,0
1.0.0,2026-06-23 19:57:16.739,32.9,5.3,57,12,2040,2317.90592,39.576,19540.533248,1802.121216,586.626666496,80,71.339008,138.412032,344,0
1.0.0,2026-06-23 19:57:17.708,33.9,4.6,57,1,2040,2317.90592,40.169,19550.814208,1811.984384,586.626654208,80,71.339008,138.412032,344,0
1.0.0,2026-06-23 19:57:18.739,31.9,3.7,57,13,2040,2317.90592,42.842,19541.426176,1803.22304,586.626392064,80,71.338496,138.412032,345,0
1.0.0,2026-06-23 19:57:19.744,27.3,3.5,57,1,2040,2317.90592,37.278,19541.270528,1802.121216,586.626379776,80,71.338496,138.412032,345,0
1.0.0,2026-06-23 19:57:20.818,35.3,3.9,57,12,2040,2317.90592,36.61,19552.116736,1811.980288,586.626363392,80,71.339008,138.412032,345,0
1.0.0,2026-06-23 19:57:21.761,30.5,4.5,57,7,2040,2317.90592,43.889,19543.9616,1802.121216,586.625990656,80,71.338496,138.412032,346,0
1.0.0,2026-06-23 19:57:22.808,31.4,5.1,57,14,2040,2317.90592,38.224,19553.411072,1811.980288,586.625974272,80,71.338496,138.412032,346,0
1.0.0,2026-06-23 19:57:23.750,32.3,4.7,57,7,2040,2317.90592,43.031,19545.358336,1804.587008,586.625708032,80,71.338496,138.412032,347,0
1.0.0,2026-06-23 19:57:24.829,33.5,5.6,57,13,2040,2317.90592,41.078,19553.406976,1811.984384,586.625691648,80,71.339008,138.412032,347,0
1.0.0,2026-06-23 19:57:25.795,34.2,5.4,57,12,2040,2317.90592,43.047,19545.186304,1802.121216,586.625409024,80,71.338496,138.412032,348,0
1.0.0,2026-06-23 19:57:26.818,26.2,3.7,57,0,2040,2317.90592,38.843,19544.498176,1802.121216,586.625396736,80,71.338496,138.412032,348,0
1.0.0,2026-06-23 19:57:27.795,25.5,3.6,57,0,2040,2317.90592,36.177,19544.031232,1802.121216,586.625384448,80,71.338496,138.412032,348,0
1.0.0,2026-06-23 19:57:28.818,29.2,4.9,57,0,2040,2317.90592,36.345,19554.234368,1811.980288,586.625368064,80,71.339008,138.412032,348,0
1.0.0,2026-06-23 19:57:29.789,34.3,5.2,57,12,2040,2317.90592,41.372,19554.676736,1811.980288,586.625355776,80,71.338496,138.412032,348,0
1.0.0,2026-06-23 19:57:30.804,35.8,5.2,57,8,2040,2317.90592,42.048,19552.17408,1811.984384,586.625089536,80,71.339008,138.412032,349,0
1.0.0,2026-06-23 19:57:31.865,30.1,4.8,57,1,2040,2317.90592,42.273,19541.487616,1802.121216,586.62475776,80,71.339008,138.412032,350,0
1.0.0,2026-06-23 19:57:32.832,26.2,3.9,57,1,2040,2317.90592,36.06,19540.992,1802.121216,586.624745472,80,71.339008,138.412032,350,0
1.0.0,2026-06-23 19:57:33.819,29.1,4.5,57,10,2040,2317.90592,38.718,19550.810112,1811.980288,586.624733184,80,71.338496,138.412032,350,0
1.0.0,2026-06-23 19:57:34.819,30.0,5.7,57,1,2040,2317.90592,42.449,19539.02592,1802.121216,586.624421888,80,71.338496,138.412032,351,0
1.0.0,2026-06-23 19:57:35.951,34.8,4.8,57,0,2040,2317.90592,42.304,19550.318592,1811.959808,586.6244096,80,71.338496,138.412032,351,0
1.0.0,2026-06-23 19:57:36.819,28.1,5.7,57,1,2040,2317.90592,41.359,19545.808896,1805.570048,586.624151552,80,71.338496,138.412032,352,0
1.0.0,2026-06-23 19:57:37.839,32.4,3.8,57,4,2040,2317.90592,38.107,19553.357824,1812.967424,586.624135168,80,71.339008,138.412032,352,0
1.0.0,2026-06-23 19:57:38.846,32.0,3.4,57,4,2040,2317.90592,43.232,19542.71232,1803.104256,586.623848448,80,71.338496,138.412032,353,0
1.0.0,2026-06-23 19:57:39.839,25.9,3.7,57,1,2040,2317.90592,36.383,19542.925312,1803.10016,586.623832064,80,71.338496,138.412032,353,0
1.0.0,2026-06-23 19:57:40.839,24.5,3.4,57,1,2040,2317.90592,36.371,19542.777856,1803.10016,586.623819776,80,71.338496,138.412032,353,0
1.0.0,2026-06-23 19:57:41.871,27.7,4.4,57,10,2040,2317.90592,39.286,19553.13664,1812.963328,586.623803392,80,71.339008,138.412032,353,0
1.0.0,2026-06-23 19:57:42.825,33.7,4.7,57,11,2040,2317.90592,42.452,19542.515712,1803.104256,586.623541248,80,71.338496,138.412032,354,0
1.0.0,2026-06-23 19:57:43.839,32.9,3.7,57,9,2040,2317.90592,41.016,19552.739328,1812.967424,586.62352896,80,71.338496,138.412032,354,0
1.0.0,2026-06-23 19:57:44.847,28.8,3.9,57,1,2040,2317.90592,41.188,19543.310336,1803.104256,586.623275008,80,71.338496,138.412032,355,0
1.0.0,2026-06-23 19:57:45.857,27.7,3.8,57,1,2040,2317.90592,36.183,19545.268224,1806.401536,586.623258624,80,71.339008,138.412032,355,0
1.0.0,2026-06-23 19:57:46.849,34.7,3.9,57,8,2040,2317.90592,43.443,19551.60064,1812.963328,586.623250432,80,71.338496,138.412032,355,0
1.0.0,2026-06-23 19:57:47.855,25.2,3.9,57,7,2040,2317.90592,38.614,19551.072256,1812.967424,586.622939136,80,71.339008,138.412032,356,0
1.0.0,2026-06-23 19:57:48.860,35.4,5.1,57,7,2040,2317.90592,43.876,19550.539776,1812.963328,586.622926848,80,71.338496,138.412032,356,0
1.0.0,2026-06-23 19:57:49.842,31.7,3.8,57,2,2040,2317.90592,41.359,19542.67136,1805.570048,586.622660608,80,71.338496,138.412032,357,0
1.0.0,2026-06-23 19:57:50.857,33.8,5.2,57,10,2040,2317.90592,42.654,19549.790208,1812.967424,586.62264832,80,71.338496,138.412032,357,0
1.0.0,2026-06-23 19:57:51.839,32.2,5.6,57,1,2040,2317.90592,42.138,19542.204416,1803.104256,586.622353408,80,71.338496,138.412032,358,0
1.0.0,2026-06-23 19:57:52.869,32.1,7.3,57,1,2040,2317.90592,36.506,19583.696896,1803.10016,586.622291968,80,71.338496,138.412032,358,0
1.0.0,2026-06-23 19:57:53.859,27.6,3.9,57,1,2040,2317.90592,36.569,19573.645312,1804.333056,586.622251008,80,71.338496,138.412032,358,0
1.0.0,2026-06-23 19:57:54.880,31.7,5.8,57,13,2040,2317.90592,40.484,19565.28128,1812.963328,586.622275584,80,71.339008,138.412032,358,0
1.0.0,2026-06-23 19:57:55.878,29.7,5.1,57,7,2040,2317.90592,40.518,19564.163072,1812.967424,586.62199296,80,71.339008,138.412032,359,0
1.0.0,2026-06-23 19:57:56.865,35.0,4.0,57,7,2040,2317.90592,43.669,19551.00672,1803.104256,586.621730816,80,71.338496,138.412032,360,0
1.0.0,2026-06-23 19:57:57.882,26.5,3.2,57,1,2040,2317.90592,36.503,19550.28992,1803.104256,586.621718528,80,71.338496,138.412032,360,0
1.0.0,2026-06-23 19:57:58.888,26.0,4.2,57,10,2040,2317.90592,37.799,19559.043072,1810.890752,586.621702144,80,71.339008,138.412032,360,0
1.0.0,2026-06-23 19:57:59.858,37.0,5.5,57,13,2040,2317.90592,43.793,19548.471296,1813.23776,586.621693952,80,71.338496,138.412032,360,0
1.0.0,2026-06-23 19:58:00.879,32.4,4.5,57,8,2040,2317.90592,39.428,19548.3648,1812.967424,586.621394944,80,71.339008,138.412032,361,0
1.0.0,2026-06-23 19:58:01.871,39.1,4.9,57,6,2040,2317.90592,43.923,19530.612736,1804.337152,586.621128704,80,71.338496,138.412032,362,0
1.0.0,2026-06-23 19:58:02.868,27.9,4.3,57,1,2040,2317.90592,37.642,19535.470592,1808.03584,586.621116416,80,71.339008,138.412032,362,0
1.0.0,2026-06-23 19:58:03.890,35.9,4.3,57,9,2040,2317.90592,43.676,19541.590016,1813.9136,586.621038592,80,71.338496,138.412032,362,0
1.0.0,2026-06-23 19:58:04.873,30.3,3.9,57,0,2040,2317.90592,37.361,19531.3664,1803.104256,586.620739584,80,71.338496,138.412032,363,0
1.0.0,2026-06-23 19:58:05.883,24.5,4.6,57,1,2040,2317.90592,36.275,19530.612736,1803.10016,586.620727296,80,71.338496,138.412032,363,0
1.0.0,2026-06-23 19:58:06.866,27.7,4.7,57,1,2040,2317.90592,36.529,19530.633216,1804.65664,586.620710912,80,71.338496,138.412032,363,0
1.0.0,2026-06-23 19:58:07.892,36.0,5.2,57,12,2040,2317.90592,41.836,19540.897792,1812.963328,586.620698624,80,71.338496,138.412032,363,0
1.0.0,2026-06-23 19:58:08.882,31.4,3.5,57,7,2040,2317.90592,41.154,19540.983808,1812.967424,586.620411904,80,71.339008,138.412032,364,0
1.0.0,2026-06-23 19:58:09.875,35.2,5.2,57,1,2040,2317.90592,41.902,19539.51744,1803.108352,586.620145664,80,71.338496,138.412032,365,0
1.0.0,2026-06-23 19:58:10.886,26.4,3.7,57,1,2040,2317.90592,36.342,19535.745024,1803.104256,586.62012928,80,71.338496,138.412032,365,0
1.0.0,2026-06-23 19:58:11.858,32.8,5.1,57,12,2040,2317.90592,39.52,19546.112,1812.967424,586.620116992,80,71.339008,138.412032,365,0
1.0.0,2026-06-23 19:58:12.863,33.7,3.8,57,1,2040,2317.90592,41.865,19536.809984,1803.104256,586.619674624,80,71.339008,138.412032,366,0
1.0.0,2026-06-23 19:58:13.935,30.5,4.3,57,11,2040,2317.90592,39.533,19546.832896,1812.963328,586.61965824,80,71.339008,138.412032,366,0
1.0.0,2026-06-23 19:58:14.891,32.1,4.4,57,1,2040,2317.90592,41.477,19540.815872,1805.570048,586.619392,80,71.338496,138.412032,367,0
1.0.0,2026-06-23 19:58:15.965,30.2,4.4,57,13,2040,2317.90592,38.976,19547.15648,1812.967424,586.619375616,80,71.339008,138.412032,367,0
1.0.0,2026-06-23 19:58:16.880,37.5,3.9,57,2,2040,2317.90592,43.514,19537.420288,1803.104256,586.619088896,80,71.339008,138.412032,368,0
1.0.0,2026-06-23 19:58:17.940,27.0,4.0,57,1,2040,2317.90592,36.211,19537.977344,1803.104256,586.619072512,80,71.339008,138.412032,368,0
1.0.0,2026-06-23 19:58:18.930,24.6,4.3,57,1,2040,2317.90592,36.203,19538.624512,1803.10016,586.619056128,80,71.339008,138.412032,368,0
1.0.0,2026-06-23 19:58:19.909,24.7,4.7,57,1,2040,2317.90592,36.325,19540.729856,1805.565952,586.61904384,80,71.339008,138.412032,368,0
1.0.0,2026-06-23 19:58:21.010,35.0,4.5,57,7,2040,2317.90592,42.694,19548.196864,1812.963328,586.619031552,80,71.338496,138.412032,368,0
1.0.0,2026-06-23 19:58:21.995,34.8,5.0,57,5,2040,2317.90592,42.242,19547.533312,1812.967424,586.618765312,80,71.339008,138.412032,369,0
1.0.0,2026-06-23 19:58:22.957,30.7,4.4,57,1,2040,2317.90592,40.134,19538.16576,1804.234752,586.618515456,80,71.338496,138.412032,370,0
1.0.0,2026-06-23 19:58:23.919,25.4,3.6,57,1,2040,2317.90592,36.1,19536.789504,1803.104256,586.618499072,80,71.338496,138.412032,370,0
1.0.0,2026-06-23 19:58:24.953,31.5,4.8,57,14,2040,2317.90592,40.218,19547.46368,1813.794816,586.61849088,80,71.338496,138.412032,370,0
1.0.0,2026-06-23 19:58:25.918,30.5,4.5,57,0,2040,2317.90592,39.811,19537.514496,1803.104256,586.618171392,80,71.338496,138.412032,371,0
1.0.0,2026-06-23 19:58:26.967,34.6,5.2,57,10,2040,2317.90592,41.421,19548.495872,1812.963328,586.6181632,80,71.338496,138.412032,371,0
1.0.0,2026-06-23 19:58:27.954,32.9,5.7,57,0,2040,2317.90592,39.917,19540.987904,1805.570048,586.617888768,80,71.338496,138.412032,372,0
1.0.0,2026-06-23 19:58:28.901,32.1,4.7,57,12,2040,2317.90592,39.964,19547.324416,1812.967424,586.617872384,80,71.339008,138.412032,372,0
1.0.0,2026-06-23 19:58:29.919,30.8,4.5,57,1,2040,2317.90592,41.82,19535.089664,1803.104256,586.617511936,80,71.338496,138.412032,373,0
1.0.0,2026-06-23 19:58:30.946,26.1,3.8,57,1,2040,2317.90592,36.198,19534.741504,1803.104256,586.617495552,80,71.338496,138.412032,373,0
1.0.0,2026-06-23 19:58:31.919,27.3,5.1,57,1,2040,2317.90592,36.396,19534.098432,1803.10016,586.617483264,80,71.338496,138.412032,373,0
1.0.0,2026-06-23 19:58:32.906,28.5,4.1,57,10,2040,2317.90592,37.35,19545.55904,1812.963328,586.617401344,80,71.339008,138.412032,373,0
1.0.0,2026-06-23 19:58:33.923,32.9,5.0,57,3,2040,2317.90592,42.88,19535.343616,1803.104256,586.617122816,80,71.338496,138.412032,374,0
1.0.0,2026-06-23 19:58:34.941,37.0,4.7,57,12,2040,2317.90592,40.574,19545.079808,1812.967424,586.617114624,80,71.338496,138.412032,374,0
1.0.0,2026-06-23 19:58:36.065,27.9,4.4,57,1,2040,2317.90592,39.555,19539.177472,1803.071488,586.61685248,80,71.338496,138.412032,375,0
1.0.0,2026-06-23 19:58:36.917,26.3,4.7,57,1,2040,2317.90592,35.99,19537.965056,1803.071488,586.616840192,80,71.338496,138.412032,375,0
1.0.0,2026-06-23 19:58:37.963,33.4,4.3,57,10,2040,2317.90592,42.145,19548.860416,1812.93056,586.616832,80,71.338496,138.412032,375,0
1.0.0,2026-06-23 19:58:38.921,28.2,4.8,57,1,2040,2317.90592,38.987,19541.127168,1805.53728,586.616512512,80,71.339008,138.412032,376,0
1.0.0,2026-06-23 19:58:39.997,36.4,3.9,58,7,2040,2317.90592,42.593,19542.700032,1805.53728,586.616250368,80,71.338496,138.412032,377,0
1.0.0,2026-06-23 19:58:40.927,29.8,4.0,57,7,2040,2317.90592,39.571,19543.105536,1805.53728,586.61623808,80,71.338496,138.412032,377,0
1.0.0,2026-06-23 19:58:42.011,35.3,5.3,57,7,2040,2317.90592,41.169,19550.33088,1812.934656,586.616225792,80,71.338496,138.412032,377,0
1.0.0,2026-06-23 19:58:42.932,30.2,4.2,57,1,2040,2317.90592,40.078,19541.123072,1803.071488,586.615934976,80,71.339008,138.412032,378,0
1.0.0,2026-06-23 19:58:43.929,28.6,3.4,57,1,2040,2317.90592,36.195,19543.150592,1803.071488,586.615918592,80,71.339008,138.412032,378,0
1.0.0,2026-06-23 19:58:44.949,26.5,4.1,57,1,2040,2317.90592,36.14,19543.334912,1803.702272,586.615906304,80,71.339008,138.412032,378,0
1.0.0,2026-06-23 19:58:45.953,28.1,4.3,57,10,2040,2317.90592,38.171,19553.038336,1812.93056,586.615894016,80,71.339008,138.412032,378,0
1.0.0,2026-06-23 19:58:46.908,30.6,3.4,57,1,2040,2317.90592,41.196,19544.526848,1803.071488,586.615611392,80,71.338496,138.412032,379,0
1.0.0,2026-06-23 19:58:47.976,34.6,5.5,57,10,2040,2317.90592,41.666,19555.024896,1813.897216,586.615599104,80,71.338496,138.412032,379,0
1.0.0,2026-06-23 19:58:48.919,28.6,3.3,57,1,2040,2317.90592,38.235,19544.215552,1803.071488,586.615341056,80,71.338496,138.412032,380,0
1.0.0,2026-06-23 19:58:49.928,27.0,3.8,57,1,2040,2317.90592,36.051,19551.379456,1809.559552,586.615328768,80,71.339008,138.412032,380,0
1.0.0,2026-06-23 19:58:51.004,33.3,4.0,57,8,2040,2317.90592,42.404,19550.154752,1803.071488,586.615017472,80,71.339008,138.412032,381,0
1.0.0,2026-06-23 19:58:51.987,27.1,4.8,57,11,2040,2317.90592,38.124,19560.382464,1812.934656,586.615005184,80,71.339008,138.412032,381,0
1.0.0,2026-06-23 19:58:52.933,37.3,5.7,57,9,2040,2317.90592,43.461,19552.571392,1805.53728,586.614734848,80,71.338496,138.412032,382,0
1.0.0,2026-06-23 19:58:53.925,37.3,3.7,57,5,2040,2317.90592,39.158,19552.182272,1806.49984,586.61472256,80,71.338496,138.412032,382,0
1.0.0,2026-06-23 19:58:54.996,31.3,4.6,57,10,2040,2317.90592,41.638,19559.309312,1813.938176,586.614714368,80,71.338496,138.412032,382,0
1.0.0,2026-06-23 19:58:55.927,31.3,5.0,57,1,2040,2317.90592,38.944,19551.342592,1804.075008,586.614423552,80,71.338496,138.412032,383,0
1.0.0,2026-06-23 19:58:56.918,29.0,3.8,57,0,2040,2317.90592,36.189,19551.506432,1804.070912,586.614411264,80,71.338496,138.412032,383,0
1.0.0,2026-06-23 19:58:57.937,24.9,3.3,57,1,2040,2317.90592,36.232,19552.227328,1804.070912,586.61439488,80,71.338496,138.412032,383,0
1.0.0,2026-06-23 19:58:58.994,31.1,4.0,57,11,2040,2317.90592,39.717,19562.868736,1813.93408,586.614382592,80,71.339008,138.412032,383,0
1.0.0,2026-06-23 19:58:59.984,30.8,4.1,57,1,2040,2317.90592,41.137,19562.688512,1813.938176,586.614112256,80,71.339008,138.412032,384,0
1.0.0,2026-06-23 19:59:00.903,37.5,4.9,57,12,2040,2317.90592,43.583,19559.13728,1805.000704,586.613866496,80,71.338496,138.412032,385,0
1.0.0,2026-06-23 19:59:01.917,37.5,3.5,57,1,2040,2317.90592,37.152,19553.693696,1804.075008,586.613854208,80,71.338496,138.412032,385,0
1.0.0,2026-06-23 19:59:02.946,27.6,5.6,57,7,2040,2317.90592,36.479,19569.557504,1813.93408,586.613837824,80,71.339008,138.412032,385,0
1.0.0,2026-06-23 19:59:03.992,34.5,5.6,57,7,2040,2317.90592,43.396,19555.545088,1804.075008,586.613522432,80,71.338496,138.412032,386,0
1.0.0,2026-06-23 19:59:04.919,33.2,5.0,57,13,2040,2317.90592,39.186,19564.130304,1813.938176,586.61351424,80,71.339008,138.412032,386,0
1.0.0,2026-06-23 19:59:05.941,35.5,7.5,57,7,2040,2317.90592,43.224,19557.875712,1806.5408,586.613248,80,71.338496,138.412032,387,0
1.0.0,2026-06-23 19:59:06.919,31.3,6.1,57,1,2040,2317.90592,38.776,19559.784448,1806.5408,586.613235712,80,71.338496,138.412032,387,0
1.0.0,2026-06-23 19:59:07.914,35.9,5.4,57,9,2040,2317.90592,42.371,19569.025024,1813.93408,586.613219328,80,71.339008,138.412032,387,0
1.0.0,2026-06-23 19:59:08.941,27.9,3.5,57,1,2040,2317.90592,37.69,19557.834752,1804.075008,586.612936704,80,71.339008,138.412032,388,0
1.0.0,2026-06-23 19:59:09.920,27.9,4.1,57,0,2040,2317.90592,36.183,19555.55328,1804.075008,586.61292032,80,71.339008,138.412032,388,0
1.0.0,2026-06-23 19:59:10.931,26.7,4.6,57,0,2040,2317.90592,36.351,19555.794944,1804.070912,586.612908032,80,71.339008,138.412032,388,0
1.0.0,2026-06-23 19:59:11.982,28.6,5.9,57,7,2040,2317.90592,41.171,19565.75232,1813.93408,586.612895744,80,71.338496,138.412032,388,0
1.0.0,2026-06-23 19:59:13.009,31.1,4.9,57,10,2040,2317.90592,40.884,19566.088192,1813.938176,586.61261312,80,71.339008,138.412032,389,0
1.0.0,2026-06-23 19:59:13.903,31.1,4.3,57,2,2040,2317.90592,42.823,19556.564992,1804.075008,586.612359168,80,71.338496,138.412032,390,0
1.0.0,2026-06-23 19:59:14.922,32.2,4.1,57,1,2040,2317.90592,36.115,19555.4304,1804.075008,586.61234688,80,71.338496,138.412032,390,0
1.0.0,2026-06-23 19:59:15.920,27.1,6.6,57,13,2040,2317.90592,38.382,19566.014464,1813.938176,586.6123264,80,71.339008,138.412032,390,0
1.0.0,2026-06-23 19:59:16.927,32.2,3.6,57,2,2040,2317.90592,42.634,19554.279424,1804.075008,586.611924992,80,71.339008,138.412032,391,0
1.0.0,2026-06-23 19:59:17.962,32.2,5.0,57,9,2040,2317.90592,39.202,19565.944832,1813.93408,586.611904512,80,71.339008,138.412032,391,0
1.0.0,2026-06-23 19:59:18.912,32.2,4.6,57,1,2040,2317.90592,41.951,19557.203968,1805.307904,586.611634176,80,71.338496,138.412032,392,0
1.0.0,2026-06-23 19:59:19.935,31.6,3.8,57,7,2040,2317.90592,38.02,19565.50656,1813.938176,586.611621888,80,71.339008,138.412032,392,0
1.0.0,2026-06-23 19:59:20.949,28.4,5.0,57,3,2040,2317.90592,43.194,19554.89792,1804.075008,586.611335168,80,71.338496,138.412032,393,0
1.0.0,2026-06-23 19:59:21.956,31.6,4.0,57,0,2040,2317.90592,36.399,19555.418112,1804.075008,586.61132288,80,71.338496,138.412032,393,0
1.0.0,2026-06-23 19:59:22.943,27.3,4.5,57,0,2040,2317.90592,36.191,19555.201024,1804.075008,586.611306496,80,71.338496,138.412032,393,0
1.0.0,2026-06-23 19:59:23.934,24.0,3.7,57,0,2040,2317.90592,36.35,19554.267136,1804.070912,586.611294208,80,71.338496,138.412032,393,0
1.0.0,2026-06-23 19:59:24.996,25.1,5.0,57,10,2040,2317.90592,41.722,19565.73184,1813.93408,586.61128192,80,71.338496,138.412032,393,0
1.0.0,2026-06-23 19:59:25.976,33.5,5.5,57,9,2040,2317.90592,40.956,19566.825472,1813.938176,586.6109952,80,71.339008,138.412032,394,0
1.0.0,2026-06-23 19:59:26.954,30.5,4.4,57,1,2040,2317.90592,40.953,19558.285312,1804.079104,586.610737152,80,71.338496,138.412032,395,0
1.0.0,2026-06-23 19:59:27.950,28.9,4.0,57,0,2040,2317.90592,36.037,19556.978688,1804.075008,586.610720768,80,71.338496,138.412032,395,0
1.0.0,2026-06-23 19:59:28.958,26.7,4.8,57,13,2040,2317.90592,39.645,19566.968832,1813.93408,586.61070848,80,71.339008,138.412032,395,0
1.0.0,2026-06-23 19:59:29.970,32.9,4.9,57,1,2040,2317.90592,41.136,19556.933632,1804.075008,586.610397184,80,71.338496,138.412032,396,0
1.0.0,2026-06-23 19:59:30.951,28.8,4.6,57,10,2040,2317.90592,40.758,19565.64992,1813.93408,586.6103808,80,71.338496,138.412032,396,0
1.0.0,2026-06-23 19:59:31.974,32.9,4.5,57,1,2040,2317.90592,40.752,19558.182912,1805.307904,586.610118656,80,71.338496,138.412032,397,0
1.0.0,2026-06-23 19:59:32.951,29.0,3.9,57,10,2040,2317.90592,38.546,19567.341568,1813.938176,586.610102272,80,71.339008,138.412032,397,0
1.0.0,2026-06-23 19:59:33.959,30.1,5.2,57,0,2040,2317.90592,42.445,19557.945344,1804.075008,586.609823744,80,71.338496,138.412032,398,0
1.0.0,2026-06-23 19:59:34.945,29.4,5.0,57,1,2040,2317.90592,36.004,19557.896192,1804.075008,586.609811456,80,71.338496,138.412032,398,0
1.0.0,2026-06-23 19:59:35.956,25.9,4.0,56,0,2040,2317.90592,35.991,19559.063552,1804.075008,586.609799168,80,71.338496,138.412032,398,0
1.0.0,2026-06-23 19:59:36.985,26.9,5.1,57,4,2040,2317.90592,36.296,19568.390144,1811.443712,586.609782784,80,71.339008,138.412032,398,0
1.0.0,2026-06-23 19:59:37.999,30.6,4.2,57,9,2040,2317.90592,43.213,19561.69728,1804.050432,586.609512448,80,71.338496,138.412032,399,0
1.0.0,2026-06-23 19:59:39.023,34.3,4.9,57,10,2040,2317.90592,40.867,19568.123904,1815.343104,586.609504256,80,71.338496,138.412032,399,0
1.0.0,2026-06-23 19:59:39.957,30.7,4.4,57,1,2040,2317.90592,40.236,19559.882752,1804.673024,586.609242112,80,71.338496,138.412032,400,0
1.0.0,2026-06-23 19:59:40.953,28.3,3.8,56,1,2040,2317.90592,36.13,19556.683776,1804.050432,586.609229824,80,71.338496,138.412032,400,0
1.0.0,2026-06-23 19:59:42.017,26.0,5.8,57,13,2040,2317.90592,41.009,19566.96064,1813.909504,586.60921344,80,71.338496,138.412032,400,0
1.0.0,2026-06-23 19:59:43.008,34.2,4.2,57,1,2040,2317.90592,39.902,19558.936576,1806.548992,586.608902144,80,71.339008,138.412032,401,0
1.0.0,2026-06-23 19:59:44.046,35.4,4.4,57,13,2040,2317.90592,41.754,19558.592512,1805.283328,586.60864,80,71.338496,138.412032,402,0
1.0.0,2026-06-23 19:59:44.990,35.4,4.2,57,1,2040,2317.90592,39.278,19558.703104,1806.516224,586.608627712,80,71.338496,138.412032,402,0
1.0.0,2026-06-23 19:59:46.028,34.9,6.1,57,12,2040,2317.90592,40.874,19566.05952,1813.9136,586.608611328,80,71.338496,138.412032,402,0
1.0.0,2026-06-23 19:59:47.017,34.9,4.9,57,1,2040,2317.90592,41.22,19557.548032,1804.050432,586.608324608,80,71.338496,138.412032,403,0
1.0.0,2026-06-23 19:59:48.030,29.3,3.4,57,1,2040,2317.90592,36.192,19556.749312,1804.050432,586.608308224,80,71.338496,138.412032,403,0
1.0.0,2026-06-23 19:59:49.020,26.1,4.0,57,1,2040,2317.90592,36.354,19557.036032,1804.046336,586.608295936,80,71.338496,138.412032,403,0
1.0.0,2026-06-23 19:59:50.034,31.3,5.4,57,12,2040,2317.90592,38.268,19566.81728,1813.909504,586.608279552,80,71.339008,138.412032,403,0
1.0.0,2026-06-23 19:59:51.025,31.3,4.3,57,0,2040,2317.90592,41.97,19556.859904,1804.050432,586.607996928,80,71.339008,138.412032,404,0
1.0.0,2026-06-23 19:59:52.050,31.8,5.2,57,10,2040,2317.90592,40.924,19566.964736,1813.909504,586.60798464,80,71.338496,138.412032,404,0
1.0.0,2026-06-23 19:59:53.031,35.1,4.0,57,1,2040,2317.90592,39.558,19559.440384,1804.050432,586.6077184,80,71.338496,138.412032,405,0
1.0.0,2026-06-23 19:59:54.085,28.5,4.4,56,1,2040,2317.90592,36.152,19567.710208,1813.9136,586.607706112,80,71.339008,138.412032,405,0
1.0.0,2026-06-23 19:59:55.044,28.5,7.2,57,12,2040,2317.90592,42.144,19589.156864,1813.909504,586.60767744,80,71.338496,138.412032,405,0
1.0.0,2026-06-23 19:59:56.028,43.9,8.8,57,1,2040,2317.90592,38.731,19615.264768,1813.9136,586.608570368,80,71.339008,138.412032,406,0
1.0.0,2026-06-23 19:59:57.041,43.0,5.3,57,4,2040,2317.90592,42.8,19598.036992,1806.516224,586.608308224,80,71.338496,138.412032,407,0
1.0.0,2026-06-23 19:59:58.047,35.2,2.7,57,5,2040,2317.90592,39.15,19597.185024,1806.516224,586.608295936,80,71.338496,138.412032,407,0
1.0.0,2026-06-23 19:59:59.060,28.3,4.9,57,8,2040,2317.90592,41.924,19603.935232,1813.9136,586.608283648,80,71.338496,138.412032,407,0
1.0.0,2026-06-23 20:00:00.042,36.3,3.9,57,1,2040,2317.90592,39.861,19578.71616,1804.050432,586.607996928,80,71.338496,138.412032,408,0
1.0.0,2026-06-23 20:00:01.037,31.0,5.2,57,8,2040,2372.3008,36.561,19616.428032,1804.046336,586.607509504,80,71.338496,138.412032,408,0
1.0.0,2026-06-23 20:00:02.044,41.2,3.7,57,1,2040,2372.3008,36.146,19607.883776,1804.046336,586.607497216,80,71.338496,138.412032,408,0
1.0.0,2026-06-23 20:00:03.082,31.9,4.3,57,7,2040,2372.3008,38.34,19603.165184,1813.909504,586.607480832,80,71.339008,138.412032,408,0
1.0.0,2026-06-23 20:00:04.135,32.5,4.4,57,1,2040,2372.3008,41.978,19604.078592,1813.9136,586.607214592,80,71.339008,138.412032,409,0
1.0.0,2026-06-23 20:00:05.039,34.7,5.3,57,7,2040,2372.3008,41.668,19583.488,1804.050432,586.60696064,80,71.338496,138.412032,410,0
1.0.0,2026-06-23 20:00:06.036,34.7,4.0,57,1,2040,2372.3008,37.186,19579.797504,1804.050432,586.606944256,80,71.338496,138.412032,410,0
1.0.0,2026-06-23 20:00:07.065,26.2,5.3,57,4,2040,2372.3008,36.377,19589.267456,1814.659072,586.606931968,80,71.339008,138.412032,410,0
1.0.0,2026-06-23 20:00:08.049,29.9,4.9,57,10,2040,2372.3008,43.233,19574.296576,1804.029952,586.606620672,80,71.339008,138.412032,411,0
1.0.0,2026-06-23 20:00:09.118,31.7,4.2,57,7,2040,2372.3008,38.836,19585.241088,1813.89312,586.606608384,80,71.339008,138.412032,411,0
1.0.0,2026-06-23 20:00:10.030,31.7,5.2,57,5,2040,2372.3008,42.691,19581.165568,1806.495744,586.606350336,80,71.338496,138.412032,412,0
1.0.0,2026-06-23 20:00:11.041,33.9,4.2,57,4,2040,2372.3008,39.048,19583.213568,1810.194432,586.606333952,80,71.338496,138.412032,412,0
1.0.0,2026-06-23 20:00:12.058,34.5,4.4,57,13,2040,2372.3008,42.51,19574.94784,1804.029952,586.606051328,80,71.338496,138.412032,413,0
1.0.0,2026-06-23 20:00:13.055,34.5,3.2,57,1,2040,2372.3008,38.131,19574.542336,1804.029952,586.60603904,80,71.338496,138.412032,413,0
1.0.0,2026-06-23 20:00:14.054,26.5,4.1,57,1,2040,2372.3008,36.423,19575.35744,1804.050432,586.606026752,80,71.338496,138.412032,413,0
1.0.0,2026-06-23 20:00:15.031,28.2,3.7,57,1,2040,2372.3008,36.431,19574.96832,1804.046336,586.606010368,80,71.338496,138.412032,413,0
1.0.0,2026-06-23 20:00:16.035,26.4,5.5,57,13,2040,2372.3008,40.408,19585.294336,1813.909504,586.60599808,80,71.338496,138.412032,413,0
1.0.0,2026-06-23 20:00:17.089,32.5,4.1,57,10,2040,2372.3008,40.496,19584.720896,1813.9136,586.605719552,80,71.339008,138.412032,414,0
1.0.0,2026-06-23 20:00:18.044,33.5,3.8,57,2,2040,2372.3008,43.232,19574.86592,1804.050432,586.605453312,80,71.338496,138.412032,415,0
1.0.0,2026-06-23 20:00:19.077,33.0,3.7,57,1,2040,2372.3008,36.16,19574.575104,1804.050432,586.605441024,80,71.338496,138.412032,415,0
1.0.0,2026-06-23 20:00:20.057,24.3,5.0,57,9,2040,2372.3008,37.968,19585.466368,1813.9136,586.60542464,80,71.339008,138.412032,415,0
1.0.0,2026-06-23 20:00:21.053,33.1,5.0,57,2,2040,2372.3008,42.829,19576.131584,1804.050432,586.605113344,80,71.339008,138.412032,416,0
1.0.0,2026-06-23 20:00:22.091,30.3,4.7,57,10,2040,2372.3008,39.037,19586.564096,1814.75328,586.60509696,80,71.339008,138.412032,416,0
1.0.0,2026-06-23 20:00:23.050,32.7,5.0,57,4,2040,2372.3008,42.579,19580.248064,1806.516224,586.604834816,80,71.338496,138.412032,417,0
1.0.0,2026-06-23 20:00:24.060,31.3,4.1,57,0,2040,2372.3008,38.196,19585.593344,1813.9136,586.604822528,80,71.339008,138.412032,417,0
1.0.0,2026-06-23 20:00:25.098,32.0,5.5,57,10,2040,2372.3008,43.016,19577.204736,1804.050432,586.604544,80,71.338496,138.412032,418,0
1.0.0,2026-06-23 20:00:26.077,34.1,6.1,57,1,2040,2372.3008,38.602,19575.934976,1804.050432,586.604527616,80,71.338496,138.412032,418,0
1.0.0,2026-06-23 20:00:27.052,26.9,5.5,57,1,2040,2372.3008,36.512,19574.628352,1804.050432,586.604515328,80,71.338496,138.412032,418,0
1.0.0,2026-06-23 20:00:28.049,26.5,3.5,57,1,2040,2372.3008,36.349,19576.34048,1806.512128,586.604498944,80,71.339008,138.412032,418,0
1.0.0,2026-06-23 20:00:29.061,26.5,4.6,57,13,2040,2372.3008,41.494,19572.604928,1805.02528,586.60421632,80,71.339008,138.412032,419,0
1.0.0,2026-06-23 20:00:30.077,33.2,4.4,57,13,2040,2372.3008,39.872,19578.540032,1813.93408,586.604204032,80,71.339008,138.412032,419,0
1.0.0,2026-06-23 20:00:31.084,32.7,5.0,57,1,2040,2372.3008,42.999,19569.094656,1804.070912,586.60395008,80,71.338496,138.412032,420,0
1.0.0,2026-06-23 20:00:32.093,30.3,4.0,57,1,2040,2372.3008,36.213,19569.631232,1804.070912,586.603933696,80,71.338496,138.412032,420,0
1.0.0,2026-06-23 20:00:33.124,26.2,4.7,57,11,2040,2372.3008,39.385,19580.964864,1813.929984,586.603921408,80,71.338496,138.412032,420,0
1.0.0,2026-06-23 20:00:34.087,33.2,4.2,57,1,2040,2372.3008,40.87,19572.088832,1804.070912,586.603606016,80,71.338496,138.412032,421,0
1.0.0,2026-06-23 20:00:35.137,33.2,4.6,57,13,2040,2372.3008,39.767,19582.160896,1813.929984,586.603634688,80,71.338496,138.412032,421,0
1.0.0,2026-06-23 20:00:36.089,35.0,5.0,57,1,2040,2372.3008,41.396,19576.041472,1806.536704,586.603364352,80,71.338496,138.412032,422,0
1.0.0,2026-06-23 20:00:37.087,32.2,4.4,57,7,2040,2372.3008,39.054,19582.988288,1813.9136,586.603352064,80,71.339008,138.412032,422,0
1.0.0,2026-06-23 20:00:38.102,33.8,3.7,57,2,2040,2372.3008,42.8,19573.313536,1804.050432,586.603065344,80,71.339008,138.412032,423,0
1.0.0,2026-06-23 20:00:39.100,31.3,4.8,57,1,2040,2372.3008,36.141,19572.523008,1804.050432,586.60304896,80,71.339008,138.412032,423,0
1.0.0,2026-06-23 20:00:40.087,27.0,4.8,57,1,2040,2372.3008,36.21,19571.830784,1804.046336,586.603036672,80,71.339008,138.412032,423,0
1.0.0,2026-06-23 20:00:41.091,26.1,4.9,57,1,2040,2372.3008,36.292,19582.472192,1813.909504,586.603020288,80,71.339008,138.412032,423,0
1.0.0,2026-06-23 20:00:42.075,30.2,4.9,57,10,2040,2372.3008,43.705,19570.62656,1804.050432,586.60274176,80,71.339008,138.412032,424,0
1.0.0,2026-06-23 20:00:43.128,33.3,4.6,57,12,2040,2372.3008,41.106,19581.161472,1813.9136,586.602729472,80,71.338496,138.412032,424,0
1.0.0,2026-06-23 20:00:44.109,36.3,4.4,57,0,2040,2372.3008,41.47,19573.276672,1804.050432,586.602463232,80,71.338496,138.412032,425,0
1.0.0,2026-06-23 20:00:45.099,29.2,4.3,57,1,2040,2372.3008,36.087,19573.12512,1804.050432,586.602450944,80,71.338496,138.412032,425,0
1.0.0,2026-06-23 20:00:46.119,27.0,5.4,58,10,2040,2372.3008,40.287,19574.935552,1804.050432,586.602131456,80,71.338496,138.412032,426,0
1.0.0,2026-06-23 20:00:47.125,35.9,3.6,57,1,2040,2372.3008,38.773,19580.821504,1811.447808,586.602115072,80,71.339008,138.412032,426,0
1.0.0,2026-06-23 20:00:48.119,27.0,5.2,57,11,2040,2372.3008,41.539,19574.214656,1804.050432,586.601844736,80,71.338496,138.412032,427,0
1.0.0,2026-06-23 20:00:49.125,35.9,4.5,57,1,2040,2372.3008,39.411,19576.17664,1806.516224,586.601828352,80,71.338496,138.412032,427,0
1.0.0,2026-06-23 20:00:50.130,30.6,3.6,57,11,2040,2372.3008,39.638,19583.410176,1813.9136,586.601816064,80,71.338496,138.412032,427,0
1.0.0,2026-06-23 20:00:51.124,33.3,5.6,57,1,2040,2372.3008,42.095,19571.605504,1804.050432,586.601529344,80,71.338496,138.412032,428,0
1.0.0,2026-06-23 20:00:52.112,30.4,3.2,57,1,2040,2372.3008,36.081,19571.945472,1804.050432,586.601517056,80,71.338496,138.412032,428,0
1.0.0,2026-06-23 20:00:53.121,25.1,4.2,57,1,2040,2372.3008,36.453,19572.38784,1805.053952,586.601504768,80,71.338496,138.412032,428,0
1.0.0,2026-06-23 20:00:54.128,25.7,4.1,57,10,2040,2372.3008,37.299,19581.710336,1814.872064,586.601488384,80,71.339008,138.412032,428,0
1.0.0,2026-06-23 20:00:55.114,30.0,4.8,57,7,2040,2372.3008,43.634,19572.731904,1806.569472,586.601213952,80,71.339008,138.412032,429,0
1.0.0,2026-06-23 20:00:56.134,34.9,4.4,57,12,2040,2372.3008,42.124,19583.459328,1814.87616,586.60120576,80,71.338496,138.412032,429,0
1.0.0,2026-06-23 20:00:57.122,35.4,4.2,57,1,2040,2372.3008,38.679,19576.152064,1805.012992,586.600935424,80,71.338496,138.412032,430,0
1.0.0,2026-06-23 20:00:58.139,27.2,3.9,57,1,2040,2372.3008,36.177,19585.818624,1814.87616,586.60091904,80,71.339008,138.412032,430,0
1.0.0,2026-06-23 20:00:59.151,31.8,4.8,57,12,2040,2372.3008,42.663,19576.7296,1805.012992,586.600603648,80,71.338496,138.412032,431,0
1.0.0,2026-06-23 20:01:00.154,31.8,4.3,57,4,2040,2372.3008,38.117,19592.470528,1814.87616,586.600587264,80,71.339008,138.412032,431,0
1.0.0,2026-06-23 20:01:01.184,34.8,5.1,57,3,2040,2372.3008,43.561,19578.028032,1806.245888,586.600321024,80,71.338496,138.412032,432,0
1.0.0,2026-06-23 20:01:02.178,29.0,3.8,57,7,2040,2372.3008,38.474,19579.396096,1808.347136,586.600308736,80,71.338496,138.412032,432,0
1.0.0,2026-06-23 20:01:03.185,36.3,4.8,57,7,2040,2372.3008,41.736,19587.682304,1814.87616,586.600296448,80,71.338496,138.412032,432,0
1.0.0,2026-06-23 20:01:04.169,36.3,3.8,57,1,2040,2372.3008,38.969,19577.475072,1805.012992,586.600001536,80,71.338496,138.412032,433,0
1.0.0,2026-06-23 20:01:05.177,27.0,4.4,57,1,2040,2372.3008,36.028,19577.634816,1805.012992,586.599989248,80,71.338496,138.412032,433,0
1.0.0,2026-06-23 20:01:06.174,27.1,4.0,57,2,2040,2372.3008,36.172,19577.73312,1805.008896,586.599972864,80,71.338496,138.412032,433,0
1.0.0,2026-06-23 20:01:07.180,35.2,6.7,57,10,2040,2372.3008,38.819,19587.997696,1814.872064,586.599964672,80,71.339008,138.412032,433,0
1.0.0,2026-06-23 20:01:08.225,34.6,4.9,57,1,2040,2372.3008,42.103,19590.397952,1814.87616,586.599694336,80,71.339008,138.412032,434,0
1.0.0,2026-06-23 20:01:09.243,34.7,4.6,57,12,2040,2372.3008,42.737,19580.116992,1805.012992,586.599428096,80,71.338496,138.412032,435,0
1.0.0,2026-06-23 20:01:10.185,28.2,4.3,57,1,2040,2372.3008,38.939,19579.830272,1805.012992,586.599415808,80,71.338496,138.412032,435,0
1.0.0,2026-06-23 20:01:11.192,31.3,5.0,57,4,2040,2372.3008,36.52,19590.639616,1814.87616,586.59940352,80,71.339008,138.412032,435,0
1.0.0,2026-06-23 20:01:12.164,32.6,5.0,57,10,2040,2372.3008,43.629,19579.486208,1805.012992,586.599088128,80,71.339008,138.412032,436,0
1.0.0,2026-06-23 20:01:13.179,31.1,5.4,57,5,2040,2372.3008,38.311,19588.841472,1814.87616,586.59907584,80,71.339008,138.412032,436,0
1.0.0,2026-06-23 20:01:14.157,35.5,4.3,57,5,2040,2372.3008,42.743,19583.606784,1806.245888,586.598805504,80,71.338496,138.412032,437,0
1.0.0,2026-06-23 20:01:15.181,31.6,4.6,57,0,2040,2372.3008,38.575,19587.723264,1812.410368,586.59878912,80,71.339008,138.412032,437,0
1.0.0,2026-06-23 20:01:16.192,37.6,4.8,57,11,2040,2372.3008,42.227,19583.135744,1805.012992,586.5985024,80,71.338496,138.412032,438,0
1.0.0,2026-06-23 20:01:17.188,26.9,4.2,57,1,2040,2372.3008,38.47,19582.328832,1805.590528,586.598486016,80,71.338496,138.412032,438,0
1.0.0,2026-06-23 20:01:18.197,27.3,3.9,57,1,2040,2372.3008,36.056,19581.640704,1806.098432,586.598473728,80,71.338496,138.412032,438,0
1.0.0,2026-06-23 20:01:19.194,26.3,3.0,57,1,2040,2372.3008,36.367,19581.804544,1805.008896,586.598457344,80,71.338496,138.412032,438,0
1.0.0,2026-06-23 20:01:20.246,35.2,4.4,57,13,2040,2372.3008,40.694,19582.50496,1805.012992,586.598178816,80,71.338496,138.412032,439,0
1.0.0,2026-06-23 20:01:21.188,33.3,5.4,57,10,2040,2372.3008,39.426,19592.175616,1814.87616,586.598162432,80,71.339008,138.412032,439,0
1.0.0,2026-06-23 20:01:22.204,30.5,3.9,57,2,2040,2372.3008,43.033,19581.698048,1805.012992,586.597818368,80,71.338496,138.412032,440,0
1.0.0,2026-06-23 20:01:23.217,28.2,4.9,57,1,2040,2372.3008,36.035,19581.779968,1805.012992,586.597801984,80,71.338496,138.412032,440,0
1.0.0,2026-06-23 20:01:24.222,30.1,4.8,57,8,2040,2372.3008,37.735,19593.48224,1814.872064,586.597789696,80,71.339008,138.412032,440,0
1.0.0,2026-06-23 20:01:25.230,30.1,5.7,57,5,2040,2372.3008,43.449,19583.946752,1805.012992,586.5974784,80,71.338496,138.412032,441,0
1.0.0,2026-06-23 20:01:26.217,35.3,4.5,57,7,2040,2372.3008,38.816,19594.104832,1814.872064,586.597470208,80,71.339008,138.412032,441,0
1.0.0,2026-06-23 20:01:27.211,35.3,5.8,57,1,2040,2372.3008,42.203,19586.33472,1808.05632,586.597199872,80,71.338496,138.412032,442,0
1.0.0,2026-06-23 20:01:28.272,32.1,4.9,57,1,2040,2372.3008,37.965,19593.965568,1814.87616,586.597187584,80,71.339008,138.412032,442,0
1.0.0,2026-06-23 20:01:29.252,34.0,4.3,57,11,2040,2372.3008,43.428,19584.724992,1805.012992,586.596896768,80,71.339008,138.412032,443,0
1.0.0,2026-06-23 20:01:30.241,27.0,4.7,57,1,2040,2372.3008,36.982,19582.427136,1805.012992,586.59688448,80,71.339008,138.412032,443,0
1.0.0,2026-06-23 20:01:31.254,27.5,4.2,57,1,2040,2372.3008,36.439,19582.8736,1805.008896,586.596872192,80,71.339008,138.412032,443,0
1.0.0,2026-06-23 20:01:32.269,27.6,4.8,57,1,2040,2372.3008,36.401,19593.224192,1814.872064,586.596855808,80,71.339008,138.412032,443,0
1.0.0,2026-06-23 20:01:33.305,34.3,5.3,57,11,2040,2372.3008,41.572,19585.552384,1805.012992,586.596585472,80,71.338496,138.412032,444,0
1.0.0,2026-06-23 20:01:34.305,34.4,4.1,57,12,2040,2372.3008,41.157,19594.477568,1814.87616,586.596573184,80,71.338496,138.412032,444,0
1.0.0,2026-06-23 20:01:35.254,31.6,5.5,57,1,2040,2372.3008,41.912,19583.991808,1805.012992,586.59631104,80,71.338496,138.412032,445,0
1.0.0,2026-06-23 20:01:36.240,26.3,4.8,57,1,2040,2372.3008,36.119,19584.372736,1805.012992,586.596298752,80,71.338496,138.412032,445,0
1.0.0,2026-06-23 20:01:37.272,39.5,5.3,57,7,2040,2372.3008,38.74,19595.538432,1814.872064,586.59629056,80,71.338496,138.412032,445,0
1.0.0,2026-06-23 20:01:38.263,31.0,5.7,57,1,2040,2372.3008,41.796,19587.219456,1805.012992,586.59596288,80,71.339008,138.412032,446,0
1.0.0,2026-06-23 20:01:39.234,32.8,4.2,57,13,2040,2372.3008,39.695,19596.136448,1814.872064,586.59596288,80,71.338496,138.412032,446,0
1.0.0,2026-06-23 20:01:40.268,30.6,6.7,57,1,2040,2372.3008,41.787,19588.386816,1807.478784,586.59569664,80,71.338496,138.412032,447,0
1.0.0,2026-06-23 20:01:41.317,31.5,5.0,57,10,2040,2372.3008,38.596,19596.808192,1814.87616,586.595672064,80,71.339008,138.412032,447,0
1.0.0,2026-06-23 20:01:42.289,28.6,4.7,57,2,2040,2372.3008,42.957,19586.940928,1805.012992,586.595393536,80,71.338496,138.412032,448,0
1.0.0,2026-06-23 20:01:43.311,27.6,4.9,57,1,2040,2372.3008,36.115,19588.800512,1805.008896,586.595381248,80,71.338496,138.412032,448,0
1.0.0,2026-06-23 20:01:44.291,35.5,6.5,57,0,2040,2372.3008,36.422,19602.620416,1805.008896,586.59536896,80,71.338496,138.412032,448,0
1.0.0,2026-06-23 20:01:45.374,27.2,4.6,57,1,2040,2372.3008,36.333,19607.73632,1814.904832,586.595299328,80,71.339008,138.412032,448,0
1.0.0,2026-06-23 20:01:46.293,32.1,4.3,57,10,2040,2372.3008,42.126,19596.505088,1805.012992,586.595033088,80,71.338496,138.412032,449,0
1.0.0,2026-06-23 20:01:47.304,31.9,3.8,57,11,2040,2372.3008,40.144,19604.262912,1814.872064,586.595012608,80,71.338496,138.412032,449,0
1.0.0,2026-06-23 20:01:48.329,29.4,5.1,57,2,2040,2372.3008,40.917,19593.121792,1805.35296,586.594762752,80,71.338496,138.412032,450,0
1.0.0,2026-06-23 20:01:49.351,25.6,5.0,57,1,2040,2372.3008,36.171,19598.774272,1812.410368,586.594746368,80,71.339008,138.412032,450,0
1.0.0,2026-06-23 20:01:50.355,35.0,5.0,57,13,2040,2372.3008,40.704,19599.5648,1814.89664,586.59473408,80,71.338496,138.412032,450,0
1.0.0,2026-06-23 20:01:51.358,30.4,4.5,57,0,2040,2372.3008,40.797,19600.396288,1814.908928,586.594418688,80,71.339008,138.412032,451,0
1.0.0,2026-06-23 20:01:52.344,36.4,4.9,57,10,2040,2372.3008,41.138,19591.151616,1806.278656,586.594156544,80,71.338496,138.412032,452,0
1.0.0,2026-06-23 20:01:53.309,29.5,4.6,57,0,2040,2372.3008,40.254,19589.894144,1807.511552,586.594144256,80,71.338496,138.412032,452,0
1.0.0,2026-06-23 20:01:54.340,36.9,6.9,57,12,2040,2372.3008,39.992,19595.739136,1814.908928,586.594131968,80,71.338496,138.412032,452,0
1.0.0,2026-06-23 20:01:55.341,28.8,4.6,57,1,2040,2372.3008,41.693,19584.83968,1805.04576,586.593841152,80,71.338496,138.412032,453,0
1.0.0,2026-06-23 20:01:56.353,25.7,3.9,57,1,2040,2372.3008,36.396,19585.081344,1805.04576,586.593824768,80,71.338496,138.412032,453,0
1.0.0,2026-06-23 20:01:57.336,27.4,3.6,57,1,2040,2372.3008,36.235,19584.843776,1805.041664,586.59381248,80,71.338496,138.412032,453,0
1.0.0,2026-06-23 20:01:58.383,32.7,6.4,57,9,2040,2372.3008,40.764,19594.83392,1814.904832,586.593800192,80,71.339008,138.412032,453,0
1.0.0,2026-06-23 20:01:59.395,35.0,4.7,57,16,2040,2372.3008,42.155,19595.153408,1814.908928,586.593529856,80,71.339008,138.412032,454,0
1.0.0,2026-06-23 20:02:00.381,36.1,4.5,57,10,2040,2372.3008,42.244,19593.44128,1805.049856,586.592755712,80,71.338496,138.412032,455,0
1.0.0,2026-06-23 20:02:01.372,26.8,4.1,57,1,2040,2372.3008,39.067,19587.31776,1805.04576,586.592743424,80,71.338496,138.412032,455,0
1.0.0,2026-06-23 20:02:02.371,28.8,4.7,57,1,2040,2372.3008,36.027,19595.845632,1814.908928,586.592731136,80,71.339008,138.412032,455,0
1.0.0,2026-06-23 20:02:03.389,34.7,4.5,57,8,2040,2372.3008,41.607,19587.837952,1805.04576,586.592407552,80,71.338496,138.412032,456,0
1.0.0,2026-06-23 20:02:04.371,28.5,3.4,57,0,2040,2372.3008,38.949,19597.422592,1814.908928,586.592395264,80,71.339008,138.412032,456,0
1.0.0,2026-06-23 20:02:05.374,35.9,5.3,57,1,2040,2372.3008,42.631,19589.005312,1806.278656,586.592129024,80,71.338496,138.412032,457,0
1.0.0,2026-06-23 20:02:06.383,28.4,4.3,57,4,2040,2372.3008,37.72,19593.289728,1809.977344,586.592116736,80,71.339008,138.412032,457,0
1.0.0,2026-06-23 20:02:07.401,35.6,5.9,57,3,2040,2372.3008,43.003,19590.086656,1805.049856,586.591821824,80,71.339008,138.412032,458,0
1.0.0,2026-06-23 20:02:08.411,27.7,4.5,57,1,2040,2372.3008,36.681,19589.423104,1805.04576,586.591809536,80,71.339008,138.412032,458,0
1.0.0,2026-06-23 20:02:09.413,28.4,5.9,57,1,2040,2372.3008,36.446,19593.572352,1805.041664,586.591793152,80,71.339008,138.412032,458,0
1.0.0,2026-06-23 20:02:10.429,30.0,5.2,57,0,2040,2372.3008,36.63,19593.826304,1806.143488,586.591776768,80,71.339008,138.412032,458,0
1.0.0,2026-06-23 20:02:11.413,33.1,3.9,57,12,2040,2372.3008,41.957,19596.046336,1805.04576,586.591428608,80,71.338496,138.412032,459,0
1.0.0,2026-06-23 20:02:12.460,30.5,5.3,57,14,2040,2372.3008,39.584,19592.609792,1814.908928,586.59141632,80,71.339008,138.412032,459,0
1.0.0,2026-06-23 20:02:13.426,33.4,4.7,57,0,2040,2372.3008,41.644,19580.563456,1805.04576,586.591154176,80,71.338496,138.412032,460,0
1.0.0,2026-06-23 20:02:14.449,28.4,5.5,57,1,2040,2372.3008,36.205,19577.491456,1805.04576,586.591141888,80,71.338496,138.412032,460,0
1.0.0,2026-06-23 20:02:15.470,28.4,4.7,57,13,2040,2372.3008,39.14,19584.774144,1814.904832,586.5911296,80,71.339008,138.412032,460,0
1.0.0,2026-06-23 20:02:16.435,34.3,5.0,57,0,2040,2372.3008,41.224,19572.801536,1805.04576,586.590818304,80,71.339008,138.412032,461,0
1.0.0,2026-06-23 20:02:17.411,30.7,4.2,57,8,2040,2372.3008,40.508,19583.93856,1815.601152,586.590806016,80,71.339008,138.412032,461,0
1.0.0,2026-06-23 20:02:18.436,32.3,4.9,57,1,2040,2372.3008,40.825,19576.250368,1806.278656,586.590543872,80,71.338496,138.412032,462,0
1.0.0,2026-06-23 20:02:19.426,32.9,4.8,57,10,2040,2372.3008,39.392,19583.635456,1814.908928,586.590527488,80,71.339008,138.412032,462,0
1.0.0,2026-06-23 20:02:20.409,36.7,4.7,57,0,2040,2372.3008,42.56,19575.160832,1805.04576,586.590240768,80,71.338496,138.412032,463,0
1.0.0,2026-06-23 20:02:21.408,26.8,4.4,57,0,2040,2372.3008,36.189,19574.39488,1805.04576,586.59022848,80,71.338496,138.412032,463,0
1.0.0,2026-06-23 20:02:22.408,27.3,3.7,57,0,2040,2372.3008,36.061,19575.558144,1805.029376,586.590212096,80,71.338496,138.412032,463,0
1.0.0,2026-06-23 20:02:23.514,27.1,3.6,57,1,2040,2372.3008,36.414,19584.761856,1814.892544,586.590195712,80,71.339008,138.412032,463,0
1.0.0,2026-06-23 20:02:24.445,36.7,5.0,57,12,2040,2372.3008,42.735,19582.713856,1814.892544,586.590183424,80,71.338496,138.412032,463,0
1.0.0,2026-06-23 20:02:25.442,32.4,4.6,57,9,2040,2372.3008,42.337,19582.124032,1814.89664,586.589904896,80,71.339008,138.412032,464,0
1.0.0,2026-06-23 20:02:26.459,30.7,5.2,57,1,2040,2382.196736,40.226,19572.355072,1805.033472,586.589638656,80,71.338496,138.412032,465,0
1.0.0,2026-06-23 20:02:27.461,28.0,4.5,57,1,2040,2382.196736,36.131,19571.953664,1805.033472,586.589626368,80,71.338496,138.412032,465,0
1.0.0,2026-06-23 20:02:28.460,31.4,3.8,57,10,2040,2382.196736,40.623,19582.173184,1814.892544,586.589609984,80,71.338496,138.412032,465,0
1.0.0,2026-06-23 20:02:29.464,31.2,4.7,57,1,2040,2372.3008,40.527,19575.922688,1806.266368,586.589302784,80,71.338496,138.412032,466,0
1.0.0,2026-06-23 20:02:30.464,34.6,5.2,57,12,2040,2372.3008,42.331,19584.630784,1814.892544,586.5892864,80,71.338496,138.412032,466,0
1.0.0,2026-06-23 20:02:31.467,31.6,4.9,57,1,2040,2382.196736,40.303,19577.315328,1807.499264,586.589028352,80,71.338496,138.412032,467,0
1.0.0,2026-06-23 20:02:32.447,31.3,4.3,57,11,2040,2382.196736,39.927,19585.490944,1814.89664,586.589011968,80,71.339008,138.412032,467,0
1.0.0,2026-06-23 20:02:33.460,32.3,5.3,57,0,2040,2372.3008,40.886,19576.430592,1805.033472,586.588729344,80,71.338496,138.412032,468,0
1.0.0,2026-06-23 20:02:34.458,26.9,3.8,57,0,2040,2372.3008,36.397,19576.160256,1805.033472,586.588717056,80,71.338496,138.412032,468,0
1.0.0,2026-06-23 20:02:35.448,25.8,3.9,57,0,2040,2372.3008,35.951,19576.311808,1805.029376,586.58869248,80,71.338496,138.412032,468,0
1.0.0,2026-06-23 20:02:36.592,29.2,4.3,57,13,2040,2372.3008,37.705,19589.09952,1814.87616,586.588680192,80,71.339008,138.412032,468,0
1.0.0,2026-06-23 20:02:37.464,37.5,4.3,57,13,2040,2372.3008,43.223,19575.808,1805.017088,586.588237824,80,71.338496,138.412032,469,0
1.0.0,2026-06-23 20:02:38.460,33.4,5.0,57,10,2040,2372.3008,41.593,19584.499712,1814.880256,586.588225536,80,71.338496,138.412032,469,0
1.0.0,2026-06-23 20:02:39.454,29.4,5.7,57,1,2040,2372.3008,39.652,19576.025088,1805.02528,586.587963392,80,71.338496,138.412032,470,0
1.0.0,2026-06-23 20:02:40.438,27.2,4.1,57,1,2040,2372.3008,36.177,19575.517184,1805.88544,586.587947008,80,71.338496,138.412032,470,0
1.0.0,2026-06-23 20:02:41.480,35.5,4.9,57,12,2040,2372.3008,41.958,19585.31072,1814.884352,586.58793472,80,71.338496,138.412032,470,0
1.0.0,2026-06-23 20:02:42.488,30.8,5.8,57,1,2040,2372.3008,39.398,19585.773568,1814.888448,586.587623424,80,71.339008,138.412032,471,0
1.0.0,2026-06-23 20:02:43.463,37.4,3.7,57,5,2040,2372.3008,42.483,19579.2896,1807.491072,586.58736128,80,71.338496,138.412032,472,0
1.0.0,2026-06-23 20:02:44.490,29.1,4.9,57,6,2040,2372.3008,38.934,19579.650048,1808.723968,586.587348992,80,71.338496,138.412032,472,0
1.0.0,2026-06-23 20:02:45.537,33.4,4.8,57,11,2040,2372.3008,41.423,19588.096,1814.888448,586.587336704,80,71.338496,138.412032,472,0
1.0.0,2026-06-23 20:02:46.466,28.5,3.6,57,1,2040,2372.3008,38.826,19579.0848,1805.98784,586.58697216,80,71.338496,138.412032,473,0
1.0.0,2026-06-23 20:02:47.454,27.5,3.8,57,1,2040,2372.3008,36.136,19577.040896,1805.021184,586.586955776,80,71.338496,138.412032,473,0
1.0.0,2026-06-23 20:02:48.470,26.7,5.2,57,1,2040,2372.3008,36.311,19578.589184,1806.25408,586.586939392,80,71.338496,138.412032,473,0
1.0.0,2026-06-23 20:02:49.502,29.6,4.6,57,10,2040,2372.3008,39.066,19588.050944,1814.884352,586.586927104,80,71.339008,138.412032,473,0
1.0.0,2026-06-23 20:02:50.511,32.2,3.9,57,1,2040,2372.3008,40.892,19583.852544,1810.726912,586.586640384,80,71.339008,138.412032,474,0
1.0.0,2026-06-23 20:02:51.521,36.4,4.7,57,10,2040,2372.3008,42.271,19589.050368,1814.884352,586.586628096,80,71.338496,138.412032,474,0
1.0.0,2026-06-23 20:02:52.465,28.0,4.5,57,1,2040,2372.3008,38.747,19576.75008,1805.02528,586.58637824,80,71.338496,138.412032,475,0
1.0.0,2026-06-23 20:02:53.476,27.8,5.3,57,0,2040,2372.3008,36.125,19584.466944,1814.888448,586.586365952,80,71.339008,138.412032,475,0
1.0.0,2026-06-23 20:02:54.497,34.1,6.4,57,10,2040,2372.3008,43.388,19572.576256,1805.02528,586.586054656,80,71.339008,138.412032,476,0
1.0.0,2026-06-23 20:02:55.478,29.2,4.3,57,10,2040,2372.3008,38.314,19581.263872,1814.888448,586.586042368,80,71.339008,138.412032,476,0
1.0.0,2026-06-23 20:02:56.478,32.2,4.7,57,8,2040,2372.3008,43.169,19575.07072,1807.491072,586.58578432,80,71.338496,138.412032,477,0
1.0.0,2026-06-23 20:02:57.461,30.9,4.4,57,4,2040,2372.3008,38.315,19574.784,1808.723968,586.585772032,80,71.338496,138.412032,477,0
1.0.0,2026-06-23 20:02:58.469,36.8,7.6,57,11,2040,2372.3008,42.58,19580.80512,1814.888448,586.585759744,80,71.338496,138.412032,477,0
1.0.0,2026-06-23 20:02:59.462,29.5,4.8,57,0,2040,2372.3008,39.875,19571.777536,1805.02528,586.585473024,80,71.338496,138.412032,478,0
1.0.0,2026-06-23 20:03:00.489,26.6,4.3,57,1,2040,2372.3008,36.127,19574.022144,1805.02528,586.585460736,80,71.338496,138.412032,478,0
1.0.0,2026-06-23 20:03:01.461,26.0,4.7,57,0,2040,2372.3008,36.377,19570.487296,1805.021184,586.585444352,80,71.338496,138.412032,478,0
1.0.0,2026-06-23 20:03:02.469,31.0,4.7,57,13,2040,2372.3008,40.313,19580.080128,1814.884352,586.585432064,80,71.339008,138.412032,478,0
1.0.0,2026-06-23 20:03:03.497,31.9,4.5,57,2,2040,2372.3008,41.086,19582.07488,1814.888448,586.585153536,80,71.339008,138.412032,479,0
1.0.0,2026-06-23 20:03:04.476,35.4,4.9,57,5,2040,2372.3008,43.045,19570.167808,1805.02528,586.584891392,80,71.338496,138.412032,480,0
1.0.0,2026-06-23 20:03:05.505,27.8,3.7,57,1,2040,2372.3008,36.354,19570.024448,1805.02528,586.584879104,80,71.338496,138.412032,480,0
1.0.0,2026-06-23 20:03:06.512,29.1,4.6,57,6,2040,2372.3008,37.084,19581.820928,1814.888448,586.58486272,80,71.339008,138.412032,480,0
1.0.0,2026-06-23 20:03:07.505,33.0,4.7,57,1,2040,2372.3008,41.321,19574.071296,1806.258176,586.584551424,80,71.338496,138.412032,481,0
1.0.0,2026-06-23 20:03:08.481,29.4,3.6,57,5,2040,2372.3008,38.553,19582.803968,1814.884352,586.58453504,80,71.339008,138.412032,481,0
1.0.0,2026-06-23 20:03:09.502,35.3,4.4,57,4,2040,2372.3008,42.402,19573.137408,1806.258176,586.584272896,80,71.338496,138.412032,482,0
1.0.0,2026-06-23 20:03:10.538,29.7,4.7,57,1,2040,2372.3008,37.69,19581.743104,1815.793664,586.584256512,80,71.339008,138.412032,482,0
1.0.0,2026-06-23 20:03:11.534,36.5,4.2,57,9,2040,2372.3008,43.134,19572.207616,1805.02528,586.583973888,80,71.339008,138.412032,483,0
1.0.0,2026-06-23 20:03:12.538,28.8,4.9,57,0,2040,2372.3008,37.464,19571.9168,1805.02528,586.583748608,80,71.339008,138.412032,483,0
1.0.0,2026-06-23 20:03:13.537,27.0,4.2,57,0,2040,2372.3008,36.097,19572.711424,1805.02528,586.583732224,80,71.339008,138.412032,483,0
1.0.0,2026-06-23 20:03:14.538,26.5,4.7,57,0,2040,2372.3008,36.374,19572.432896,1805.021184,586.583719936,80,71.339008,138.412032,483,0
1.0.0,2026-06-23 20:03:15.545,34.3,5.2,57,10,2040,2372.3008,40.996,19583.561728,1814.884352,586.583703552,80,71.338496,138.412032,483,0
1.0.0,2026-06-23 20:03:16.557,33.9,4.8,57,9,2040,2372.3008,40.994,19584.282624,1814.888448,586.583420928,80,71.339008,138.412032,484,0
1.0.0,2026-06-23 20:03:17.575,32.7,5.2,57,2,2040,2372.3008,42.915,19576.659968,1805.029376,586.583158784,80,71.338496,138.412032,485,0
1.0.0,2026-06-23 20:03:18.555,23.5,4.9,57,1,2040,2372.3008,36.241,19575.345152,1805.02528,586.583146496,80,71.338496,138.412032,485,0
1.0.0,2026-06-23 20:03:19.559,31.8,5.5,57,12,2040,2372.3008,38.787,19584.458752,1814.888448,586.583130112,80,71.339008,138.412032,485,0
1.0.0,2026-06-23 20:03:20.559,31.2,5.0,57,1,2040,2372.3008,41.726,19574.480896,1805.02528,586.582822912,80,71.339008,138.412032,486,0
1.0.0,2026-06-23 20:03:21.584,33.1,5.4,57,13,2040,2372.3008,39.969,19584.028672,1814.884352,586.582806528,80,71.338496,138.412032,486,0
1.0.0,2026-06-23 20:03:22.550,34.5,4.8,57,0,2040,2372.3008,42.127,19576.418304,1806.258176,586.582532096,80,71.338496,138.412032,487,0
1.0.0,2026-06-23 20:03:23.575,28.5,4.2,57,13,2040,2372.3008,38.703,19585.675264,1814.888448,586.582519808,80,71.339008,138.412032,487,0
1.0.0,2026-06-23 20:03:24.564,35.8,6.0,57,1,2040,2372.3008,43.502,19576.385536,1805.02528,586.582228992,80,71.338496,138.412032,488,0
1.0.0,2026-06-23 20:03:25.575,25.8,3.8,57,1,2040,2372.3008,36.104,19576.13568,1805.02528,586.582216704,80,71.338496,138.412032,488,0
1.0.0,2026-06-23 20:03:26.566,26.4,4.8,57,1,2040,2372.3008,36.365,19576.233984,1806.25408,586.58220032,80,71.338496,138.412032,488,0
1.0.0,2026-06-23 20:03:27.561,26.0,4.6,57,1,2040,2372.3008,36.126,19583.320064,1812.41856,586.582188032,80,71.339008,138.412032,488,0
1.0.0,2026-06-23 20:03:28.594,34.7,5.5,57,12,2040,2372.3008,42.599,19577.434112,1805.02528,586.581909504,80,71.339008,138.412032,489,0
1.0.0,2026-06-23 20:03:29.623,32.1,4.7,57,8,2040,2372.3008,41.219,19588.73088,1815.814144,586.581897216,80,71.338496,138.412032,489,0
1.0.0,2026-06-23 20:03:30.626,31.6,5.1,57,0,2040,2372.3008,40.902,19576.119296,1805.029376,586.581630976,80,71.338496,138.412032,490,0
1.0.0,2026-06-23 20:03:31.630,26.6,5.4,57,0,2040,2372.3008,36.489,19575.386112,1805.02528,586.581618688,80,71.338496,138.412032,490,0
1.0.0,2026-06-23 20:03:32.649,33.8,5.4,57,9,2040,2372.3008,40.203,19584.598016,1814.884352,586.5816064,80,71.338496,138.412032,490,0
1.0.0,2026-06-23 20:03:33.613,31.6,5.0,57,1,2040,2372.3008,40.716,19578.65472,1807.491072,586.581291008,80,71.339008,138.412032,491,0
1.0.0,2026-06-23 20:03:34.664,33.6,6.7,57,7,2040,2372.3008,41.175,19577.802752,1805.02528,586.581045248,80,71.339008,138.412032,492,0
1.0.0,2026-06-23 20:03:35.653,29.8,5.1,57,1,2040,2372.3008,39.668,19579.609088,1807.491072,586.58103296,80,71.338496,138.412032,492,0
1.0.0,2026-06-23 20:03:36.756,31.5,5.6,57,7,2040,2372.3008,40.281,19588.153344,1814.87616,586.581016576,80,71.338496,138.412032,492,0
1.0.0,2026-06-23 20:03:37.668,30.3,3.7,57,0,2040,2372.3008,39.946,19579.772928,1805.012992,586.580738048,80,71.338496,138.412032,493,0
1.0.0,2026-06-23 20:03:38.671,26.0,4.7,57,0,2040,2372.3008,36.18,19581.693952,1806.016512,586.580721664,80,71.338496,138.412032,493,0
1.0.0,2026-06-23 20:03:39.653,25.3,4.3,57,1,2040,2372.3008,36.262,19580.49792,1806.012416,586.580709376,80,71.338496,138.412032,493,0
1.0.0,2026-06-23 20:03:40.658,28.2,4.7,57,7,2040,2372.3008,36.807,19590.41024,1815.875584,586.580697088,80,71.339008,138.412032,493,0
1.0.0,2026-06-23 20:03:41.685,36.7,4.8,57,8,2040,2372.3008,44.113,19579.621376,1806.016512,586.58041856,80,71.338496,138.412032,494,0
1.0.0,2026-06-23 20:03:42.710,34.0,5.3,57,7,2040,2372.3008,41.301,19594.346496,1815.87968,586.580406272,80,71.338496,138.412032,494,0
1.0.0,2026-06-23 20:03:43.700,32.5,4.3,57,0,2040,2372.3008,39.735,19580.198912,1806.020608,586.580140032,80,71.338496,138.412032,495,0
1.0.0,2026-06-23 20:03:44.665,28.2,4.8,57,1,2040,2372.3008,36.378,19585.277952,1812.484096,586.580127744,80,71.339008,138.412032,495,0
1.0.0,2026-06-23 20:03:45.695,37.7,4.7,57,10,2040,2372.3008,41.441,19591.634944,1817.186304,586.580115456,80,71.338496,138.412032,495,0
1.0.0,2026-06-23 20:03:46.738,29.2,4.1,57,1,2040,2372.3008,39.345,19592.491008,1815.87968,586.57980416,80,71.339008,138.412032,496,0
1.0.0,2026-06-23 20:03:47.709,36.3,4.5,57,13,2040,2372.3008,42.099,19585.552384,1807.249408,586.579533824,80,71.338496,138.412032,497,0
1.0.0,2026-06-23 20:03:48.715,32.8,4.9,57,4,2040,2372.3008,39.145,19586.801664,1808.482304,586.57951744,80,71.338496,138.412032,497,0
1.0.0,2026-06-23 20:03:49.748,35.5,4.8,57,12,2040,2372.3008,41.411,19594.067968,1815.87968,586.579505152,80,71.338496,138.412032,497,0
1.0.0,2026-06-23 20:03:50.710,30.3,3.5,57,1,2040,2372.3008,39.997,19584.14336,1806.016512,586.579218432,80,71.338496,138.412032,498,0
1.0.0,2026-06-23 20:03:51.720,28.6,5.3,57,1,2040,2372.3008,36.238,19584.503808,1806.708736,586.579206144,80,71.338496,138.412032,498,0
1.0.0,2026-06-23 20:03:52.726,22.9,4.2,57,1,2040,2372.3008,36.155,19585.37216,1806.012416,586.57918976,80,71.338496,138.412032,498,0
1.0.0,2026-06-23 20:03:53.732,31.3,5.0,57,13,2040,2372.3008,38.356,19596.61568,1815.875584,586.579177472,80,71.339008,138.412032,498,0
1.0.0,2026-06-23 20:03:54.709,34.2,4.5,57,3,2040,2372.3008,43.062,19599.38048,1815.87968,586.578894848,80,71.339008,138.412032,499,0
1.0.0,2026-06-23 20:03:55.730,35.9,5.0,57,8,2040,2372.3008,41.612,19588.042752,1806.020608,586.5786368,80,71.338496,138.412032,500,0
1.0.0,2026-06-23 20:03:56.707,26.3,3.8,57,0,2040,2372.3008,37.959,19587.293184,1806.016512,586.578624512,80,71.338496,138.412032,500,0
1.0.0,2026-06-23 20:03:57.750,26.0,5.0,57,0,2040,2372.3008,36.122,19596.34944,1815.87968,586.578608128,80,71.339008,138.412032,500,0
1.0.0,2026-06-23 20:03:58.724,37.8,4.4,57,10,2040,2372.3008,42.504,19587.42016,1806.016512,586.578231296,80,71.339008,138.412032,501,0
1.0.0,2026-06-23 20:03:59.752,28.7,5.2,57,6,2040,2372.3008,38.329,19597.971456,1815.87968,586.578219008,80,71.339008,138.412032,501,0
1.0.0,2026-06-23 20:04:00.713,33.7,5.3,57,8,2040,2372.3008,42.773,19592.962048,1808.482304,586.577948672,80,71.338496,138.412032,502,0
1.0.0,2026-06-23 20:04:01.796,31.6,5.1,57,4,2040,2372.3008,38.729,19595.943936,1815.87968,586.577936384,80,71.339008,138.412032,502,0
1.0.0,2026-06-23 20:04:02.745,33.9,5.2,57,11,2040,2372.3008,41.531,19584.651264,1806.016512,586.577649664,80,71.338496,138.412032,503,0
1.0.0,2026-06-23 20:04:03.768,29.1,5.0,57,1,2040,2372.3008,38.856,19585.138688,1806.016512,586.57763328,80,71.338496,138.412032,503,0
1.0.0,2026-06-23 20:04:04.755,25.1,5.1,57,0,2040,2372.3008,36.134,19584.913408,1806.016512,586.577620992,80,71.338496,138.412032,503,0
1.0.0,2026-06-23 20:04:05.764,26.3,4.6,56,0,2040,2372.3008,36.078,19585.302528,1806.012416,586.577604608,80,71.338496,138.412032,503,0
1.0.0,2026-06-23 20:04:06.762,31.9,5.5,57,8,2040,2372.3008,38.726,19594.817536,1817.223168,586.577596416,80,71.338496,138.412032,503,0
1.0.0,2026-06-23 20:04:07.762,31.7,4.3,57,0,2040,2372.3008,40.454,19596.562432,1815.87968,586.577313792,80,71.339008,138.412032,504,0
1.0.0,2026-06-23 20:04:08.756,36.1,5.3,57,7,2040,2372.3008,43.269,19587.244032,1806.016512,586.577051648,80,71.338496,138.412032,505,0
1.0.0,2026-06-23 20:04:09.771,27.0,5.3,57,1,2040,2372.3008,36.623,19591.172096,1807.249408,586.577035264,80,71.338496,138.412032,505,0
1.0.0,2026-06-23 20:04:10.797,29.2,5.8,57,16,2040,2372.3008,37.288,19599.060992,1815.875584,586.57701888,80,71.339008,138.412032,505,0
1.0.0,2026-06-23 20:04:11.803,36.0,4.3,57,12,2040,2372.3008,44.314,19590.803456,1806.016512,586.576699392,80,71.338496,138.412032,506,0
1.0.0,2026-06-23 20:04:12.834,29.7,5.9,57,8,2040,2372.3008,38.846,19601.076224,1815.875584,586.576687104,80,71.338496,138.412032,506,0
1.0.0,2026-06-23 20:04:13.806,31.5,5.6,57,5,2040,2372.3008,43.072,19592.691712,1807.249408,586.576347136,80,71.338496,138.412032,507,0
1.0.0,2026-06-23 20:04:14.826,29.1,6.0,57,1,2040,2372.3008,38.247,19601.539072,1815.87968,586.576330752,80,71.339008,138.412032,507,0
1.0.0,2026-06-23 20:04:15.798,35.3,5.3,57,7,2040,2372.3008,42.681,19592.429568,1806.016512,586.576048128,80,71.338496,138.412032,508,0
1.0.0,2026-06-23 20:04:16.786,29.7,4.6,57,1,2040,2372.3008,37.129,19591.356416,1806.016512,586.576031744,80,71.338496,138.412032,508,0
1.0.0,2026-06-23 20:04:17.824,26.5,4.6,57,1,2040,2372.3008,36.003,19592.843264,1806.012416,586.576019456,80,71.338496,138.412032,508,0
1.0.0,2026-06-23 20:04:18.797,27.4,5.2,57,1,2040,2372.3008,36.535,19601.53088,1813.409792,586.576003072,80,71.339008,138.412032,508,0
1.0.0,2026-06-23 20:04:19.844,33.8,5.1,57,9,2040,2372.3008,40.663,19594.665984,1806.016512,586.575720448,80,71.338496,138.412032,509,0
1.0.0,2026-06-23 20:04:20.905,32.4,6.5,57,12,2040,2372.3008,39.734,19592.613888,1815.87968,586.57570816,80,71.338496,138.412032,509,0
1.0.0,2026-06-23 20:04:21.799,34.0,4.3,57,1,2040,2372.3008,42.915,19582.251008,1806.016512,586.575450112,80,71.338496,138.412032,510,0
1.0.0,2026-06-23 20:04:22.819,26.6,4.8,57,0,2040,2372.3008,36.234,19581.341696,1806.016512,586.575437824,80,71.338496,138.412032,510,0
1.0.0,2026-06-23 20:04:23.894,31.9,5.3,57,13,2040,2372.3008,38.405,19584.49152,1815.875584,586.575425536,80,71.338496,138.412032,510,0
1.0.0,2026-06-23 20:04:24.845,33.5,5.9,57,0,2040,2372.3008,42.479,19576.131584,1808.482304,586.575101952,80,71.339008,138.412032,511,0
1.0.0,2026-06-23 20:04:25.934,32.9,5.6,57,11,2040,2372.3008,43.073,19583.250432,1815.875584,586.575089664,80,71.338496,138.412032,511,0
1.0.0,2026-06-23 20:04:26.859,33.2,5.1,57,1,2040,2382.196736,42.085,19575.312384,1808.482304,586.574823424,80,71.338496,138.412032,512,0
1.0.0,2026-06-23 20:04:27.900,29.1,4.4,57,10,2040,2382.196736,37.968,19582.906368,1815.87968,586.57480704,80,71.338496,138.412032,512,0
1.0.0,2026-06-23 20:04:28.825,35.4,4.6,57,2,2040,2372.3008,42.464,19574.013952,1806.016512,586.574516224,80,71.338496,138.412032,513,0
1.0.0,2026-06-23 20:04:29.834,27.6,4.6,57,0,2040,2372.3008,35.883,19573.321728,1806.012416,586.574503936,80,71.338496,138.412032,513,0
1.0.0,2026-06-23 20:04:30.814,25.9,5.1,57,1,2040,2372.3008,36.418,19570.40128,1806.012416,586.574491648,80,71.338496,138.412032,513,0
1.0.0,2026-06-23 20:04:31.869,26.4,4.5,57,0,2040,2372.3008,36.206,19579.86304,1815.875584,586.57447936,80,71.339008,138.412032,513,0
1.0.0,2026-06-23 20:04:32.815,35.6,5.9,57,12,2040,2372.3008,42.89,19571.900416,1806.016512,586.574200832,80,71.338496,138.412032,514,0
1.0.0,2026-06-23 20:04:33.844,33.0,5.1,57,8,2040,2372.3008,41.168,19581.800448,1815.87968,586.574188544,80,71.338496,138.412032,514,0
1.0.0,2026-06-23 20:04:34.850,34.5,4.8,57,1,2040,2372.3008,40.673,19573.051392,1806.020608,586.573901824,80,71.338496,138.412032,515,0
1.0.0,2026-06-23 20:04:35.841,29.1,5.1,57,0,2040,2372.3008,36.05,19573.243904,1806.016512,586.573889536,80,71.338496,138.412032,515,0
1.0.0,2026-06-23 20:04:36.981,35.5,5.5,57,1,2040,2372.3008,42.717,19576.864768,1806.004224,586.573570048,80,71.339008,138.412032,516,0
1.0.0,2026-06-23 20:04:37.894,31.3,8.3,57,1,2040,2372.3008,39.36,19583.770624,1813.4016,586.573561856,80,71.339008,138.412032,516,0
1.0.0,2026-06-23 20:04:38.860,34.7,5.0,57,9,2040,2372.3008,41.07,19581.321216,1807.23712,586.57329152,80,71.338496,138.412032,517,0
1.0.0,2026-06-23 20:04:39.845,29.1,4.7,57,0,2040,2372.3008,39.549,19580.657664,1808.470016,586.573275136,80,71.338496,138.412032,517,0
1.0.0,2026-06-23 20:04:40.814,32.0,5.3,57,9,2040,2372.3008,39.856,19589.894144,1815.867392,586.573266944,80,71.338496,138.412032,517,0
1.0.0,2026-06-23 20:04:41.844,32.4,5.9,57,1,2040,2372.3008,41.817,19579.834368,1806.004224,586.572976128,80,71.338496,138.412032,518,0
1.0.0,2026-06-23 20:04:42.828,26.0,4.7,57,1,2040,2372.3008,36.153,19578.048512,1806.004224,586.57296384,80,71.338496,138.412032,518,0
1.0.0,2026-06-23 20:04:43.850,25.6,4.7,57,1,2040,2372.3008,36.471,19577.950208,1806.020608,586.572947456,80,71.338496,138.412032,518,0
1.0.0,2026-06-23 20:04:44.868,31.3,6.4,57,5,2040,2372.3008,37.137,19588.571136,1815.883776,586.572935168,80,71.339008,138.412032,518,0
1.0.0,2026-06-23 20:04:45.822,33.6,5.3,57,12,2040,2372.3008,43.564,19580.059648,1808.490496,586.572660736,80,71.339008,138.412032,519,0
1.0.0,2026-06-23 20:04:46.856,36.2,4.3,57,12,2040,2372.3008,42.817,19578.368,1806.0288,586.572394496,80,71.338496,138.412032,520,0
1.0.0,2026-06-23 20:04:47.840,27.9,4.8,57,1,2040,2372.3008,39.482,19576.91392,1806.024704,586.572382208,80,71.338496,138.412032,520,0
1.0.0,2026-06-23 20:04:48.913,26.7,6.1,57,1,2040,2372.3008,36.063,19585.789952,1815.887872,586.572365824,80,71.339008,138.412032,520,0
1.0.0,2026-06-23 20:04:49.873,34.2,7.0,57,7,2040,2372.3008,40.849,19576.46336,1806.024704,586.572050432,80,71.338496,138.412032,521,0
1.0.0,2026-06-23 20:04:50.874,29.4,4.7,57,0,2040,2372.3008,39.28,19588.276224,1815.887872,586.572038144,80,71.339008,138.412032,521,0
1.0.0,2026-06-23 20:04:51.837,38.5,5.6,57,10,2040,2372.3008,42.527,19579.674624,1808.490496,586.571771904,80,71.338496,138.412032,522,0
1.0.0,2026-06-23 20:04:52.839,28.7,4.1,57,5,2040,2372.3008,39.92,19581.169664,1810.956288,586.57175552,80,71.339008,138.412032,522,0
1.0.0,2026-06-23 20:04:53.897,35.1,5.8,57,13,2040,2372.3008,41.482,19586.1504,1815.887872,586.571747328,80,71.338496,138.412032,522,0
1.0.0,2026-06-23 20:04:54.852,30.8,5.7,57,1,2040,2372.3008,41.019,19576.44288,1806.024704,586.5714688,80,71.338496,138.412032,523,0
1.0.0,2026-06-23 20:04:55.842,24.3,5.6,57,0,2040,2372.3008,36.444,19575.730176,1806.024704,586.571452416,80,71.338496,138.412032,523,0
1.0.0,2026-06-23 20:04:56.863,24.1,5.7,57,1,2040,2372.3008,36.195,19576.344576,1806.020608,586.571440128,80,71.338496,138.412032,523,0
1.0.0,2026-06-23 20:04:57.905,31.3,5.4,57,12,2040,2372.3008,38.807,19585.806336,1815.883776,586.57142784,80,71.338496,138.412032,523,0
1.0.0,2026-06-23 20:04:58.903,31.2,4.0,57,1,2040,2372.3008,41.891,19585.417216,1815.887872,586.571145216,80,71.339008,138.412032,524,0
1.0.0,2026-06-23 20:04:59.873,36.7,5.9,57,12,2040,2372.3008,41.915,19576.590336,1806.024704,586.570891264,80,71.338496,138.412032,525,0
1.0.0,2026-06-23 20:05:00.879,27.2,3.9,57,1,2040,2372.3008,38.916,19580.2112,1806.024704,586.57087488,80,71.338496,138.412032,525,0
1.0.0,2026-06-23 20:05:01.875,29.3,6.2,57,1,2040,2372.3008,36.498,19585.04448,1815.887872,586.570862592,80,71.339008,138.412032,525,0
1.0.0,2026-06-23 20:05:02.903,36.2,5.6,57,10,2040,2372.3008,42.906,19576.631296,1806.024704,586.570543104,80,71.339008,138.412032,526,0
1.0.0,2026-06-23 20:05:03.944,29.3,6.1,57,9,2040,2372.3008,40.056,19587.346432,1815.883776,586.570534912,80,71.339008,138.412032,526,0
1.0.0,2026-06-23 20:05:04.897,36.9,6.2,57,12,2040,2372.3008,43.346,19579.326464,1807.2576,586.570264576,80,71.338496,138.412032,527,0
1.0.0,2026-06-23 20:05:05.893,27.8,3.9,57,4,2040,2372.3008,39.385,19588.54656,1815.887872,586.570252288,80,71.339008,138.412032,527,0
1.0.0,2026-06-23 20:05:06.893,37.4,6.2,57,12,2040,2372.3008,41.966,19578.793984,1806.024704,586.569965568,80,71.338496,138.412032,528,0
1.0.0,2026-06-23 20:05:07.919,27.8,5.0,57,1,2040,2372.3008,39.028,19578.433536,1806.024704,586.569949184,80,71.338496,138.412032,528,0
1.0.0,2026-06-23 20:05:08.916,25.1,4.5,57,1,2040,2372.3008,36.311,19580.039168,1806.020608,586.569949184,80,71.338496,138.412032,528,0
1.0.0,2026-06-23 20:05:09.881,24.4,4.6,57,1,2040,2372.3008,36.263,19579.785216,1806.020608,586.569936896,80,71.338496,138.412032,528,0
1.0.0,2026-06-23 20:05:10.879,32.3,5.8,57,8,2040,2372.3008,39.25,19588.911104,1817.214976,586.569924608,80,71.338496,138.412032,528,0
1.0.0,2026-06-23 20:05:11.928,31.1,3.9,57,2,2040,2372.3008,40.293,19589.230592,1815.887872,586.56964608,80,71.339008,138.412032,529,0
1.0.0,2026-06-23 20:05:12.907,34.1,4.9,57,11,2040,2372.3008,42.755,19580.022784,1806.024704,586.56937984,80,71.338496,138.412032,530,0
1.0.0,2026-06-23 20:05:13.885,25.6,3.8,57,1,2040,2372.3008,36.896,19580.506112,1806.024704,586.569367552,80,71.338496,138.412032,530,0
1.0.0,2026-06-23 20:05:14.948,31.1,6.8,57,7,2040,2372.3008,40.776,19589.963776,1815.883776,586.569351168,80,71.338496,138.412032,530,0
1.0.0,2026-06-23 20:05:15.922,32.9,5.4,57,8,2040,2372.3008,44.033,19580.055552,1806.024704,586.569035776,80,71.339008,138.412032,531,0
1.0.0,2026-06-23 20:05:16.886,32.1,5.1,57,9,2040,2372.3008,38.879,19589.951488,1815.883776,586.569023488,80,71.338496,138.412032,531,0
1.0.0,2026-06-23 20:05:17.902,31.9,4.8,57,6,2040,2372.3008,43.112,19581.648896,1807.2576,586.56876544,80,71.338496,138.412032,532,0
1.0.0,2026-06-23 20:05:18.901,30.7,5.8,57,1,2040,2372.3008,38.027,19589.943296,1815.887872,586.568749056,80,71.339008,138.412032,532,0
1.0.0,2026-06-23 20:05:19.904,32.8,5.6,57,6,2040,2372.3008,42.983,19579.916288,1806.024704,586.56845824,80,71.338496,138.412032,533,0
1.0.0,2026-06-23 20:05:20.906,27.5,4.3,57,1,2040,2372.3008,39.102,19579.629568,1806.024704,586.568450048,80,71.338496,138.412032,533,0
1.0.0,2026-06-23 20:05:21.881,26.5,4.4,57,1,2040,2372.3008,36.207,19580.534784,1806.024704,586.568433664,80,71.338496,138.412032,533,0
1.0.0,2026-06-23 20:05:22.907,27.9,4.0,57,0,2040,2372.3008,36.188,19588.95616,1813.417984,586.56841728,80,71.339008,138.412032,533,0
1.0.0,2026-06-23 20:05:23.889,32.8,5.9,57,12,2040,2372.3008,41.125,19582.922752,1806.024704,586.568142848,80,71.338496,138.412032,534,0
1.0.0,2026-06-23 20:05:24.936,32.6,6.6,57,8,2040,2372.3008,40.828,19591.135232,1815.887872,586.56813056,80,71.338496,138.412032,534,0
1.0.0,2026-06-23 20:05:25.921,29.9,4.6,57,2,2040,2372.3008,42.67,19583.750144,1806.024704,586.5678848,80,71.338496,138.412032,535,0
1.0.0,2026-06-23 20:05:26.917,25.6,5.2,57,1,2040,2372.3008,36.074,19583.881216,1806.024704,586.567868416,80,71.338496,138.412032,535,0
1.0.0,2026-06-23 20:05:27.925,30.6,6.5,57,9,2040,2372.3008,41.686,19593.527296,1815.883776,586.567856128,80,71.338496,138.412032,535,0
1.0.0,2026-06-23 20:05:28.919,30.8,6.0,57,1,2040,2372.3008,39.648,19583.709184,1807.491072,586.567540736,80,71.338496,138.412032,536,0
1.0.0,2026-06-23 20:05:29.927,31.4,5.6,57,10,2040,2372.3008,42.615,19593.711616,1815.883776,586.567524352,80,71.338496,138.412032,536,0
1.0.0,2026-06-23 20:05:30.950,30.4,4.8,57,6,2040,2372.3008,39.387,19584.036864,1808.490496,586.567262208,80,71.338496,138.412032,537,0
1.0.0,2026-06-23 20:05:31.955,31.4,7.1,57,8,2040,2372.3008,41.419,19592.265728,1815.887872,586.567245824,80,71.338496,138.412032,537,0
1.0.0,2026-06-23 20:05:32.961,29.8,4.9,57,1,2040,2372.3008,39.617,19582.124032,1806.024704,586.566873088,80,71.338496,138.412032,538,0
1.0.0,2026-06-23 20:05:33.984,27.0,3.5,57,1,2040,2372.3008,36.492,19581.72672,1806.024704,586.566856704,80,71.338496,138.412032,538,0
1.0.0,2026-06-23 20:05:34.949,25.7,5.7,57,0,2040,2372.3008,36.215,19581.29664,1806.020608,586.566844416,80,71.338496,138.412032,538,0
1.0.0,2026-06-23 20:05:35.934,29.1,4.6,57,9,2040,2372.3008,38.5,19592.17152,1815.883776,586.566828032,80,71.339008,138.412032,538,0
1.0.0,2026-06-23 20:05:37.156,35.3,5.5,57,0,2040,2372.3008,42.31,19591.012352,1813.372928,586.56653312,80,71.339008,138.412032,539,0
1.0.0,2026-06-23 20:05:38.018,35.1,4.9,57,10,2040,2372.3008,41.767,19594.235904,1815.83872,586.56653312,80,71.338496,138.412032,539,0
1.0.0,2026-06-23 20:05:38.962,27.1,4.1,57,1,2040,2372.3008,38.007,19585.273856,1805.975552,586.566283264,80,71.338496,138.412032,540,0
1.0.0,2026-06-23 20:05:40.029,25.4,5.0,57,0,2040,2372.3008,36.079,19596.681216,1815.83872,586.56626688,80,71.339008,138.412032,540,0
1.0.0,2026-06-23 20:05:40.969,33.4,5.5,57,8,2040,2372.3008,42.702,19597.287424,1816.612864,586.566254592,80,71.338496,138.412032,540,0
1.0.0,2026-06-23 20:05:41.993,27.5,5.0,57,11,2040,2372.3008,38.228,19596.34944,1815.83872,586.5659392,80,71.339008,138.412032,541,0
1.0.0,2026-06-23 20:05:42.941,35.3,6.3,57,5,2040,2372.3008,43.456,19585.548288,1807.208448,586.565677056,80,71.338496,138.412032,542,0
1.0.0,2026-06-23 20:05:43.971,29.1,4.6,57,7,2040,2372.3008,38.422,19586.625536,1808.441344,586.565664768,80,71.338496,138.412032,542,0
1.0.0,2026-06-23 20:05:44.970,35.8,4.9,57,12,2040,2372.3008,42.352,19593.531392,1815.83872,586.56565248,80,71.338496,138.412032,542,0
1.0.0,2026-06-23 20:05:45.978,27.9,4.2,57,1,2040,2372.3008,39.011,19583.389696,1805.975552,586.56536576,80,71.338496,138.412032,543,0
1.0.0,2026-06-23 20:05:46.977,25.6,3.9,57,1,2040,2372.3008,36.095,19582.615552,1805.975552,586.565353472,80,71.338496,138.412032,543,0
1.0.0,2026-06-23 20:05:47.943,24.7,3.8,56,1,2040,2372.3008,36.322,19582.599168,1805.971456,586.565341184,80,71.338496,138.412032,543,0
1.0.0,2026-06-23 20:05:48.965,30.7,3.7,57,9,2040,2372.3008,40.283,19593.306112,1815.834624,586.5653248,80,71.338496,138.412032,543,0
1.0.0,2026-06-23 20:05:49.973,31.8,5.5,57,7,2040,2372.3008,39.583,19594.69056,1815.83872,586.565042176,80,71.339008,138.412032,544,0
1.0.0,2026-06-23 20:05:50.984,36.4,4.1,57,13,2040,2372.3008,43.633,19586.3552,1805.975552,586.564788224,80,71.338496,138.412032,545,0
1.0.0,2026-06-23 20:05:51.957,28.2,3.7,57,0,2040,2372.3008,37.323,19584.765952,1805.975552,586.564775936,80,71.338496,138.412032,545,0
1.0.0,2026-06-23 20:05:52.960,28.4,4.6,57,11,2040,2372.3008,37.5,19594.89536,1815.83872,586.564763648,80,71.339008,138.412032,545,0
1.0.0,2026-06-23 20:05:53.962,33.6,4.2,57,12,2040,2372.3008,43.872,19586.80576,1805.975552,586.56444416,80,71.338496,138.412032,546,0
1.0.0,2026-06-23 20:05:54.958,30.0,5.1,57,10,2040,2372.3008,39.004,19596.06272,1815.83872,586.564431872,80,71.339008,138.412032,546,0
1.0.0,2026-06-23 20:05:55.973,35.6,6.0,57,5,2040,2372.3008,43.104,19588.632576,1808.441344,586.564161536,80,71.338496,138.412032,547,0
1.0.0,2026-06-23 20:05:57.034,29.3,4.0,57,1,2040,2372.3008,38.586,19593.121792,1812.140032,586.564149248,80,71.338496,138.412032,547,0
1.0.0,2026-06-23 20:05:57.972,33.6,4.2,57,12,2040,2372.3008,43.134,19595.689984,1815.834624,586.56413696,80,71.338496,138.412032,547,0
1.0.0,2026-06-23 20:05:58.969,27.5,3.6,57,0,2040,2372.3008,38.997,19586.338816,1805.975552,586.563854336,80,71.338496,138.412032,548,0
1.0.0,2026-06-23 20:05:59.957,26.8,4.8,57,1,2040,2372.3008,36.111,19586.719744,1805.975552,586.563842048,80,71.338496,138.412032,548,0
1.0.0,2026-06-23 20:06:00.967,28.3,4.5,57,0,2040,2372.3008,36.251,19588.399104,1805.971456,586.563825664,80,71.338496,138.412032,548,0
1.0.0,2026-06-23 20:06:01.963,33.7,4.2,57,10,2040,2372.3008,41.013,19597.344768,1815.834624,586.563813376,80,71.339008,138.412032,548,0
1.0.0,2026-06-23 20:06:02.991,31.8,5.2,57,13,2040,2372.3008,40.338,19597.975552,1815.83872,586.563526656,80,71.339008,138.412032,549,0
1.0.0,2026-06-23 20:06:03.970,37.9,4.2,57,3,2040,2372.3008,42.64,19588.513792,1805.975552,586.563272704,80,71.338496,138.412032,550,0
1.0.0,2026-06-23 20:06:04.935,28.5,4.0,57,2,2040,2372.3008,36.151,19588.169728,1805.975552,586.563260416,80,71.338496,138.412032,550,0
1.0.0,2026-06-23 20:06:06.027,30.0,4.0,57,11,2040,2372.3008,38.583,19598.60224,1815.83872,586.563248128,80,71.339008,138.412032,550,0
1.0.0,2026-06-23 20:06:06.953,29.7,5.2,57,1,2040,2372.3008,40.538,19591.4752,1807.208448,586.562924544,80,71.338496,138.412032,551,0
1.0.0,2026-06-23 20:06:07.964,31.2,4.8,57,10,2040,2372.3008,40.022,19600.09728,1815.834624,586.562912256,80,71.339008,138.412032,551,0
1.0.0,2026-06-23 20:06:08.942,35.2,5.2,57,1,2040,2372.3008,42.369,19591.733248,1807.208448,586.56264192,80,71.338496,138.412032,552,0
1.0.0,2026-06-23 20:06:10.006,30.5,5.2,57,9,2040,2372.3008,38.761,19604.926464,1815.83872,586.562629632,80,71.339008,138.412032,552,0
1.0.0,2026-06-23 20:06:10.961,35.8,5.6,57,0,2040,2372.3008,43.3,19598.49984,1805.975552,586.562342912,80,71.338496,138.412032,553,0
1.0.0,2026-06-23 20:06:11.960,26.8,3.5,57,1,2040,2372.3008,36.131,19598.823424,1807.085568,586.562330624,80,71.338496,138.412032,553,0
1.0.0,2026-06-23 20:06:12.957,25.0,5.6,57,1,2040,2372.3008,36.392,19597.787136,1805.971456,586.56231424,80,71.338496,138.412032,553,0
1.0.0,2026-06-23 20:06:13.983,26.2,4.2,57,1,2040,2372.3008,36.117,19597.737984,1805.971456,586.562301952,80,71.338496,138.412032,553,0
1.0.0,2026-06-23 20:06:14.968,32.2,4.4,57,11,2040,2372.3008,42.239,19608.469504,1815.834624,586.562289664,80,71.338496,138.412032,553,0
1.0.0,2026-06-23 20:06:16.006,34.0,4.3,57,12,2040,2372.3008,41.957,19608.940544,1815.83872,586.562002944,80,71.339008,138.412032,554,0
1.0.0,2026-06-23 20:06:16.960,30.8,4.3,57,1,2040,2372.3008,40.616,19598.118912,1805.975552,586.5617408,80,71.338496,138.412032,555,0
1.0.0,2026-06-23 20:06:17.986,26.3,4.7,57,0,2040,2372.3008,36.342,19598.954496,1805.975552,586.561724416,80,71.338496,138.412032,555,0
1.0.0,2026-06-23 20:06:18.976,29.0,3.4,57,10,2040,2372.3008,40.085,19608.219648,1815.834624,586.561712128,80,71.339008,138.412032,555,0
1.0.0,2026-06-23 20:06:19.961,31.5,4.7,57,1,2040,2372.3008,40.281,19599.458304,1807.208448,586.56139264,80,71.338496,138.412032,556,0
1.0.0,2026-06-23 20:06:21.000,30.1,4.5,57,12,2040,2372.3008,40.836,19610.165248,1815.834624,586.561380352,80,71.338496,138.412032,556,0
1.0.0,2026-06-23 20:06:21.945,31.3,4.5,57,1,2040,2372.3008,40.868,19602.583552,1807.208448,586.560974848,80,71.338496,138.412032,557,0
1.0.0,2026-06-23 20:06:22.975,30.6,5.1,57,13,2040,2372.3008,40.07,19610.587136,1815.83872,586.56096256,80,71.339008,138.412032,557,0
1.0.0,2026-06-23 20:06:23.964,33.7,3.5,57,1,2040,2372.3008,42.003,19601.235968,1805.975552,586.56067584,80,71.338496,138.412032,558,0
1.0.0,2026-06-23 20:06:24.995,25.2,4.6,57,1,2040,2372.3008,36.346,19595.657216,1805.975552,586.560663552,80,71.338496,138.412032,558,0
1.0.0,2026-06-23 20:06:25.972,25.8,4.6,57,0,2040,2372.3008,36.387,19595.333632,1805.975552,586.560647168,80,71.338496,138.412032,558,0
1.0.0,2026-06-23 20:06:26.989,25.0,6.1,57,4,2040,2372.3008,37.102,19604.905984,1815.834624,586.56063488,80,71.339008,138.412032,558,0
1.0.0,2026-06-23 20:06:27.971,36.7,3.6,57,3,2040,2372.3008,43.121,19594.596352,1805.975552,586.560352256,80,71.339008,138.412032,559,0
1.0.0,2026-06-23 20:06:28.973,31.8,5.1,57,13,2040,2372.3008,40.406,19605.131264,1815.83872,586.560339968,80,71.338496,138.412032,559,0
1.0.0,2026-06-23 20:06:30.005,31.8,4.8,57,1,2040,2372.3008,40.943,19594.985472,1805.996032,586.56008192,80,71.338496,138.412032,560,0
1.0.0,2026-06-23 20:06:31.002,27.1,4.2,57,1,2040,2372.3008,36.313,19583.03744,1806.675968,586.560069632,80,71.338496,138.412032,560,0
1.0.0,2026-06-23 20:06:32.048,36.9,3.6,57,12,2040,2372.3008,41.115,19585.622016,1815.855104,586.560057344,80,71.338496,138.412032,560,0
1.0.0,2026-06-23 20:06:33.037,30.7,4.1,57,0,2040,2372.3008,39.793,19577.36448,1808.461824,586.559746048,80,71.339008,138.412032,561,0
1.0.0,2026-06-23 20:06:34.058,35.8,4.6,57,9,2040,2372.3008,42.51,19584.749568,1815.855104,586.55973376,80,71.338496,138.412032,561,0
1.0.0,2026-06-23 20:06:35.078,31.0,4.9,57,6,2040,2372.3008,39.38,19577.348096,1808.461824,586.559463424,80,71.338496,138.412032,562,0
1.0.0,2026-06-23 20:06:36.076,30.8,5.1,57,11,2040,2372.3008,40.787,19584.749568,1815.8592,586.559451136,80,71.338496,138.412032,562,0
1.0.0,2026-06-23 20:06:37.058,30.0,3.7,57,1,2040,2372.3008,40.417,19577.176064,1805.996032,586.55909888,80,71.338496,138.412032,563,0
1.0.0,2026-06-23 20:06:38.064,27.0,3.3,57,1,2040,2372.3008,35.845,19577.892864,1806.966784,586.559086592,80,71.338496,138.412032,563,0
1.0.0,2026-06-23 20:06:39.068,25.4,4.7,57,1,2040,2372.3008,36.215,19579.011072,1806.979072,586.559074304,80,71.338496,138.412032,563,0
1.0.0,2026-06-23 20:06:40.075,29.5,4.5,57,7,2040,2372.3008,37.575,19589.574656,1816.84224,586.55905792,80,71.339008,138.412032,563,0
1.0.0,2026-06-23 20:06:41.090,36.7,5.5,57,1,2040,2372.3008,43.911,19581.063168,1806.995456,586.558713856,80,71.338496,138.412032,564,0
1.0.0,2026-06-23 20:06:42.129,34.2,5.4,57,9,2040,2372.3008,41.643,19590.844416,1816.858624,586.558701568,80,71.338496,138.412032,564,0
1.0.0,2026-06-23 20:06:43.071,29.7,3.9,57,1,2040,2372.3008,39.319,19580.383232,1806.995456,586.558435328,80,71.338496,138.412032,565,0
1.0.0,2026-06-23 20:06:44.145,28.9,4.9,57,1,2040,2372.3008,36.149,19589.996544,1817.796608,586.558418944,80,71.339008,138.412032,565,0
1.0.0,2026-06-23 20:06:45.101,35.7,4.8,57,13,2040,2372.3008,42.345,19582.939136,1807.945728,586.558103552,80,71.339008,138.412032,566,0
1.0.0,2026-06-23 20:06:46.187,26.1,5.5,57,7,2040,2372.3008,38.584,19591.520256,1817.808896,586.558087168,80,71.339008,138.412032,566,0
1.0.0,2026-06-23 20:06:47.109,33.4,4.3,57,7,2040,2372.3008,42.335,19584.131072,1810.41152,586.557833216,80,71.338496,138.412032,567,0
1.0.0,2026-06-23 20:06:48.116,30.5,5.8,57,4,2040,2372.3008,38.543,19584.733184,1811.644416,586.557816832,80,71.338496,138.412032,567,0
1.0.0,2026-06-23 20:06:49.193,34.5,4.9,57,8,2040,2372.3008,41.993,19590.557696,1817.8048,586.557804544,80,71.338496,138.412032,567,0
1.0.0,2026-06-23 20:06:50.113,29.5,3.6,57,0,2040,2372.3008,39.285,19580.936192,1807.945728,586.557538304,80,71.338496,138.412032,568,0
1.0.0,2026-06-23 20:06:51.132,26.4,4.4,57,1,2040,2372.3008,36.022,19580.833792,1807.945728,586.557526016,80,71.338496,138.412032,568,0
1.0.0,2026-06-23 20:06:52.116,25.7,3.8,57,0,2040,2372.3008,36.271,19581.39904,1807.941632,586.557509632,80,71.338496,138.412032,568,0
1.0.0,2026-06-23 20:06:53.128,32.9,4.8,57,12,2040,2372.3008,39.218,19591.585792,1817.8048,586.557497344,80,71.339008,138.412032,568,0
1.0.0,2026-06-23 20:06:54.125,33.3,3.7,57,1,2040,2372.3008,42.101,19588.694016,1817.808896,586.557227008,80,71.339008,138.412032,569,0
1.0.0,2026-06-23 20:06:55.118,36.5,6.0,57,11,2040,2372.3008,42.939,19579.797504,1807.949824,586.556977152,80,71.338496,138.412032,570,0
1.0.0,2026-06-23 20:06:56.104,27.8,3.1,57,1,2040,2372.3008,37.501,19579.2896,1807.945728,586.556960768,80,71.338496,138.412032,570,0
1.0.0,2026-06-23 20:06:57.144,28.9,5.6,57,10,2040,2372.3008,37.124,19589.48864,1817.808896,586.55694848,80,71.339008,138.412032,570,0
1.0.0,2026-06-23 20:06:58.103,33.0,5.1,57,3,2040,2372.3008,42.513,19579.224064,1807.945728,586.556649472,80,71.339008,138.412032,571,0
1.0.0,2026-06-23 20:06:59.140,29.9,4.0,57,11,2040,2372.3008,37.714,19589.804032,1817.8048,586.556637184,80,71.339008,138.412032,571,0
1.0.0,2026-06-23 20:07:00.132,37.1,4.4,57,4,2040,2382.196736,43.895,19584.970752,1809.178624,586.556362752,80,71.338496,138.412032,572,0
1.0.0,2026-06-23 20:07:01.137,27.8,4.6,57,0,2040,2382.196736,38.187,19590.631424,1817.808896,586.556350464,80,71.338496,138.412032,572,0
1.0.0,2026-06-23 20:07:02.114,36.0,4.5,57,11,2040,2372.3008,42.078,19580.760064,1807.949824,586.55606784,80,71.338496,138.412032,573,0
1.0.0,2026-06-23 20:07:03.145,26.6,4.3,57,0,2040,2372.3008,37.929,19581.5424,1807.945728,586.555990016,80,71.338496,138.412032,573,0
1.0.0,2026-06-23 20:07:04.129,26.7,4.5,57,1,2040,2372.3008,36.272,19581.89056,1807.945728,586.555973632,80,71.338496,138.412032,573,0
1.0.0,2026-06-23 20:07:05.124,27.0,3.9,57,1,2040,2372.3008,36.509,19581.669376,1807.941632,586.555961344,80,71.338496,138.412032,573,0
1.0.0,2026-06-23 20:07:06.162,32.8,4.8,57,9,2040,2372.3008,40.545,19591.08608,1817.8048,586.555949056,80,71.338496,138.412032,573,0
1.0.0,2026-06-23 20:07:07.148,34.0,5.5,57,13,2040,2372.3008,41.086,19592.200192,1817.808896,586.555686912,80,71.339008,138.412032,574,0
1.0.0,2026-06-23 20:07:08.134,30.9,6.0,57,6,2040,2372.3008,43.084,19586.543616,1807.945728,586.555424768,80,71.338496,138.412032,575,0
1.0.0,2026-06-23 20:07:09.132,26.2,3.3,57,0,2040,2372.3008,35.754,19585.794048,1807.945728,586.555408384,80,71.338496,138.412032,575,0
1.0.0,2026-06-23 20:07:10.142,30.2,5.0,57,9,2040,2372.3008,37.422,19595.452416,1817.808896,586.555396096,80,71.339008,138.412032,575,0
1.0.0,2026-06-23 20:07:11.145,35.2,5.3,57,2,2040,2372.3008,43.18,19585.081344,1807.945728,586.555080704,80,71.338496,138.412032,576,0
1.0.0,2026-06-23 20:07:12.178,31.1,5.4,57,12,2040,2372.3008,38.784,19601.67424,1817.8048,586.555068416,80,71.338496,138.412032,576,0
1.0.0,2026-06-23 20:07:13.148,34.4,6.3,57,4,2040,2372.3008,42.484,19597.135872,1809.178624,586.554802176,80,71.338496,138.412032,577,0
1.0.0,2026-06-23 20:07:14.217,30.8,5.1,57,4,2040,2372.3008,38.526,19606.986752,1817.808896,586.554789888,80,71.339008,138.412032,577,0
1.0.0,2026-06-23 20:07:15.206,33.6,4.9,57,14,2040,2372.3008,43.373,19595.587584,1807.945728,586.55451136,80,71.339008,138.412032,578,0
1.0.0,2026-06-23 20:07:16.196,27.8,4.1,57,1,2040,2372.3008,37.329,19594.870784,1807.945728,586.554499072,80,71.339008,138.412032,578,0
1.0.0,2026-06-23 20:07:17.187,24.6,4.4,57,1,2040,2372.3008,36.352,19595.288576,1807.945728,586.554486784,80,71.339008,138.412032,578,0
1.0.0,2026-06-23 20:07:18.212,26.8,3.9,57,1,2040,2372.3008,36.601,19608.317952,1817.8048,586.5544704,80,71.339008,138.412032,578,0
1.0.0,2026-06-23 20:07:19.192,34.8,3.6,57,10,2040,2372.3008,41.664,19597.709312,1807.945728,586.554191872,80,71.339008,138.412032,579,0
1.0.0,2026-06-23 20:07:20.178,31.2,4.1,57,7,2040,2372.3008,40.112,19609.985024,1817.808896,586.554179584,80,71.339008,138.412032,579,0
1.0.0,2026-06-23 20:07:21.186,33.4,4.1,57,0,2040,2372.3008,41.989,19598.467072,1807.945728,586.553925632,80,71.338496,138.412032,580,0
1.0.0,2026-06-23 20:07:22.185,25.8,3.8,57,1,2040,2372.3008,36.071,19598.467072,1807.945728,586.553913344,80,71.338496,138.412032,580,0
1.0.0,2026-06-23 20:07:23.196,31.9,6.1,57,7,2040,2372.3008,39.41,19608.9856,1817.8048,586.553901056,80,71.338496,138.412032,580,0
1.0.0,2026-06-23 20:07:24.204,33.5,4.6,57,1,2040,2372.3008,42.299,19597.361152,1807.945728,586.553585664,80,71.338496,138.412032,581,0
1.0.0,2026-06-23 20:07:25.308,31.5,5.1,57,7,2040,2372.3008,40.127,19599.450112,1807.945728,586.55332352,80,71.338496,138.412032,582,0
1.0.0,2026-06-23 20:07:26.172,30.5,5.3,57,0,2040,2372.3008,40.804,19601.92,1810.878464,586.553307136,80,71.338496,138.412032,582,0
1.0.0,2026-06-23 20:07:27.174,28.3,6.0,57,7,2040,2372.3008,39.044,19610.112,1817.808896,586.553298944,80,71.339008,138.412032,582,0
1.0.0,2026-06-23 20:07:28.179,35.2,5.6,57,10,2040,2372.3008,43.798,19600.134144,1807.945728,586.553020416,80,71.338496,138.412032,583,0
1.0.0,2026-06-23 20:07:29.170,25.9,4.2,57,0,2040,2372.3008,36.852,19599.253504,1807.945728,586.553004032,80,71.338496,138.412032,583,0
1.0.0,2026-06-23 20:07:30.204,27.3,4.6,57,0,2040,2372.3008,36.22,19596.374016,1807.945728,586.552991744,80,71.338496,138.412032,583,0
1.0.0,2026-06-23 20:07:31.204,26.5,3.7,57,1,2040,2372.3008,36.329,19605.991424,1817.8048,586.552979456,80,71.339008,138.412032,583,0
1.0.0,2026-06-23 20:07:32.228,35.5,5.1,57,9,2040,2372.3008,42.659,19597.135872,1807.945728,586.552692736,80,71.338496,138.412032,584,0
1.0.0,2026-06-23 20:07:33.229,34.8,6.4,57,12,2040,2372.3008,39.871,19608.428544,1817.8048,586.552680448,80,71.338496,138.412032,584,0
1.0.0,2026-06-23 20:07:34.254,33.3,4.6,57,0,2040,2372.3008,40.858,19596.763136,1807.945728,586.552426496,80,71.338496,138.412032,585,0
1.0.0,2026-06-23 20:07:35.239,25.3,4.5,57,0,2040,2372.3008,35.988,19600.26112,1810.41152,586.552410112,80,71.339008,138.412032,585,0
1.0.0,2026-06-23 20:07:36.285,31.7,5.8,57,11,2040,2372.3008,40.219,19607.359488,1817.8048,586.55240192,80,71.338496,138.412032,585,0
1.0.0,2026-06-23 20:07:37.208,29.2,4.3,57,0,2040,2372.3008,40.074,19606.183936,1815.343104,586.55207424,80,71.339008,138.412032,586,0
1.0.0,2026-06-23 20:07:38.241,34.8,4.7,57,10,2040,2372.3008,40.235,19608.813568,1818.771456,586.552066048,80,71.338496,138.412032,586,0
1.0.0,2026-06-23 20:07:39.246,33.2,5.1,57,1,2040,2372.3008,40.797,19601.928192,1810.14528,586.551812096,80,71.338496,138.412032,587,0
1.0.0,2026-06-23 20:07:40.261,30.3,5.4,57,13,2040,2372.3008,39.847,19610.112,1818.775552,586.551799808,80,71.339008,138.412032,587,0
1.0.0,2026-06-23 20:07:41.264,30.5,3.8,57,1,2040,2372.3008,40.832,19599.273984,1808.912384,586.55152128,80,71.339008,138.412032,588,0
1.0.0,2026-06-23 20:07:42.244,24.8,5.9,57,1,2040,2372.3008,36.174,19599.097856,1808.912384,586.551504896,80,71.339008,138.412032,588,0
1.0.0,2026-06-23 20:07:43.262,25.8,5.0,57,1,2040,2372.3008,36.125,19599.83104,1808.908288,586.551492608,80,71.339008,138.412032,588,0
1.0.0,2026-06-23 20:07:44.255,30.4,4.9,57,13,2040,2372.3008,37.611,19610.476544,1818.771456,586.551476224,80,71.339008,138.412032,588,0
1.0.0,2026-06-23 20:07:45.258,36.1,6.1,57,6,2040,2372.3008,43.894,19606.663168,1813.843968,586.551189504,80,71.339008,138.412032,589,0
1.0.0,2026-06-23 20:07:46.274,34.2,4.1,57,10,2040,2372.3008,41.384,19605.42208,1809.670144,586.55092736,80,71.338496,138.412032,590,0
1.0.0,2026-06-23 20:07:47.272,27.3,4.1,57,1,2040,2372.3008,38.975,19601.862656,1808.912384,586.550915072,80,71.338496,138.412032,590,0
1.0.0,2026-06-23 20:07:48.319,26.6,4.6,57,1,2040,2372.3008,36.372,19612.516352,1818.775552,586.550898688,80,71.339008,138.412032,590,0
1.0.0,2026-06-23 20:07:49.293,34.9,4.3,57,9,2040,2372.3008,41.555,19602.90304,1808.912384,586.550583296,80,71.338496,138.412032,591,0
1.0.0,2026-06-23 20:07:50.298,29.0,4.2,57,2,2040,2372.3008,38.677,19612.438528,1818.775552,586.550566912,80,71.339008,138.412032,591,0
1.0.0,2026-06-23 20:07:51.309,36.1,5.7,57,8,2040,2372.3008,42.626,19604.70528,1810.14528,586.550300672,80,71.338496,138.412032,592,0
1.0.0,2026-06-23 20:07:52.318,31.3,4.6,57,8,2040,2372.3008,38.896,19605.716992,1811.378176,586.550288384,80,71.338496,138.412032,592,0
1.0.0,2026-06-23 20:07:53.288,32.9,6.1,57,11,2040,2372.3008,41.05,19612.286976,1816.305664,586.550276096,80,71.338496,138.412032,592,0
1.0.0,2026-06-23 20:07:54.335,30.8,3.6,57,1,2040,2372.3008,40.661,19604.578304,1808.912384,586.550038528,80,71.338496,138.412032,593,0
1.0.0,2026-06-23 20:07:55.330,24.2,4.1,57,1,2040,2372.3008,36.594,19603.869696,1808.912384,586.55002624,80,71.338496,138.412032,593,0
1.0.0,2026-06-23 20:07:56.311,25.7,3.4,57,1,2040,2372.3008,36.526,19604.516864,1808.908288,586.550013952,80,71.338496,138.412032,593,0
1.0.0,2026-06-23 20:07:57.395,34.1,5.4,57,10,2040,2372.3008,39.594,19613.872128,1818.755072,586.550001664,80,71.338496,138.412032,593,0
1.0.0,2026-06-23 20:07:58.347,32.1,4.7,57,1,2040,2372.3008,41.576,19613.642752,1818.759168,586.549723136,80,71.339008,138.412032,594,0
1.0.0,2026-06-23 20:07:59.355,36.4,4.0,57,10,2040,2372.3008,42.319,19606.265856,1808.896,586.549477376,80,71.338496,138.412032,595,0
1.0.0,2026-06-23 20:08:00.358,28.4,4.5,57,1,2040,2372.3008,37.34,19608.387584,1808.896,586.549460992,80,71.338496,138.412032,595,0
1.0.0,2026-06-23 20:08:01.395,27.6,5.3,57,10,2040,2372.3008,37.166,19613.642752,1818.759168,586.549448704,80,71.339008,138.412032,595,0
1.0.0,2026-06-23 20:08:02.366,36.6,3.5,57,1,2040,2372.3008,42.981,19603.525632,1808.896,586.5491456,80,71.338496,138.412032,596,0
1.0.0,2026-06-23 20:08:03.374,28.8,5.0,57,7,2040,2372.3008,37.772,19615.670272,1821.233152,586.549129216,80,71.339008,138.412032,596,0
1.0.0,2026-06-23 20:08:04.369,34.6,5.5,57,4,2040,2372.3008,42.605,19604.615168,1810.128896,586.548867072,80,71.338496,138.412032,597,0
1.0.0,2026-06-23 20:08:05.383,29.3,5.9,57,1,2040,2372.3008,38.506,19614.035968,1818.759168,586.548854784,80,71.339008,138.412032,597,0
1.0.0,2026-06-23 20:08:06.371,37.0,5.0,58,11,2040,2372.3008,42.309,19604.5824,1809.616896,586.548563968,80,71.339008,138.412032,598,0
1.0.0,2026-06-23 20:08:07.354,30.0,5.4,57,0,2040,2372.3008,37.813,19603.914752,1808.896,586.54855168,80,71.339008,138.412032,598,0
1.0.0,2026-06-23 20:08:08.369,24.6,4.5,57,1,2040,2372.3008,36.372,19603.365888,1808.896,586.548535296,80,71.339008,138.412032,598,0
1.0.0,2026-06-23 20:08:09.370,26.7,4.1,57,1,2040,2372.3008,36.607,19605.44256,1811.357696,586.548523008,80,71.339008,138.412032,598,0
1.0.0,2026-06-23 20:08:10.395,37.3,5.4,57,14,2040,2372.3008,40.47,19609.935872,1808.896,586.548240384,80,71.338496,138.412032,599,0
1.0.0,2026-06-23 20:08:11.384,31.0,5.2,57,17,2040,2372.3008,41.064,19619.934208,1818.759168,586.548228096,80,71.339008,138.412032,599,0
1.0.0,2026-06-23 20:08:12.411,35.6,4.7,57,11,2040,2372.3008,44.326,19611.971584,1808.896,586.547965952,80,71.338496,138.412032,600,0
1.0.0,2026-06-23 20:08:13.355,26.4,3.7,57,1,2040,2372.3008,37.073,19611.004928,1808.896,586.547953664,80,71.338496,138.412032,600,0
1.0.0,2026-06-23 20:08:14.411,35.3,4.7,57,10,2040,2372.3008,38.417,19620.978688,1818.759168,586.547941376,80,71.338496,138.412032,600,0
1.0.0,2026-06-23 20:08:15.407,31.9,4.1,57,0,2040,2372.3008,41.355,19611.262976,1808.896,586.547625984,80,71.338496,138.412032,601,0
1.0.0,2026-06-23 20:08:16.379,33.2,3.7,57,10,2040,2372.3008,39.169,19621.310464,1818.755072,586.547617792,80,71.338496,138.412032,601,0
1.0.0,2026-06-23 20:08:17.393,29.4,4.4,57,1,2040,2372.3008,42.229,19614.224384,1811.361792,586.547347456,80,71.338496,138.412032,602,0
1.0.0,2026-06-23 20:08:18.428,30.0,4.0,57,7,2040,2372.3008,37.644,19623.215104,1818.759168,586.547335168,80,71.339008,138.412032,602,0
1.0.0,2026-06-23 20:08:19.369,34.4,4.5,57,5,2040,2372.3008,43.136,19613.45024,1808.896,586.547044352,80,71.338496,138.412032,603,0
1.0.0,2026-06-23 20:08:20.398,28.1,4.0,57,0,2040,2372.3008,36.551,19610.841088,1808.891904,586.547027968,80,71.338496,138.412032,603,0
1.0.0,2026-06-23 20:08:21.388,24.9,3.9,57,0,2040,2372.3008,36.315,19610.91072,1808.891904,586.547027968,80,71.338496,138.412032,603,0
1.0.0,2026-06-23 20:08:22.438,28.1,4.4,57,0,2040,2372.3008,36.163,19619.160064,1818.755072,586.546999296,80,71.339008,138.412032,603,0
1.0.0,2026-06-23 20:08:23.364,37.2,4.6,57,9,2040,2372.3008,41.799,19608.162304,1808.896,586.54672896,80,71.339008,138.412032,604,0
1.0.0,2026-06-23 20:08:24.373,33.5,4.5,57,11,2040,2372.3008,41.223,19617.255424,1818.759168,586.546720768,80,71.338496,138.412032,604,0
1.0.0,2026-06-23 20:08:25.375,32.2,4.1,57,0,2040,2372.3008,42.249,19608.829952,1808.900096,586.546454528,80,71.338496,138.412032,605,0
1.0.0,2026-06-23 20:08:26.405,27.0,3.3,57,1,2040,2372.3008,36.116,19608.100864,1808.896,586.54644224,80,71.338496,138.412032,605,0
1.0.0,2026-06-23 20:08:27.423,33.8,5.2,57,13,2040,2372.3008,39.563,19617.325056,1818.755072,586.546417664,80,71.338496,138.412032,605,0
1.0.0,2026-06-23 20:08:28.434,33.4,4.2,57,1,2040,2372.3008,41.666,19612.676096,1813.827584,586.546020352,80,71.339008,138.412032,606,0
1.0.0,2026-06-23 20:08:29.429,35.7,4.6,57,12,2040,2372.3008,40.827,19617.959936,1818.755072,586.546003968,80,71.338496,138.412032,606,0
1.0.0,2026-06-23 20:08:30.453,30.6,5.3,57,0,2040,2372.3008,41.266,19610.656768,1812.242432,586.54574592,80,71.338496,138.412032,607,0
1.0.0,2026-06-23 20:08:31.503,33.9,4.7,57,8,2040,2372.3008,42.222,19617.5872,1819.803648,586.545721344,80,71.338496,138.412032,607,0
1.0.0,2026-06-23 20:08:32.415,29.1,4.1,57,1,2040,2372.3008,42.089,19609.735168,1809.94048,586.545385472,80,71.338496,138.412032,608,0
1.0.0,2026-06-23 20:08:33.431,28.5,5.2,57,0,2040,2372.3008,36.157,19610.615808,1809.94048,586.545373184,80,71.338496,138.412032,608,0
1.0.0,2026-06-23 20:08:34.431,25.5,4.4,57,1,2040,2372.3008,36.317,19610.824704,1809.936384,586.5453568,80,71.338496,138.412032,608,0
1.0.0,2026-06-23 20:08:35.475,28.2,4.0,57,13,2040,2372.3008,39.632,19620.84352,1819.799552,586.545340416,80,71.339008,138.412032,608,0
1.0.0,2026-06-23 20:08:36.451,36.1,4.3,57,10,2040,2372.3008,43.071,19612.7744,1809.94048,586.54507008,80,71.338496,138.412032,609,0
1.0.0,2026-06-23 20:08:37.616,34.1,4.9,57,7,2040,2372.3008,42.841,19614.687232,1809.936384,586.544795648,80,71.338496,138.412032,610,0
1.0.0,2026-06-23 20:08:38.492,29.6,5.3,57,0,2040,2372.3008,36.933,19603.382272,1809.936384,586.544795648,80,71.338496,138.412032,610,0
1.0.0,2026-06-23 20:08:39.562,29.2,5.0,57,10,2040,2372.3008,36.794,19610.652672,1819.795456,586.544771072,80,71.339008,138.412032,610,0
1.0.0,2026-06-23 20:08:40.527,35.2,4.7,57,8,2040,2372.3008,43.44,19598.606336,1809.932288,586.544459776,80,71.338496,138.412032,611,0
1.0.0,2026-06-23 20:08:41.574,27.0,4.5,57,9,2040,2372.3008,38.594,19605.540864,1819.795456,586.5444352,80,71.339008,138.412032,611,0
1.0.0,2026-06-23 20:08:42.525,35.1,5.4,57,4,2040,2372.3008,42.572,19598.655488,1811.165184,586.544177152,80,71.338496,138.412032,612,0
1.0.0,2026-06-23 20:08:43.512,31.2,4.8,57,1,2040,2372.3008,38.373,19598.41792,1814.863872,586.544164864,80,71.338496,138.412032,612,0
1.0.0,2026-06-23 20:08:44.583,34.7,4.6,57,10,2040,2372.3008,42.867,19595.862016,1809.936384,586.543886336,80,71.338496,138.412032,613,0
1.0.0,2026-06-23 20:08:45.524,29.1,3.5,57,0,2040,2372.3008,37.169,19594.989568,1810.890752,586.543874048,80,71.338496,138.412032,613,0
1.0.0,2026-06-23 20:08:46.529,25.7,4.4,57,0,2040,2372.3008,36.415,19594.031104,1809.932288,586.54386176,80,71.338496,138.412032,613,0
1.0.0,2026-06-23 20:08:47.558,26.8,4.3,57,0,2040,2372.3008,36.461,19594.162176,1809.928192,586.543845376,80,71.338496,138.412032,613,0
1.0.0,2026-06-23 20:08:48.559,30.3,5.0,57,11,2040,2372.3008,41.298,19603.263488,1818.742784,586.543833088,80,71.338496,138.412032,613,0
1.0.0,2026-06-23 20:08:49.557,30.5,4.2,57,13,2040,2372.3008,40.294,19602.2272,1818.759168,586.543546368,80,71.339008,138.412032,614,0
1.0.0,2026-06-23 20:08:50.565,35.3,4.5,57,2,2040,2372.3008,43.405,19590.893568,1808.896,586.54328832,80,71.338496,138.412032,615,0
1.0.0,2026-06-23 20:08:51.555,30.7,3.7,57,1,2040,2372.3008,36.149,19589.799936,1808.896,586.543276032,80,71.338496,138.412032,615,0
1.0.0,2026-06-23 20:08:52.563,26.0,4.8,57,13,2040,2372.3008,38.403,19598.86848,1818.759168,586.543259648,80,71.339008,138.412032,615,0
1.0.0,2026-06-23 20:08:53.539,37.3,6.2,57,3,2040,2372.3008,43.042,19588.665344,1808.896,586.542948352,80,71.338496,138.412032,616,0
1.0.0,2026-06-23 20:08:54.597,29.4,3.9,57,7,2040,2372.3008,39.094,19599.228928,1818.759168,586.542936064,80,71.339008,138.412032,616,0
1.0.0,2026-06-23 20:08:55.559,33.5,4.7,57,1,2040,2372.3008,41.463,19592.99072,1811.361792,586.542665728,80,71.338496,138.412032,617,0
1.0.0,2026-06-23 20:08:56.603,30.4,4.4,57,5,2040,2372.3008,38.494,19599.183872,1817.526272,586.54265344,80,71.339008,138.412032,617,0
1.0.0,2026-06-23 20:08:57.539,31.9,4.9,57,2,2040,2372.3008,42.456,19592.818688,1808.904192,586.542415872,80,71.339008,138.412032,618,0
1.0.0,2026-06-23 20:08:58.561,28.4,4.1,57,1,2040,2372.3008,36.206,19593.228288,1808.904192,586.542403584,80,71.339008,138.412032,618,0
1.0.0,2026-06-23 20:08:59.573,27.2,4.8,57,1,2040,2372.3008,36.444,19592.68352,1808.904192,586.5423872,80,71.339008,138.412032,618,0
1.0.0,2026-06-23 20:09:00.580,28.2,4.7,57,1,2040,2372.3008,36.553,19595.464704,1808.900096,586.542374912,80,71.339008,138.412032,618,0
1.0.0,2026-06-23 20:09:01.562,30.8,4.3,57,13,2040,2372.3008,41.905,19600.924672,1818.763264,586.542362624,80,71.338496,138.412032,618,0
1.0.0,2026-06-23 20:09:02.560,30.9,4.7,57,12,2040,2372.3008,40.293,19600.187392,1818.76736,586.542075904,80,71.339008,138.412032,619,0
1.0.0,2026-06-23 20:09:03.591,35.5,4.7,57,1,2040,2372.3008,40.845,19590.176768,1808.904192,586.541821952,80,71.338496,138.412032,620,0
1.0.0,2026-06-23 20:09:04.539,24.8,3.1,57,1,2040,2372.3008,36.391,19589.85728,1808.883712,586.541809664,80,71.338496,138.412032,620,0
1.0.0,2026-06-23 20:09:05.600,28.8,6.0,57,9,2040,2372.3008,39.542,19600.412672,1818.742784,586.54179328,80,71.338496,138.412032,620,0
1.0.0,2026-06-23 20:09:06.570,36.0,4.9,57,1,2040,2372.3008,41.355,19594.121216,1808.883712,586.541477888,80,71.339008,138.412032,621,0
1.0.0,2026-06-23 20:09:07.607,28.9,5.4,57,10,2040,2372.3008,40.599,19602.464768,1818.742784,586.5414656,80,71.338496,138.412032,621,0
1.0.0,2026-06-23 20:09:08.562,32.8,6.0,57,0,2040,2372.3008,40.779,19595.046912,1810.116608,586.54119936,80,71.338496,138.412032,622,0
1.0.0,2026-06-23 20:09:09.538,30.8,4.4,57,13,2040,2372.3008,39.197,19602.90304,1818.74688,586.541187072,80,71.339008,138.412032,622,0
1.0.0,2026-06-23 20:09:10.564,36.1,4.7,57,1,2040,2372.3008,41.831,19591.962624,1808.883712,586.540896256,80,71.338496,138.412032,623,0
1.0.0,2026-06-23 20:09:11.577,26.5,4.8,57,1,2040,2372.3008,36.229,19593.043968,1808.883712,586.540883968,80,71.338496,138.412032,623,0
1.0.0,2026-06-23 20:09:12.562,26.3,3.8,57,1,2040,2372.3008,36.19,19592.43776,1808.879616,586.540867584,80,71.338496,138.412032,623,0
1.0.0,2026-06-23 20:09:13.651,26.5,3.9,57,4,2040,2372.3008,36.544,19603.902464,1818.742784,586.540855296,80,71.339008,138.412032,623,0
1.0.0,2026-06-23 20:09:14.620,32.1,4.6,57,8,2040,2372.3008,42.784,19595.055104,1808.904192,586.540568576,80,71.338496,138.412032,624,0
1.0.0,2026-06-23 20:09:15.605,29.3,4.6,57,7,2040,2372.3008,40.817,19604.369408,1821.384704,586.540556288,80,71.338496,138.412032,624,0
1.0.0,2026-06-23 20:09:16.636,32.8,5.1,57,1,2040,2372.3008,41.136,19594.108928,1808.908288,586.540249088,80,71.338496,138.412032,625,0
1.0.0,2026-06-23 20:09:17.627,25.4,3.3,57,0,2040,2372.3008,36.118,19595.706368,1808.904192,586.540232704,80,71.338496,138.412032,625,0
1.0.0,2026-06-23 20:09:18.668,29.3,7.3,57,12,2040,2372.3008,40.915,19605.090304,1818.763264,586.540220416,80,71.338496,138.412032,625,0
1.0.0,2026-06-23 20:09:19.661,32.7,4.7,57,1,2040,2372.3008,39.821,19600.052224,1813.835776,586.539900928,80,71.339008,138.412032,626,0
1.0.0,2026-06-23 20:09:20.646,33.6,5.0,57,10,2040,2372.3008,42.139,19605.786624,1818.763264,586.53988864,80,71.338496,138.412032,626,0
1.0.0,2026-06-23 20:09:21.695,31.2,4.6,57,4,2040,2372.3008,39.413,19600.666624,1811.369984,586.539626496,80,71.338496,138.412032,627,0
1.0.0,2026-06-23 20:09:22.742,31.4,4.6,57,8,2040,2372.3008,41.165,19608.326144,1818.76736,586.539610112,80,71.338496,138.412032,627,0
1.0.0,2026-06-23 20:09:23.683,33.1,5.7,57,0,2040,2372.3008,40.103,19598.934016,1808.904192,586.539331584,80,71.339008,138.412032,628,0
1.0.0,2026-06-23 20:09:24.700,27.3,3.5,57,1,2040,2372.3008,36.029,19598.135296,1808.904192,586.5393152,80,71.339008,138.412032,628,0
1.0.0,2026-06-23 20:09:25.691,24.8,3.7,57,1,2040,2372.3008,36.203,19597.750272,1808.900096,586.539302912,80,71.339008,138.412032,628,0
1.0.0,2026-06-23 20:09:26.681,25.9,5.3,57,14,2040,2372.3008,37.799,19608.4736,1818.763264,586.539290624,80,71.339008,138.412032,628,0
1.0.0,2026-06-23 20:09:27.690,33.9,5.8,57,2,2040,2372.3008,43.138,19600.080896,1808.904192,586.539024384,80,71.338496,138.412032,629,0
1.0.0,2026-06-23 20:09:28.744,35.1,4.4,57,10,2040,2372.3008,41.319,19601.584128,1808.904192,586.53876224,80,71.338496,138.412032,630,0
1.0.0,2026-06-23 20:09:29.697,28.7,3.4,57,0,2040,2372.3008,38.351,19600.920576,1808.904192,586.538749952,80,71.338496,138.412032,630,0
1.0.0,2026-06-23 20:09:30.689,24.8,4.1,57,1,2040,2372.3008,36.242,19607.30624,1818.76736,586.538737664,80,71.339008,138.412032,630,0
1.0.0,2026-06-23 20:09:31.696,34.6,4.9,57,7,2040,2372.3008,42.66,19598.647296,1808.904192,586.538418176,80,71.338496,138.412032,631,0
1.0.0,2026-06-23 20:09:32.683,27.5,3.5,57,1,2040,2372.3008,37.683,19608.891392,1818.76736,586.538405888,80,71.339008,138.412032,631,0
1.0.0,2026-06-23 20:09:33.676,36.2,5.7,57,11,2040,2372.3008,43.75,19603.402752,1810.137088,586.538139648,80,71.338496,138.412032,632,0
1.0.0,2026-06-23 20:09:34.687,31.1,4.5,57,5,2040,2372.3008,38.935,19605.147648,1811.369984,586.538090496,80,71.338496,138.412032,632,0
1.0.0,2026-06-23 20:09:35.690,31.1,4.3,57,9,2040,2372.3008,40.797,19610.083328,1817.534464,586.538078208,80,71.339008,138.412032,632,0
1.0.0,2026-06-23 20:09:36.682,32.7,4.5,57,1,2040,2372.3008,41.059,19602.149376,1808.904192,586.537828352,80,71.338496,138.412032,633,0
1.0.0,2026-06-23 20:09:37.786,27.7,3.8,57,1,2040,2382.196736,36.14,19603.431424,1810.161664,586.537811968,80,71.338496,138.412032,633,0
1.0.0,2026-06-23 20:09:38.707,27.3,3.8,57,1,2040,2382.196736,35.998,19603.316736,1808.912384,586.53779968,80,71.338496,138.412032,633,0
1.0.0,2026-06-23 20:09:39.766,29.2,5.5,57,11,2040,2382.196736,39.229,19614.35136,1818.775552,586.537787392,80,71.338496,138.412032,633,0
1.0.0,2026-06-23 20:09:40.704,35.9,4.0,57,0,2040,2372.3008,41.954,19613.540352,1821.528064,586.537517056,80,71.339008,138.412032,634,0
1.0.0,2026-06-23 20:09:41.740,29.7,4.6,57,9,2040,2372.3008,42.06,19604.0704,1808.91648,586.537250816,80,71.338496,138.412032,635,0
1.0.0,2026-06-23 20:09:42.687,30.1,5.0,57,1,2040,2372.3008,37.412,19603.042304,1808.91648,586.537238528,80,71.338496,138.412032,635,0
1.0.0,2026-06-23 20:09:43.748,26.5,5.2,57,7,2040,2372.3008,36.615,19614.928896,1818.779648,586.53722624,80,71.339008,138.412032,635,0
1.0.0,2026-06-23 20:09:44.727,37.0,4.4,57,12,2040,2372.3008,43.824,19603.951616,1808.91648,586.536910848,80,71.339008,138.412032,636,0
1.0.0,2026-06-23 20:09:45.731,36.6,8.2,57,11,2040,2372.3008,38.778,19621.74464,1818.779648,586.536861696,80,71.339008,138.412032,636,0
1.0.0,2026-06-23 20:09:46.752,36.8,5.6,57,8,2040,2372.3008,43.242,19613.589504,1811.382272,586.53661184,80,71.338496,138.412032,637,0
1.0.0,2026-06-23 20:09:47.763,31.4,4.1,57,1,2040,2372.3008,38.797,19622.424576,1818.779648,586.536595456,80,71.338496,138.412032,637,0
1.0.0,2026-06-23 20:09:48.761,34.9,4.9,57,12,2040,2372.3008,42.277,19609.563136,1808.91648,586.536308736,80,71.339008,138.412032,638,0
1.0.0,2026-06-23 20:09:49.785,30.6,3.7,57,1,2040,2372.3008,37.989,19609.522176,1808.91648,586.536296448,80,71.339008,138.412032,638,0
1.0.0,2026-06-23 20:09:50.772,28.5,3.6,57,1,2040,2372.3008,36.289,19607.658496,1808.91648,586.536280064,80,71.339008,138.412032,638,0
1.0.0,2026-06-23 20:09:51.773,26.7,2.7,57,1,2040,2372.3008,36.333,19606.777856,1809.539072,586.536267776,80,71.339008,138.412032,638,0
1.0.0,2026-06-23 20:09:52.761,32.6,5.5,57,10,2040,2372.3008,40.017,19615.916032,1818.775552,586.536255488,80,71.338496,138.412032,638,0
1.0.0,2026-06-23 20:09:53.822,33.6,4.1,57,13,2040,2372.3008,40.839,19614.875648,1818.779648,586.535968768,80,71.339008,138.412032,639,0
1.0.0,2026-06-23 20:09:54.755,33.6,4.5,57,2,2040,2372.3008,42.575,19603.529728,1808.91648,586.535182336,80,71.338496,138.412032,640,0
1.0.0,2026-06-23 20:09:55.732,28.7,4.0,57,1,2040,2372.3008,36.362,19603.714048,1808.912384,586.535170048,80,71.338496,138.412032,640,0
1.0.0,2026-06-23 20:09:56.836,30.3,4.7,57,9,2040,2372.3008,38.24,19614.16704,1818.775552,586.535153664,80,71.338496,138.412032,640,0
1.0.0,2026-06-23 20:09:57.767,30.3,4.1,57,0,2040,2372.3008,41.695,19606.192128,1808.91648,586.534760448,80,71.338496,138.412032,641,0
1.0.0,2026-06-23 20:09:58.799,28.2,4.1,57,9,2040,2372.3008,38.277,19614.359552,1818.775552,586.53474816,80,71.338496,138.412032,641,0
1.0.0,2026-06-23 20:09:59.767,33.6,4.5,57,1,2040,2372.3008,42.107,19607.515136,1811.382272,586.534494208,80,71.338496,138.412032,642,0
1.0.0,2026-06-23 20:10:00.832,29.7,4.6,57,6,2040,2372.3008,38.717,19620.286464,1818.779648,586.534477824,80,71.339008,138.412032,642,0
1.0.0,2026-06-23 20:10:01.772,33.3,4.4,57,13,2040,2372.3008,43.052,19604.0704,1808.91648,586.534187008,80,71.338496,138.412032,643,0
1.0.0,2026-06-23 20:10:02.786,27.5,4.3,57,1,2040,2372.3008,37.099,19604.160512,1808.91648,586.53417472,80,71.338496,138.412032,643,0
1.0.0,2026-06-23 20:10:03.760,25.8,4.8,57,1,2040,2372.3008,36.241,19605.89312,1808.91648,586.534158336,80,71.338496,138.412032,643,0
1.0.0,2026-06-23 20:10:04.760,26.0,5.0,57,0,2040,2372.3008,36.482,19615.629312,1818.775552,586.534146048,80,71.339008,138.412032,643,0
1.0.0,2026-06-23 20:10:05.773,34.4,3.8,57,10,2040,2372.3008,41.888,19616.018432,1818.775552,586.53413376,80,71.338496,138.412032,643,0
1.0.0,2026-06-23 20:10:06.776,37.4,5.5,57,8,2040,2372.3008,43.144,19620.560896,1818.779648,586.53384704,80,71.338496,138.412032,644,0
1.0.0,2026-06-23 20:10:07.785,32.9,3.8,57,1,2040,2372.3008,42.687,19608.850432,1808.920576,586.533588992,80,71.338496,138.412032,645,0
1.0.0,2026-06-23 20:10:08.777,25.0,3.4,57,1,2040,2372.3008,36.239,19609.001984,1808.91648,586.533572608,80,71.338496,138.412032,645,0
1.0.0,2026-06-23 20:10:09.741,29.7,5.1,57,10,2040,2372.3008,39.273,19618.668544,1818.775552,586.53356032,80,71.338496,138.412032,645,0
1.0.0,2026-06-23 20:10:10.780,33.8,4.4,57,0,2040,2372.3008,41.349,19615.88736,1808.91648,586.533249024,80,71.338496,138.412032,646,0
1.0.0,2026-06-23 20:10:11.736,32.8,4.9,57,13,2040,2372.3008,40.189,19625.648128,1818.775552,586.533236736,80,71.338496,138.412032,646,0
1.0.0,2026-06-23 20:10:12.773,31.8,3.4,57,1,2040,2372.3008,41.448,19619.786752,1811.382272,586.532982784,80,71.338496,138.412032,647,0
1.0.0,2026-06-23 20:10:13.776,30.4,4.8,57,6,2040,2372.3008,38.636,19628.539904,1818.779648,586.532970496,80,71.339008,138.412032,647,0
1.0.0,2026-06-23 20:10:14.750,32.0,4.1,57,1,2040,2372.3008,41.943,19618.230272,1808.91648,586.53267968,80,71.338496,138.412032,648,0
1.0.0,2026-06-23 20:10:15.749,26.7,4.3,57,1,2040,2372.3008,36.122,19616.919552,1808.91648,586.532667392,80,71.338496,138.412032,648,0
1.0.0,2026-06-23 20:10:16.759,26.1,3.4,57,1,2040,2372.3008,36.125,19616.935936,1808.912384,586.532655104,80,71.338496,138.412032,648,0
1.0.0,2026-06-23 20:10:17.751,25.9,4.5,56,1,2040,2372.3008,36.306,19627.528192,1818.775552,586.53263872,80,71.339008,138.412032,648,0
1.0.0,2026-06-23 20:10:18.774,36.1,4.9,57,11,2040,2372.3008,42.732,19616.866304,1808.91648,586.53237248,80,71.338496,138.412032,649,0
1.0.0,2026-06-23 20:10:19.798,30.9,4.0,57,6,2040,2372.3008,41.391,19626.614784,1818.779648,586.532360192,80,71.338496,138.412032,649,0
1.0.0,2026-06-23 20:10:20.775,32.2,3.6,57,1,2040,2372.3008,40.722,19616.13312,1808.920576,586.532110336,80,71.338496,138.412032,650,0
1.0.0,2026-06-23 20:10:21.786,24.6,4.2,57,1,2040,2372.3008,36.167,19615.604736,1808.91648,586.532093952,80,71.338496,138.412032,650,0
1.0.0,2026-06-23 20:10:22.789,31.1,4.1,57,12,2040,2372.3008,40.07,19624.681472,1818.775552,586.532081664,80,71.338496,138.412032,650,0
1.0.0,2026-06-23 20:10:23.793,29.2,3.5,57,0,2040,2372.3008,39.502,19624.923136,1818.779648,586.53175808,80,71.339008,138.412032,651,0
1.0.0,2026-06-23 20:10:24.830,34.1,4.4,57,9,2040,2372.3008,41.518,19617.746944,1810.149376,586.53149184,80,71.338496,138.412032,652,0
1.0.0,2026-06-23 20:10:25.819,26.9,3.9,57,1,2040,2372.3008,39.303,19617.828864,1811.382272,586.531479552,80,71.338496,138.412032,652,0
1.0.0,2026-06-23 20:10:26.855,33.8,6.1,57,9,2040,2372.3008,40.873,19627.831296,1818.779648,586.542067712,80,71.338496,138.412032,652,0
1.0.0,2026-06-23 20:10:27.817,33.5,4.6,57,1,2040,2372.3008,41.217,19617.705984,1808.91648,586.541780992,80,71.338496,138.412032,653,0
1.0.0,2026-06-23 20:10:28.805,27.4,3.2,57,1,2040,2372.3008,36.166,19616.985088,1808.91648,586.541768704,80,71.338496,138.412032,653,0
1.0.0,2026-06-23 20:10:29.804,26.3,3.7,57,1,2040,2372.3008,36.108,19616.3584,1808.912384,586.54175232,80,71.338496,138.412032,653,0
1.0.0,2026-06-23 20:10:30.826,28.5,4.5,57,13,2040,2372.3008,37.3,19623.243776,1818.775552,586.541740032,80,71.339008,138.412032,653,0
1.0.0,2026-06-23 20:10:31.880,35.0,4.7,57,0,2040,2372.3008,42.57,19622.944768,1818.779648,586.541461504,80,71.339008,138.412032,654,0
1.0.0,2026-06-23 20:10:32.849,35.9,3.8,57,11,2040,2372.3008,40.994,19612.393472,1808.91648,586.54251008,80,71.338496,138.412032,655,0
1.0.0,2026-06-23 20:10:33.861,28.5,3.6,57,1,2040,2372.3008,39.058,19613.401088,1808.91648,586.542493696,80,71.338496,138.412032,655,0
1.0.0,2026-06-23 20:10:34.876,26.0,4.7,57,0,2040,2372.3008,35.985,19622.916096,1817.124864,586.542477312,80,71.339008,138.412032,655,0
1.0.0,2026-06-23 20:10:35.883,32.7,4.4,57,5,2040,2372.3008,40.914,19613.159424,1809.584128,586.542211072,80,71.339008,138.412032,656,0
1.0.0,2026-06-23 20:10:36.942,22.4,4.3,56,1,2040,2372.3008,36.319,19622.309888,1816.30976,586.542198784,80,71.339008,138.412032,656,0
1.0.0,2026-06-23 20:10:37.937,32.3,4.1,57,10,2040,2372.3008,42.385,19614.081024,1807.101952,586.541965312,80,71.338496,138.412032,657,0
1.0.0,2026-06-23 20:10:39.898,16.3,2.4,56,0,2040,2380.689408,35.665,19494.95296,1699.815424,586.541953024,80,71.338496,138.412032,657,0
1.0.0,2026-06-23 20:10:40.908,18.1,1.5,56,0,2040,2380.689408,35.773,19494.85056,1699.975168,586.541948928,80,71.338496,138.412032,657,0
1.0.0,2026-06-23 20:10:41.941,13.7,2.0,56,0,2040,2380.689408,34.844,19494.674432,1699.975168,586.541944832,80,71.338496,138.412032,657,0
1.0.0,2026-06-23 20:10:42.929,13.9,2.2,56,0,2040,2380.689408,34.818,19494.150144,1699.975168,586.541940736,80,71.338496,138.412032,657,0
1.0.0,2026-06-23 20:10:43.943,13.9,1.2,56,0,2040,2380.689408,34.873,19493.08928,1699.975168,586.54193664,80,71.338496,138.412032,657,0
1.0.0,2026-06-23 20:10:44.935,13.7,1.4,56,0,2040,2380.689408,34.816,19492.917248,1699.975168,586.550222848,80,71.338496,138.412032,657,0
1.0.0,2026-06-23 20:10:45.947,13.9,1.5,56,0,2040,2380.689408,34.841,19490.172928,1699.975168,586.550218752,80,71.338496,138.412032,657,0
1.0.0,2026-06-23 20:10:46.965,13.6,1.8,56,0,2040,2380.689408,34.819,19489.263616,1699.975168,586.550214656,80,71.338496,138.412032,657,0
1.0.0,2026-06-23 20:10:47.968,13.6,1.1,56,0,2040,2380.689408,34.741,19488.268288,1699.975168,586.55021056,80,71.338496,138.412032,657,0
1.0.0,2026-06-23 20:10:48.974,13.9,1.5,56,0,2040,2380.689408,34.972,19488.047104,1699.975168,586.550206464,80,71.338496,138.412032,657,0
1.0.0,2026-06-23 20:10:49.977,13.7,0.9,56,0,2040,2380.689408,34.84,19488.157696,1699.975168,586.550202368,80,71.338496,138.412032,657,0
1.0.0,2026-06-23 20:10:50.974,13.7,2.1,56,0,2040,2380.689408,34.922,19488.1536,1699.975168,586.550198272,80,71.338496,138.412032,657,0
1.0.0,2026-06-23 20:10:51.961,13.8,1.3,56,0,2040,2380.689408,34.901,19488.284672,1699.975168,586.550194176,80,71.338496,138.412032,657,0
1.0.0,2026-06-23 20:10:52.995,13.9,1.6,56,0,2040,2380.689408,34.846,19487.96928,1699.975168,586.55019008,80,71.338496,138.412032,657,0
1.0.0,2026-06-23 20:10:53.978,13.7,1.4,56,0,2040,2380.689408,34.837,19487.248384,1699.975168,586.550185984,80,71.338496,138.412032,657,0
1.0.0,2026-06-23 20:10:55.002,13.4,1.0,56,0,2040,2380.689408,34.912,19487.326208,1699.975168,586.550181888,80,71.338496,138.412032,657,0
1.0.0,2026-06-23 20:10:55.992,13.5,3.0,56,0,2040,2380.689408,34.772,19486.892032,1699.975168,586.550177792,80,71.338496,138.412032,657,0
1.0.0,2026-06-23 20:10:56.999,13.7,1.3,56,0,2040,2380.689408,34.832,19486.94528,1699.975168,586.550173696,80,71.338496,138.412032,657,0
1.0.0,2026-06-23 20:10:57.996,13.5,1.9,55,0,2040,2380.689408,34.853,19487.06816,1699.975168,586.5501696,80,71.338496,138.412032,657,0
1.0.0,2026-06-23 20:10:59.005,14.0,2.0,55,0,2040,2380.689408,34.727,19487.023104,1699.975168,586.550165504,80,71.338496,138.412032,657,0
1.0.0,2026-06-23 20:11:00.026,13.6,1.2,55,0,2040,2380.689408,34.848,19486.998528,1699.975168,586.550161408,80,71.338496,138.412032,657,0
1.0.0,2026-06-23 20:11:01.019,14.2,2.3,55,0,2040,2380.689408,34.758,19489.562624,1699.975168,586.550153216,80,71.338496,138.412032,657,0
1.0.0,2026-06-23 20:11:02.018,13.6,1.8,55,0,2040,2380.689408,34.756,19485.24544,1699.975168,586.55014912,80,71.338496,138.412032,657,0
1.0.0,2026-06-23 20:11:03.008,14.0,0.9,55,0,2040,2380.689408,34.74,19485.089792,1699.975168,586.550140928,80,71.338496,138.412032,657,0
1.0.0,2026-06-23 20:11:04.000,13.8,2.0,55,0,2040,2380.689408,34.799,19486.08512,1699.975168,586.550136832,80,71.338496,138.412032,657,0
1.0.0,2026-06-23 20:11:05.027,13.5,1.0,55,0,2040,2380.689408,34.711,19486.175232,1699.975168,586.550132736,80,71.338496,138.412032,657,0
1.0.0,2026-06-23 20:11:06.030,14.0,1.1,55,0,2040,2380.689408,35.099,19486.240768,1699.975168,586.550124544,80,71.338496,138.412032,657,0
1.0.0,2026-06-23 20:11:07.033,15.0,3.3,55,0,2040,2380.689408,35.419,19486.33088,1699.975168,586.550124544,80,71.338496,138.412032,657,0
1.0.0,2026-06-23 20:11:08.041,14.0,1.7,55,0,2040,2380.689408,35.341,19486.4128,1699.954688,586.550120448,80,71.338496,138.412032,657,0
1.0.0,2026-06-23 20:11:09.063,13.6,0.7,55,0,2040,2380.689408,35.443,19486.490624,1699.954688,586.550112256,80,71.338496,138.412032,657,0
1.0.0,2026-06-23 20:11:10.025,13.7,1.7,55,0,2040,2380.689408,35.42,19485.986816,1699.762176,586.55010816,80,71.338496,138.412032,657,0
1.0.0,2026-06-23 20:11:11.068,13.8,2.5,55,0,2040,2380.689408,35.366,19482.574848,1699.762176,586.550104064,80,71.338496,138.412032,657,0
1.0.0,2026-06-23 20:11:12.055,13.9,1.4,55,0,2040,2380.689408,35.418,19482.517504,1699.762176,586.550099968,80,71.338496,138.412032,657,0
1.0.0,2026-06-23 20:11:13.048,13.8,3.0,55,0,2040,2380.689408,35.351,19479.998464,1699.762176,586.549968896,80,71.338496,138.412032,657,0
1.0.0,2026-06-23 20:11:14.067,14.2,1.4,55,0,2040,2380.689408,35.383,19479.199744,1699.762176,586.5499648,80,71.338496,138.412032,657,0
1.0.0,2026-06-23 20:11:15.059,13.8,1.7,55,0,2040,2380.689408,35.429,19476.3776,1699.762176,586.549960704,80,71.338496,138.412032,657,0
1.0.0,2026-06-23 20:11:16.083,13.3,1.8,55,0,2040,2380.689408,35.28,19475.574784,1699.762176,586.549956608,80,71.338496,138.412032,657,0
1.0.0,2026-06-23 20:11:17.063,14.2,1.9,55,0,2040,2380.689408,35.391,19475.320832,1699.762176,586.549952512,80,71.338496,138.412032,657,0
1.0.0,2026-06-23 20:11:18.044,13.7,1.2,55,0,2040,2380.689408,35.401,19476.062208,1699.762176,586.549948416,80,71.338496,138.412032,657,0
1.0.0,2026-06-23 20:11:19.063,13.8,1.0,55,0,2040,2380.689408,35.365,19476.250624,1699.762176,586.54994432,80,71.338496,138.412032,657,0
1.0.0,2026-06-23 20:11:20.053,13.3,1.9,55,0,2040,2380.689408,35.47,19475.755008,1699.762176,586.549940224,80,71.338496,138.412032,657,0
1.0.0,2026-06-23 20:11:21.050,13.8,1.6,55,0,2040,2380.689408,35.418,19475.828736,1699.762176,586.549932032,80,71.338496,138.412032,657,0
1.0.0,2026-06-23 20:11:22.052,14.4,3.4,55,0,2040,2380.689408,35.449,19476.332544,1699.762176,586.549927936,80,71.338496,138.412032,657,0
1.0.0,2026-06-23 20:11:23.076,14.1,0.9,55,0,2040,2380.689408,35.435,19476.443136,1699.762176,586.54992384,80,71.338496,138.412032,657,0
1.0.0,2026-06-23 20:11:24.081,14.1,2.1,55,0,2040,2380.689408,35.313,19476.410368,1699.762176,586.549919744,80,71.338496,138.412032,657,0
1.0.0,2026-06-23 20:11:25.052,13.6,1.5,55,0,2040,2380.689408,35.418,19476.353024,1699.762176,586.549915648,80,71.338496,138.412032,657,0
1.0.0,2026-06-23 20:11:26.068,13.8,2.2,55,0,2040,2380.689408,35.383,19477.037056,1699.762176,586.549911552,80,71.338496,138.412032,657,0
1.0.0,2026-06-23 20:11:27.068,13.7,2.2,55,0,2040,2380.689408,35.342,19477.024768,1699.762176,586.549907456,80,71.338496,138.412032,657,0
1.0.0,2026-06-23 20:11:28.062,13.7,2.5,55,0,2040,2380.689408,35.404,19477.15584,1699.762176,586.54990336,80,71.338496,138.412032,657,0
1.0.0,2026-06-23 20:11:29.054,13.7,2.7,55,0,2040,2380.689408,35.362,19475.43552,1697.685504,586.549899264,80,71.338496,138.412032,657,0
1.0.0,2026-06-23 20:11:30.061,13.7,1.0,55,0,2040,2380.689408,35.374,19475.49696,1697.685504,586.549895168,80,71.338496,138.412032,657,0
1.0.0,2026-06-23 20:11:31.070,13.6,2.3,55,0,2040,2380.689408,35.396,19472.77312,1697.685504,586.549891072,80,71.338496,138.412032,657,0
1.0.0,2026-06-23 20:11:32.068,13.7,1.4,55,0,2040,2380.689408,35.311,19474.264064,1697.685504,586.549886976,80,71.338496,138.412032,657,0
1.0.0,2026-06-23 20:11:33.057,14.1,1.8,55,0,2040,2380.689408,35.42,19474.345984,1697.685504,586.54988288,80,71.338496,138.412032,657,0
1.0.0,2026-06-23 20:11:34.064,13.7,1.8,55,0,2040,2380.689408,35.379,19474.366464,1697.685504,586.549878784,80,71.338496,138.412032,657,0
1.0.0,2026-06-23 20:11:35.092,14.2,1.5,55,0,2040,2380.689408,35.297,19474.427904,1697.685504,586.549874688,80,71.338496,138.412032,657,0
1.0.0,2026-06-23 20:11:36.097,13.6,1.2,55,0,2040,2380.689408,35.297,19475.288064,1697.685504,586.549870592,80,71.338496,138.412032,657,0
1.0.0,2026-06-23 20:11:37.128,14.2,1.1,55,0,2040,2380.689408,35.364,19475.7632,1697.685504,586.549866496,80,71.338496,138.412032,657,0
1.0.0,2026-06-23 20:11:38.106,13.6,2.1,55,0,2040,2380.689408,35.411,19478.355968,1701.126144,586.5498624,80,71.338496,138.412032,657,0
1.0.0,2026-06-23 20:11:39.099,16.0,1.6,55,0,2040,2380.689408,35.296,19476.996096,1699.049472,586.549858304,80,71.338496,138.412032,657,0
1.0.0,2026-06-23 20:11:40.109,14.4,1.1,55,0,2040,2380.689408,35.22,19478.003712,1699.049472,586.549854208,80,71.338496,138.412032,657,0
1.0.0,2026-06-23 20:11:41.114,14.3,2.0,55,0,2040,2380.689408,35.256,19478.17984,1699.049472,586.549850112,80,71.338496,138.412032,657,0
1.0.0,2026-06-23 20:11:42.099,13.8,1.2,55,0,2040,2380.689408,35.255,19478.188032,1699.049472,586.549846016,80,71.338496,138.412032,657,0
1.0.0,2026-06-23 20:11:43.135,13.8,1.6,55,0,2040,2380.689408,35.173,19477.987328,1699.049472,586.54984192,80,71.338496,138.412032,657,0
1.0.0,2026-06-23 20:11:44.135,13.3,1.2,55,0,2040,2380.689408,35.276,19478.204416,1699.049472,586.549837824,80,71.338496,138.412032,657,0
1.0.0,2026-06-23 20:11:45.112,13.6,1.6,54,0,2040,2380.689408,35.223,19478.3232,1699.049472,586.549833728,80,71.338496,138.412032,657,0
1.0.0,2026-06-23 20:11:46.139,13.8,1.0,54,0,2040,2380.689408,35.186,19478.441984,1699.049472,586.549829632,80,71.338496,138.412032,657,0
1.0.0,2026-06-23 20:11:47.125,13.7,1.7,54,0,2040,2380.689408,35.21,19478.675456,1699.049472,586.549825536,80,71.338496,138.412032,657,0
1.0.0,2026-06-23 20:11:48.113,13.7,1.5,54,0,2040,2380.689408,35.194,19478.802432,1699.049472,586.549817344,80,71.338496,138.412032,657,0
1.0.0,2026-06-23 20:11:49.132,13.9,1.4,54,0,2040,2380.689408,35.302,19476.996096,1696.9728,586.549813248,80,71.338496,138.412032,657,0
1.0.0,2026-06-23 20:11:50.105,13.8,1.6,54,0,2040,2380.689408,35.307,19476.8896,1696.9728,586.549809152,80,71.338496,138.412032,657,0
1.0.0,2026-06-23 20:11:51.126,13.9,0.7,54,0,2040,2380.689408,35.221,19476.836352,1696.9728,586.549805056,80,71.338496,138.412032,657,0
1.0.0,2026-06-23 20:11:52.142,13.8,1.6,54,0,2040,2380.689408,35.36,19474.874368,1696.9728,586.54980096,80,71.338496,138.412032,657,0
1.0.0,2026-06-23 20:11:53.116,14.1,1.9,54,0,2040,2380.689408,35.276,19486.732288,1696.9728,586.549784576,80,71.338496,138.412032,657,0
1.0.0,2026-06-23 20:11:54.135,16.7,2.4,54,0,2040,2380.689408,35.284,19487.961088,1696.9728,586.54978048,80,71.338496,138.412032,657,0
1.0.0,2026-06-23 20:11:55.128,13.7,2.2,54,0,2040,2380.689408,35.319,19487.547392,1696.9728,586.549776384,80,71.338496,138.412032,657,0
1.0.0,2026-06-23 20:11:56.176,13.8,2.0,54,0,2040,2380.689408,35.262,19488.178176,1696.9728,586.549772288,80,71.338496,138.412032,657,0
1.0.0,2026-06-23 20:11:57.162,13.8,0.7,54,0,2040,2380.689408,35.32,19488.968704,1696.9728,586.549768192,80,71.338496,138.412032,657,0
1.0.0,2026-06-23 20:11:58.208,13.4,1.8,54,0,2040,2380.689408,35.294,19488.669696,1696.9728,586.549764096,80,71.338496,138.412032,657,0
1.0.0,2026-06-23 20:11:59.214,13.8,1.1,54,0,2040,2380.689408,35.22,19488.702464,1696.9728,586.54976,80,71.338496,138.412032,657,0
1.0.0,2026-06-23 20:12:00.240,13.9,2.9,54,0,2040,2380.689408,35.364,19495.95648,1696.9728,586.549755904,80,71.338496,138.412032,657,0
1.0.0,2026-06-23 20:12:01.209,14.0,1.0,54,0,2040,2380.689408,35.292,19491.762176,1696.9728,586.549751808,80,71.338496,138.412032,657,0
1.0.0,2026-06-23 20:12:02.204,13.3,1.0,54,0,2040,2380.689408,35.273,19491.667968,1696.9728,586.549747712,80,71.338496,138.412032,657,0
1.0.0,2026-06-23 20:12:03.223,13.8,2.3,54,0,2040,2380.689408,35.274,19492.864,1696.9728,586.549743616,80,71.338496,138.412032,657,0
1.0.0,2026-06-23 20:12:04.225,13.5,1.1,54,0,2040,2380.689408,35.303,19492.16768,1696.9728,586.54973952,80,71.338496,138.412032,657,0
1.0.0,2026-06-23 20:12:05.259,14.4,0.8,54,0,2040,2380.689408,35.22,19492.114432,1696.9728,586.549735424,80,71.338496,138.412032,657,0
1.0.0,2026-06-23 20:12:06.273,13.7,1.8,54,0,2040,2380.689408,35.291,19492.368384,1696.9728,586.549731328,80,71.338496,138.412032,657,0
1.0.0,2026-06-23 20:12:07.272,15.2,1.9,54,0,2040,2380.689408,35.182,19492.737024,1696.9728,586.549727232,80,71.338496,138.412032,657,0
1.0.0,2026-06-23 20:12:08.240,13.9,1.0,54,0,2040,2380.689408,35.215,19492.937728,1696.9728,586.549723136,80,71.338496,138.412032,657,0
1.0.0,2026-06-23 20:12:09.262,13.7,1.2,54,0,2040,2380.689408,35.225,19493.040128,1696.9728,586.54971904,80,71.338496,138.412032,657,0
1.0.0,2026-06-23 20:12:10.253,13.8,3.1,54,0,2040,2380.689408,35.33,19495.063552,1696.9728,586.549710848,80,71.338496,138.412032,657,0
1.0.0,2026-06-23 20:12:11.253,14.5,2.1,54,0,2040,2380.689408,35.191,19495.346176,1696.9728,586.549706752,80,71.338496,138.412032,657,0
1.0.0,2026-06-23 20:12:12.255,13.8,1.4,54,0,2040,2380.689408,35.289,19497.1648,1696.9728,586.549702656,80,71.338496,138.412032,657,0
1.0.0,2026-06-23 20:12:13.292,14.0,2.5,54,0,2040,2380.689408,35.252,19498.1888,1696.9728,586.54969856,80,71.338496,138.412032,657,0
1.0.0,2026-06-23 20:12:14.287,14.5,2.6,54,0,2040,2380.689408,35.199,19507.232768,1696.9728,586.549694464,80,71.338496,138.412032,657,0
1.0.0,2026-06-23 20:12:15.288,14.4,0.8,54,0,2040,2380.689408,35.347,19506.348032,1696.9728,586.549690368,80,71.338496,138.412032,657,0
1.0.0,2026-06-23 20:12:16.293,13.7,1.3,54,0,2040,2380.689408,35.239,19506.286592,1696.9728,586.549686272,80,71.338496,138.412032,657,0
1.0.0,2026-06-23 20:12:17.290,14.1,0.9,54,0,2040,2380.689408,35.236,19505.3568,1696.9728,586.549682176,80,71.338496,138.412032,657,0
1.0.0,2026-06-23 20:12:18.285,13.9,1.2,54,0,2040,2380.689408,35.367,19507.908608,1696.9728,586.549673984,80,71.338496,138.412032,657,0
1.0.0,2026-06-23 20:12:19.294,13.8,1.2,54,0,2040,2380.689408,35.314,19507.720192,1696.9728,586.549563392,80,71.338496,138.412032,657,0
1.0.0,2026-06-23 20:12:20.301,13.4,2.2,54,0,2040,2380.689408,35.371,19507.707904,1696.9728,586.549559296,80,71.338496,138.412032,657,0
1.0.0,2026-06-23 20:12:21.299,13.7,1.6,54,0,2040,2380.689408,35.359,19507.73248,1696.9728,586.5495552,80,71.338496,138.412032,657,0
1.0.0,2026-06-23 20:12:22.305,13.7,1.4,54,0,2040,2380.689408,35.366,19507.683328,1696.9728,586.549551104,80,71.338496,138.412032,657,0
1.0.0,2026-06-23 20:12:23.317,13.3,1.4,54,0,2040,2380.689408,35.371,19507.703808,1696.9728,586.549547008,80,71.338496,138.412032,657,0
1.0.0,2026-06-23 20:12:24.338,14.0,1.9,54,0,2040,2380.689408,35.358,19507.843072,1696.9728,586.549542912,80,71.338496,138.412032,657,0
1.0.0,2026-06-23 20:12:25.323,16.6,4.1,54,0,2040,2380.689408,35.359,19513.237504,1696.9728,586.549542912,80,71.338496,138.412032,657,0
1.0.0,2026-06-23 20:12:26.324,18.2,7.3,54,0,2040,2380.689408,35.295,19515.22816,1696.9728,586.54953472,80,71.338496,138.412032,657,0
1.0.0,2026-06-23 20:12:27.319,18.8,6.7,54,0,2040,2380.689408,35.368,19516.276736,1696.9728,586.549526528,80,71.338496,138.412032,657,0
1.0.0,2026-06-23 20:12:28.323,19.3,6.2,54,0,2040,2380.689408,35.394,19517.718528,1696.9728,586.549518336,80,71.338496,138.412032,657,0
1.0.0,2026-06-23 20:12:29.339,17.6,2.5,54,0,2040,2380.689408,35.345,19516.248064,1696.9728,586.549510144,80,71.338496,138.412032,657,0
1.0.0,2026-06-23 20:12:30.358,13.6,1.2,54,0,2040,2380.689408,35.366,19513.67168,1696.9728,586.549506048,80,71.338496,138.412032,657,0
1.0.0,2026-06-23 20:12:31.351,13.9,1.6,54,0,2040,2380.689408,35.361,19513.11872,1696.99328,586.549501952,80,71.338496,138.412032,657,0
1.0.0,2026-06-23 20:12:32.363,14.2,1.2,54,0,2040,2380.689408,35.342,19513.024512,1696.99328,586.549497856,80,71.338496,138.412032,657,0
1.0.0,2026-06-23 20:12:33.355,14.1,1.6,54,0,2040,2380.689408,35.364,19514.056704,1696.99328,586.54949376,80,71.338496,138.412032,657,0
1.0.0,2026-06-23 20:12:34.365,13.5,1.5,54,0,2040,2380.689408,35.419,19513.290752,1696.99328,586.549485568,80,71.338496,138.412032,657,0
1.0.0,2026-06-23 20:12:35.377,14.1,1.3,54,0,2040,2380.689408,35.394,19513.135104,1696.99328,586.549481472,80,71.338496,138.412032,657,0
1.0.0,2026-06-23 20:12:36.364,14.2,1.5,54,0,2040,2380.689408,35.346,19513.081856,1696.99328,586.549477376,80,71.338496,138.412032,657,0
1.0.0,2026-06-23 20:12:37.351,14.3,1.2,54,0,2040,2380.689408,35.056,19513.294848,1696.99328,586.54947328,80,71.338496,138.412032,657,0
1.0.0,2026-06-23 20:12:38.349,13.7,1.4,54,0,2040,2380.689408,35.3,19513.868288,1697.755136,586.549469184,80,71.338496,138.412032,657,0
1.0.0,2026-06-23 20:12:39.382,16.3,1.3,54,0,2040,2380.689408,35.086,19513.87648,1697.755136,586.549465088,80,71.338496,138.412032,657,0
1.0.0,2026-06-23 20:12:40.401,14.4,1.2,54,0,2040,2380.689408,35.497,19514.826752,1697.755136,586.549460992,80,71.338496,138.412032,657,0
1.0.0,2026-06-23 20:12:41.356,13.5,0.9,54,0,2040,2380.689408,35.315,19514.671104,1697.755136,586.549456896,80,71.338496,138.412032,657,0
1.0.0,2026-06-23 20:12:42.379,14.1,2.5,54,0,2040,2380.689408,35.496,19514.597376,1697.755136,586.5494528,80,71.338496,138.412032,657,0
1.0.0,2026-06-23 20:12:43.377,14.0,1.4,54,0,2040,2380.689408,35.503,19513.933824,1697.755136,586.549448704,80,71.338496,138.412032,657,0
1.0.0,2026-06-23 20:12:44.392,13.6,2.9,54,0,2040,2380.689408,35.186,19513.966592,1697.755136,586.549444608,80,71.338496,138.412032,657,0
1.0.0,2026-06-23 20:12:45.373,13.3,0.9,54,0,2040,2380.689408,35.54,19513.839616,1697.755136,586.549440512,80,71.338496,138.412032,657,0
1.0.0,2026-06-23 20:12:46.385,13.6,0.9,54,0,2040,2380.689408,35.47,19513.769984,1697.755136,586.549436416,80,71.338496,138.412032,657,0
1.0.0,2026-06-23 20:12:47.388,13.7,1.2,54,0,2040,2380.689408,35.299,19513.716736,1697.755136,586.54943232,80,71.338496,138.412032,657,0
1.0.0,2026-06-23 20:12:48.396,14.1,2.3,54,0,2040,2380.689408,35.546,19514.396672,1697.755136,586.549428224,80,71.338496,138.412032,657,0
1.0.0,2026-06-23 20:12:49.401,14.2,1.0,54,0,2040,2380.689408,35.369,19514.343424,1697.755136,586.549424128,80,71.338496,138.412032,657,0
1.0.0,2026-06-23 20:12:50.427,13.3,1.2,54,0,2040,2380.689408,35.502,19514.560512,1697.755136,586.549420032,80,71.338496,138.412032,657,0
1.0.0,2026-06-23 20:12:51.431,13.9,0.5,54,0,2040,2380.689408,35.554,19514.535936,1697.755136,586.549415936,80,71.338496,138.412032,657,0
1.0.0,2026-06-23 20:12:52.429,13.4,2.2,54,0,2040,2380.689408,35.291,19514.556416,1697.755136,586.54941184,80,71.338496,138.412032,657,0
1.0.0,2026-06-23 20:12:53.415,14.2,1.4,54,0,2040,2380.689408,35.608,19500.834816,1697.755136,586.549407744,80,71.338496,138.412032,657,0
1.0.0,2026-06-23 20:12:54.422,13.9,1.6,54,0,2040,2380.689408,35.562,19499.012096,1697.755136,586.549403648,80,71.338496,138.412032,657,0
1.0.0,2026-06-23 20:12:55.424,13.9,1.4,54,0,2040,2380.689408,35.324,19497.49248,1697.755136,586.549399552,80,71.338496,138.412032,657,0
1.0.0,2026-06-23 20:12:56.389,13.9,1.3,54,0,2040,2380.689408,35.609,19497.406464,1697.755136,586.549395456,80,71.338496,138.412032,657,0
1.0.0,2026-06-23 20:12:57.417,13.6,1.3,54,0,2040,2380.689408,35.506,19497.304064,1697.755136,586.54939136,80,71.338496,138.412032,657,0
1.0.0,2026-06-23 20:12:58.390,13.7,0.9,54,0,2040,2380.689408,35.408,19497.377792,1697.755136,586.549383168,80,71.338496,138.412032,657,0
1.0.0,2026-06-23 20:12:59.401,14.4,0.7,54,0,2040,2380.689408,35.587,19497.22624,1697.755136,586.549379072,80,71.338496,138.412032,657,0
1.0.0,2026-06-23 20:13:00.420,13.5,1.5,54,0,2040,2380.689408,35.387,19499.68384,1697.755136,586.549374976,80,71.338496,138.412032,657,0
1.0.0,2026-06-23 20:13:01.427,13.8,1.1,54,0,2040,2380.689408,35.536,19496.095744,1697.755136,586.54937088,80,71.338496,138.412032,657,0
1.0.0,2026-06-23 20:13:02.440,13.8,2.7,54,0,2040,2380.689408,35.569,19496.108032,1697.755136,586.549366784,80,71.338496,138.412032,657,0
1.0.0,2026-06-23 20:13:03.458,14.3,2.0,54,0,2040,2380.689408,35.558,19497.140224,1697.755136,586.549362688,80,71.338496,138.412032,657,0
1.0.0,2026-06-23 20:13:04.451,13.5,0.7,54,0,2040,2380.689408,35.333,19497.025536,1697.755136,586.549358592,80,71.338496,138.412032,657,0
1.0.0,2026-06-23 20:13:05.419,13.6,1.2,54,0,2040,2380.689408,35.605,19496.251392,1697.755136,586.549354496,80,71.338496,138.412032,657,0
1.0.0,2026-06-23 20:13:06.451,13.9,1.7,54,0,2040,2380.689408,35.224,19496.259584,1697.755136,586.5493504,80,71.338496,138.412032,657,0
1.0.0,2026-06-23 20:13:07.466,15.1,2.2,54,0,2040,2380.689408,35.108,19496.378368,1697.755136,586.549346304,80,71.338496,138.412032,657,0
1.0.0,2026-06-23 20:13:08.477,14.0,1.1,54,0,2040,2380.689408,35.119,19496.370176,1697.755136,586.549342208,80,71.338496,138.412032,657,0
1.0.0,2026-06-23 20:13:09.451,13.6,1.1,54,0,2040,2380.689408,35.203,19496.42752,1697.755136,586.549338112,80,71.338496,138.412032,657,0
1.0.0,2026-06-23 20:13:10.461,13.3,2.1,54,0,2040,2380.689408,35.148,19493.384192,1697.755136,586.549334016,80,71.338496,138.412032,657,0
1.0.0,2026-06-23 20:13:11.452,13.7,0.6,54,0,2040,2380.689408,35.139,19493.343232,1697.755136,586.54932992,80,71.338496,138.412032,657,0
1.0.0,2026-06-23 20:13:12.453,13.7,1.2,54,0,2040,2380.689408,35.233,19493.142528,1697.755136,586.549325824,80,71.338496,138.412032,657,0
1.0.0,2026-06-23 20:13:13.480,13.7,2.0,54,0,2040,2380.689408,35.135,19493.00736,1697.755136,586.549321728,80,71.338496,138.412032,657,0
1.0.0,2026-06-23 20:13:14.484,13.5,1.4,54,0,2040,2380.689408,35.15,19492.995072,1697.755136,586.549317632,80,71.338496,138.412032,657,0
1.0.0,2026-06-23 20:13:15.475,13.9,2.8,54,0,2040,2380.689408,35.21,19492.933632,1697.755136,586.549313536,80,71.338496,138.412032,657,0
1.0.0,2026-06-23 20:13:16.465,13.5,0.5,54,0,2040,2380.689408,35.152,19492.6592,1697.755136,586.54930944,80,71.338496,138.412032,657,0
1.0.0,2026-06-23 20:13:17.458,13.7,1.9,54,0,2040,2380.689408,35.203,19493.707776,1697.755136,586.549305344,80,71.338496,138.412032,657,0
1.0.0,2026-06-23 20:13:18.464,13.7,1.2,54,0,2040,2380.689408,35.221,19493.687296,1697.755136,586.549301248,80,71.338496,138.412032,657,0
1.0.0,2026-06-23 20:13:19.499,13.6,1.4,54,0,2040,2380.689408,35.231,19493.593088,1697.755136,586.549293056,80,71.338496,138.412032,657,0
1.0.0,2026-06-23 20:13:20.488,13.5,2.7,54,0,2040,2380.689408,35.338,19493.883904,1697.755136,586.54928896,80,71.338496,138.412032,657,0
1.0.0,2026-06-23 20:13:21.498,13.8,1.0,54,0,2040,2380.689408,35.173,19493.912576,1697.755136,586.549284864,80,71.338496,138.412032,657,0
1.0.0,2026-06-23 20:13:22.496,13.9,1.5,54,0,2040,2380.689408,35.274,19493.957632,1697.755136,586.549280768,80,71.338496,138.412032,657,0
1.0.0,2026-06-23 20:13:23.526,13.5,2.3,54,0,2040,2380.689408,35.323,19493.904384,1697.755136,586.549276672,80,71.338496,138.412032,657,0
1.0.0,2026-06-23 20:13:24.524,13.5,1.5,54,0,2040,2380.689408,35.212,19493.810176,1697.755136,586.549272576,80,71.338496,138.412032,657,0
1.0.0,2026-06-23 20:13:25.515,14.1,1.2,54,0,2040,2380.689408,35.342,19493.748736,1697.755136,586.54926848,80,71.338496,138.412032,657,0
1.0.0,2026-06-23 20:13:26.518,13.7,1.6,54,0,2040,2380.689408,35.234,19493.6832,1697.755136,586.549264384,80,71.338496,138.412032,657,0
1.0.0,2026-06-23 20:13:27.525,14.0,1.5,54,0,2040,2380.689408,35.283,19493.66272,1697.755136,586.549260288,80,71.338496,138.412032,657,0
1.0.0,2026-06-23 20:13:28.514,14.1,1.7,54,0,2040,2380.689408,35.392,19493.687296,1697.755136,586.549256192,80,71.338496,138.412032,657,0
1.0.0,2026-06-23 20:13:29.526,13.7,2.2,54,0,2040,2380.689408,35.165,19493.801984,1697.755136,586.549252096,80,71.338496,138.412032,657,0
1.0.0,2026-06-23 20:13:30.544,13.7,0.9,54,0,2040,2380.689408,35.242,19491.897344,1697.755136,586.549248,80,71.338496,138.412032,657,0
1.0.0,2026-06-23 20:13:31.515,13.8,1.2,54,0,2040,2380.689408,35.308,19491.96288,1697.755136,586.549243904,80,71.338496,138.412032,657,0
1.0.0,2026-06-23 20:13:32.549,13.7,1.5,54,0,2040,2380.689408,35.19,19491.848192,1697.755136,586.549239808,80,71.338496,138.412032,657,0
1.0.0,2026-06-23 20:13:33.537,14.1,3.3,54,0,2040,2380.689408,35.304,19492.831232,1697.755136,586.549235712,80,71.338496,138.412032,657,0
1.0.0,2026-06-23 20:13:34.524,13.6,1.4,54,0,2040,2380.689408,35.255,19492.745216,1697.755136,586.549231616,80,71.338496,138.412032,657,0
1.0.0,2026-06-23 20:13:35.545,13.9,1.2,54,0,2040,2380.689408,35.249,19492.724736,1697.755136,586.54922752,80,71.338496,138.412032,657,0
1.0.0,2026-06-23 20:13:36.551,14.4,2.1,54,0,2040,2380.689408,35.294,19492.737024,1697.755136,586.549223424,80,71.338496,138.412032,657,0
1.0.0,2026-06-23 20:13:37.547,14.0,1.2,54,0,2040,2380.689408,35.153,19492.990976,1697.755136,586.549215232,80,71.338496,138.412032,657,0
1.0.0,2026-06-23 20:13:38.574,13.8,2.0,54,0,2040,2380.689408,35.136,19493.634048,1699.422208,586.549211136,80,71.338496,138.412032,657,0
1.0.0,2026-06-23 20:13:39.571,17.8,1.6,54,0,2040,2380.689408,35.233,19494.711296,1699.500032,586.54920704,80,71.338496,138.412032,657,0
1.0.0,2026-06-23 20:13:40.573,13.8,2.2,54,0,2040,2380.689408,35.146,19493.691392,1699.500032,586.549202944,80,71.338496,138.412032,657,0
1.0.0,2026-06-23 20:13:41.542,13.6,1.1,54,0,2040,2380.689408,35.186,19493.163008,1699.500032,586.549198848,80,71.338496,138.412032,657,0
1.0.0,2026-06-23 20:13:42.561,13.7,2.0,54,0,2040,2380.689408,35.195,19492.41344,1699.500032,586.549194752,80,71.338496,138.412032,657,0
1.0.0,2026-06-23 20:13:43.534,14.6,1.7,54,0,2040,2380.689408,35.177,19492.306944,1699.500032,586.549059584,80,71.338496,138.412032,657,0
1.0.0,2026-06-23 20:13:44.562,14.6,2.3,54,0,2040,2380.689408,35.27,19492.39296,1699.500032,586.54906368,80,71.338496,138.412032,657,0
1.0.0,2026-06-23 20:13:45.555,14.1,1.1,54,0,2040,2380.689408,35.256,19492.319232,1699.500032,586.549059584,80,71.338496,138.412032,657,0
1.0.0,2026-06-23 20:13:46.570,13.8,1.8,54,1,2040,2380.689408,35.327,19492.27008,1699.500032,586.549055488,80,71.338496,138.412032,657,0
1.0.0,2026-06-23 20:13:47.584,15.2,2.0,54,0,2040,2380.689408,35.281,19492.323328,1699.500032,586.549047296,80,71.338496,138.412032,657,0
1.0.0,2026-06-23 20:13:48.570,14.0,1.2,54,0,2040,2380.689408,35.174,19492.10624,1699.500032,586.5490432,80,71.338496,138.412032,657,0
1.0.0,2026-06-23 20:13:49.606,13.5,1.9,54,0,2040,2380.689408,35.221,19492.528128,1699.500032,586.549039104,80,71.338496,138.412032,657,0
1.0.0,2026-06-23 20:13:50.584,13.8,1.8,54,0,2040,2380.689408,35.314,19492.896768,1699.500032,586.549035008,80,71.338496,138.412032,657,0
1.0.0,2026-06-23 20:13:51.602,13.4,1.5,54,0,2040,2380.689408,35.254,19492.954112,1699.500032,586.549030912,80,71.338496,138.412032,657,0
1.0.0,2026-06-23 20:13:52.583,13.7,2.1,54,0,2040,2380.689408,35.256,19493.085184,1699.500032,586.549026816,80,71.338496,138.412032,657,0
1.0.0,2026-06-23 20:13:53.600,13.6,2.5,54,0,2040,2380.689408,35.281,19493.224448,1699.500032,586.54902272,80,71.338496,138.412032,657,0
1.0.0,2026-06-23 20:13:54.614,13.8,1.2,54,0,2040,2380.689408,35.213,19493.158912,1699.500032,586.549014528,80,71.338496,138.412032,657,0
1.0.0,2026-06-23 20:13:55.598,13.8,1.6,54,0,2040,2380.689408,35.317,19493.363712,1699.500032,586.549010432,80,71.338496,138.412032,657,0
1.0.0,2026-06-23 20:13:56.611,14.7,1.5,54,0,2040,2380.689408,35.273,19493.728256,1699.500032,586.549006336,80,71.338496,138.412032,657,0
1.0.0,2026-06-23 20:13:57.596,13.7,1.5,54,0,2040,2380.689408,35.229,19493.965824,1699.500032,586.54900224,80,71.338496,138.412032,657,0
1.0.0,2026-06-23 20:13:58.596,13.4,1.2,54,0,2040,2380.689408,35.284,19494.166528,1699.500032,586.548998144,80,71.338496,138.412032,657,0
1.0.0,2026-06-23 20:13:59.627,13.5,2.5,54,0,2040,2380.689408,35.292,19494.162432,1699.500032,586.548994048,80,71.338496,138.412032,657,0
1.0.0,2026-06-23 20:14:00.612,13.9,2.7,54,0,2040,2380.689408,35.315,19497.22624,1699.500032,586.548989952,80,71.338496,138.412032,657,0
1.0.0,2026-06-23 20:14:01.651,13.9,1.9,54,0,2040,2380.689408,35.277,19494.313984,1699.500032,586.548985856,80,71.338496,138.412032,657,0
1.0.0,2026-06-23 20:14:02.614,16.1,1.5,54,0,2040,2380.689408,35.289,19496.484864,1699.500032,586.54898176,80,71.338496,138.412032,657,0
1.0.0,2026-06-23 20:14:03.610,14.1,2.4,54,0,2040,2380.689408,35.204,19496.841216,1699.500032,586.548973568,80,71.338496,138.412032,657,0
1.0.0,2026-06-23 20:14:04.635,13.7,3.2,54,0,2040,2380.689408,35.274,19496.448,1699.500032,586.548965376,80,71.338496,138.412032,657,0
1.0.0,2026-06-23 20:14:05.631,14.3,2.3,54,0,2040,2380.689408,35.298,19496.292352,1699.500032,586.54896128,80,71.338496,138.412032,657,0
1.0.0,2026-06-23 20:14:06.635,14.6,2.0,54,0,2040,2380.689408,35.157,19496.726528,1699.500032,586.548957184,80,71.338496,138.412032,657,0
1.0.0,2026-06-23 20:14:07.631,14.9,1.9,54,0,2040,2380.689408,35.277,19496.636416,1699.500032,586.548953088,80,71.338496,138.412032,657,0
1.0.0,2026-06-23 20:14:08.623,13.7,1.3,54,0,2040,2380.689408,35.239,19496.640512,1699.500032,586.548948992,80,71.338496,138.412032,657,0
1.0.0,2026-06-23 20:14:09.627,13.9,1.1,54,0,2040,2380.689408,35.332,19496.636416,1699.500032,586.548944896,80,71.338496,138.412032,657,0
1.0.0,2026-06-23 20:14:10.647,13.8,1.4,54,0,2040,2380.689408,35.242,19497.353216,1699.500032,586.5489408,80,71.338496,138.412032,657,0
1.0.0,2026-06-23 20:14:11.627,14.3,1.1,54,0,2040,2380.689408,35.178,19496.759296,1699.500032,586.548932608,80,71.338496,138.412032,657,0
1.0.0,2026-06-23 20:14:12.654,13.6,1.4,54,0,2040,2380.689408,35.372,19496.8576,1699.500032,586.548928512,80,71.338496,138.412032,657,0
1.0.0,2026-06-23 20:14:13.673,13.8,3.1,54,0,2040,2380.689408,35.223,19497.046016,1699.500032,586.548924416,80,71.338496,138.412032,657,0
1.0.0,2026-06-23 20:14:14.673,14.2,1.4,54,0,2040,2380.689408,35.223,19497.013248,1699.500032,586.54892032,80,71.338496,138.412032,657,0
1.0.0,2026-06-23 20:14:15.725,14.0,1.4,54,0,2040,2380.689408,35.338,19496.988672,1699.500032,586.548916224,80,71.338496,138.412032,657,0
1.0.0,2026-06-23 20:14:16.704,14.0,2.1,54,0,2040,2380.689408,35.224,19496.808448,1699.500032,586.548908032,80,71.338496,138.412032,657,0
1.0.0,2026-06-23 20:14:17.685,14.0,1.0,54,0,2040,2380.689408,35.327,19497.3696,1699.500032,586.54889984,80,71.338496,138.412032,657,0
1.0.0,2026-06-23 20:14:18.688,14.1,1.5,54,0,2040,2380.689408,35.389,19497.336832,1699.500032,586.548895744,80,71.338496,138.412032,657,0
1.0.0,2026-06-23 20:14:19.724,13.7,1.4,54,0,2040,2380.689408,35.263,19497.852928,1699.500032,586.548891648,80,71.338496,138.412032,657,0
1.0.0,2026-06-23 20:14:20.735,13.7,1.2,54,0,2040,2380.689408,35.47,19497.975808,1699.500032,586.548887552,80,71.338496,138.412032,657,0
1.0.0,2026-06-23 20:14:21.723,13.7,1.8,54,0,2040,2380.689408,35.27,19498.12736,1699.500032,586.54887936,80,71.338496,138.412032,657,0
1.0.0,2026-06-23 20:14:22.703,13.6,0.5,54,0,2040,2380.689408,35.216,19497.984,1699.500032,586.548875264,80,71.338496,138.412032,657,0
1.0.0,2026-06-23 20:14:23.709,14.1,1.7,54,0,2040,2380.689408,35.433,19497.857024,1699.500032,586.548871168,80,71.338496,138.412032,657,0
1.0.0,2026-06-23 20:14:24.727,13.6,1.3,54,0,2040,2380.689408,35.269,19497.058304,1699.500032,586.548867072,80,71.338496,138.412032,657,0
1.0.0,2026-06-23 20:14:25.735,13.5,1.6,54,0,2040,2380.689408,35.327,19497.766912,1699.500032,586.548862976,80,71.338496,138.412032,657,0
1.0.0,2026-06-23 20:14:26.742,13.5,1.6,54,0,2040,2380.689408,35.381,19497.844736,1699.500032,586.54885888,80,71.338496,138.412032,657,0
1.0.0,2026-06-23 20:14:27.763,13.9,1.1,54,0,2040,2380.689408,35.213,19497.959424,1699.500032,586.548854784,80,71.338496,138.412032,657,0
1.0.0,2026-06-23 20:14:28.784,13.8,1.5,54,0,2040,2380.689408,35.367,19497.96352,1699.500032,586.548850688,80,71.338496,138.412032,657,0
1.0.0,2026-06-23 20:14:29.788,13.9,1.0,54,0,2040,2380.689408,35.31,19497.992192,1699.500032,586.548846592,80,71.338496,138.412032,657,0
1.0.0,2026-06-23 20:14:30.794,13.4,0.9,54,0,2040,2380.689408,35.197,19496.173568,1699.500032,586.548842496,80,71.338496,138.412032,657,0
1.0.0,2026-06-23 20:14:31.797,13.7,1.1,54,0,2040,2380.689408,35.402,19496.189952,1699.500032,586.5488384,80,71.338496,138.412032,657,0
1.0.0,2026-06-23 20:14:32.763,13.8,2.2,54,0,2040,2380.689408,35.221,19496.558592,1699.500032,586.548834304,80,71.338496,138.412032,657,0
1.0.0,2026-06-23 20:14:33.812,14.2,1.6,54,0,2040,2380.689408,35.267,19497.578496,1699.500032,586.548830208,80,71.338496,138.412032,657,0
1.0.0,2026-06-23 20:14:34.799,13.7,2.1,54,0,2040,2380.689408,35.35,19497.046016,1699.500032,586.548826112,80,71.338496,138.412032,657,0
1.0.0,2026-06-23 20:14:35.794,14.0,2.7,54,0,2040,2380.689408,35.214,19497.00096,1699.500032,586.548822016,80,71.338496,138.412032,657,0
1.0.0,2026-06-23 20:14:36.807,14.3,1.7,54,0,2040,2380.689408,35.195,19497.439232,1699.500032,586.54881792,80,71.338496,138.412032,657,0
1.0.0,2026-06-23 20:14:37.836,15.5,7.5,54,0,2040,2380.689408,34.937,19498.319872,1699.500032,586.548813824,80,71.338496,138.412032,657,0
1.0.0,2026-06-23 20:14:38.810,16.9,2.1,54,0,2040,2380.689408,35.045,19499.036672,1700.184064,586.548809728,80,71.338496,138.412032,657,0
1.0.0,2026-06-23 20:14:39.810,14.2,1.1,54,0,2040,2380.689408,35.038,19500.097536,1700.16768,586.548805632,80,71.338496,138.412032,657,0
1.0.0,2026-06-23 20:14:40.819,13.9,1.7,54,0,2040,2380.689408,35.381,19500.31872,1700.16768,586.548736,80,71.338496,138.412032,657,0
1.0.0,2026-06-23 20:14:41.811,13.4,1.9,54,0,2040,2380.689408,35.366,19500.281856,1700.16768,586.548731904,80,71.338496,138.412032,657,0
1.0.0,2026-06-23 20:14:42.829,14.7,2.1,54,0,2040,2380.689408,35.227,19500.118016,1700.16768,586.548727808,80,71.338496,138.412032,657,0
1.0.0,2026-06-23 20:14:43.851,14.2,1.5,54,0,2040,2380.689408,35.422,19500.068864,1700.16768,586.548723712,80,71.338496,138.412032,657,0
1.0.0,2026-06-23 20:14:44.838,13.8,0.9,54,0,2040,2380.689408,35.245,19500.146688,1700.16768,586.548719616,80,71.338496,138.412032,657,0
1.0.0,2026-06-23 20:14:45.848,13.8,1.9,54,0,2040,2380.689408,35.295,19500.601344,1700.16768,586.54871552,80,71.338496,138.412032,657,0
1.0.0,2026-06-23 20:14:46.827,13.5,1.5,54,0,2040,2380.689408,35.424,19500.601344,1700.16768,586.548711424,80,71.338496,138.412032,657,0
1.0.0,2026-06-23 20:14:47.839,13.6,1.5,54,0,2040,2380.689408,35.098,19501.73184,1700.16768,586.548707328,80,71.338496,138.412032,657,0
1.0.0,2026-06-23 20:14:48.820,13.9,1.8,54,0,2040,2380.689408,35.507,19501.89568,1700.16768,586.548699136,80,71.338496,138.412032,657,0
1.0.0,2026-06-23 20:14:49.843,14.1,0.8,54,0,2040,2380.689408,35.457,19501.940736,1700.16768,586.54869504,80,71.338496,138.412032,657,0
1.0.0,2026-06-23 20:14:50.836,13.6,1.9,54,0,2040,2380.689408,35.241,19501.961216,1700.16768,586.548690944,80,71.338496,138.412032,657,0
1.0.0,2026-06-23 20:14:51.830,13.5,0.9,54,0,2040,2380.689408,35.521,19502.071808,1700.16768,586.548686848,80,71.338496,138.412032,657,0
1.0.0,2026-06-23 20:14:52.831,13.5,1.9,54,0,2040,2380.689408,35.4,19502.186496,1700.16768,586.548682752,80,71.338496,138.412032,657,0
1.0.0,2026-06-23 20:14:53.844,13.7,1.6,54,0,2040,2380.689408,35.324,19502.485504,1700.16768,586.548678656,80,71.338496,138.412032,657,0
1.0.0,2026-06-23 20:14:54.833,13.8,1.8,54,0,2040,2380.689408,35.495,19501.879296,1700.16768,586.54867456,80,71.338496,138.412032,657,0
1.0.0,2026-06-23 20:14:55.863,13.8,2.0,54,0,2040,2380.689408,35.331,19502.002176,1700.16768,586.548670464,80,71.338496,138.412032,657,0
1.0.0,2026-06-23 20:14:56.863,13.5,0.8,54,0,2040,2380.689408,35.474,19502.145536,1700.16768,586.548666368,80,71.338496,138.412032,657,0
1.0.0,2026-06-23 20:14:57.855,14.0,0.8,54,0,2040,2380.689408,35.47,19502.342144,1700.16768,586.548662272,80,71.338496,138.412032,657,0
1.0.0,2026-06-23 20:14:58.869,13.5,1.2,54,0,2040,2380.689408,35.23,19502.526464,1700.16768,586.548658176,80,71.338496,138.412032,657,0
1.0.0,2026-06-23 20:14:59.859,13.5,0.8,54,0,2040,2380.689408,35.541,19502.661632,1700.16768,586.54865408,80,71.338496,138.412032,657,0
1.0.0,2026-06-23 20:15:00.856,13.8,1.7,54,0,2040,2380.689408,35.27,19507.990528,1700.16768,586.548649984,80,71.338496,138.412032,657,0
1.0.0,2026-06-23 20:15:01.854,14.1,1.3,54,0,2040,2380.689408,35.414,19503.726592,1700.16768,586.548645888,80,71.338496,138.412032,657,0
1.0.0,2026-06-23 20:15:02.879,13.9,1.6,54,0,2040,2380.689408,35.331,19504.06656,1700.16768,586.548641792,80,71.338496,138.412032,657,0
1.0.0,2026-06-23 20:15:03.858,14.4,2.6,54,0,2040,2380.689408,35.54,19504.80384,1700.16768,586.548637696,80,71.338496,138.412032,657,0
1.0.0,2026-06-23 20:15:04.873,14.2,1.5,54,0,2040,2380.689408,35.369,19504.791552,1700.16768,586.5486336,80,71.338496,138.412032,657,0
1.0.0,2026-06-23 20:15:05.870,13.9,3.1,54,0,2040,2380.689408,35.536,19504.869376,1700.16768,586.548629504,80,71.338496,138.412032,657,0
1.0.0,2026-06-23 20:15:06.847,14.9,2.8,54,0,2040,2380.689408,35.134,19505.258496,1700.16768,586.548625408,80,71.338496,138.412032,657,0
1.0.0,2026-06-23 20:15:07.884,14.0,1.3,54,0,2040,2380.689408,35.412,19505.569792,1700.16768,586.548621312,80,71.338496,138.412032,657,0
1.0.0,2026-06-23 20:15:08.865,13.6,1.5,54,0,2040,2380.689408,35.442,19505.795072,1700.16768,586.548617216,80,71.338496,138.412032,657,0
1.0.0,2026-06-23 20:15:09.857,13.7,1.9,54,0,2040,2380.689408,35.122,19505.856512,1700.16768,586.54861312,80,71.338496,138.412032,657,0
1.0.0,2026-06-23 20:15:10.860,13.6,1.5,54,0,2040,2380.689408,35.428,19504.771072,1700.16768,586.548609024,80,71.338496,138.412032,657,0
1.0.0,2026-06-23 20:15:11.871,14.0,2.4,54,0,2040,2380.689408,35.317,19504.939008,1700.16768,586.548604928,80,71.338496,138.412032,657,0
1.0.0,2026-06-23 20:15:12.894,13.9,2.0,54,0,2040,2380.689408,35.272,19504.975872,1700.16768,586.548600832,80,71.338496,138.412032,657,0
1.0.0,2026-06-23 20:15:13.870,13.8,2.1,54,0,2040,2380.689408,35.481,19502.87872,1700.16768,586.548596736,80,71.338496,138.412032,657,0
1.0.0,2026-06-23 20:15:14.866,13.6,1.6,54,0,2040,2380.689408,35.173,19491.139584,1700.16768,586.54859264,80,71.338496,138.412032,657,0
1.0.0,2026-06-23 20:15:15.858,15.7,1.2,54,0,2040,2380.689408,35.43,19490.893824,1700.16768,586.548588544,80,71.338496,138.412032,657,0
1.0.0,2026-06-23 20:15:16.874,13.5,2.1,54,0,2040,2380.689408,35.482,19490.504704,1700.16768,586.548584448,80,71.338496,138.412032,657,0
1.0.0,2026-06-23 20:15:17.849,14.5,2.4,54,0,2040,2380.689408,35.095,19487.576064,1700.16768,586.548580352,80,71.338496,138.412032,657,0
1.0.0,2026-06-23 20:15:18.864,13.8,1.9,54,0,2040,2380.689408,35.595,19488.01024,1700.16768,586.548576256,80,71.338496,138.412032,657,0
1.0.0,2026-06-23 20:15:19.883,13.5,0.8,54,0,2040,2380.689408,35.407,19487.78496,1700.16768,586.54857216,80,71.338496,138.412032,657,0
1.0.0,2026-06-23 20:15:20.874,14.0,1.8,54,0,2040,2380.689408,35.359,19487.789056,1700.16768,586.548563968,80,71.338496,138.412032,657,0
1.0.0,2026-06-23 20:15:21.902,13.8,1.3,54,0,2040,2380.689408,35.51,19487.862784,1700.16768,586.548559872,80,71.338496,138.412032,657,0
1.0.0,2026-06-23 20:15:22.869,14.0,1.5,54,0,2040,2380.689408,35.292,19487.6416,1700.16768,586.548555776,80,71.338496,138.412032,657,0
1.0.0,2026-06-23 20:15:23.893,13.8,2.8,54,0,2040,2380.689408,35.473,19487.338496,1700.16768,586.54855168,80,71.338496,138.412032,657,0
1.0.0,2026-06-23 20:15:24.880,13.8,2.6,54,0,2040,2380.689408,35.47,19487.268864,1700.16768,586.548547584,80,71.338496,138.412032,657,0
1.0.0,2026-06-23 20:15:25.890,13.7,0.7,54,0,2040,2380.689408,35.142,19487.203328,1700.16768,586.548543488,80,71.338496,138.412032,657,0
1.0.0,2026-06-23 20:15:26.921,13.3,1.2,54,0,2040,2380.689408,35.51,19486.294016,1700.16768,586.548539392,80,71.338496,138.412032,657,0
1.0.0,2026-06-23 20:15:27.949,13.8,1.1,54,0,2040,2380.689408,35.407,19486.318592,1700.16768,586.548535296,80,71.338496,138.412032,657,0
1.0.0,2026-06-23 20:15:28.939,13.9,1.9,54,0,2040,2380.689408,35.313,19486.314496,1700.16768,586.5485312,80,71.338496,138.412032,657,0
1.0.0,2026-06-23 20:15:29.952,13.6,0.7,54,0,2040,2380.689408,35.521,19486.45376,1700.16768,586.548527104,80,71.338496,138.412032,657,0
1.0.0,2026-06-23 20:15:30.964,14.3,2.2,54,0,2040,2380.689408,35.288,19484.172288,1700.16768,586.548523008,80,71.338496,138.412032,657,0
1.0.0,2026-06-23 20:15:31.982,13.8,0.8,54,0,2040,2380.689408,35.445,19484.172288,1700.16768,586.548518912,80,71.338496,138.412032,657,0
1.0.0,2026-06-23 20:15:32.982,13.7,1.2,54,0,2040,2380.689408,35.527,19484.311552,1700.16768,586.548514816,80,71.338496,138.412032,657,0
1.0.0,2026-06-23 20:15:33.995,14.2,1.8,54,0,2040,2380.689408,35.178,19485.298688,1700.16768,586.54851072,80,71.338496,138.412032,657,0
1.0.0,2026-06-23 20:15:34.995,13.4,1.4,54,0,2040,2380.689408,35.517,19485.45024,1700.16768,586.548502528,80,71.338496,138.412032,657,0
1.0.0,2026-06-23 20:15:35.989,14.1,1.6,54,0,2040,2380.689408,35.484,19485.433856,1700.16768,586.548498432,80,71.338496,138.412032,657,0
1.0.0,2026-06-23 20:15:36.999,14.1,0.9,54,0,2040,2380.689408,35.198,19485.4912,1700.16768,586.548494336,80,71.338496,138.412032,657,0
1.0.0,2026-06-23 20:15:37.969,14.2,1.7,54,0,2040,2380.689408,35.005,19485.67552,1700.16768,586.54849024,80,71.338496,138.412032,657,0
1.0.0,2026-06-23 20:15:39.004,17.3,2.4,54,0,2040,2380.689408,35.093,19486.261248,1700.84352,586.548486144,80,71.338496,138.412032,657,0
1.0.0,2026-06-23 20:15:39.970,14.1,1.4,54,0,2040,2380.689408,35.073,19487.199232,1700.84352,586.548482048,80,71.338496,138.412032,657,0
1.0.0,2026-06-23 20:15:40.996,13.9,1.6,54,0,2040,2380.689408,35.144,19487.232,1700.84352,586.548477952,80,71.338496,138.412032,657,0
1.0.0,2026-06-23 20:15:42.006,13.6,2.3,54,0,2040,2380.689408,35.215,19487.567872,1700.84352,586.548473856,80,71.338496,138.412032,657,0
1.0.0,2026-06-23 20:15:43.012,14.4,1.3,54,0,2040,2380.689408,35.078,19486.674944,1700.84352,586.54846976,80,71.338496,138.412032,657,0
1.0.0,2026-06-23 20:15:44.007,13.9,2.2,54,0,2040,2380.689408,35.127,19486.80192,1700.84352,586.548465664,80,71.338496,138.412032,657,0
1.0.0,2026-06-23 20:15:45.007,13.6,1.7,54,0,2040,2380.689408,35.24,19486.646272,1700.84352,586.548461568,80,71.338496,138.412032,657,0
1.0.0,2026-06-23 20:15:45.999,13.6,0.9,54,0,2040,2380.689408,35.095,19486.449664,1700.84352,586.548457472,80,71.338496,138.412032,657,0
1.0.0,2026-06-23 20:15:47.042,13.8,1.8,54,0,2040,2380.689408,35.226,19486.3104,1700.84352,586.548453376,80,71.338496,138.412032,657,0
1.0.0,2026-06-23 20:15:48.058,14.0,1.4,54,0,2040,2380.689408,35.159,19486.072832,1700.84352,586.54844928,80,71.338496,138.412032,657,0
1.0.0,2026-06-23 20:15:49.033,13.9,2.2,54,0,2040,2380.689408,35.24,19486.035968,1700.84352,586.548445184,80,71.338496,138.412032,657,0
1.0.0,2026-06-23 20:15:50.032,13.4,1.5,54,0,2040,2380.689408,35.294,19486.011392,1700.84352,586.548441088,80,71.338496,138.412032,657,0
1.0.0,2026-06-23 20:15:51.039,13.8,1.3,54,1,2040,2380.689408,35.222,19485.638656,1700.84352,586.548436992,80,71.338496,138.412032,657,0
1.0.0,2026-06-23 20:15:52.056,13.7,1.4,54,1,2040,2380.689408,35.269,19485.589504,1700.84352,586.548432896,80,71.338496,138.412032,657,0
1.0.0,2026-06-23 20:15:53.040,13.7,1.5,54,0,2040,2380.689408,35.288,19485.007872,1700.84352,586.5484288,80,71.338496,138.412032,657,0
1.0.0,2026-06-23 20:15:54.020,14.0,2.4,54,0,2040,2380.689408,35.217,19485.130752,1700.84352,586.548424704,80,71.338496,138.412032,657,0
1.0.0,2026-06-23 20:15:55.027,15.5,1.7,54,0,2040,2380.689408,35.283,19485.155328,1700.84352,586.548404224,80,71.338496,138.412032,657,0
1.0.0,2026-06-23 20:15:56.055,14.7,1.9,54,0,2040,2380.689408,35.277,19485.052928,1700.84352,586.548396032,80,71.338496,138.412032,657,0
1.0.0,2026-06-23 20:15:57.037,13.4,3.2,54,0,2040,2380.689408,35.231,19485.016064,1700.84352,586.548396032,80,71.338496,138.412032,657,0
1.0.0,2026-06-23 20:15:58.031,13.7,0.9,54,0,2040,2380.689408,35.272,19484.864512,1700.84352,586.548391936,80,71.338496,138.412032,657,0
1.0.0,2026-06-23 20:15:59.044,14.1,1.9,54,0,2040,2380.689408,35.207,19484.65152,1700.84352,586.54838784,80,71.338496,138.412032,657,0
1.0.0,2026-06-23 20:16:00.082,13.7,1.8,54,1,2040,2380.689408,35.26,19488.927744,1700.84352,586.548383744,80,71.338496,138.412032,657,0
1.0.0,2026-06-23 20:16:01.102,14.6,3.0,54,1,2040,2380.689408,35.27,19482.550272,1700.84352,586.548379648,80,71.338496,138.412032,657,0
1.0.0,2026-06-23 20:16:02.105,13.8,1.4,54,0,2040,2380.689408,35.303,19482.558464,1700.84352,586.548375552,80,71.338496,138.412032,657,0
1.0.0,2026-06-23 20:16:03.099,14.1,1.8,54,0,2040,2380.689408,35.238,19483.389952,1700.84352,586.54836736,80,71.338496,138.412032,657,0
1.0.0,2026-06-23 20:16:04.114,14.4,1.1,54,0,2040,2380.689408,35.312,19483.783168,1700.84352,586.548363264,80,71.338496,138.412032,657,0
1.0.0,2026-06-23 20:16:05.119,14.4,3.4,54,0,2040,2380.689408,35.297,19484.049408,1700.84352,586.548350976,80,71.338496,138.412032,657,0
1.0.0,2026-06-23 20:16:06.102,14.6,1.2,54,0,2040,2380.689408,35.991,19484.188672,1700.84352,586.548342784,80,71.338496,138.412032,657,0
1.0.0,2026-06-23 20:16:07.082,15.0,2.5,54,0,2040,2380.689408,35.598,19484.622848,1700.84352,586.548342784,80,71.338496,138.412032,657,0
1.0.0,2026-06-23 20:16:08.102,13.6,1.5,54,0,2040,2380.689408,34.967,19484.594176,1700.84352,586.548338688,80,71.338496,138.412032,657,0
1.0.0,2026-06-23 20:16:09.122,13.9,2.6,54,1,2040,2380.689408,35.126,19484.602368,1700.84352,586.548334592,80,71.338496,138.412032,657,0
1.0.0,2026-06-23 20:16:10.119,14.0,1.4,54,0,2040,2380.689408,35.038,19484.684288,1700.84352,586.5483264,80,71.338496,138.412032,657,0
1.0.0,2026-06-23 20:16:11.128,15.5,1.6,54,0,2040,2380.689408,35.206,19485.396992,1700.84352,586.548318208,80,71.338496,138.412032,657,0
1.0.0,2026-06-23 20:16:12.134,13.8,1.4,54,0,2040,2380.689408,35.097,19485.98272,1700.84352,586.548314112,80,71.338496,138.412032,657,0
1.0.0,2026-06-23 20:16:13.159,13.8,2.0,54,0,2040,2380.689408,35.085,19486.224384,1700.84352,586.548310016,80,71.338496,138.412032,657,0
1.0.0,2026-06-23 20:16:14.162,13.8,1.3,54,0,2040,2380.689408,35.138,19486.388224,1700.84352,586.54830592,80,71.338496,138.412032,657,0
1.0.0,2026-06-23 20:16:15.158,13.7,0.8,54,0,2040,2380.689408,35.141,19486.47424,1700.84352,586.548301824,80,71.338496,138.412032,657,0
1.0.0,2026-06-23 20:16:16.198,13.8,1.7,54,0,2040,2380.689408,35.05,19487.5392,1700.84352,586.548297728,80,71.338496,138.412032,657,0
1.0.0,2026-06-23 20:16:17.202,13.8,1.6,54,0,2040,2380.689408,35.214,19487.711232,1700.84352,586.548293632,80,71.338496,138.412032,657,0
1.0.0,2026-06-23 20:16:18.222,13.9,1.6,54,0,2040,2380.689408,35.175,19487.711232,1700.84352,586.548289536,80,71.338496,138.412032,657,0
1.0.0,2026-06-23 20:16:19.235,13.8,2.0,54,0,2040,2380.689408,35.207,19487.637504,1700.84352,586.54828544,80,71.338496,138.412032,657,0
1.0.0,2026-06-23 20:16:20.254,14.0,1.5,54,0,2040,2380.689408,35.33,19487.6416,1700.84352,586.548281344,80,71.338496,138.412032,657,0
1.0.0,2026-06-23 20:16:21.250,13.9,1.9,54,0,2040,2380.689408,35.156,19488.391168,1700.84352,586.548277248,80,71.338496,138.412032,657,0
1.0.0,2026-06-23 20:16:22.265,13.8,1.9,54,0,2040,2380.689408,35.256,19488.33792,1700.84352,586.548273152,80,71.338496,138.412032,657,0
1.0.0,2026-06-23 20:16:23.262,14.1,1.7,54,0,2040,2380.689408,35.205,19491.479552,1700.84352,586.54826496,80,71.338496,138.412032,657,0
1.0.0,2026-06-23 20:16:24.242,14.0,2.3,54,0,2040,2380.689408,35.135,19491.328,1700.84352,586.548260864,80,71.338496,138.412032,657,0
1.0.0,2026-06-23 20:16:25.248,13.8,1.5,54,0,2040,2380.689408,35.293,19491.729408,1700.84352,586.548256768,80,71.338496,138.412032,657,0
1.0.0,2026-06-23 20:16:26.272,16.2,2.0,54,0,2040,2380.689408,35.114,19507.167232,1700.84352,586.548240384,80,71.338496,138.412032,657,0
1.0.0,2026-06-23 20:16:27.240,23.5,2.8,54,0,2040,2380.689408,35.178,19524.579328,1700.84352,586.548215808,80,71.338496,138.412032,657,0
1.0.0,2026-06-23 20:16:28.275,39.5,3.7,54,0,2040,2380.689408,35.311,19600.769024,1700.84352,586.548211712,80,71.338496,138.412032,657,0
1.0.0,2026-06-23 20:16:29.262,36.6,4.3,54,0,2040,2380.689408,35.244,19608.08448,1700.84352,586.54818304,80,71.338496,138.412032,657,0
1.0.0,2026-06-23 20:16:30.258,31.8,3.9,54,0,2040,2380.689408,35.303,19606.458368,1700.84352,586.548109312,80,71.338496,138.412032,657,0
1.0.0,2026-06-23 20:16:31.288,30.1,4.1,54,0,2040,2380.689408,35.319,19619.92192,1700.84352,586.548056064,80,71.338496,138.412032,657,0
1.0.0,2026-06-23 20:16:32.291,19.3,3.2,54,0,2040,2380.689408,35.337,19624.804352,1700.84352,586.548043776,80,71.338496,138.412032,657,0
1.0.0,2026-06-23 20:16:33.308,20.0,3.6,54,0,2040,2380.689408,35.364,19618.791424,1700.84352,586.548027392,80,71.338496,138.412032,657,0
1.0.0,2026-06-23 20:16:34.299,14.5,0.9,54,0,2040,2380.689408,35.258,19615.940608,1700.84352,586.548023296,80,71.338496,138.412032,657,0
1.0.0,2026-06-23 20:16:35.305,13.6,2.1,54,0,2040,2380.689408,35.285,19615.346688,1700.84352,586.5480192,80,71.338496,138.412032,657,0
1.0.0,2026-06-23 20:16:36.287,14.0,1.0,54,0,2040,2380.689408,35.422,19615.330304,1700.84352,586.548011008,80,71.338496,138.412032,657,0
1.0.0,2026-06-23 20:16:37.321,14.6,1.4,54,0,2040,2380.689408,35.064,19617.120256,1700.84352,586.548011008,80,71.338496,138.412032,657,0
1.0.0,2026-06-23 20:16:38.314,13.7,1.3,54,0,2040,2380.689408,35.344,19616.673792,1700.84352,586.548006912,80,71.338496,138.412032,657,0
1.0.0,2026-06-23 20:16:39.314,17.0,2.1,54,0,2040,2380.689408,35.235,19617.705984,1702.137856,586.548002816,80,71.338496,138.412032,657,0
1.0.0,2026-06-23 20:16:40.319,14.2,1.5,54,0,2040,2380.689408,35.162,19619.008512,1702.137856,586.54799872,80,71.338496,138.412032,657,0
1.0.0,2026-06-23 20:16:41.322,13.6,1.9,54,0,2040,2380.689408,35.258,19619.090432,1702.158336,586.547994624,80,71.338496,138.412032,657,0
1.0.0,2026-06-23 20:16:42.318,14.3,1.8,54,0,2040,2380.689408,35.43,19619.65568,1702.158336,586.547990528,80,71.338496,138.412032,657,0
1.0.0,2026-06-23 20:16:43.344,14.5,1.9,54,0,2040,2380.689408,35.142,19619.295232,1702.158336,586.547986432,80,71.338496,138.412032,657,0
1.0.0,2026-06-23 20:16:44.316,13.9,1.2,54,0,2040,2380.689408,35.316,19619.643392,1702.158336,586.547986432,80,71.338496,138.412032,657,0
1.0.0,2026-06-23 20:16:45.331,13.5,1.3,54,0,2040,2380.689408,35.439,19619.823616,1702.158336,586.547982336,80,71.338496,138.412032,657,0
1.0.0,2026-06-23 20:16:46.318,13.7,1.8,54,0,2040,2380.689408,35.141,19620.081664,1702.158336,586.54797824,80,71.338496,138.412032,657,0
1.0.0,2026-06-23 20:16:47.327,13.7,0.5,54,0,2040,2380.689408,35.377,19620.048896,1702.158336,586.547974144,80,71.338496,138.412032,657,0
1.0.0,2026-06-23 20:16:48.329,13.7,1.2,54,0,2040,2380.689408,35.356,19618.59072,1702.158336,586.547970048,80,71.338496,138.412032,657,0
1.0.0,2026-06-23 20:16:49.361,13.6,2.0,54,0,2040,2380.689408,35.36,19618.168832,1702.158336,586.547965952,80,71.338496,138.412032,657,0
1.0.0,2026-06-23 20:16:50.350,13.6,2.0,54,0,2040,2380.689408,35.521,19617.939456,1702.158336,586.547961856,80,71.338496,138.412032,657,0
1.0.0,2026-06-23 20:16:51.329,13.7,1.2,54,0,2040,2380.689408,35.32,19618.033664,1702.158336,586.54795776,80,71.338496,138.412032,657,0
1.0.0,2026-06-23 20:16:52.335,13.8,2.8,54,0,2040,2380.689408,35.319,19618.029568,1702.158336,586.547953664,80,71.338496,138.412032,657,0
1.0.0,2026-06-23 20:16:53.328,13.6,0.7,54,0,2040,2380.689408,35.531,19618.144256,1702.158336,586.547949568,80,71.338496,138.412032,657,0
1.0.0,2026-06-23 20:16:54.340,13.8,1.0,54,0,2040,2380.689408,35.197,19617.562624,1702.158336,586.547945472,80,71.338496,138.412032,657,0
1.0.0,2026-06-23 20:16:55.341,13.3,0.9,54,0,2040,2380.689408,35.538,19617.550336,1702.158336,586.547941376,80,71.338496,138.412032,657,0
1.0.0,2026-06-23 20:16:56.346,13.5,2.2,54,0,2040,2380.689408,35.538,19617.488896,1702.158336,586.54793728,80,71.338496,138.412032,657,0
1.0.0,2026-06-23 20:16:57.324,14.0,1.7,54,0,2040,2380.689408,35.273,19617.181696,1702.158336,586.547933184,80,71.338496,138.412032,657,0
1.0.0,2026-06-23 20:16:58.359,13.8,0.6,54,0,2040,2380.689408,35.535,19617.087488,1702.158336,586.547929088,80,71.338496,138.412032,657,0
1.0.0,2026-06-23 20:16:59.374,13.7,0.8,54,0,2040,2380.689408,35.391,19617.09568,1702.158336,586.547924992,80,71.338496,138.412032,657,0
1.0.0,2026-06-23 20:17:00.381,14.1,1.4,54,0,2040,2380.689408,35.408,19616.882688,1702.158336,586.547920896,80,71.338496,138.412032,657,0
1.0.0,2026-06-23 20:17:01.353,15.9,3.1,54,0,2040,2380.689408,35.253,19626.00448,1702.158336,586.547904512,80,71.338496,138.412032,657,0
1.0.0,2026-06-23 20:17:02.347,23.1,4.9,54,0,2040,2380.689408,35.595,19639.570432,1702.158336,586.547851264,80,71.338496,138.412032,657,0
1.0.0,2026-06-23 20:17:03.350,14.0,1.9,54,0,2040,2380.689408,35.194,19639.13216,1702.158336,586.547826688,80,71.338496,138.412032,657,0
1.0.0,2026-06-23 20:17:04.333,14.3,1.3,54,0,2040,2380.689408,35.437,19638.218752,1702.158336,586.547822592,80,71.338496,138.412032,657,0
1.0.0,2026-06-23 20:17:05.355,14.0,1.7,54,0,2040,2380.689408,35.588,19629.879296,1702.158336,586.547818496,80,71.338496,138.412032,657,0
1.0.0,2026-06-23 20:17:06.367,13.6,1.4,54,0,2040,2380.689408,35.255,19629.416448,1702.158336,586.5478144,80,71.338496,138.412032,657,0
1.0.0,2026-06-23 20:17:07.383,15.4,2.8,54,0,2040,2380.689408,35.113,19629.600768,1702.158336,586.547810304,80,71.338496,138.412032,657,0
1.0.0,2026-06-23 20:17:08.378,14.2,1.1,54,0,2040,2380.689408,35.131,19627.618304,1702.158336,586.547806208,80,71.338496,138.412032,657,0
1.0.0,2026-06-23 20:17:09.401,13.8,1.5,54,0,2040,2380.689408,35.239,19627.302912,1702.158336,586.547802112,80,71.338496,138.412032,657,0
1.0.0,2026-06-23 20:17:10.358,13.8,1.0,54,0,2040,2380.689408,35.167,19627.25376,1702.158336,586.547798016,80,71.338496,138.412032,657,0
1.0.0,2026-06-23 20:17:11.379,13.9,2.0,54,0,2040,2380.689408,35.166,19623.043072,1702.158336,586.54779392,80,71.338496,138.412032,657,0
1.0.0,2026-06-23 20:17:12.398,13.7,2.0,54,0,2040,2380.689408,35.273,19622.862848,1702.158336,586.547789824,80,71.338496,138.412032,657,0
1.0.0,2026-06-23 20:17:13.386,13.9,2.9,54,0,2040,2380.689408,35.131,19622.731776,1702.158336,586.547781632,80,71.338496,138.412032,657,0
1.0.0,2026-06-23 20:17:14.374,14.4,0.8,54,0,2040,2380.689408,35.149,19622.539264,1702.158336,586.547777536,80,71.338496,138.412032,657,0
1.0.0,2026-06-23 20:17:15.409,13.7,2.4,54,0,2040,2380.689408,35.241,19605.34016,1702.158336,586.54777344,80,71.338496,138.412032,657,0
1.0.0,2026-06-23 20:17:16.412,15.1,4.4,54,0,2040,2380.689408,35.166,19604.93056,1702.158336,586.547765248,80,71.338496,138.412032,657,0
1.0.0,2026-06-23 20:17:17.389,13.8,0.9,54,0,2040,2380.689408,35.321,19604.021248,1702.158336,586.547748864,80,71.338496,138.412032,657,0
1.0.0,2026-06-23 20:17:18.394,13.9,1.0,54,0,2040,2380.689408,35.261,19605.241856,1702.158336,586.547744768,80,71.338496,138.412032,657,0
1.0.0,2026-06-23 20:17:19.413,13.9,1.3,54,0,2040,2380.689408,35.272,19605.049344,1702.158336,586.547740672,80,71.338496,138.412032,657,0
1.0.0,2026-06-23 20:17:20.420,14.3,1.4,54,0,2040,2380.689408,35.402,19604.742144,1702.158336,586.547736576,80,71.338496,138.412032,657,0
1.0.0,2026-06-23 20:17:21.451,13.6,0.7,54,0,2040,2380.689408,35.14,19604.811776,1702.158336,586.54773248,80,71.338496,138.412032,657,0
1.0.0,2026-06-23 20:17:22.453,13.5,1.7,54,0,2040,2380.689408,35.302,19604.615168,1702.158336,586.547724288,80,71.338496,138.412032,657,0
1.0.0,2026-06-23 20:17:23.470,13.7,0.8,54,0,2040,2380.689408,35.343,19604.434944,1702.158336,586.547720192,80,71.338496,138.412032,657,0
1.0.0,2026-06-23 20:17:24.461,14.1,2.6,54,0,2040,2380.689408,35.153,19603.550208,1702.158336,586.547716096,80,71.338496,138.412032,657,0
1.0.0,2026-06-23 20:17:25.463,13.7,1.2,54,0,2040,2380.689408,35.291,19603.259392,1702.158336,586.547712,80,71.338496,138.412032,657,0
1.0.0,2026-06-23 20:17:26.470,13.6,2.4,54,0,2040,2380.689408,35.33,19603.1488,1702.158336,586.547707904,80,71.338496,138.412032,657,0
1.0.0,2026-06-23 20:17:27.475,13.5,1.4,54,0,2040,2380.689408,35.277,19603.013632,1702.158336,586.547703808,80,71.338496,138.412032,657,0
1.0.0,2026-06-23 20:17:28.484,14.0,1.5,54,0,2040,2380.689408,35.399,19602.894848,1702.158336,586.547699712,80,71.338496,138.412032,657,0
1.0.0,2026-06-23 20:17:29.503,14.5,1.8,54,0,2040,2380.689408,35.137,19602.915328,1702.158336,586.547695616,80,71.338496,138.412032,657,0
1.0.0,2026-06-23 20:17:30.513,13.5,1.6,54,0,2040,2380.689408,35.296,19600.384,1702.158336,586.54769152,80,71.338496,138.412032,657,0
1.0.0,2026-06-23 20:17:31.522,13.4,1.1,54,0,2040,2380.689408,35.362,19600.334848,1702.158336,586.547687424,80,71.338496,138.412032,657,0
1.0.0,2026-06-23 20:17:32.512,13.8,1.0,54,0,2040,2380.689408,35.159,19600.101376,1702.158336,586.547683328,80,71.338496,138.412032,657,0
1.0.0,2026-06-23 20:17:33.516,14.0,1.2,54,0,2040,2380.689408,35.286,19601.113088,1702.158336,586.547679232,80,71.338496,138.412032,657,0
1.0.0,2026-06-23 20:17:34.524,14.4,1.4,54,0,2040,2380.689408,35.25,19618.7136,1702.158336,586.5476096,80,71.338496,138.412032,657,0
1.0.0,2026-06-23 20:17:35.522,13.8,1.4,54,0,2040,2380.689408,35.222,19618.095104,1702.158336,586.54570496,80,71.338496,138.412032,657,0
1.0.0,2026-06-23 20:17:36.581,13.6,1.4,54,0,2040,2380.689408,35.371,19616.763904,1702.158336,586.545700864,80,71.338496,138.412032,657,0
1.0.0,2026-06-23 20:17:37.533,13.6,1.0,54,0,2040,2380.689408,35.017,19616.530432,1702.158336,586.545692672,80,71.338496,138.412032,657,0
1.0.0,2026-06-23 20:17:38.557,14.3,1.1,54,0,2040,2380.689408,35.323,19616.391168,1702.158336,586.545688576,80,71.338496,138.412032,657,0
1.0.0,2026-06-23 20:17:39.551,16.8,1.4,54,1,2040,2380.689408,35.311,19617.226752,1702.158336,586.54568448,80,71.338496,138.412032,657,0
1.0.0,2026-06-23 20:17:40.550,14.4,1.7,54,0,2040,2380.689408,34.987,19618.635776,1702.158336,586.545676288,80,71.338496,138.412032,657,0
1.0.0,2026-06-23 20:17:41.576,13.8,2.0,54,0,2040,2380.689408,35.066,19612.50816,1702.158336,586.545672192,80,71.338496,138.412032,657,0
1.0.0,2026-06-23 20:17:42.561,13.7,0.7,54,0,2040,2380.689408,34.997,19611.058176,1702.158336,586.545668096,80,71.338496,138.412032,657,0
1.0.0,2026-06-23 20:17:43.549,13.9,0.8,54,0,2040,2380.689408,35.059,19607.760896,1702.158336,586.545664,80,71.338496,138.412032,657,0
1.0.0,2026-06-23 20:17:44.569,13.9,1.2,54,0,2040,2380.689408,35.08,19608.064,1702.158336,586.545659904,80,71.338496,138.412032,657,0
1.0.0,2026-06-23 20:17:45.562,13.6,2.7,54,0,2040,2380.689408,35.019,19607.801856,1702.158336,586.545647616,80,71.338496,138.412032,657,0
1.0.0,2026-06-23 20:17:46.579,13.7,0.7,54,0,2040,2380.689408,35.111,19607.748608,1702.158336,586.54564352,80,71.338496,138.412032,657,0
1.0.0,2026-06-23 20:17:47.594,13.6,1.7,54,0,2040,2380.689408,35.059,19607.57248,1702.158336,586.545639424,80,71.338496,138.412032,657,0
1.0.0,2026-06-23 20:17:48.575,14.0,2.4,54,0,2040,2380.689408,35.028,19607.724032,1702.158336,586.545635328,80,71.338496,138.412032,657,0
1.0.0,2026-06-23 20:17:49.586,13.5,1.4,54,0,2040,2380.689408,35.241,19609.47712,1702.158336,586.545631232,80,71.338496,138.412032,657,0
1.0.0,2026-06-23 20:17:50.547,14.0,1.6,54,0,2040,2380.689408,35.17,19608.215552,1702.158336,586.545627136,80,71.338496,138.412032,657,0
1.0.0,2026-06-23 20:17:51.557,13.4,2.9,54,0,2040,2380.689408,35.101,19608.12544,1702.158336,586.54562304,80,71.338496,138.412032,657,0
1.0.0,2026-06-23 20:17:52.586,13.6,1.7,54,0,2040,2380.689408,35.249,19608.133632,1702.158336,586.545618944,80,71.338496,138.412032,657,0
1.0.0,2026-06-23 20:17:53.585,14.1,1.3,54,0,2040,2380.689408,35.121,19607.916544,1702.158336,586.545614848,80,71.338496,138.412032,657,0
1.0.0,2026-06-23 20:17:54.604,13.7,1.0,54,0,2040,2380.689408,35.209,19607.30624,1702.158336,586.545610752,80,71.338496,138.412032,657,0
1.0.0,2026-06-23 20:17:55.601,14.1,1.8,54,0,2040,2380.689408,35.243,19607.298048,1702.158336,586.545606656,80,71.338496,138.412032,657,0
1.0.0,2026-06-23 20:17:56.617,13.4,1.3,54,0,2040,2380.689408,35.025,19607.425024,1702.158336,586.54560256,80,71.338496,138.412032,657,0
1.0.0,2026-06-23 20:17:57.613,13.4,1.4,54,0,2040,2380.689408,35.241,19607.527424,1702.158336,586.545594368,80,71.338496,138.412032,657,0
1.0.0,2026-06-23 20:17:58.601,13.9,0.7,54,0,2040,2380.689408,35.161,19607.564288,1702.158336,586.545590272,80,71.338496,138.412032,657,0
1.0.0,2026-06-23 20:17:59.616,13.8,2.0,54,0,2040,2380.689408,35.104,19607.547904,1702.158336,586.545586176,80,71.338496,138.412032,657,0
1.0.0,2026-06-23 20:18:00.622,14.1,1.2,54,0,2040,2380.689408,35.243,19609.82528,1702.117376,586.54558208,80,71.338496,138.412032,657,0
1.0.0,2026-06-23 20:18:01.640,13.8,1.4,54,0,2040,2380.689408,35.274,19606.016,1702.117376,586.545577984,80,71.338496,138.412032,657,0
1.0.0,2026-06-23 20:18:02.655,13.7,0.9,54,0,2040,2380.689408,35.119,19605.9136,1702.117376,586.545573888,80,71.338496,138.412032,657,0
1.0.0,2026-06-23 20:18:03.632,13.6,1.2,54,0,2040,2380.689408,35.221,19607.199744,1702.117376,586.545569792,80,71.338496,138.412032,657,0
1.0.0,2026-06-23 20:18:04.664,13.7,1.6,54,0,2040,2380.689408,35.205,19607.293952,1702.117376,586.545631232,80,71.338496,138.412032,657,0
1.0.0,2026-06-23 20:18:05.666,13.6,0.7,54,0,2040,2380.689408,35.046,19607.28576,1702.117376,586.545627136,80,71.338496,138.412032,657,0
1.0.0,2026-06-23 20:18:06.680,13.8,1.8,54,0,2040,2380.689408,35.291,19607.093248,1702.117376,586.54562304,80,71.338496,138.412032,657,0
1.0.0,2026-06-23 20:18:07.680,14.7,1.6,54,0,2040,2380.689408,35.009,19607.351296,1702.117376,586.545618944,80,71.338496,138.412032,657,0
1.0.0,2026-06-23 20:18:08.706,14.0,1.9,54,0,2040,2380.689408,35.039,19607.343104,1702.117376,586.545610752,80,71.338496,138.412032,657,0
1.0.0,2026-06-23 20:18:09.730,13.6,1.5,54,0,2040,2380.689408,35.066,19607.375872,1702.117376,586.545606656,80,71.338496,138.412032,657,0
1.0.0,2026-06-23 20:18:10.713,13.7,0.7,54,0,2040,2380.689408,35.017,19607.339008,1702.117376,586.54560256,80,71.338496,138.412032,657,0
1.0.0,2026-06-23 20:18:11.716,14.3,1.3,54,0,2040,2380.689408,35.072,19609.399296,1702.117376,586.545598464,80,71.338496,138.412032,657,0
1.0.0,2026-06-23 20:18:12.733,13.9,1.0,54,0,2040,2380.689408,35.135,19609.440256,1702.117376,586.545594368,80,71.338496,138.412032,657,0
1.0.0,2026-06-23 20:18:13.734,14.1,1.2,54,0,2040,2380.689408,35.012,19609.513984,1702.117376,586.545590272,80,71.338496,138.412032,657,0
1.0.0,2026-06-23 20:18:14.727,13.9,1.8,54,0,2040,2380.689408,35.033,19609.567232,1702.137856,586.545586176,80,71.338496,138.412032,657,0
1.0.0,2026-06-23 20:18:15.730,14.0,1.1,54,0,2040,2380.689408,35.091,19609.595904,1702.137856,586.54558208,80,71.338496,138.412032,657,0
1.0.0,2026-06-23 20:18:16.705,14.0,2.3,54,0,2040,2380.689408,35.065,19609.595904,1702.137856,586.545577984,80,71.338496,138.412032,657,0
1.0.0,2026-06-23 20:18:17.732,13.6,0.8,54,0,2040,2380.689408,35.122,19610.750976,1702.137856,586.545573888,80,71.338496,138.412032,657,0
1.0.0,2026-06-23 20:18:18.734,14.0,0.9,54,0,2040,2380.689408,35.224,19610.800128,1702.137856,586.545565696,80,71.338496,138.412032,657,0
1.0.0,2026-06-23 20:18:19.717,14.3,1.5,54,0,2040,2380.689408,35.112,19610.91072,1702.137856,586.5455616,80,71.338496,138.412032,657,0
1.0.0,2026-06-23 20:18:20.732,14.2,1.4,54,0,2040,2380.689408,35.257,19612.40576,1702.137856,586.545557504,80,71.338496,138.412032,657,0
1.0.0,2026-06-23 20:18:21.752,14.1,1.0,54,0,2040,2380.689408,35.165,19612.295168,1702.137856,586.545553408,80,71.338496,138.412032,657,0
1.0.0,2026-06-23 20:18:22.749,13.7,0.9,54,0,2040,2380.689408,35.101,19612.319744,1702.137856,586.54533632,80,71.338496,138.412032,657,0
1.0.0,2026-06-23 20:18:23.736,14.1,1.9,54,0,2040,2380.689408,35.293,19612.13952,1702.137856,586.545332224,80,71.338496,138.412032,657,0
1.0.0,2026-06-23 20:18:24.773,14.1,1.2,54,0,2040,2380.689408,35.112,19612.30336,1702.137856,586.545328128,80,71.338496,138.412032,657,0
1.0.0,2026-06-23 20:18:25.761,13.5,1.1,54,0,2040,2380.689408,35.138,19612.553216,1702.137856,586.545324032,80,71.338496,138.412032,657,0
1.0.0,2026-06-23 20:18:26.759,14.1,1.9,54,0,2040,2380.689408,35.248,19612.168192,1702.137856,586.545319936,80,71.338496,138.412032,657,0
1.0.0,2026-06-23 20:18:27.784,13.9,1.4,54,0,2040,2380.689408,35.097,19612.34432,1702.137856,586.54531584,80,71.338496,138.412032,657,0
1.0.0,2026-06-23 20:18:28.808,13.5,1.9,54,0,2040,2380.689408,35.15,19612.377088,1702.137856,586.545311744,80,71.338496,138.412032,657,0
1.0.0,2026-06-23 20:18:29.792,14.8,2.3,54,0,2040,2380.689408,35.104,19537.383424,1702.137856,586.545238016,80,71.338496,138.412032,657,0
1.0.0,2026-06-23 20:18:30.802,13.8,1.2,54,0,2040,2380.689408,35.034,19534.848,1702.137856,586.54523392,80,71.338496,138.412032,657,0
1.0.0,2026-06-23 20:18:31.817,13.7,1.6,54,0,2040,2380.689408,35.261,19535.904768,1702.137856,586.545229824,80,71.338496,138.412032,657,0
1.0.0,2026-06-23 20:18:32.796,14.0,2.3,54,0,2040,2380.689408,35.101,19531.923456,1702.158336,586.545221632,80,71.338496,138.412032,657,0
1.0.0,2026-06-23 20:18:33.833,13.9,2.1,54,0,2040,2380.689408,35.088,19532.51328,1702.158336,586.545217536,80,71.338496,138.412032,657,0
1.0.0,2026-06-23 20:18:34.808,14.0,1.2,54,0,2040,2380.689408,35.196,19534.958592,1702.158336,586.545197056,80,71.338496,138.412032,657,0
1.0.0,2026-06-23 20:18:35.857,13.8,1.0,54,0,2040,2380.689408,35.144,19533.43488,1702.158336,586.54519296,80,71.338496,138.412032,657,0
1.0.0,2026-06-23 20:18:36.855,13.8,2.0,54,0,2040,2380.689408,35.202,19533.348864,1702.158336,586.545188864,80,71.338496,138.412032,657,0
1.0.0,2026-06-23 20:18:37.849,14.7,1.3,54,0,2040,2380.689408,35.402,19533.545472,1702.158336,586.545184768,80,71.338496,138.412032,657,0
1.0.0,2026-06-23 20:18:38.840,14.1,1.4,54,0,2040,2380.689408,35.154,19533.582336,1702.158336,586.545180672,80,71.338496,138.412032,657,0
1.0.0,2026-06-23 20:18:39.839,17.0,1.8,54,0,2040,2380.689408,35.383,19533.709312,1702.158336,586.545176576,80,71.338496,138.412032,657,0
1.0.0,2026-06-23 20:18:40.853,13.8,1.4,54,0,2040,2380.689408,35.212,19532.005376,1702.158336,586.54517248,80,71.338496,138.412032,657,0
1.0.0,2026-06-23 20:18:41.866,13.5,2.2,54,0,2040,2380.689408,35.028,19532.091392,1702.158336,586.545168384,80,71.338496,138.412032,657,0
1.0.0,2026-06-23 20:18:42.841,13.5,2.1,54,0,2040,2380.689408,35.22,19531.9808,1702.158336,586.545164288,80,71.338496,138.412032,657,0
1.0.0,2026-06-23 20:18:43.857,13.4,1.3,54,0,2040,2380.689408,35.176,19531.907072,1702.158336,586.545160192,80,71.338496,138.412032,657,0
1.0.0,2026-06-23 20:18:44.850,14.7,2.3,54,0,2040,2380.689408,35.109,19532.627968,1702.158336,586.545156096,80,71.338496,138.412032,657,0
1.0.0,2026-06-23 20:18:45.843,13.4,1.4,54,0,2040,2380.689408,35.238,19524.067328,1702.158336,586.545152,80,71.338496,138.412032,657,0
1.0.0,2026-06-23 20:18:46.852,13.9,1.8,54,0,2040,2380.689408,35.151,19524.112384,1702.158336,586.545147904,80,71.338496,138.412032,657,0
1.0.0,2026-06-23 20:18:47.855,13.6,1.8,54,0,2040,2380.689408,35.163,19524.100096,1702.158336,586.545143808,80,71.338496,138.412032,657,0
1.0.0,2026-06-23 20:18:48.828,13.5,2.0,54,0,2040,2380.689408,35.327,19524.009984,1702.158336,586.545135616,80,71.338496,138.412032,657,0
1.0.0,2026-06-23 20:18:49.873,13.7,1.6,54,0,2040,2380.689408,35.089,19523.85024,1702.158336,586.54513152,80,71.338496,138.412032,657,0
1.0.0,2026-06-23 20:18:50.834,13.8,1.6,54,0,2040,2380.689408,35.384,19523.919872,1702.158336,586.545127424,80,71.338496,138.412032,657,0
1.0.0,2026-06-23 20:18:51.862,14.0,1.3,54,0,2040,2380.689408,35.398,19523.948544,1702.158336,586.545123328,80,71.338496,138.412032,657,0
1.0.0,2026-06-23 20:18:52.841,13.6,1.0,54,0,2040,2380.689408,35.161,19523.997696,1702.158336,586.545119232,80,71.338496,138.412032,657,0
1.0.0,2026-06-23 20:18:53.855,13.3,1.6,54,0,2040,2380.689408,35.376,19523.9936,1702.158336,586.545115136,80,71.338496,138.412032,657,0
1.0.0,2026-06-23 20:18:54.845,13.7,1.8,54,0,2040,2380.689408,35.246,19523.964928,1702.158336,586.54511104,80,71.338496,138.412032,657,0
1.0.0,2026-06-23 20:18:55.877,13.8,2.4,54,0,2040,2380.689408,35.259,19524.03456,1702.158336,586.545106944,80,71.338496,138.412032,657,0
1.0.0,2026-06-23 20:18:56.843,13.7,1.6,54,0,2040,2380.689408,35.365,19524.333568,1702.158336,586.545102848,80,71.338496,138.412032,657,0
1.0.0,2026-06-23 20:18:57.841,13.6,1.3,54,0,2040,2380.689408,35.147,19524.378624,1702.158336,586.545098752,80,71.338496,138.412032,657,0
1.0.0,2026-06-23 20:18:58.843,13.7,1.5,54,0,2040,2380.689408,35.404,19524.366336,1702.158336,586.545094656,80,71.338496,138.412032,657,0
1.0.0,2026-06-23 20:18:59.843,13.6,1.3,54,0,2040,2380.689408,35.409,19524.345856,1702.158336,586.54509056,80,71.338496,138.412032,657,0
1.0.0,2026-06-23 20:19:00.886,14.1,2.0,54,0,2040,2380.689408,35.432,19527.192576,1702.158336,586.545086464,80,71.338496,138.412032,657,0
1.0.0,2026-06-23 20:19:01.889,14.1,1.3,54,0,2040,2380.689408,35.232,19525.095424,1702.158336,586.544951296,80,71.338496,138.412032,657,0
1.0.0,2026-06-23 20:19:02.907,13.8,0.7,54,0,2040,2380.689408,35.436,19525.664768,1702.158336,586.545004544,80,71.338496,138.412032,657,0
1.0.0,2026-06-23 20:19:03.885,13.9,2.3,54,0,2040,2380.689408,35.304,19526.754304,1702.158336,586.545000448,80,71.338496,138.412032,657,0
1.0.0,2026-06-23 20:19:04.901,13.6,1.2,54,0,2040,2380.689408,35.252,19526.017024,1702.158336,586.544996352,80,71.338496,138.412032,657,0
1.0.0,2026-06-23 20:19:05.892,13.8,1.3,54,0,2040,2380.689408,35.42,19526.115328,1702.158336,586.544992256,80,71.338496,138.412032,657,0
1.0.0,2026-06-23 20:19:06.900,15.3,2.5,54,0,2040,2380.689408,35.125,19526.250496,1702.158336,586.54498816,80,71.338496,138.412032,657,0
1.0.0,2026-06-23 20:19:07.898,14.4,1.8,54,0,2040,2380.689408,34.942,19526.500352,1702.158336,586.544984064,80,71.338496,138.412032,657,0
1.0.0,2026-06-23 20:19:08.919,14.0,0.8,54,0,2040,2380.689408,34.954,19526.434816,1702.158336,586.544979968,80,71.338496,138.412032,657,0
1.0.0,2026-06-23 20:19:09.891,13.6,0.8,54,0,2040,2380.689408,35.034,19526.488064,1702.158336,586.544975872,80,71.338496,138.412032,657,0
1.0.0,2026-06-23 20:19:10.930,13.8,1.7,54,0,2040,2380.689408,35.009,19526.10304,1702.158336,586.544971776,80,71.338496,138.412032,657,0
1.0.0,2026-06-23 20:19:11.915,13.9,1.0,54,0,2040,2380.689408,34.999,19526.086656,1702.158336,586.54496768,80,71.338496,138.412032,657,0
1.0.0,2026-06-23 20:19:12.927,13.7,2.7,54,0,2040,2380.689408,35.01,19526.0416,1702.158336,586.544963584,80,71.338496,138.412032,657,0
1.0.0,2026-06-23 20:19:13.931,13.5,1.5,54,0,2040,2380.689408,34.985,19526.037504,1702.158336,586.544959488,80,71.338496,138.412032,657,0
1.0.0,2026-06-23 20:19:14.936,14.2,1.1,54,0,2040,2380.689408,34.999,19526.033408,1702.158336,586.544955392,80,71.338496,138.412032,657,0
1.0.0,2026-06-23 20:19:15.901,14.1,2.6,54,0,2040,2380.689408,34.984,19526.00064,1702.158336,586.544951296,80,71.338496,138.412032,657,0
1.0.0,2026-06-23 20:19:16.917,13.4,1.8,54,0,2040,2380.689408,34.973,19525.685248,1702.158336,586.5449472,80,71.338496,138.412032,657,0
1.0.0,2026-06-23 20:19:17.909,13.8,1.0,54,0,2040,2380.689408,35.01,19525.627904,1702.158336,586.544943104,80,71.338496,138.412032,657,0
1.0.0,2026-06-23 20:19:18.931,13.6,2.7,54,0,2040,2380.689408,35.141,19526.262784,1702.158336,586.544934912,80,71.338496,138.412032,657,0
1.0.0,2026-06-23 20:19:19.936,13.6,1.6,54,0,2040,2380.689408,35.036,19524.898816,1702.158336,586.544930816,80,71.338496,138.412032,657,0
1.0.0,2026-06-23 20:19:20.936,14.1,1.4,54,0,2040,2380.689408,35.138,19524.960256,1702.158336,586.54492672,80,71.338496,138.412032,657,0
1.0.0,2026-06-23 20:19:21.908,13.4,1.1,54,0,2040,2380.689408,35.046,19524.902912,1702.158336,586.544922624,80,71.338496,138.412032,657,0
1.0.0,2026-06-23 20:19:22.952,14.0,1.7,54,0,2040,2380.689408,35.112,19524.911104,1702.158336,586.544918528,80,71.338496,138.412032,657,0
1.0.0,2026-06-23 20:19:23.949,14.2,1.9,54,0,2040,2380.689408,35.143,19524.755456,1702.158336,586.544914432,80,71.338496,138.412032,657,0
1.0.0,2026-06-23 20:19:24.943,15.1,1.2,54,0,2040,2380.689408,34.968,19523.842048,1702.158336,586.544910336,80,71.338496,138.412032,657,0
1.0.0,2026-06-23 20:19:25.962,14.3,2.4,54,0,2040,2380.689408,35.136,19523.76832,1702.158336,586.54490624,80,71.338496,138.412032,657,0
1.0.0,2026-06-23 20:19:26.937,13.9,0.8,54,0,2040,2380.689408,35.134,19523.72736,1702.158336,586.544902144,80,71.338496,138.412032,657,0
1.0.0,2026-06-23 20:19:27.943,13.9,1.1,54,0,2040,2380.689408,34.957,19523.772416,1702.158336,586.544898048,80,71.338496,138.412032,657,0
1.0.0,2026-06-23 20:19:28.946,14.0,1.7,54,0,2040,2380.689408,35.16,19523.735552,1702.158336,586.544893952,80,71.338496,138.412032,657,0
1.0.0,2026-06-23 20:19:29.941,13.7,1.4,54,0,2040,2380.689408,35.081,19523.878912,1702.158336,586.544889856,80,71.338496,138.412032,657,0
1.0.0,2026-06-23 20:19:30.962,14.0,1.8,54,0,2040,2380.689408,35.048,19521.29024,1702.158336,586.54488576,80,71.338496,138.412032,657,0
1.0.0,2026-06-23 20:19:31.976,14.0,1.1,54,0,2040,2380.689408,35.103,19521.31072,1702.158336,586.544881664,80,71.338496,138.412032,657,0
1.0.0,2026-06-23 20:19:32.981,13.8,2.0,54,0,2040,2380.689408,34.94,19521.429504,1702.158336,586.544877568,80,71.338496,138.412032,657,0
1.0.0,2026-06-23 20:19:33.940,14.2,1.1,54,0,2040,2380.689408,35.091,19522.441216,1702.158336,586.544873472,80,71.338496,138.412032,657,0
1.0.0,2026-06-23 20:19:34.953,14.5,1.5,54,0,2040,2380.689408,35.163,19525.38624,1702.158336,586.547326976,80,71.338496,138.412032,657,0
1.0.0,2026-06-23 20:19:35.962,14.4,1.8,54,0,2040,2380.689408,34.997,19524.907008,1702.158336,586.54732288,80,71.338496,138.412032,657,0
1.0.0,2026-06-23 20:19:36.948,14.4,1.5,54,0,2040,2380.689408,35.141,19525.255168,1702.158336,586.547318784,80,71.338496,138.412032,657,0
1.0.0,2026-06-23 20:19:37.978,14.4,2.1,54,0,2040,2380.689408,34.999,19524.898816,1702.158336,586.547314688,80,71.338496,138.412032,657,0
1.0.0,2026-06-23 20:19:38.945,13.8,1.4,54,0,2040,2380.689408,35.012,19524.698112,1702.158336,586.547310592,80,71.338496,138.412032,657,0
1.0.0,2026-06-23 20:19:39.990,20.4,3.1,54,0,2040,2380.689408,35.087,19513.167872,1702.158336,586.547306496,80,71.338496,138.412032,657,0
1.0.0,2026-06-23 20:19:40.967,13.8,2.6,54,0,2040,2380.689408,34.879,19511.455744,1702.158336,586.5473024,80,71.338496,138.412032,657,0
1.0.0,2026-06-23 20:19:42.017,13.9,1.0,54,0,2040,2380.689408,34.988,19510.1696,1702.158336,586.547298304,80,71.338496,138.412032,657,0
1.0.0,2026-06-23 20:19:43.001,13.8,1.4,54,0,2040,2380.689408,35.011,19508.854784,1702.158336,586.547294208,80,71.338496,138.412032,657,0
1.0.0,2026-06-23 20:19:43.972,13.7,0.8,54,0,2040,2380.689408,35.131,19502.809088,1702.158336,586.547290112,80,71.338496,138.412032,657,0
1.0.0,2026-06-23 20:19:44.970,13.6,2.0,54,0,2040,2380.689408,35.125,19502.809088,1702.158336,586.547286016,80,71.338496,138.412032,657,0
1.0.0,2026-06-23 20:19:45.969,13.8,0.9,54,0,2040,2380.689408,35.019,19503.931392,1702.158336,586.547277824,80,71.338496,138.412032,657,0
1.0.0,2026-06-23 20:19:47.003,13.9,1.5,54,0,2040,2380.689408,35.074,19503.890432,1702.158336,586.547273728,80,71.338496,138.412032,657,0
1.0.0,2026-06-23 20:19:48.004,13.4,1.8,54,0,2040,2380.689408,35.02,19504.2304,1702.158336,586.547269632,80,71.338496,138.412032,657,0
1.0.0,2026-06-23 20:19:49.023,14.0,1.2,54,0,2040,2380.689408,35.166,19504.263168,1702.158336,586.547265536,80,71.338496,138.412032,657,0
1.0.0,2026-06-23 20:19:50.025,13.5,3.8,54,0,2040,2380.689408,35.124,19504.242688,1702.158336,586.54726144,80,71.338496,138.412032,657,0
1.0.0,2026-06-23 20:19:50.996,13.6,1.0,54,0,2040,2380.689408,35.141,19504.254976,1702.158336,586.547257344,80,71.338496,138.412032,657,0
1.0.0,2026-06-23 20:19:52.029,13.6,2.1,54,0,2040,2380.689408,35.126,19504.111616,1702.158336,586.547253248,80,71.338496,138.412032,657,0
1.0.0,2026-06-23 20:19:53.003,13.9,0.9,54,0,2040,2380.689408,35.159,19504.08704,1702.158336,586.547249152,80,71.338496,138.412032,657,0
1.0.0,2026-06-23 20:19:54.010,13.5,1.3,54,0,2040,2380.689408,35.101,19503.90272,1702.158336,586.547245056,80,71.338496,138.412032,657,0
1.0.0,2026-06-23 20:19:55.016,14.0,1.3,54,0,2040,2380.689408,35.19,19503.304704,1702.158336,586.54724096,80,71.338496,138.412032,657,0
1.0.0,2026-06-23 20:19:56.008,13.6,1.1,54,0,2040,2380.689408,35.169,19503.263744,1702.158336,586.547236864,80,71.338496,138.412032,657,0
1.0.0,2026-06-23 20:19:57.040,13.5,1.5,54,0,2040,2380.689408,35.225,19503.566848,1702.158336,586.547232768,80,71.338496,138.412032,657,0
1.0.0,2026-06-23 20:19:58.062,13.9,1.0,54,0,2040,2380.689408,35.202,19503.751168,1702.158336,586.547228672,80,71.338496,138.412032,657,0
1.0.0,2026-06-23 20:19:59.087,13.6,0.9,54,0,2040,2380.689408,35.134,19503.845376,1702.158336,586.547224576,80,71.338496,138.412032,657,0
1.0.0,2026-06-23 20:20:00.073,13.5,1.6,54,0,2040,2380.689408,35.124,19508.527104,1702.158336,586.54722048,80,71.338496,138.412032,657,0
1.0.0,2026-06-23 20:20:01.056,13.8,2.0,54,0,2040,2380.689408,35.179,19503.583232,1702.158336,586.547216384,80,71.338496,138.412032,657,0
1.0.0,2026-06-23 20:20:02.095,13.6,1.9,54,0,2040,2380.689408,35.138,19503.570944,1702.158336,586.547212288,80,71.338496,138.412032,657,0
1.0.0,2026-06-23 20:20:03.059,14.0,1.3,54,0,2040,2380.689408,35.197,19503.857664,1702.158336,586.547208192,80,71.338496,138.412032,657,0
1.0.0,2026-06-23 20:20:04.080,14.1,2.2,54,0,2040,2380.689408,35.083,19504.480256,1702.158336,586.547204096,80,71.338496,138.412032,657,0
1.0.0,2026-06-23 20:20:05.091,14.4,1.6,54,0,2040,2380.689408,35.173,19504.3328,1702.158336,586.5472,80,71.338496,138.412032,657,0
1.0.0,2026-06-23 20:20:06.095,13.8,1.8,54,0,2040,2380.689408,35.15,19504.095232,1702.158336,586.547191808,80,71.338496,138.412032,657,0
1.0.0,2026-06-23 20:20:07.115,14.8,2.0,54,0,2040,2380.689408,35.116,19504.115712,1702.158336,586.547191808,80,71.338496,138.412032,657,0
1.0.0,2026-06-23 20:20:08.107,14.4,0.9,54,0,2040,2380.689408,34.909,19504.45568,1702.158336,586.547183616,80,71.338496,138.412032,657,0
1.0.0,2026-06-23 20:20:09.112,13.8,1.5,54,0,2040,2380.689408,34.965,19505.09056,1702.158336,586.54717952,80,71.338496,138.412032,657,0
1.0.0,2026-06-23 20:20:10.134,14.9,2.2,54,0,2040,2380.689408,34.926,19505.02912,1702.158336,586.547171328,80,71.338496,138.412032,657,0
1.0.0,2026-06-23 20:20:11.115,13.5,1.1,54,0,2040,2380.689408,34.999,19506.66752,1702.158336,586.547167232,80,71.338496,138.412032,657,0
1.0.0,2026-06-23 20:20:12.119,14.3,1.3,54,0,2040,2380.689408,34.968,19507.195904,1702.158336,586.547154944,80,71.338496,138.412032,657,0
1.0.0,2026-06-23 20:20:13.134,13.5,0.9,54,0,2040,2380.689408,34.956,19507.142656,1702.158336,586.547154944,80,71.338496,138.412032,657,0
1.0.0,2026-06-23 20:20:14.163,14.0,2.1,54,0,2040,2380.689408,34.982,19507.499008,1702.137856,586.547146752,80,71.338496,138.412032,657,0
1.0.0,2026-06-23 20:20:15.145,13.7,1.3,54,0,2040,2380.689408,34.966,19507.687424,1702.137856,586.547142656,80,71.338496,138.412032,657,0
1.0.0,2026-06-23 20:20:16.167,14.0,1.3,54,0,2040,2380.689408,35.038,19507.720192,1702.137856,586.54713856,80,71.338496,138.412032,657,0
1.0.0,2026-06-23 20:20:17.135,13.6,1.0,54,0,2040,2380.689408,35.016,19507.54816,1702.137856,586.547134464,80,71.338496,138.412032,657,0
1.0.0,2026-06-23 20:20:18.176,14.3,1.2,54,0,2040,2380.689408,34.953,19508.67456,1702.137856,586.547130368,80,71.338496,138.412032,657,0
1.0.0,2026-06-23 20:20:19.169,13.8,1.1,54,0,2040,2380.689408,35.166,19508.621312,1702.137856,586.547122176,80,71.338496,138.412032,657,0
1.0.0,2026-06-23 20:20:20.167,13.7,1.2,54,0,2040,2380.689408,35.052,19508.59264,1702.137856,586.54711808,80,71.338496,138.412032,657,0
1.0.0,2026-06-23 20:20:21.164,13.7,1.7,54,0,2040,2380.689408,35.117,19508.662272,1702.137856,586.547113984,80,71.338496,138.412032,657,0
1.0.0,2026-06-23 20:20:22.171,14.0,1.0,54,0,2040,2380.689408,35.139,19508.621312,1702.137856,586.547109888,80,71.338496,138.412032,657,0
1.0.0,2026-06-23 20:20:23.172,13.6,0.9,54,0,2040,2380.689408,35.06,19508.617216,1702.137856,586.547105792,80,71.338496,138.412032,657,0
1.0.0,2026-06-23 20:20:24.212,13.5,1.7,54,0,2040,2380.689408,35.126,19507.77344,1702.137856,586.547101696,80,71.338496,138.412032,657,0
1.0.0,2026-06-23 20:20:25.208,19.4,2.2,54,0,2040,2380.689408,35.094,19507.986432,1702.137856,586.5470976,80,71.338496,138.412032,657,0
1.0.0,2026-06-23 20:20:26.227,14.3,2.5,54,0,2040,2380.689408,35.079,19510.345728,1702.137856,586.547093504,80,71.338496,138.412032,657,0
1.0.0,2026-06-23 20:20:27.218,14.1,1.5,54,0,2040,2380.689408,35.158,19510.3744,1702.137856,586.547089408,80,71.338496,138.412032,657,0
1.0.0,2026-06-23 20:20:28.210,14.1,1.6,54,0,2040,2380.689408,35.069,19510.423552,1702.137856,586.547085312,80,71.338496,138.412032,657,0
1.0.0,2026-06-23 20:20:29.231,13.7,0.8,54,0,2040,2380.689408,35.116,19510.321152,1702.137856,586.547081216,80,71.338496,138.412032,657,0
1.0.0,2026-06-23 20:20:30.226,14.4,1.4,54,0,2040,2380.689408,35.131,19510.304768,1702.137856,586.54707712,80,71.338496,138.412032,657,0
1.0.0,2026-06-23 20:20:31.232,14.3,1.8,54,0,2040,2380.689408,35.086,19508.051968,1702.137856,586.547073024,80,71.338496,138.412032,657,0
1.0.0,2026-06-23 20:20:32.250,13.9,3.6,54,0,2040,2380.689408,35.148,19508.150272,1702.137856,586.547068928,80,71.338496,138.412032,657,0
1.0.0,2026-06-23 20:20:33.235,13.9,1.0,54,0,2040,2380.689408,35.079,19508.473856,1702.137856,586.547064832,80,71.338496,138.412032,657,0
1.0.0,2026-06-23 20:20:34.231,14.2,1.3,54,0,2040,2380.689408,35.064,19509.469184,1702.137856,586.547060736,80,71.338496,138.412032,657,0
1.0.0,2026-06-23 20:20:35.244,13.3,1.9,54,0,2040,2380.689408,35.106,19509.444608,1702.137856,586.547052544,80,71.338496,138.412032,657,0
1.0.0,2026-06-23 20:20:36.220,13.7,1.8,54,0,2040,2380.689408,35.08,19509.919744,1702.137856,586.547048448,80,71.338496,138.412032,657,0
1.0.0,2026-06-23 20:20:37.242,13.9,1.3,54,0,2040,2380.689408,35.154,19510.165504,1702.137856,586.547044352,80,71.338496,138.412032,657,0
1.0.0,2026-06-23 20:20:38.267,13.7,0.8,54,0,2040,2380.689408,34.905,19510.779904,1702.137856,586.547040256,80,71.338496,138.412032,657,0
1.0.0,2026-06-23 20:20:39.271,13.4,1.1,54,0,2040,2380.689408,35.024,19510.878208,1702.137856,586.54703616,80,71.338496,138.412032,657,0
1.0.0,2026-06-23 20:20:40.256,17.8,2.2,54,0,2040,2380.689408,35.008,19512.15616,1702.137856,586.547032064,80,71.338496,138.412032,657,0
1.0.0,2026-06-23 20:20:41.289,14.3,1.5,54,0,2040,2380.689408,34.886,19511.054336,1702.137856,586.547027968,80,71.338496,138.412032,657,0
1.0.0,2026-06-23 20:20:42.279,13.4,0.5,54,0,2040,2380.689408,34.863,19511.062528,1702.137856,586.547023872,80,71.338496,138.412032,657,0
1.0.0,2026-06-23 20:20:43.276,14.6,1.4,54,0,2040,2380.689408,34.941,19510.939648,1702.137856,586.547019776,80,71.338496,138.412032,657,0
1.0.0,2026-06-23 20:20:44.303,13.7,1.4,54,0,2040,2380.689408,34.886,19511.427072,1702.137856,586.54701568,80,71.338496,138.412032,657,0
1.0.0,2026-06-23 20:20:45.282,13.9,1.5,54,0,2040,2380.689408,34.914,19511.554048,1702.137856,586.547011584,80,71.338496,138.412032,657,0
1.0.0,2026-06-23 20:20:46.259,13.9,1.9,54,0,2040,2380.689408,34.918,19511.64416,1702.137856,586.547007488,80,71.338496,138.412032,657,0
1.0.0,2026-06-23 20:20:47.293,13.7,1.1,54,0,2040,2380.689408,34.879,19511.66464,1702.137856,586.547003392,80,71.338496,138.412032,657,0
1.0.0,2026-06-23 20:20:48.275,13.6,2.1,54,0,2040,2380.689408,34.912,19511.656448,1702.137856,586.5469952,80,71.338496,138.412032,657,0
1.0.0,2026-06-23 20:20:49.291,14.6,2.4,54,0,2040,2380.689408,35.068,19511.717888,1702.137856,586.546991104,80,71.338496,138.412032,657,0
1.0.0,2026-06-23 20:20:50.291,13.5,0.7,54,0,2040,2380.689408,34.982,19511.68512,1702.137856,586.546987008,80,71.338496,138.412032,657,0
1.0.0,2026-06-23 20:20:51.283,14.0,1.1,54,0,2040,2380.689408,35.032,19511.709696,1702.137856,586.546982912,80,71.338496,138.412032,657,0
1.0.0,2026-06-23 20:20:52.289,13.5,1.9,54,0,2040,2380.689408,35.009,19511.68512,1702.137856,586.546978816,80,71.338496,138.412032,657,0
1.0.0,2026-06-23 20:20:53.309,15.1,1.7,54,0,2040,2380.689408,35.06,19514.281984,1702.137856,586.546970624,80,71.338496,138.412032,657,0
1.0.0,2026-06-23 20:20:54.286,14.1,1.0,54,0,2040,2380.689408,35.082,19514.314752,1702.137856,586.546966528,80,71.338496,138.412032,657,0
1.0.0,2026-06-23 20:20:55.313,14.2,1.1,54,0,2040,2380.689408,35.108,19514.146816,1702.137856,586.546962432,80,71.338496,138.412032,657,0
1.0.0,2026-06-23 20:20:56.327,13.7,2.2,54,0,2040,2380.689408,35.017,19514.12224,1702.137856,586.546958336,80,71.338496,138.412032,657,0
1.0.0,2026-06-23 20:20:57.306,13.9,1.6,54,0,2040,2380.689408,34.965,19514.077184,1702.137856,586.54695424,80,71.338496,138.412032,657,0
1.0.0,2026-06-23 20:20:58.298,13.6,0.6,54,0,2040,2380.689408,35.002,19514.085376,1702.137856,586.546950144,80,71.338496,138.412032,657,0
1.0.0,2026-06-23 20:20:59.304,13.4,1.8,54,0,2040,2380.689408,34.981,19514.048512,1702.137856,586.546946048,80,71.338496,138.412032,657,0
1.0.0,2026-06-23 20:21:00.300,13.7,1.9,54,0,2040,2380.689408,34.979,19519.348736,1702.137856,586.546941952,80,71.338496,138.412032,657,0
1.0.0,2026-06-23 20:21:01.323,14.1,1.9,54,0,2040,2380.689408,35.03,19511.754752,1702.137856,586.546937856,80,71.338496,138.412032,657,0
1.0.0,2026-06-23 20:21:02.313,13.8,1.4,54,0,2040,2380.689408,35.082,19511.558144,1702.137856,586.54693376,80,71.338496,138.412032,657,0
1.0.0,2026-06-23 20:21:03.311,13.6,1.7,54,0,2040,2380.689408,34.945,19512.81152,1702.137856,586.546925568,80,71.338496,138.412032,657,0
1.0.0,2026-06-23 20:21:04.317,14.5,1.1,54,0,2040,2380.689408,35.07,19512.930304,1702.137856,586.546921472,80,71.338496,138.412032,657,0
1.0.0,2026-06-23 20:21:05.332,13.7,1.4,54,0,2040,2380.689408,35.018,19512.967168,1702.137856,586.546917376,80,71.338496,138.412032,657,0
1.0.0,2026-06-23 20:21:06.334,13.3,1.6,54,0,2040,2380.689408,35.016,19513.176064,1702.137856,586.54691328,80,71.338496,138.412032,657,0
1.0.0,2026-06-23 20:21:07.339,14.5,2.0,54,0,2040,2380.689408,34.961,19513.270272,1702.137856,586.546909184,80,71.338496,138.412032,657,0
1.0.0,2026-06-23 20:21:08.335,14.2,1.5,54,0,2040,2380.689408,34.95,19513.143296,1702.137856,586.546905088,80,71.338496,138.412032,657,0
1.0.0,2026-06-23 20:21:09.355,14.1,1.0,54,0,2040,2380.689408,35.02,19513.094144,1702.137856,586.546900992,80,71.338496,138.412032,657,0
1.0.0,2026-06-23 20:21:10.375,13.6,1.5,54,0,2040,2380.689408,34.963,19513.1392,1702.137856,586.546896896,80,71.338496,138.412032,657,0
1.0.0,2026-06-23 20:21:11.375,13.9,1.8,54,0,2040,2380.689408,35.078,19511.754752,1702.137856,586.5468928,80,71.338496,138.412032,657,0
1.0.0,2026-06-23 20:21:12.372,13.3,1.5,54,0,2040,2380.689408,34.997,19511.734272,1702.137856,586.546888704,80,71.338496,138.412032,657,0
1.0.0,2026-06-23 20:21:13.370,13.8,1.5,54,0,2040,2380.689408,35.027,19511.656448,1702.137856,586.546884608,80,71.338496,138.412032,657,0
1.0.0,2026-06-23 20:21:14.360,13.7,1.7,54,0,2040,2380.689408,35.115,19511.631872,1702.137856,586.546880512,80,71.338496,138.412032,657,0
1.0.0,2026-06-23 20:21:15.365,14.1,1.3,54,0,2040,2380.689408,34.975,19511.558144,1702.137856,586.546876416,80,71.338496,138.412032,657,0
1.0.0,2026-06-23 20:21:16.387,14.0,2.2,54,0,2040,2380.689408,35.029,19511.283712,1702.137856,586.54687232,80,71.338496,138.412032,657,0
1.0.0,2026-06-23 20:21:17.393,13.6,2.7,54,0,2040,2380.689408,35.052,19511.328768,1702.137856,586.546868224,80,71.338496,138.412032,657,0
1.0.0,2026-06-23 20:21:18.398,13.7,1.1,54,0,2040,2380.689408,35.05,19512.000512,1702.137856,586.546864128,80,71.338496,138.412032,657,0
1.0.0,2026-06-23 20:21:19.389,13.4,1.4,54,0,2040,2380.689408,35.219,19512.000512,1702.137856,586.546855936,80,71.338496,138.412032,657,0
1.0.0,2026-06-23 20:21:20.406,14.3,0.9,54,0,2040,2380.689408,35.126,19512.070144,1702.137856,586.54685184,80,71.338496,138.412032,657,0
1.0.0,2026-06-23 20:21:21.427,13.9,1.0,54,0,2040,2380.689408,35.041,19512.262656,1702.137856,586.546847744,80,71.338496,138.412032,657,0
1.0.0,2026-06-23 20:21:22.407,13.9,1.9,54,0,2040,2380.689408,35.271,19512.147968,1702.137856,586.546843648,80,71.338496,138.412032,657,0
1.0.0,2026-06-23 20:21:23.428,13.7,1.4,54,0,2040,2380.689408,35.106,19512.037376,1702.137856,586.546839552,80,71.338496,138.412032,657,0
1.0.0,2026-06-23 20:21:24.443,13.9,1.6,54,0,2040,2380.689408,35.107,19511.369728,1702.137856,586.546835456,80,71.338496,138.412032,657,0
1.0.0,2026-06-23 20:21:25.449,13.8,1.3,54,0,2040,2380.689408,35.191,19511.160832,1702.137856,586.54683136,80,71.338496,138.412032,657,0
1.0.0,2026-06-23 20:21:26.442,13.7,0.9,54,0,2040,2380.689408,35.103,19511.115776,1702.137856,586.546827264,80,71.338496,138.412032,657,0
1.0.0,2026-06-23 20:21:27.422,14.1,0.9,54,0,2040,2380.689408,35.211,19511.308288,1702.137856,586.546823168,80,71.338496,138.412032,657,0
1.0.0,2026-06-23 20:21:28.457,13.6,1.4,54,0,2040,2380.689408,35.161,19511.062528,1702.137856,586.546819072,80,71.338496,138.412032,657,0
1.0.0,2026-06-23 20:21:29.449,13.4,0.7,54,0,2040,2380.689408,35.045,19510.94784,1702.137856,586.546814976,80,71.338496,138.412032,657,0
1.0.0,2026-06-23 20:21:30.451,13.8,1.6,54,0,2040,2380.689408,35.281,19508.293632,1702.137856,586.54681088,80,71.338496,138.412032,657,0
1.0.0,2026-06-23 20:21:31.426,14.3,1.2,54,0,2040,2380.689408,35.137,19505.491968,1702.137856,586.546806784,80,71.338496,138.412032,657,0
1.0.0,2026-06-23 20:21:32.441,13.6,1.6,54,0,2040,2380.689408,35.095,19506.028544,1702.137856,586.546802688,80,71.338496,138.412032,657,0
1.0.0,2026-06-23 20:21:33.504,13.7,2.9,54,0,2040,2380.689408,35.223,19507.34336,1702.137856,586.546798592,80,71.338496,138.412032,657,0
1.0.0,2026-06-23 20:21:34.485,13.7,2.0,54,0,2040,2380.689408,35.1,19507.347456,1702.137856,586.546794496,80,71.338496,138.412032,657,0
1.0.0,2026-06-23 20:21:35.497,14.2,1.7,54,0,2040,2380.689408,35.117,19507.01568,1702.137856,586.546782208,80,71.338496,138.412032,657,0
1.0.0,2026-06-23 20:21:36.479,13.9,1.6,54,0,2040,2380.689408,35.11,19507.183616,1702.137856,586.546774016,80,71.338496,138.412032,657,0
1.0.0,2026-06-23 20:21:37.491,13.9,0.9,54,0,2040,2380.689408,34.968,19507.326976,1702.137856,586.54674944,80,71.338496,138.412032,657,0
1.0.0,2026-06-23 20:21:38.484,14.2,2.3,54,0,2040,2380.689408,34.873,19507.712,1702.137856,586.546745344,80,71.338496,138.412032,657,0
1.0.0,2026-06-23 20:21:39.559,13.7,1.3,54,0,2040,2380.689408,34.968,19508.064256,1702.137856,586.546741248,80,71.338496,138.412032,657,0
1.0.0,2026-06-23 20:21:40.496,16.7,2.3,54,0,2040,2380.689408,34.945,19508.379648,1702.13376,586.546741248,80,71.338496,138.412032,657,0
1.0.0,2026-06-23 20:21:41.487,14.0,2.2,54,0,2040,2380.689408,35.086,19508.51072,1702.13376,586.546737152,80,71.338496,138.412032,657,0
1.0.0,2026-06-23 20:21:42.469,13.7,2.0,54,0,2040,2380.689408,35.011,19508.547584,1702.13376,586.546733056,80,71.338496,138.412032,657,0
1.0.0,2026-06-23 20:21:43.502,13.6,1.8,54,0,2040,2380.689408,35.101,19508.61312,1702.13376,586.54672896,80,71.338496,138.412032,657,0
1.0.0,2026-06-23 20:21:44.481,13.6,1.4,54,0,2040,2380.689408,35.011,19508.85888,1702.13376,586.546724864,80,71.338496,138.412032,657,0
1.0.0,2026-06-23 20:21:45.465,13.8,3.1,54,0,2040,2380.689408,35.026,19509.092352,1702.13376,586.546720768,80,71.338496,138.412032,657,0
1.0.0,2026-06-23 20:21:46.479,13.9,1.2,54,0,2040,2380.689408,35.074,19508.973568,1702.13376,586.546716672,80,71.338496,138.412032,657,0
1.0.0,2026-06-23 20:21:47.458,13.7,0.9,54,0,2040,2380.689408,34.936,19509.06368,1702.13376,586.546712576,80,71.338496,138.412032,657,0
1.0.0,2026-06-23 20:21:48.490,16.2,3.7,54,2,2040,2380.689408,35.186,19515.633664,1702.13376,586.54670848,80,71.338496,138.412032,657,0
1.0.0,2026-06-23 20:21:49.479,18.3,2.5,54,0,2040,2380.689408,34.932,19515.334656,1702.13376,586.546704384,80,71.338496,138.412032,657,0
1.0.0,2026-06-23 20:21:50.465,13.7,1.8,54,0,2040,2380.689408,35.091,19515.199488,1702.13376,586.546700288,80,71.338496,138.412032,657,0
1.0.0,2026-06-23 20:21:51.467,23.4,2.6,54,0,2040,2380.689408,35.443,19515.346944,1702.13376,586.546696192,80,71.338496,138.412032,657,0
1.0.0,2026-06-23 20:21:52.485,15.9,2.4,54,0,2040,2380.689408,34.851,19516.76416,1702.13376,586.546692096,80,71.338496,138.412032,657,0
1.0.0,2026-06-23 20:21:53.495,26.2,5.0,54,2,2040,2380.689408,35.512,19532.333056,1702.13376,586.546688,80,71.338496,138.412032,657,0
1.0.0,2026-06-23 20:21:54.473,21.0,11.2,54,0,2040,2384.023552,35.485,19576.578048,1702.13376,586.546044928,80,71.338496,138.412032,657,0
1.0.0,2026-06-23 20:21:55.485,23.9,4.8,54,0,2040,2384.023552,35.543,19569.893376,1702.13376,586.54595072,80,71.338496,138.412032,657,0
1.0.0,2026-06-23 20:21:56.484,18.1,3.0,54,1,2040,2386.055168,35.115,19576.020992,1702.13376,586.54590976,80,71.338496,138.412032,657,0
1.0.0,2026-06-23 20:21:57.508,14.7,1.4,54,0,2040,2388.742144,36.301,19576.897536,1702.13376,586.545905664,80,71.338496,138.412032,657,0
1.0.0,2026-06-23 20:21:58.485,25.5,3.8,54,9,2040,2388.742144,36.619,19593.302016,1702.13376,586.545901568,80,71.338496,138.412032,657,0
1.0.0,2026-06-23 20:21:59.495,33.8,3.3,54,6,2040,2388.742144,36.24,19577.155584,1702.13376,586.545504256,80,71.338496,138.412032,657,0
1.0.0,2026-06-23 20:22:00.502,21.4,2.6,54,0,2040,2388.742144,35.296,19565.576192,1702.13376,586.54550016,80,71.338496,138.412032,657,0
1.0.0,2026-06-23 20:22:01.530,24.3,2.8,54,3,2040,2388.742144,36.064,19563.323392,1702.13376,586.545496064,80,71.338496,138.412032,657,0
1.0.0,2026-06-23 20:22:02.500,21.8,2.8,54,0,2040,2388.742144,35.109,19562.921984,1702.13376,586.545491968,80,71.338496,138.412032,657,0
1.0.0,2026-06-23 20:22:03.508,25.5,2.9,54,7,2040,2388.742144,36.138,19563.831296,1702.13376,586.545487872,80,71.338496,138.412032,657,0
1.0.0,2026-06-23 20:22:04.513,34.7,5.7,54,0,2040,2388.742144,36.32,19564.920832,1702.13376,586.54547968,80,71.338496,138.412032,657,0
1.0.0,2026-06-23 20:22:05.500,18.3,3.3,54,8,2040,2388.742144,35.1,19564.204032,1702.13376,586.545471488,80,71.338496,138.412032,657,0
1.0.0,2026-06-23 20:22:06.508,15.6,1.5,54,0,2040,2388.742144,35.833,19563.610112,1702.13376,586.545467392,80,71.338496,138.412032,657,0
1.0.0,2026-06-23 20:22:07.513,15.1,2.1,54,0,2040,2388.742144,34.982,19563.855872,1702.13376,586.545463296,80,71.338496,138.412032,657,0
1.0.0,2026-06-23 20:22:08.492,23.7,1.8,54,9,2040,2398.96576,35.819,19564.527616,1702.13376,586.5454592,80,71.338496,138.412032,657,0
1.0.0,2026-06-23 20:22:09.526,18.5,4.6,54,4,2040,2420.699136,35.754,19567.49312,1702.13376,586.545455104,80,71.338496,138.412032,657,0
1.0.0,2026-06-23 20:22:10.501,24.6,1.6,54,7,2040,2420.699136,35.052,19574.104064,1702.13376,586.545434624,80,71.338496,138.412032,657,0
1.0.0,2026-06-23 20:22:11.532,23.2,2.7,54,2,2040,2420.699136,35.888,19575.808,1702.13376,586.545430528,80,71.338496,138.412032,657,0
1.0.0,2026-06-23 20:22:12.507,17.0,2.4,54,6,2040,2420.30592,35.104,19580.092416,1702.13376,586.545426432,80,71.338496,138.412032,657,0
1.0.0,2026-06-23 20:22:13.506,19.0,3.2,54,9,2040,2420.30592,35.246,19579.420672,1702.13376,586.54541824,80,71.338496,138.412032,657,0
1.0.0,2026-06-23 20:22:14.512,21.2,2.4,54,6,2040,2420.30592,36.007,19580.198912,1702.141952,586.545414144,80,71.338496,138.412032,657,0
1.0.0,2026-06-23 20:22:15.519,17.0,2.8,54,0,2040,2420.30592,34.537,19579.875328,1702.141952,586.545410048,80,71.338496,138.412032,657,0
1.0.0,2026-06-23 20:22:16.524,15.1,2.7,54,0,2040,2420.30592,34.29,19579.891712,1702.141952,586.545405952,80,71.338496,138.412032,657,0
1.0.0,2026-06-23 20:22:17.545,14.2,4.2,54,0,2040,2420.30592,34.259,19580.772352,1702.141952,586.545401856,80,71.338496,138.412032,657,0
1.0.0,2026-06-23 20:22:18.520,14.2,2.3,54,0,2040,2420.30592,34.255,19579.666432,1702.141952,586.54539776,80,71.338496,138.412032,657,0
1.0.0,2026-06-23 20:22:19.557,14.6,2.9,54,0,2040,2420.30592,34.259,19579.396096,1702.141952,586.545389568,80,71.338496,138.412032,657,0
1.0.0,2026-06-23 20:22:20.547,13.9,2.0,54,0,2040,2420.30592,34.23,19579.097088,1702.141952,586.545385472,80,71.338496,138.412032,657,0
1.0.0,2026-06-23 20:22:21.571,14.5,2.3,54,0,2040,2420.30592,34.284,19579.129856,1702.141952,586.545381376,80,71.338496,138.412032,657,0
1.0.0,2026-06-23 20:22:22.546,14.5,2.2,54,0,2040,2420.30592,34.217,19579.219968,1702.141952,586.54537728,80,71.338496,138.412032,657,0
1.0.0,2026-06-23 20:22:23.583,14.2,2.0,54,0,2040,2420.30592,34.246,19579.052032,1702.141952,586.545373184,80,71.338496,138.412032,657,0
1.0.0,2026-06-23 20:22:24.574,14.5,2.0,54,0,2040,2420.30592,34.204,19578.466304,1702.141952,586.545369088,80,71.338496,138.412032,657,0
1.0.0,2026-06-23 20:22:25.580,14.3,1.9,54,0,2040,2420.30592,34.194,19578.372096,1702.141952,586.545364992,80,71.338496,138.412032,657,0
1.0.0,2026-06-23 20:22:26.551,21.5,3.0,54,0,2040,2420.30592,34.181,19623.99744,1702.141952,586.544898048,80,71.338496,138.412032,657,0
1.0.0,2026-06-23 20:22:27.552,26.0,3.8,54,0,2040,2420.30592,34.24,19619.598336,1702.141952,586.544828416,80,71.338496,138.412032,657,0
1.0.0,2026-06-23 20:22:28.577,13.8,1.8,54,0,2040,2420.30592,34.208,19601.076224,1702.121472,586.54482432,80,71.338496,138.412032,657,0
1.0.0,2026-06-23 20:22:29.568,13.6,1.5,54,0,2040,2420.30592,34.234,19599.704064,1702.121472,586.544820224,80,71.338496,138.412032,657,0
1.0.0,2026-06-23 20:22:30.561,14.0,2.2,54,0,2040,2420.30592,34.227,19590.856704,1702.121472,586.544816128,80,71.338496,138.412032,657,0
1.0.0,2026-06-23 20:22:31.582,13.8,1.4,54,0,2040,2420.30592,34.2,19589.677056,1702.121472,586.544812032,80,71.338496,138.412032,657,0
1.0.0,2026-06-23 20:22:34.767,19.2,2.3,54,1,2040,2389.528576,35.693,19471.5648,1587.503104,586.544717824,0,71.338496,138.412032,657,0
1.0.0,2026-06-23 20:22:35.572,20.2,1.5,54,0,2040,2389.528576,35.93,19470.856192,1587.965952,586.544709632,0,71.338496,138.412032,657,0
1.0.0,2026-06-23 20:22:36.597,20.2,2.2,54,0,2040,2389.528576,36.388,19471.106048,1587.965952,586.544705536,0,71.338496,138.412032,657,0
1.0.0,2026-06-23 20:22:37.571,15.6,1.6,54,0,2040,2389.528576,36.238,19471.384576,1587.965952,586.54470144,0,71.338496,138.412032,657,0
1.0.0,2026-06-23 20:22:38.575,17.3,1.9,54,0,2040,2389.528576,36.397,19470.856192,1587.965952,586.544697344,0,71.338496,138.412032,657,0
1.0.0,2026-06-23 20:22:39.585,14.7,1.0,54,0,2040,2389.528576,36.246,19471.515648,1587.965952,586.544693248,0,71.338496,138.412032,657,0
1.0.0,2026-06-23 20:22:40.593,19.4,2.8,54,0,2040,2389.528576,36.377,19472.789504,1590.841344,586.544689152,0,71.338496,138.412032,657,0
1.0.0,2026-06-23 20:22:41.598,15.6,1.6,54,0,2040,2389.528576,36.445,19472.891904,1590.841344,586.544685056,0,71.338496,138.412032,657,0
1.0.0,2026-06-23 20:22:42.613,13.9,1.1,54,0,2040,2389.528576,36.25,19473.076224,1590.861824,586.54468096,0,71.338496,138.412032,657,0
1.0.0,2026-06-23 20:22:43.601,14.0,1.5,54,0,2040,2389.528576,36.273,19473.747968,1590.861824,586.544672768,0,71.338496,138.412032,657,0
1.0.0,2026-06-23 20:22:44.619,14.1,1.9,54,0,2040,2389.528576,36.287,19473.85856,1590.861824,586.544668672,0,71.338496,138.412032,657,0
1.0.0,2026-06-23 20:22:45.617,13.7,1.4,54,0,2040,2389.528576,36.286,19473.89952,1590.861824,586.544664576,0,71.338496,138.412032,657,0
1.0.0,2026-06-23 20:22:46.627,13.4,1.6,54,0,2040,2389.528576,36.308,19473.911808,1590.861824,586.54466048,0,71.338496,138.412032,657,0
1.0.0,2026-06-23 20:22:47.619,13.4,2.7,54,0,2040,2389.528576,36.258,19473.821696,1590.861824,586.544656384,0,71.338496,138.412032,657,0
1.0.0,2026-06-23 20:22:48.616,16.8,1.6,54,0,2040,2389.528576,36.279,19473.657856,1590.861824,586.544652288,0,71.338496,138.412032,657,0
1.0.0,2026-06-23 20:22:49.601,13.4,1.6,54,0,2040,2389.528576,36.31,19473.42848,1590.861824,586.544644096,0,71.338496,138.412032,657,0
1.0.0,2026-06-23 20:22:50.611,13.6,0.8,54,0,2040,2389.528576,36.313,19473.38752,1590.861824,586.54464,0,71.338496,138.412032,657,0
1.0.0,2026-06-23 20:22:51.636,13.6,2.0,54,0,2040,2389.528576,36.32,19473.485824,1590.861824,586.544635904,0,71.338496,138.412032,657,0
1.0.0,2026-06-23 20:22:52.613,13.6,1.3,54,0,2040,2389.528576,36.31,19473.53088,1590.861824,586.544631808,0,71.338496,138.412032,657,0
1.0.0,2026-06-23 20:22:53.669,14.7,2.4,54,0,2040,2389.528576,36.179,19473.502208,1590.861824,586.544627712,0,71.338496,138.412032,657,0
1.0.0,2026-06-23 20:22:56.221,18.2,2.6,54,1,2040,2389.528576,36.21,19468.24704,1590.980608,586.544611328,0,71.338496,138.412032,657,0
1.0.0,2026-06-23 20:22:56.642,22.0,2.3,54,0,2040,2389.528576,36.247,19468.16512,1590.980608,586.544611328,0,71.338496,138.412032,657,0
1.0.0,2026-06-23 20:22:57.665,16.0,3.2,54,1,2040,2389.528576,36.414,19467.452416,1590.980608,586.544607232,0,71.338496,138.412032,657,0
1.0.0,2026-06-23 20:22:58.662,15.4,0.7,54,0,2040,2389.528576,36.29,19467.18208,1590.980608,586.544603136,0,71.338496,138.412032,657,0
1.0.0,2026-06-23 20:22:59.654,13.3,1.8,54,0,2040,2389.528576,36.254,19467.825152,1590.980608,586.544594944,0,71.338496,138.412032,657,0
1.0.0,2026-06-23 20:23:00.647,13.9,1.1,54,0,2040,2389.528576,36.225,19469.90592,1590.980608,586.544590848,0,71.338496,138.412032,657,0
1.0.0,2026-06-23 20:23:01.670,13.4,1.5,54,0,2040,2389.528576,36.267,19465.785344,1590.980608,586.544586752,0,71.338496,138.412032,657,0
1.0.0,2026-06-23 20:23:02.658,13.8,1.5,54,0,2040,2389.528576,36.258,19465.981952,1590.980608,586.544582656,0,71.338496,138.412032,657,0
1.0.0,2026-06-23 20:23:03.688,13.9,1.7,54,0,2040,2389.528576,36.232,19466.825728,1590.980608,586.54457856,0,71.338496,138.412032,657,0
1.0.0,2026-06-23 20:23:04.662,14.5,1.5,54,0,2040,2389.528576,36.238,19466.665984,1590.980608,586.544574464,0,71.338496,138.412032,657,0
1.0.0,2026-06-23 20:23:05.663,13.8,1.2,54,0,2040,2389.528576,36.232,19466.682368,1590.980608,586.544570368,0,71.338496,138.412032,657,0
1.0.0,2026-06-23 20:23:06.650,13.9,2.3,54,0,2040,2389.528576,36.238,19466.784768,1590.980608,586.544566272,0,71.338496,138.412032,657,0
1.0.0,2026-06-23 20:23:07.655,16.2,2.0,54,0,2040,2389.528576,36.279,19466.911744,1590.980608,586.544562176,0,71.338496,138.412032,657,0
1.0.0,2026-06-23 20:23:08.645,18.0,2.0,54,0,2040,2389.528576,36.442,19467.067392,1590.980608,586.54455808,0,71.338496,138.412032,657,0
1.0.0,2026-06-23 20:23:09.659,13.8,1.5,54,0,2040,2389.528576,36.209,19467.1616,1590.980608,586.544553984,0,71.338496,138.412032,657,0
1.0.0,2026-06-23 20:23:10.630,13.5,1.4,54,0,2040,2389.528576,36.271,19465.756672,1590.980608,586.544549888,0,71.338496,138.412032,657,0
1.0.0,2026-06-23 20:23:11.656,13.3,1.1,54,0,2040,2389.528576,36.286,19464.82688,1590.980608,586.544545792,0,71.338496,138.412032,657,0
1.0.0,2026-06-23 20:23:12.667,13.5,0.6,54,0,2040,2389.528576,36.248,19464.704,1590.980608,586.544541696,0,71.338496,138.412032,657,0
1.0.0,2026-06-23 20:23:13.675,13.8,1.3,54,0,2040,2389.528576,36.284,19464.712192,1590.980608,586.5445376,0,71.338496,138.412032,657,0
1.0.0,2026-06-23 20:23:14.679,14.0,1.6,54,0,2040,2389.528576,36.256,19464.871936,1590.980608,586.544529408,0,71.338496,138.412032,657,0
1.0.0,2026-06-23 20:23:15.655,13.8,2.0,54,0,2040,2389.528576,36.239,19465.007104,1590.980608,586.544525312,0,71.338496,138.412032,657,0
1.0.0,2026-06-23 20:23:16.683,13.4,1.9,54,0,2040,2389.528576,36.232,19465.035776,1590.980608,586.544521216,0,71.338496,138.412032,657,0
1.0.0,2026-06-23 20:23:17.693,14.0,1.3,54,0,2040,2389.528576,36.304,19464.933376,1590.980608,586.54451712,0,71.338496,138.412032,657,0
1.0.0,2026-06-23 20:23:18.702,13.9,1.7,54,0,2040,2389.528576,36.298,19465.125888,1590.980608,586.544513024,0,71.338496,138.412032,657,0
1.0.0,2026-06-23 20:23:19.695,13.6,1.0,54,0,2040,2389.528576,36.246,19465.121792,1590.980608,586.544508928,0,71.338496,138.412032,657,0
1.0.0,2026-06-23 20:23:20.720,13.7,0.7,54,0,2040,2389.528576,36.245,19464.92928,1590.980608,586.544504832,0,71.338496,138.412032,657,0
1.0.0,2026-06-23 20:23:21.729,13.6,1.4,54,0,2040,2389.528576,36.247,19464.47872,1590.980608,586.54449664,0,71.338496,138.412032,657,0
1.0.0,2026-06-23 20:23:22.738,13.6,1.0,54,0,2040,2389.528576,36.224,19464.429568,1590.980608,586.544492544,0,71.338496,138.412032,657,0
1.0.0,2026-06-23 20:23:23.747,13.5,1.9,54,0,2040,2389.528576,36.238,19464.318976,1590.980608,586.544488448,0,71.338496,138.412032,657,0
1.0.0,2026-06-23 20:23:24.724,14.1,1.6,54,0,2040,2389.528576,36.212,19463.18848,1590.980608,586.544484352,0,71.338496,138.412032,657,0
1.0.0,2026-06-23 20:23:25.717,13.8,1.4,54,0,2040,2389.528576,36.228,19461.36576,1590.980608,586.544480256,0,71.338496,138.412032,657,0
1.0.0,2026-06-23 20:23:26.719,13.6,1.2,54,0,2040,2389.528576,36.255,19460.714496,1590.980608,586.54447616,0,71.338496,138.412032,657,0
1.0.0,2026-06-23 20:23:27.733,13.4,2.0,54,0,2040,2389.528576,36.254,19460.235264,1590.980608,586.544472064,0,71.338496,138.412032,657,0
1.0.0,2026-06-23 20:23:28.755,13.5,1.4,54,0,2040,2389.528576,36.236,19460.202496,1590.980608,586.544467968,0,71.338496,138.412032,657,0
1.0.0,2026-06-23 20:23:29.752,13.4,1.1,54,0,2040,2389.528576,36.227,19460.530176,1590.980608,586.544463872,0,71.338496,138.412032,657,0
1.0.0,2026-06-23 20:23:30.732,19.1,6.4,54,0,2040,2389.528576,36.244,19491.057664,1590.980608,586.543607808,0,71.338496,138.412032,657,0
1.0.0,2026-06-23 20:23:31.733,34.1,4.8,54,0,2040,2389.528576,35.772,19493.842944,1590.980608,586.543542272,0,71.338496,138.412032,657,0
1.0.0,2026-06-23 20:23:32.742,16.4,1.9,54,0,2040,2389.528576,35.114,19488.391168,1590.980608,586.543538176,0,71.338496,138.412032,657,0
1.0.0,2026-06-23 20:23:33.772,30.1,4.8,54,11,2040,2426.335232,36.414,19492.864,1590.980608,586.543529984,0,71.338496,138.412032,657,0
1.0.0,2026-06-23 20:23:34.749,22.7,4.6,54,10,2040,2426.335232,35.863,19489.030144,1590.980608,586.543509504,0,71.338496,138.412032,657,0
1.0.0,2026-06-23 20:23:35.779,24.4,2.4,54,0,2040,2426.236928,36.048,19489.042432,1590.980608,586.543505408,0,71.338496,138.412032,657,0
1.0.0,2026-06-23 20:23:36.740,15.2,0.8,54,0,2040,2424.991744,34.995,19488.903168,1590.980608,586.543501312,0,71.338496,138.412032,657,0
1.0.0,2026-06-23 20:23:37.742,15.1,2.2,54,2,2040,2428.78464,35.09,19488.018432,1590.980608,586.543497216,0,71.338496,138.412032,657,0
1.0.0,2026-06-23 20:23:38.773,28.8,4.3,54,9,2040,2400.210944,36.426,19487.10912,1590.980608,586.54349312,0,71.338496,138.412032,657,0
1.0.0,2026-06-23 20:23:39.757,24.7,3.4,54,0,2040,2400.210944,35.908,19487.903744,1590.980608,586.543489024,0,71.338496,138.412032,657,0
1.0.0,2026-06-23 20:23:40.769,22.2,3.4,54,0,2040,2400.210944,35.164,19485.65504,1591.472128,586.543484928,0,71.338496,138.412032,657,0
1.0.0,2026-06-23 20:23:41.758,15.0,1.8,54,0,2040,2400.210944,34.703,19483.467776,1591.472128,586.543476736,0,71.338496,138.412032,657,0
1.0.0,2026-06-23 20:23:42.783,13.8,1.7,54,0,2040,2400.210944,34.904,19481.8048,1591.472128,586.54347264,0,71.338496,138.412032,657,0
1.0.0,2026-06-23 20:23:43.794,14.0,0.9,54,0,2040,2400.210944,34.869,19481.460736,1591.472128,586.543468544,0,71.338496,138.412032,657,0
1.0.0,2026-06-23 20:23:44.760,13.8,1.1,54,0,2040,2400.210944,34.87,19481.526272,1591.472128,586.543341568,0,71.338496,138.412032,657,0
1.0.0,2026-06-23 20:23:45.780,14.6,2.3,54,0,2040,2400.210944,34.993,19481.51808,1591.472128,586.543337472,0,71.338496,138.412032,657,0
1.0.0,2026-06-23 20:23:46.777,19.5,1.6,54,5,2040,2399.9488,35.249,19481.112576,1591.472128,586.543333376,0,71.338496,138.412032,657,0
1.0.0,2026-06-23 20:23:47.760,14.7,2.3,54,0,2040,2399.9488,34.982,19481.82528,1591.472128,586.543325184,0,71.338496,138.412032,657,0
1.0.0,2026-06-23 20:23:48.765,17.4,1.9,54,0,2040,2399.9488,35.073,19482.382336,1591.472128,586.543316992,0,71.338496,138.412032,657,0
1.0.0,2026-06-23 20:23:49.774,19.4,2.6,54,10,2040,2399.9488,35.41,19481.952256,1591.472128,586.543312896,0,71.338496,138.412032,657,0
1.0.0,2026-06-23 20:23:50.787,20.9,3.1,54,0,2040,2399.9488,35.461,19481.362432,1591.472128,586.5433088,0,71.338496,138.412032,657,0
1.0.0,2026-06-23 20:23:51.806,15.7,0.9,54,0,2040,2399.9488,34.983,19481.21088,1591.472128,586.543304704,0,71.338496,138.412032,657,0
1.0.0,2026-06-23 20:23:52.809,16.5,2.8,54,10,2040,2399.9488,35.328,19481.399296,1591.472128,586.543300608,0,71.338496,138.412032,657,0
1.0.0,2026-06-23 20:23:53.789,22.9,2.4,54,0,2040,2399.9488,35.874,19476.103168,1591.472128,586.543296512,0,71.338496,138.412032,657,0
1.0.0,2026-06-23 20:23:54.828,14.7,1.6,54,1,2040,2399.9488,34.832,19473.83808,1591.472128,586.543292416,0,71.338496,138.412032,657,0
1.0.0,2026-06-23 20:23:55.809,14.1,1.2,54,1,2040,2399.9488,34.973,19473.321984,1591.472128,586.54328832,0,71.338496,138.412032,657,0
1.0.0,2026-06-23 20:23:56.814,13.4,1.8,54,0,2040,2399.9488,34.938,19473.57184,1591.472128,586.543284224,0,71.338496,138.412032,657,0
1.0.0,2026-06-23 20:23:57.829,14.2,2.1,54,0,2040,2399.9488,34.978,19473.506304,1591.472128,586.543280128,0,71.338496,138.412032,657,0
1.0.0,2026-06-23 20:23:58.819,13.5,1.3,54,0,2040,2399.9488,34.935,19472.564224,1591.472128,586.543276032,0,71.338496,138.412032,657,0
1.0.0,2026-06-23 20:23:59.814,13.5,0.9,54,0,2040,2399.9488,34.925,19472.134144,1591.472128,586.543271936,0,71.338496,138.412032,657,0
1.0.0,2026-06-23 20:24:00.817,14.1,2.0,54,1,2040,2399.9488,34.908,19474.112512,1591.472128,586.543333376,0,71.338496,138.412032,657,0
1.0.0,2026-06-23 20:24:01.836,13.7,1.4,54,0,2040,2399.9488,34.971,19468.218368,1591.472128,586.54332928,0,71.338496,138.412032,657,0
1.0.0,2026-06-23 20:24:02.815,13.7,1.4,54,0,2040,2399.9488,34.969,19467.587584,1591.472128,586.543325184,0,71.338496,138.412032,657,0
1.0.0,2026-06-23 20:24:03.834,14.1,1.2,54,0,2040,2399.9488,34.921,19467.546624,1591.472128,586.543321088,0,71.338496,138.412032,657,0
1.0.0,2026-06-23 20:24:04.853,13.7,2.6,54,0,2040,2399.9488,34.969,19466.440704,1591.472128,586.543312896,0,71.338496,138.412032,657,0
1.0.0,2026-06-23 20:24:05.822,15.3,2.7,54,0,2040,2399.9488,34.934,19465.904128,1591.472128,586.5433088,0,71.338496,138.412032,657,0
1.0.0,2026-06-23 20:24:06.834,22.4,3.5,54,9,2040,2408.79616,35.528,19466.162176,1591.472128,586.543304704,0,71.338496,138.412032,657,0
1.0.0,2026-06-23 20:24:07.818,21.1,1.6,54,1,2040,2429.743104,35.648,19467.436032,1591.472128,586.543300608,0,71.338496,138.412032,657,0
1.0.0,2026-06-23 20:24:08.844,20.8,3.5,54,6,2040,2429.743104,35.53,19467.63264,1591.472128,586.543296512,0,71.338496,138.412032,657,0
1.0.0,2026-06-23 20:24:09.835,13.4,1.7,54,0,2040,2429.743104,34.404,19467.649024,1591.472128,586.543292416,0,71.338496,138.412032,657,0
1.0.0,2026-06-23 20:24:10.866,14.5,1.8,54,0,2040,2429.743104,34.313,19469.12768,1591.472128,586.543284224,0,71.338496,138.412032,657,0
1.0.0,2026-06-23 20:24:11.855,13.8,1.7,54,0,2040,2429.743104,34.291,19467.575296,1591.472128,586.543280128,0,71.338496,138.412032,657,0
1.0.0,2026-06-23 20:24:12.875,14.1,1.4,54,0,2040,2429.743104,34.324,19467.247616,1591.472128,586.543276032,0,71.338496,138.412032,657,0
1.0.0,2026-06-23 20:24:13.835,13.7,1.3,54,0,2040,2429.743104,34.293,19467.173888,1591.472128,586.543271936,0,71.338496,138.412032,657,0
1.0.0,2026-06-23 20:24:14.848,13.9,1.3,54,0,2040,2429.743104,34.299,19467.198464,1591.472128,586.54326784,0,71.338496,138.412032,657,0
1.0.0,2026-06-23 20:24:15.854,13.5,0.9,54,0,2040,2429.743104,34.307,19466.0352,1591.472128,586.543263744,0,71.338496,138.412032,657,0
1.0.0,2026-06-23 20:24:16.875,14.0,2.5,54,0,2040,2429.743104,34.33,19466.235904,1591.472128,586.543259648,0,71.338496,138.412032,657,0
1.0.0,2026-06-23 20:24:17.852,13.9,1.5,54,0,2040,2429.743104,34.311,19466.71104,1591.472128,586.543255552,0,71.338496,138.412032,657,0
1.0.0,2026-06-23 20:24:18.860,13.7,1.7,54,0,2040,2429.743104,34.325,19465.74848,1591.472128,586.54324736,0,71.338496,138.412032,657,0
1.0.0,2026-06-23 20:24:19.853,13.8,0.8,54,0,2040,2429.743104,34.352,19465.490432,1591.472128,586.543243264,0,71.338496,138.412032,657,0
1.0.0,2026-06-23 20:24:20.861,14.0,2.5,54,0,2040,2429.743104,34.384,19465.367552,1591.472128,586.543239168,0,71.338496,138.412032,657,0
1.0.0,2026-06-23 20:24:21.852,13.9,1.2,54,0,2040,2429.743104,34.367,19464.916992,1591.472128,586.543235072,0,71.338496,138.412032,657,0
1.0.0,2026-06-23 20:24:22.861,13.8,2.5,54,0,2040,2429.743104,34.326,19464.810496,1591.472128,586.543230976,0,71.338496,138.412032,657,0
1.0.0,2026-06-23 20:24:23.853,13.8,0.8,54,0,2040,2429.743104,34.296,19464.646656,1591.472128,586.54322688,0,71.338496,138.412032,657,0
1.0.0,2026-06-23 20:24:24.845,13.5,1.7,54,0,2040,2429.743104,34.277,19463.614464,1591.472128,586.543222784,0,71.338496,138.412032,657,0
1.0.0,2026-06-23 20:24:25.837,13.5,1.3,54,0,2040,2429.743104,34.275,19463.688192,1591.472128,586.543218688,0,71.338496,138.412032,657,0
1.0.0,2026-06-23 20:24:26.846,13.7,1.6,54,0,2040,2429.743104,34.293,19462.905856,1591.472128,586.543214592,0,71.338496,138.412032,657,0
1.0.0,2026-06-23 20:24:27.863,15.4,2.3,54,0,2040,2399.358976,34.291,19462.238208,1591.472128,586.543108096,0,71.338496,138.412032,657,0
1.0.0,2026-06-23 20:24:30.501,16.1,2.3,54,0,2040,2399.358976,34.896,19459.960832,1591.513088,586.543099904,0,71.338496,138.412032,657,0
1.0.0,2026-06-23 20:24:30.885,18.3,0.8,54,0,2040,2399.358976,34.896,19460.599808,1591.513088,586.543091712,0,71.338496,138.412032,657,0
1.0.0,2026-06-23 20:24:31.852,13.5,1.8,54,0,2040,2399.358976,34.981,19460.718592,1591.513088,586.543087616,0,71.338496,138.412032,657,0
1.0.0,2026-06-23 20:24:32.871,13.9,1.4,54,0,2040,2399.358976,35.024,19460.866048,1591.513088,586.54308352,0,71.338496,138.412032,657,0
1.0.0,2026-06-23 20:24:33.878,13.7,2.4,54,0,2040,2399.358976,35.119,19461.435392,1591.513088,586.543079424,0,71.338496,138.412032,657,0
1.0.0,2026-06-23 20:24:34.881,14.2,1.6,54,0,2040,2399.358976,35.154,19461.65248,1591.513088,586.543075328,0,71.338496,138.412032,657,0
1.0.0,2026-06-23 20:24:35.889,13.7,1.6,54,0,2040,2399.358976,34.996,19461.697536,1591.517184,586.543071232,0,71.338496,138.412032,657,0
1.0.0,2026-06-23 20:24:36.866,13.8,1.1,54,0,2040,2399.358976,34.963,19461.963776,1591.517184,586.543067136,0,71.338496,138.412032,657,0
1.0.0,2026-06-23 20:24:37.891,16.0,6.1,54,0,2040,2399.358976,35.029,19463.016448,1591.517184,586.54306304,0,71.338496,138.412032,657,0
1.0.0,2026-06-23 20:24:38.904,13.6,1.3,54,0,2040,2399.358976,35.005,19463.0656,1591.517184,586.543058944,0,71.338496,138.412032,657,0
1.0.0,2026-06-23 20:24:39.873,14.3,1.5,54,0,2040,2399.358976,34.993,19463.749632,1591.517184,586.543050752,0,71.338496,138.412032,657,0
1.0.0,2026-06-23 20:24:40.906,17.2,1.6,54,0,2040,2399.358976,35.024,19464.8064,1591.701504,586.543046656,0,71.338496,138.412032,657,0
1.0.0,2026-06-23 20:24:41.897,14.3,0.8,54,0,2040,2399.358976,34.964,19464.884224,1591.701504,586.54304256,0,71.338496,138.412032,657,0
1.0.0,2026-06-23 20:24:42.909,13.6,1.9,54,0,2040,2399.358976,35.003,19463.856128,1591.68512,586.543038464,0,71.338496,138.412032,657,0
1.0.0,2026-06-23 20:24:43.871,13.7,1.3,54,0,2040,2399.358976,34.981,19463.45472,1591.68512,586.543034368,0,71.338496,138.412032,657,0
1.0.0,2026-06-23 20:24:44.913,13.7,1.2,54,0,2040,2399.358976,34.941,19463.499776,1591.68512,586.543030272,0,71.338496,138.412032,657,0
1.0.0,2026-06-23 20:24:45.922,13.8,1.4,54,0,2040,2399.358976,34.972,19463.33184,1591.68512,586.543026176,0,71.338496,138.412032,657,0
1.0.0,2026-06-23 20:24:46.901,14.1,1.4,54,0,2040,2399.358976,34.927,19463.553024,1591.68512,586.54302208,0,71.338496,138.412032,657,0
1.0.0,2026-06-23 20:24:47.942,13.9,2.4,54,0,2040,2399.358976,34.965,19475.951616,1591.68512,586.543017984,0,71.338496,138.412032,657,0
1.0.0,2026-06-23 20:24:48.951,17.4,3.2,54,0,2040,2399.358976,34.916,19468.955648,1591.68512,586.542997504,0,71.338496,138.412032,657,0
1.0.0,2026-06-23 20:24:49.962,14.3,0.6,54,0,2040,2399.358976,34.985,19467.739136,1591.68512,586.542993408,0,71.338496,138.412032,657,0
1.0.0,2026-06-23 20:24:50.969,13.7,1.9,54,0,2040,2399.358976,35.015,19467.829248,1591.68512,586.542989312,0,71.338496,138.412032,657,0
1.0.0,2026-06-23 20:24:51.940,13.8,0.9,54,0,2040,2399.358976,34.981,19467.93984,1591.68512,586.542985216,0,71.338496,138.412032,657,0
1.0.0,2026-06-23 20:24:52.973,13.7,1.7,54,0,2040,2399.358976,34.995,19467.997184,1591.68512,586.54298112,0,71.338496,138.412032,657,0
1.0.0,2026-06-23 20:24:53.963,13.8,1.0,54,0,2040,2399.358976,34.975,19468.296192,1591.68512,586.542977024,0,71.338496,138.412032,657,0
1.0.0,2026-06-23 20:24:54.954,13.7,1.9,54,0,2040,2399.358976,35.536,19467.53024,1591.68512,586.542972928,0,71.338496,138.412032,657,0
1.0.0,2026-06-23 20:24:55.953,13.3,2.0,54,0,2040,2399.358976,35.753,19467.526144,1591.68512,586.542968832,0,71.338496,138.412032,657,0
1.0.0,2026-06-23 20:24:56.988,13.4,1.8,54,0,2040,2399.358976,35.759,19467.636736,1591.68512,586.542964736,0,71.338496,138.412032,657,0
1.0.0,2026-06-23 20:24:58.015,14.1,1.4,54,0,2040,2399.358976,35.735,19467.702272,1591.68512,586.54296064,0,71.338496,138.412032,657,0
1.0.0,2026-06-23 20:24:58.994,13.6,1.4,54,0,2040,2399.358976,35.781,19467.825152,1591.68512,586.542956544,0,71.338496,138.412032,657,0
1.0.0,2026-06-23 20:24:59.983,14.0,1.3,54,0,2040,2399.358976,35.764,19467.9808,1591.7056,586.542952448,0,71.338496,138.412032,657,0
1.0.0,2026-06-23 20:25:01.021,14.2,2.2,54,0,2040,2399.358976,35.347,19470.299136,1591.7056,586.542948352,0,71.338496,138.412032,657,0
1.0.0,2026-06-23 20:25:02.013,14.2,2.0,54,0,2040,2399.358976,34.952,19467.681792,1591.7056,586.542944256,0,71.338496,138.412032,657,0
1.0.0,2026-06-23 20:25:03.021,14.1,0.9,54,0,2040,2399.358976,34.998,19467.923456,1591.7056,586.542936064,0,71.338496,138.412032,657,0
1.0.0,2026-06-23 20:25:04.030,13.5,1.5,54,0,2040,2399.358976,34.967,19468.775424,1591.7056,586.542931968,0,71.338496,138.412032,657,0
1.0.0,2026-06-23 20:25:05.038,14.4,2.4,54,0,2040,2399.358976,34.957,19468.726272,1591.7056,586.542927872,0,71.338496,138.412032,657,0
1.0.0,2026-06-23 20:25:06.043,15.2,1.7,54,0,2040,2399.358976,35.01,19469.717504,1591.7056,586.54291968,0,71.338496,138.412032,657,0
1.0.0,2026-06-23 20:25:07.057,22.9,3.1,54,9,2040,2408.206336,35.94,19470.217216,1591.7056,586.542915584,0,71.338496,138.412032,657,0
1.0.0,2026-06-23 20:25:08.076,20.5,2.5,54,5,2040,2408.665088,35.218,19471.95392,1591.7056,586.542915584,0,71.338496,138.412032,657,0
1.0.0,2026-06-23 20:25:09.064,17.0,2.1,54,0,2040,2408.665088,34.199,19472.67072,1591.7056,586.542911488,0,71.338496,138.412032,657,0
1.0.0,2026-06-23 20:25:10.069,15.4,1.7,54,0,2040,2408.665088,34.123,19472.91648,1591.7056,586.542907392,0,71.338496,138.412032,657,0
1.0.0,2026-06-23 20:25:11.072,15.0,1.5,54,0,2040,2408.665088,34.164,19473.117184,1591.7056,586.542903296,0,71.338496,138.412032,657,0
1.0.0,2026-06-23 20:25:12.077,14.9,1.7,54,0,2040,2408.665088,34.852,19473.092608,1591.7056,586.5428992,0,71.338496,138.412032,657,0
1.0.0,2026-06-23 20:25:13.083,15.1,2.2,54,0,2040,2408.665088,35.424,19472.912384,1591.7056,586.542895104,0,71.338496,138.412032,657,0
1.0.0,2026-06-23 20:25:14.090,14.5,2.1,54,0,2040,2408.665088,35.409,19473.379328,1591.7056,586.542891008,0,71.338496,138.412032,657,0
1.0.0,2026-06-23 20:25:15.110,15.7,2.2,54,6,2040,2408.665088,34.592,19472.453632,1591.7056,586.542886912,0,71.338496,138.412032,657,0
1.0.0,2026-06-23 20:25:16.117,16.6,1.8,54,0,2040,2408.665088,35.149,19472.408576,1591.7056,586.542882816,0,71.338496,138.412032,657,0
1.0.0,2026-06-23 20:25:17.089,14.3,2.7,54,0,2040,2408.665088,35.456,19471.671296,1591.7056,586.54287872,0,71.338496,138.412032,657,0
1.0.0,2026-06-23 20:25:19.829,15.0,1.7,54,0,2040,2399.817728,36.387,19470.635008,1591.631872,586.542866432,0,71.338496,138.412032,657,0
1.0.0,2026-06-23 20:25:20.088,18.4,2.3,54,1,2040,2399.817728,36.406,19470.770176,1591.631872,586.54285824,0,71.338496,138.412032,657,0
1.0.0,2026-06-23 20:25:21.108,14.9,2.0,54,0,2040,2399.817728,36.254,19471.060992,1591.631872,586.542854144,0,71.338496,138.412032,657,0
1.0.0,2026-06-23 20:25:22.114,14.2,1.6,54,0,2040,2399.817728,36.252,19470.196736,1591.631872,586.542845952,0,71.338496,138.412032,657,0
1.0.0,2026-06-23 20:25:23.103,15.3,2.9,54,4,2040,2399.752192,36.328,19469.66016,1591.652352,586.542841856,0,71.338496,138.412032,657,0
1.0.0,2026-06-23 20:25:24.088,14.2,1.5,54,0,2040,2399.752192,34.41,19469.377536,1591.656448,586.542841856,0,71.338496,138.412032,657,0
