schema_version,timestamp,cpu_temp,cpu_util[%],gpu_temp,gpu_util[%],gpu_clock[mhz],gpu_mem_used[mb],gpu_power[w],ram_used[mb],proc_rss[mb],disk_free[gb],queue_depth[n],torch_vram_alloc[mb],torch_vram_reserved[mb],cycles_total[n],dropped_logs[n]
1.0.0,2026-08-05 02:55:46.886,,0.0,52,0,2040,2312.88832,34.284,20236.791808,1513.873408,594.5601024,51,5.251584,23.068672,1,0
1.0.0,2026-08-05 02:55:48.186,,0.0,52,9,2040,2312.88832,35.148,20304.605184,1569.44384,594.559963136,83,5.251584,23.068672,1,0
1.0.0,2026-08-05 02:55:48.215,,0.0,52,9,2040,2312.88832,35.148,20264.751104,1526.059008,594.559963136,83,5.251584,23.068672,1,0
1.0.0,2026-08-05 02:55:49.183,,11.4,52,10,2040,2322.915328,35.24,20253.0816,1524.18304,594.559873024,83,5.251584,23.068672,1,0
1.0.0,2026-08-05 02:55:50.182,,13.6,52,4,2040,2312.88832,35.763,20266.037248,1523.654656,594.559746048,83,5.251584,23.068672,1,0
1.0.0,2026-08-05 02:55:51.183,,13.1,52,4,2040,2312.88832,35.018,20263.555072,1523.654656,594.559614976,83,5.251584,23.068672,1,0
1.0.0,2026-08-05 02:55:52.214,,11.8,52,4,2040,2312.88832,35.061,20250.906624,1526.996992,594.559496192,83,5.251584,23.068672,1,0
1.0.0,2026-08-05 02:55:53.178,,9.1,52,4,2040,2312.88832,35.014,20221.874176,1523.687424,594.556956672,83,5.251584,23.068672,1,0
1.0.0,2026-08-05 02:55:54.183,,8.5,52,3,2040,2312.88832,34.926,20275.048448,1523.728384,594.556817408,83,5.251584,23.068672,1,0
1.0.0,2026-08-05 02:55:55.184,,9.9,52,4,2040,2312.88832,35.095,20263.399424,1523.769344,594.55670272,83,5.251584,23.068672,1,0
1.0.0,2026-08-05 02:55:56.187,,12.3,52,3,2040,2312.88832,34.988,20263.010304,1524.854784,594.55657984,83,5.251584,23.068672,1,0
1.0.0,2026-08-05 02:55:57.188,,12.1,52,4,2040,2312.88832,34.968,20251.385856,1523.8144,594.556444672,83,5.251584,23.068672,1,0
1.0.0,2026-08-05 02:55:58.182,,9.7,52,3,2040,2312.88832,34.965,20253.380608,1523.818496,594.55639552,83,5.251584,23.068672,1,0
1.0.0,2026-08-05 02:55:59.184,,9.9,52,4,2040,2312.88832,34.955,20299.685888,1555.70176,594.556280832,83,5.252096,23.068672,1,0
1.0.0,2026-08-05 02:56:00.174,,14.7,52,7,2040,2323.0464,36.214,20299.702272,1558.585344,594.556157952,83,5.252096,23.068672,2,0
1.0.0,2026-08-05 02:56:01.179,,0.0,53,13,2040,2323.0464,36.536,20291.780608,1561.997312,594.556035072,83,5.252096,23.068672,3,0
1.0.0,2026-08-05 02:56:02.182,,0.0,53,10,2040,2323.0464,36.691,20311.547904,1561.382912,594.55393792,83,5.252096,23.068672,4,0
1.0.0,2026-08-05 02:56:03.169,,13.0,53,10,2040,2313.019392,36.375,20277.846016,1561.41568,594.55383552,83,5.252096,23.068672,5,0
1.0.0,2026-08-05 02:56:04.178,,11.7,53,15,2040,2313.019392,36.351,20281.778176,1567.49824,594.553806848,83,5.252096,23.068672,5,0
1.0.0,2026-08-05 02:56:05.181,,14.3,53,6,2040,2311.5776,36.254,20317.151232,1569.247232,594.553647104,83,5.252096,23.068672,6,0
1.0.0,2026-08-05 02:56:06.193,,15.7,53,3,2040,2311.5776,36.72,20304.95744,1572.196352,594.55352832,83,5.252096,23.068672,7,0
1.0.0,2026-08-05 02:56:07.210,,14.5,53,3,2040,2311.5776,36.056,20296.298496,1566.633984,594.553401344,83,5.252096,23.068672,8,0
1.0.0,2026-08-05 02:56:08.184,,15.0,53,12,2040,2311.5776,36.681,20289.396736,1563.3408,594.55328256,83,5.252096,23.068672,9,0
1.0.0,2026-08-05 02:56:09.181,,0.0,53,10,2040,2311.5776,36.39,20288.331776,1564.827648,594.553257984,83,5.252096,23.068672,10,0
1.0.0,2026-08-05 02:56:10.185,,11.9,53,11,2040,2311.5776,36.424,20313.673728,1572.41344,594.553122816,83,5.252096,23.068672,10,0
1.0.0,2026-08-05 02:56:11.194,,14.1,53,13,2040,2311.5776,36.199,20299.689984,1570.639872,594.553004032,83,5.252096,23.068672,11,0
1.0.0,2026-08-05 02:56:12.177,,14.1,53,4,2040,2311.5776,36.757,20285.489152,1573.138432,594.552885248,83,5.252096,23.068672,12,0
1.0.0,2026-08-05 02:56:13.188,,15.3,53,3,2040,2311.5776,35.984,20311.130112,1575.448576,594.552758272,83,10.167808,23.068672,13,0
1.0.0,2026-08-05 02:56:14.175,,11.9,53,6,2040,2311.5776,36.552,20289.789952,1569.128448,594.55268864,83,5.252096,23.068672,14,0
1.0.0,2026-08-05 02:56:15.185,,13.0,53,18,2040,2351.222784,36.655,20435.480576,1568.366592,594.557046784,83,5.252096,23.068672,15,0
1.0.0,2026-08-05 02:56:16.173,,15.0,53,10,2040,2351.157248,37.07,20417.560576,1566.732288,594.556747776,83,5.252096,23.068672,16,0
1.0.0,2026-08-05 02:56:17.185,,14.5,53,10,2040,2351.095808,36.476,20438.007808,1570.455552,594.556473344,83,5.252096,23.068672,16,0
1.0.0,2026-08-05 02:56:18.181,,14.0,53,18,2040,2351.095808,36.024,20443.918336,1573.363712,594.556358656,83,5.252096,23.068672,17,0
1.0.0,2026-08-05 02:56:19.189,,14.0,53,7,2040,2351.095808,36.589,20412.84608,1571.774464,594.556112896,83,5.252096,23.068672,18,0
1.0.0,2026-08-05 02:56:20.182,,14.1,53,4,2040,2351.095808,36.43,20432.703488,1580.642304,594.555994112,83,10.167296,23.068672,19,0
1.0.0,2026-08-05 02:56:21.192,,14.2,53,4,2040,2352.013312,36.583,20424.814592,1567.834112,594.555879424,83,5.252096,23.068672,20,0
1.0.0,2026-08-05 02:56:22.177,,14.8,53,12,2040,2352.013312,36.619,20401.532928,1567.858688,594.555764736,83,5.252096,23.068672,21,0
1.0.0,2026-08-05 02:56:23.169,,11.7,53,10,2040,2347.6224,36.631,20366.962688,1566.605312,594.555756544,83,5.252096,23.068672,22,0
1.0.0,2026-08-05 02:56:24.181,,14.0,53,13,2040,2363.727872,36.388,20420.046848,1574.412288,594.555670528,83,5.252096,23.068672,22,0
1.0.0,2026-08-05 02:56:25.181,,14.6,53,17,2040,2379.636736,36.657,20405.563392,1571.958784,594.56602112,83,5.252096,23.068672,23,0
1.0.0,2026-08-05 02:56:26.189,,14.9,53,9,2040,2395.5456,36.399,20418.117632,1574.424576,594.565902336,83,5.252096,23.068672,24,0
1.0.0,2026-08-05 02:56:27.179,,14.9,53,7,2040,2341.15072,36.717,20426.104832,1575.665664,594.565779456,83,5.252096,23.068672,25,0
1.0.0,2026-08-05 02:56:28.185,,15.4,53,13,2040,2403.581952,37.022,21200.285696,1576.615936,594.565730304,83,5.252096,23.068672,26,0
1.0.0,2026-08-05 02:56:29.197,,16.1,53,9,2040,2369.503232,37.807,21257.117696,1567.547392,594.564755456,83,5.252096,23.068672,27,0
1.0.0,2026-08-05 02:56:30.184,,19.5,53,16,2040,2403.581952,37.69,21261.80352,1566.695424,594.563559424,83,5.252096,23.068672,28,0
1.0.0,2026-08-05 02:56:31.203,,17.9,53,16,2040,2403.581952,37.623,21276.725248,1573.441536,594.559418368,83,5.252096,23.068672,28,0
1.0.0,2026-08-05 02:56:32.187,,16.4,53,17,2040,2369.503232,37.624,21291.618304,1573.507072,594.559275008,83,5.252096,23.068672,29,0
1.0.0,2026-08-05 02:56:33.175,,17.9,53,20,2040,2369.503232,37.383,21264.896,1573.093376,594.558869504,83,5.252096,23.068672,30,0
1.0.0,2026-08-05 02:56:34.223,,17.5,53,10,2040,2369.503232,37.868,21265.051648,1575.149568,594.557599744,83,5.252096,23.068672,31,0
1.0.0,2026-08-05 02:56:35.192,,20.5,53,9,2040,2403.581952,37.828,21274.56256,1570.217984,594.554699776,83,5.252096,23.068672,32,0
1.0.0,2026-08-05 02:56:36.193,,19.3,53,16,2040,2369.503232,37.788,21269.803008,1567.244288,594.553131008,83,5.252096,23.068672,33,0
1.0.0,2026-08-05 02:56:37.182,,19.3,53,16,2040,2403.581952,37.745,21257.515008,1567.051776,594.552225792,83,5.252096,23.068672,34,0
1.0.0,2026-08-05 02:56:38.184,,17.3,53,17,2040,2369.503232,37.754,21245.743104,1572.315136,594.550628352,83,5.252096,23.068672,34,0
1.0.0,2026-08-05 02:56:39.188,,17.9,53,23,2040,2369.503232,37.792,21288.062976,1572.33152,594.548727808,83,5.252096,23.068672,35,0
1.0.0,2026-08-05 02:56:40.187,,19.0,53,12,2040,2403.581952,37.756,21282.922496,1574.72768,594.547474432,83,5.252096,23.068672,36,0
1.0.0,2026-08-05 02:56:41.198,,22.0,53,8,2040,2403.581952,37.738,21265.125376,1573.122048,594.544975872,83,5.252096,23.068672,37,0
1.0.0,2026-08-05 02:56:42.197,,19.3,53,8,2040,2403.581952,37.773,21246.91456,1567.584256,594.544881664,83,5.252096,23.068672,38,0
1.0.0,2026-08-05 02:56:43.180,,17.4,53,17,2040,2369.503232,37.846,21258.272768,1567.412224,594.542600192,83,5.252096,23.068672,39,0
1.0.0,2026-08-05 02:56:44.197,,21.5,53,16,2040,2403.581952,37.71,21272.502272,1570.295808,594.541256704,83,5.252096,23.068672,40,0
1.0.0,2026-08-05 02:56:45.183,,20.2,53,16,2040,2369.503232,37.745,21285.609472,1575.559168,594.539880448,83,5.252096,23.068672,40,0
1.0.0,2026-08-05 02:56:46.204,,24.5,53,17,2040,2403.581952,37.704,21263.949824,1575.309312,594.538614784,83,5.252096,23.068672,41,0
1.0.0,2026-08-05 02:56:47.242,,20.4,54,22,2040,2403.581952,37.601,21274.140672,1575.358464,594.53638656,83,5.252096,23.068672,42,0
1.0.0,2026-08-05 02:56:48.191,,17.9,53,9,2040,2369.503232,37.816,21291.118592,1576.91904,594.535481344,83,5.252096,23.068672,43,0
1.0.0,2026-08-05 02:56:49.198,,20.1,53,12,2040,2403.581952,38.021,21258.420224,1570.840576,594.53423616,83,5.252096,23.068672,44,0
1.0.0,2026-08-05 02:56:50.201,,20.9,54,16,2040,2403.581952,37.794,21269.327872,1570.840576,594.532655104,83,5.252096,23.068672,45,0
1.0.0,2026-08-05 02:56:51.174,,21.8,54,16,2040,2369.503232,37.858,21276.250112,1569.603584,594.531135488,83,5.252096,23.068672,46,0
1.0.0,2026-08-05 02:56:52.186,,17.5,54,16,2040,2403.581952,37.77,21256.9088,1574.219776,594.527064064,83,5.252096,23.068672,46,0
1.0.0,2026-08-05 02:56:53.204,,20.0,54,15,2040,2403.581952,37.927,21268.017152,1575.66976,594.527014912,83,5.252096,23.068672,47,0
1.0.0,2026-08-05 02:56:54.187,,19.7,54,22,2040,2403.581952,37.781,21286.313984,1574.567936,594.525052928,83,5.252096,23.068672,48,0
1.0.0,2026-08-05 02:56:55.187,,19.5,54,10,2040,2369.503232,37.543,21287.46496,1575.825408,594.524389376,83,5.252096,23.068672,49,0
1.0.0,2026-08-05 02:56:56.199,,20.7,54,8,2040,2369.503232,37.995,21278.920704,1569.636352,594.522087424,83,5.252096,23.068672,50,0
1.0.0,2026-08-05 02:56:57.200,,16.9,54,16,2040,2369.503232,38.029,21262.647296,1570.89792,594.520899584,83,5.252096,23.068672,51,0
1.0.0,2026-08-05 02:56:58.203,,19.1,54,16,2040,2403.581952,37.934,21294.309376,1569.640448,594.520092672,83,5.252096,23.068672,52,0
1.0.0,2026-08-05 02:56:59.235,,17.2,54,16,2040,2369.503232,37.861,21301.424128,1576.255488,594.5177088,83,5.252096,23.068672,52,0
1.0.0,2026-08-05 02:57:00.203,,20.2,54,17,2040,2403.581952,37.853,21290.246144,1576.255488,594.51703296,83,5.252096,23.068672,53,0
1.0.0,2026-08-05 02:57:01.213,,21.8,54,15,2040,2403.581952,37.382,21280.612352,1577.500672,594.514853888,83,5.252096,23.068672,54,0
1.0.0,2026-08-05 02:57:02.197,,18.2,54,8,2040,2403.581952,38.03,21228.249088,1577.136128,594.513825792,83,10.513408,23.068672,55,0
1.0.0,2026-08-05 02:57:03.206,,19.0,54,17,2040,2369.503232,38.021,21278.715904,1573.531648,594.511220736,83,10.37824,23.068672,56,0
1.0.0,2026-08-05 02:57:04.191,,19.5,54,16,2040,2403.581952,37.874,21276.479488,1571.344384,594.509623296,83,5.252096,23.068672,57,0
1.0.0,2026-08-05 02:57:05.201,,19.4,54,16,2040,2403.581952,37.92,21258.047488,1571.856384,594.509160448,83,5.252096,23.068672,58,0
1.0.0,2026-08-05 02:57:06.200,,18.3,54,15,2040,2403.581952,37.858,21279.744,1571.344384,594.272497664,83,5.252096,23.068672,59,0
1.0.0,2026-08-05 02:57:07.209,,17.0,54,16,2040,2369.503232,37.96,21257.351168,1573.810176,594.267885568,83,5.252096,23.068672,60,0
1.0.0,2026-08-05 02:57:08.200,,17.8,54,26,2040,2369.503232,37.758,21285.298176,1576.706048,594.267799552,83,5.252096,23.068672,60,0
1.0.0,2026-08-05 02:57:09.188,,20.0,54,8,2040,2403.581952,37.778,21296.570368,1582.10048,594.267656192,83,5.252096,23.068672,61,0
1.0.0,2026-08-05 02:57:10.192,,19.8,54,10,2040,2403.581952,38.171,21297.467392,1580.191744,594.266402816,83,10.172416,23.068672,62,0
1.0.0,2026-08-05 02:57:11.232,,17.8,54,11,2040,2403.581952,37.911,21260.750848,1573.781504,594.265116672,83,5.252096,23.068672,63,0
1.0.0,2026-08-05 02:57:12.200,,17.6,54,8,2040,2403.581952,37.842,21274.882048,1571.332096,594.263363584,83,5.252096,23.068672,64,0
1.0.0,2026-08-05 02:57:13.189,,18.3,54,16,2040,2403.581952,37.658,21286.354944,1571.332096,594.262257664,83,5.252096,23.068672,65,0
1.0.0,2026-08-05 02:57:14.218,,20.5,54,23,2040,2369.503232,37.928,21285.834752,1576.26368,594.26125824,83,5.252096,23.068672,65,0
1.0.0,2026-08-05 02:57:15.200,,18.9,54,9,2040,2403.581952,37.704,21288.046592,1577.402368,594.257383424,83,5.252096,23.068672,66,0
1.0.0,2026-08-05 02:57:16.213,,18.7,54,8,2040,2369.503232,38.081,21273.493504,1577.504768,594.25724416,83,5.252096,23.068672,67,0
1.0.0,2026-08-05 02:57:17.209,,18.7,54,7,2040,2369.503232,37.881,21291.843584,1573.781504,594.255650816,83,5.252096,23.068672,68,0
1.0.0,2026-08-05 02:57:18.196,,21.5,54,17,2040,2403.581952,37.992,21288.148992,1574.825984,594.254245888,83,10.246656,23.068672,69,0
1.0.0,2026-08-05 02:57:19.210,,20.4,54,16,2040,2403.581952,37.936,21266.24768,1572.573184,594.25220608,83,5.252096,23.068672,70,0
1.0.0,2026-08-05 02:57:20.200,,20.2,54,16,2040,2386.542592,37.917,21259.3664,1571.315712,594.249121792,83,5.252096,23.068672,71,0
1.0.0,2026-08-05 02:57:21.202,,19.5,54,16,2040,2369.503232,37.891,21273.882624,1576.247296,594.24892928,83,5.252096,23.068672,71,0
1.0.0,2026-08-05 02:57:22.199,,17.5,54,19,2040,2403.581952,37.546,21288.833024,1577.504768,594.248204288,83,5.252096,23.068672,72,0
1.0.0,2026-08-05 02:57:23.232,,19.3,54,9,2040,2369.503232,38.084,21281.701888,1577.504768,594.245935104,83,5.252096,23.068672,73,0
1.0.0,2026-08-05 02:57:24.218,,19.8,54,9,2040,2403.581952,37.892,21296.123904,1580.179456,594.244677632,83,5.252096,23.068672,74,0
1.0.0,2026-08-05 02:57:25.219,,20.0,54,15,2040,2403.581952,38.068,21281.558528,1571.319808,594.243100672,83,5.252096,23.068672,75,0
1.0.0,2026-08-05 02:57:26.216,,17.9,54,16,2040,2369.503232,37.953,21261.197312,1571.319808,594.241806336,83,5.252096,23.068672,76,0
1.0.0,2026-08-05 02:57:27.215,,18.1,54,16,2040,2369.503232,37.989,21259.419648,1572.552704,594.241179648,83,5.252096,23.068672,77,0
1.0.0,2026-08-05 02:57:28.188,,19.5,54,22,2040,2369.503232,37.861,21282.676736,1576.251392,594.238373888,83,5.252096,23.068672,77,0
1.0.0,2026-08-05 02:57:29.194,,20.1,54,14,2040,2403.581952,38.17,21275.123712,1577.508864,594.237509632,83,5.252096,23.068672,78,0
1.0.0,2026-08-05 02:57:30.207,,19.5,54,9,2040,2403.581952,37.931,21264.924672,1577.517056,594.235490304,83,5.252096,23.068672,79,0
1.0.0,2026-08-05 02:57:31.196,,18.9,54,8,2040,2369.503232,38.053,21259.317248,1577.14432,594.233044992,83,5.252096,23.068672,80,0
1.0.0,2026-08-05 02:57:32.198,,16.7,54,9,2040,2403.581952,37.899,21284.233216,1574.621184,594.232459264,83,10.167296,23.068672,81,0
1.0.0,2026-08-05 02:57:33.190,,21.8,54,17,2040,2403.581952,38.09,21284.593664,1571.672064,594.228563968,83,5.252096,23.068672,82,0
1.0.0,2026-08-05 02:57:34.206,,24.3,54,16,2040,2369.503232,38.043,21273.595904,1571.328,594.228420608,83,5.252096,23.068672,83,0
1.0.0,2026-08-05 02:57:35.198,,22.1,54,20,2040,2369.503232,38.016,21261.631488,1577.517056,594.228277248,83,5.252096,23.068672,83,0
1.0.0,2026-08-05 02:57:36.242,,19.6,54,18,2040,2369.503232,38.083,21239.9104,1579.13088,594.225856512,83,5.252096,23.068672,84,0
1.0.0,2026-08-05 02:57:37.204,,19.2,54,8,2040,2369.503232,37.784,21270.335488,1577.517056,594.22509056,83,5.252096,23.068672,85,0
1.0.0,2026-08-05 02:57:38.189,,19.4,54,8,2040,2369.503232,38.077,21289.275392,1581.019136,594.223505408,83,5.252096,23.068672,86,0
1.0.0,2026-08-05 02:57:39.203,,21.5,54,11,2040,2369.503232,38.111,21290.606592,1574.469632,594.221985792,83,5.252096,23.068672,87,0
1.0.0,2026-08-05 02:57:40.198,,20.2,54,16,2040,2369.503232,38.148,21276.5696,1573.220352,594.220601344,83,5.252096,23.068672,88,0
1.0.0,2026-08-05 02:57:41.187,,19.1,54,16,2040,2369.503232,38.08,21273.305088,1578.151936,594.21743104,83,5.252096,23.068672,88,0
1.0.0,2026-08-05 02:57:42.205,,17.5,54,8,2040,2403.581952,37.839,21274.8288,1579.204608,594.216378368,83,5.252096,23.068672,89,0
1.0.0,2026-08-05 02:57:43.196,,19.0,54,19,2040,2369.503232,37.541,21289.074688,1579.409408,594.214268928,83,5.252096,23.068672,90,0
1.0.0,2026-08-05 02:57:44.209,,19.4,54,18,2040,2403.581952,38.17,21292.220416,1580.023808,594.212356096,83,5.252096,23.068672,91,0
1.0.0,2026-08-05 02:57:45.196,,17.7,54,11,2040,2369.503232,37.209,21272.35072,1580.15488,594.210779136,83,5.252096,23.068672,92,0
1.0.0,2026-08-05 02:57:46.212,,15.0,54,8,2040,2369.503232,38.11,21283.454976,1574.89152,594.209898496,83,5.252096,23.068672,93,0
1.0.0,2026-08-05 02:57:47.199,,17.9,54,15,2040,2369.503232,38.189,21298.470912,1573.961728,594.20770304,83,5.252096,23.068672,94,0
1.0.0,2026-08-05 02:57:48.190,,18.3,54,16,2040,2403.581952,38.058,21291.45856,1578.893312,594.20690432,83,5.252096,23.068672,94,0
1.0.0,2026-08-05 02:57:49.238,,18.5,54,16,2040,2403.581952,38.138,21288.36608,1578.893312,594.203557888,83,5.252096,23.068672,95,0
1.0.0,2026-08-05 02:57:50.206,,18.2,54,17,2040,2403.581952,38.041,21268.516864,1580.150784,594.203418624,83,5.252096,23.068672,96,0
1.0.0,2026-08-05 02:57:51.191,,18.3,54,22,2040,2369.503232,37.957,21298.065408,1581.031424,594.202800128,83,5.252096,23.068672,97,0
1.0.0,2026-08-05 02:57:52.206,,17.6,54,8,2040,2403.581952,37.966,21298.843648,1577.668608,594.199814144,83,10.243584,23.068672,98,0
1.0.0,2026-08-05 02:57:53.196,,18.3,54,15,2040,2403.581952,38.359,21292.05248,1574.694912,594.199666688,83,5.252096,23.068672,99,0
1.0.0,2026-08-05 02:57:54.198,,18.7,55,17,2040,2369.503232,38.082,21305.79456,1575.2192,594.198151168,83,5.252096,23.068672,100,0
1.0.0,2026-08-05 02:57:55.207,,16.9,55,16,2040,2369.503232,38.174,21288.288256,1573.961728,594.19492352,83,5.252096,23.068672,101,0
1.0.0,2026-08-05 02:57:56.205,,16.1,55,15,2040,2369.503232,38.064,21301.37088,1578.868736,594.194251776,83,5.252096,23.068672,101,0
1.0.0,2026-08-05 02:57:57.204,,17.6,55,16,2040,2369.503232,38.156,21304.745984,1578.893312,594.1897216,83,5.252096,23.068672,102,0
1.0.0,2026-08-05 02:57:58.201,,21.3,55,22,2040,2403.581952,38.138,21319.143424,1579.241472,594.189582336,83,5.252096,23.068672,103,0
1.0.0,2026-08-05 02:57:59.202,,23.1,54,9,2040,2403.581952,37.709,21313.67936,1584.427008,594.189430784,83,5.252096,23.068672,104,0
1.0.0,2026-08-05 02:58:00.211,,18.2,55,8,2040,2403.581952,38.27,21287.747584,1576.456192,594.19846656,83,5.252096,23.068672,105,0
1.0.0,2026-08-05 02:58:01.253,,18.2,55,16,2040,2403.581952,38.194,21300.375552,1576.841216,594.19664384,83,5.252096,23.068672,106,0
1.0.0,2026-08-05 02:58:02.206,,19.2,55,16,2040,2369.503232,38.144,21317.4272,1573.965824,594.19578368,83,5.252096,23.068672,107,0
1.0.0,2026-08-05 02:58:03.205,,20.5,55,16,2040,2369.503232,38.118,21324.480512,1578.897408,594.192764928,83,5.252096,23.068672,107,0
1.0.0,2026-08-05 02:58:04.203,,19.6,55,16,2040,2403.581952,38.116,21299.064832,1579.323392,594.192625664,83,5.252096,23.068672,108,0
1.0.0,2026-08-05 02:58:05.192,,15.9,55,18,2040,2403.581952,37.644,21272.752128,1580.15488,594.19140096,83,5.252096,23.068672,109,0
1.0.0,2026-08-05 02:58:06.208,,17.3,55,8,2040,2369.503232,38.262,21308.444672,1576.431616,594.188578816,83,5.252096,23.068672,110,0
1.0.0,2026-08-05 02:58:07.204,,19.0,55,17,2040,2403.581952,38.282,21298.909184,1575.223296,594.18763264,83,5.252096,23.068672,111,0
1.0.0,2026-08-05 02:58:08.202,,19.6,55,17,2040,2403.581952,38.17,21285.720064,1574.662144,594.186063872,83,5.252096,23.068672,112,0
1.0.0,2026-08-05 02:58:09.206,,17.6,55,16,2040,2369.503232,38.15,21304.680448,1574.141952,594.182455296,83,5.252096,23.068672,113,0
1.0.0,2026-08-05 02:58:10.202,,15.3,55,16,2040,2369.503232,38.146,21288.341504,1573.96992,594.182447104,83,5.252096,23.068672,114,0
1.0.0,2026-08-05 02:58:11.203,,17.4,55,16,2040,2403.581952,38.061,21303.631872,1578.86464,594.178871296,83,5.252096,23.068672,114,0
1.0.0,2026-08-05 02:58:12.202,,19.1,55,17,2040,2403.581952,37.888,21290.688512,1580.158976,594.178736128,83,5.252096,23.068672,115,0
1.0.0,2026-08-05 02:58:13.236,,20.1,55,10,2040,2386.542592,37.659,21298.33984,1580.4416,594.178588672,83,5.252096,23.068672,116,0
1.0.0,2026-08-05 02:58:14.204,,19.9,55,12,2040,2403.581952,38.337,21289.910272,1576.136704,594.177097728,83,10.244096,23.068672,117,0
1.0.0,2026-08-05 02:58:15.202,,19.1,55,10,2040,2403.581952,38.073,21301.202944,1575.227392,594.175094784,83,5.252096,23.068672,118,0
1.0.0,2026-08-05 02:58:16.214,,20.0,55,16,2040,2369.503232,38.113,21287.30112,1573.96992,594.174251008,83,5.252096,23.068672,119,0
1.0.0,2026-08-05 02:58:17.233,,19.8,55,16,2040,2369.503232,38.13,21309.894656,1575.202816,594.17319424,83,5.252096,23.068672,120,0
1.0.0,2026-08-05 02:58:18.189,,19.8,55,24,2040,2403.581952,38.199,21318.270976,1580.158976,594.16827904,83,5.252096,23.068672,120,0
1.0.0,2026-08-05 02:58:19.203,,18.7,55,8,2040,2403.581952,37.998,21288.374272,1581.297664,594.168184832,83,5.252096,23.068672,121,0
1.0.0,2026-08-05 02:58:20.196,,18.8,55,8,2040,2369.503232,38.311,21294.022656,1584.295936,594.167775232,83,5.252096,23.068672,122,0
1.0.0,2026-08-05 02:58:21.209,,19.0,55,7,2040,2369.503232,38.09,21303.840768,1574.354944,594.166059008,83,5.252096,23.068672,123,0
1.0.0,2026-08-05 02:58:22.207,,20.2,55,18,2040,2403.581952,38.25,21308.297216,1574.498304,594.164215808,83,5.252096,23.068672,124,0
1.0.0,2026-08-05 02:58:23.189,,19.1,55,18,2040,2369.503232,38.091,21279.199232,1573.904384,594.16295424,83,5.252096,23.068672,125,0
1.0.0,2026-08-05 02:58:24.202,,17.4,55,16,2040,2369.503232,38.188,21289.82016,1573.96992,594.16119296,83,5.252096,23.068672,126,0
1.0.0,2026-08-05 02:58:25.236,,17.5,55,16,2040,2403.581952,38.168,21311.270912,1580.089344,594.160226304,83,5.252096,23.068672,126,0
1.0.0,2026-08-05 02:58:26.210,,18.9,55,17,2040,2369.503232,37.654,21304.15616,1580.158976,594.158710784,83,5.252096,23.068672,127,0
1.0.0,2026-08-05 02:58:27.207,,18.8,55,9,2040,2369.503232,38.399,21291.99104,1580.158976,594.156736512,83,5.252096,23.068672,128,0
1.0.0,2026-08-05 02:58:28.203,,17.8,55,7,2040,2403.581952,38.185,21310.468096,1577.603072,594.155352064,83,10.247168,23.068672,129,0
1.0.0,2026-08-05 02:58:29.203,,16.6,55,11,2040,2369.503232,38.288,21285.769216,1575.190528,594.154139648,83,5.252096,23.068672,130,0
1.0.0,2026-08-05 02:58:30.196,,15.9,55,15,2040,2369.503232,38.173,21294.83776,1573.974016,594.153152512,83,5.252096,23.068672,131,0
1.0.0,2026-08-05 02:58:31.202,,20.3,55,16,2040,2403.581952,38.223,21295.26784,1580.138496,594.151571456,83,5.252096,23.068672,131,0
1.0.0,2026-08-05 02:58:32.204,,18.2,55,23,2040,2369.503232,37.962,21316.550656,1580.163072,594.149597184,83,5.252096,23.068672,132,0
1.0.0,2026-08-05 02:58:33.203,,18.4,55,16,2040,2403.581952,38.636,21309.591552,1580.163072,594.146770944,83,5.252096,23.068672,133,0
1.0.0,2026-08-05 02:58:34.189,,16.2,55,10,2040,2369.503232,38.141,21277.077504,1581.400064,594.1451776,83,5.252096,23.068672,134,0
1.0.0,2026-08-05 02:58:35.186,,17.3,55,7,2040,2403.581952,38.223,21299.777536,1581.71136,594.14147072,83,5.252096,23.068672,135,0
1.0.0,2026-08-05 02:58:36.199,,24.0,55,9,2040,2369.503232,38.127,21316.231168,1574.244352,594.141294592,83,5.252096,23.068672,136,0
1.0.0,2026-08-05 02:58:37.230,,24.5,55,18,2040,2403.581952,38.251,21324.853248,1573.978112,594.141130752,83,5.252096,23.068672,137,0
1.0.0,2026-08-05 02:58:38.199,,22.1,55,17,2040,2369.503232,38.247,21289.971712,1573.978112,594.139983872,83,5.252096,23.068672,138,0
1.0.0,2026-08-05 02:58:39.214,,20.0,55,22,2040,2369.503232,38.238,21306.212352,1580.142592,594.138730496,83,5.252096,23.068672,138,0
1.0.0,2026-08-05 02:58:40.199,,19.7,55,18,2040,2403.581952,38.443,21311.668224,1580.142592,594.135433216,83,5.252096,23.068672,139,0
1.0.0,2026-08-05 02:58:41.200,,20.2,55,8,2040,2369.503232,37.957,21303.435264,1580.167168,594.13528576,83,5.252096,23.068672,140,0
1.0.0,2026-08-05 02:58:42.201,,20.3,55,10,2040,2369.503232,38.383,21298.540544,1581.314048,594.133897216,83,5.252096,23.068672,141,0
1.0.0,2026-08-05 02:58:43.198,,18.2,55,8,2040,2369.503232,38.016,21298.83136,1575.374848,594.132414464,83,5.252096,23.068672,142,0
1.0.0,2026-08-05 02:58:44.202,,17.2,55,15,2040,2403.581952,38.122,21307.891712,1575.866368,594.13039104,83,5.252096,23.068672,143,0
1.0.0,2026-08-05 02:58:45.185,,19.4,55,17,2040,2403.581952,38.187,21314.076672,1582.084096,594.12893696,83,5.252096,23.068672,143,0
1.0.0,2026-08-05 02:58:46.198,,19.7,55,15,2040,2369.503232,38.367,21299.154944,1582.063616,594.127941632,83,5.252096,23.068672,144,0
1.0.0,2026-08-05 02:58:47.194,,19.1,55,25,2040,2369.503232,38.021,21324.664832,1582.092288,594.125119488,83,5.252096,23.068672,145,0
1.0.0,2026-08-05 02:58:48.206,,18.5,55,15,2040,2403.581952,38.623,21295.55456,1583.53408,594.12344832,83,5.252096,23.068672,146,0
1.0.0,2026-08-05 02:58:49.238,,14.9,55,9,2040,2403.581952,38.144,21292.78976,1583.300608,594.122326016,83,5.252096,23.068672,147,0
1.0.0,2026-08-05 02:58:50.195,,17.4,55,9,2040,2369.503232,38.408,21275.705344,1577.160704,594.121015296,83,5.252096,23.068672,148,0
1.0.0,2026-08-05 02:58:51.208,,19.0,55,17,2040,2369.503232,38.32,21302.616064,1575.903232,594.119360512,83,5.252096,23.068672,149,0
1.0.0,2026-08-05 02:58:52.208,,17.6,55,16,2040,2369.503232,38.212,21301.702656,1580.838912,594.117640192,83,5.252096,23.068672,149,0
1.0.0,2026-08-05 02:58:53.191,,18.3,55,16,2040,2369.503232,38.222,21287.981056,1581.559808,594.116788224,83,5.252096,23.068672,150,0
1.0.0,2026-08-05 02:58:54.191,,17.9,55,25,2040,2403.581952,38.228,21322.051584,1581.3632,594.115272704,83,5.252096,23.068672,151,0
1.0.0,2026-08-05 02:58:55.201,,18.2,55,8,2040,2369.503232,38.118,21312.925696,1581.953024,594.113912832,83,5.252096,23.068672,152,0
1.0.0,2026-08-05 02:58:56.198,,18.9,55,8,2040,2369.503232,38.294,21301.59616,1577.1648,594.112720896,83,5.252096,23.068672,153,0
1.0.0,2026-08-05 02:58:57.202,,20.3,55,18,2040,2369.503232,38.422,21277.94176,1575.907328,594.111135744,83,5.252096,23.068672,154,0
1.0.0,2026-08-05 02:58:58.199,,18.4,55,16,2040,2369.503232,38.322,21293.637632,1580.838912,594.109857792,83,5.252096,23.068672,154,0
1.0.0,2026-08-05 02:58:59.214,,18.8,55,16,2040,2369.503232,38.218,21309.2352,1578.37312,594.105843712,83,5.252096,23.068672,156,0
1.0.0,2026-08-05 02:59:00.197,,20.4,55,16,2040,2403.581952,38.243,21324.20608,1582.096384,594.105708544,83,5.252096,23.068672,156,0
1.0.0,2026-08-05 02:59:01.246,,19.8,55,16,2040,2369.503232,38.291,21304.172544,1582.096384,594.104254464,83,5.252096,23.068672,157,0
1.0.0,2026-08-05 02:59:02.189,,18.2,55,26,2040,2403.581952,38.0,21313.929216,1582.096384,594.102730752,83,5.252096,23.068672,158,0
1.0.0,2026-08-05 02:59:03.189,,14.8,55,8,2040,2403.581952,38.335,21318.270976,1585.586176,594.101387264,83,5.252096,23.068672,159,0
1.0.0,2026-08-05 02:59:04.205,,18.5,55,12,2040,2403.581952,38.528,21305.81504,1577.1648,594.099945472,83,5.252096,23.068672,160,0
1.0.0,2026-08-05 02:59:05.204,,22.0,55,16,2040,2403.581952,38.386,21298.8928,1576.337408,594.098618368,83,5.252096,23.068672,161,0
1.0.0,2026-08-05 02:59:06.196,,19.2,55,15,2040,2403.581952,38.275,21305.888768,1575.907328,594.094276608,83,5.252096,23.068672,162,0
1.0.0,2026-08-05 02:59:07.200,,18.4,55,16,2040,2369.503232,38.31,21284.048896,1581.2608,594.09414144,83,5.252096,23.068672,162,0
1.0.0,2026-08-05 02:59:08.199,,18.3,55,22,2040,2369.503232,38.234,21281.411072,1582.096384,594.094108672,83,5.252096,23.068672,163,0
1.0.0,2026-08-05 02:59:09.198,,18.7,55,9,2040,2369.503232,38.011,21295.816704,1583.32928,594.092724224,83,5.252096,23.068672,164,0
1.0.0,2026-08-05 02:59:10.202,,21.4,55,9,2040,2403.581952,38.489,21293.625344,1577.140224,594.090487808,83,5.252096,23.068672,165,0
1.0.0,2026-08-05 02:59:11.190,,18.8,55,16,2040,2369.503232,38.362,21280.104448,1577.140224,594.088701952,83,5.252096,23.068672,166,0
1.0.0,2026-08-05 02:59:12.193,,17.5,55,16,2040,2403.581952,38.336,21259.0592,1575.69024,594.08764928,83,5.252096,23.068672,167,0
1.0.0,2026-08-05 02:59:13.231,,18.7,55,16,2040,2369.503232,38.322,21311.213568,1579.606016,594.085535744,83,5.252096,23.068672,168,0
1.0.0,2026-08-05 02:59:14.268,,20.1,55,16,2040,2403.581952,38.282,21291.696128,1578.119168,594.083528704,83,5.252096,23.068672,169,0
1.0.0,2026-08-05 02:59:15.199,,19.9,55,16,2040,2369.503232,38.303,21291.978752,1580.838912,594.079055872,83,5.252096,23.068672,169,0
1.0.0,2026-08-05 02:59:16.201,,19.1,55,19,2040,2369.503232,37.859,21288.685568,1582.096384,594.078912512,83,5.252096,23.068672,170,0
1.0.0,2026-08-05 02:59:17.200,,16.1,55,7,2040,2369.503232,38.475,21267.898368,1578.04544,594.078818304,83,10.244096,23.068672,171,0
1.0.0,2026-08-05 02:59:18.212,,16.1,55,17,2040,2403.581952,38.564,21303.443456,1577.1648,594.078285824,83,5.252096,23.068672,172,0
1.0.0,2026-08-05 02:59:19.214,,19.3,55,18,2040,2369.503232,38.256,21300.40832,1577.140224,594.074546176,83,5.252096,23.068672,173,0
1.0.0,2026-08-05 02:59:20.213,,20.0,55,16,2040,2386.542592,38.23,21285.404672,1575.907328,594.074406912,83,5.252096,23.068672,174,0
1.0.0,2026-08-05 02:59:21.200,,21.5,55,16,2040,2369.503232,38.265,21302.304768,1580.785664,594.074267648,83,5.252096,23.068672,174,0
1.0.0,2026-08-05 02:59:22.200,,16.6,55,23,2040,2403.581952,38.125,21267.12832,1581.334528,594.06972928,83,5.252096,23.068672,175,0
1.0.0,2026-08-05 02:59:23.202,,19.0,55,8,2040,2369.503232,38.387,21293.719552,1582.65344,594.069643264,83,10.246656,23.068672,176,0
1.0.0,2026-08-05 02:59:24.205,,20.2,55,12,2040,2403.581952,38.488,21302.86592,1582.850048,594.068975616,83,10.201088,23.068672,177,0
1.0.0,2026-08-05 02:59:25.203,,20.9,55,9,2040,2369.503232,38.28,21298.368512,1577.1648,594.067329024,83,5.252096,23.068672,178,0
1.0.0,2026-08-05 02:59:26.203,,19.1,55,17,2040,2369.503232,38.391,21285.408768,1576.1408,594.063650816,83,5.252096,23.068672,179,0
1.0.0,2026-08-05 02:59:27.192,,16.5,55,16,2040,2403.581952,38.324,21283.45088,1575.907328,594.06358528,83,5.252096,23.068672,180,0
1.0.0,2026-08-05 02:59:28.201,,18.7,55,16,2040,2403.581952,38.307,21315.346432,1575.907328,594.062364672,83,5.252096,23.068672,181,0
1.0.0,2026-08-05 02:59:29.199,,18.1,55,20,2040,2369.503232,38.315,21309.059072,1582.096384,594.061570048,83,5.252096,23.068672,181,0
1.0.0,2026-08-05 02:59:30.213,,19.6,55,13,2040,2369.503232,37.905,21306.380288,1584.500736,594.058022912,83,5.252096,23.068672,182,0
1.0.0,2026-08-05 02:59:31.197,,18.9,55,9,2040,2369.503232,38.48,21292.433408,1587.03616,594.057818112,83,5.252096,23.068672,183,0
1.0.0,2026-08-05 02:59:32.211,,19.1,55,9,2040,2400.239616,38.913,21377.16736,1577.148416,594.054201344,83,5.252096,23.068672,184,0
1.0.0,2026-08-05 02:59:33.196,,20.5,55,17,2040,2434.318336,39.353,21353.795584,1577.148416,594.053894144,83,5.252096,23.068672,185,0
1.0.0,2026-08-05 02:59:34.186,,22.3,56,18,2040,2400.239616,39.342,21343.555584,1576.2432,594.064334848,83,5.252096,23.068672,186,0
1.0.0,2026-08-05 02:59:35.194,,19.9,56,18,2040,2400.239616,39.294,21331.47648,1582.088192,594.063314944,83,5.252096,23.068672,186,0
1.0.0,2026-08-05 02:59:36.219,,19.7,56,19,2040,2434.318336,38.67,21346.607104,1589.030912,594.061664256,83,10.167296,23.068672,187,0
1.0.0,2026-08-05 02:59:37.260,,21.5,56,11,2040,2434.318336,39.843,21336.629248,1584.992256,594.060877824,83,5.252096,23.068672,188,0
1.0.0,2026-08-05 02:59:38.200,,23.3,56,11,2040,2434.318336,39.137,21332.660224,1585.934336,594.057166848,83,5.252096,23.068672,189,0
1.0.0,2026-08-05 02:59:39.215,,22.0,56,13,2040,2400.239616,39.522,21335.486464,1586.85184,594.05709312,83,5.252096,23.068672,190,0
1.0.0,2026-08-05 02:59:40.204,,20.7,56,10,2040,2434.318336,38.944,21322.821632,1577.877504,594.054115328,83,5.252096,23.068672,191,0
1.0.0,2026-08-05 02:59:41.195,,22.8,56,12,2040,2391.887872,37.933,20794.683392,1581.293568,593.783709696,83,5.252096,23.068672,192,0
1.0.0,2026-08-05 02:59:42.209,,21.4,56,11,2040,2471.264256,38.149,20845.830144,1582.526464,593.78352128,83,5.252096,23.068672,192,0
1.0.0,2026-08-05 02:59:43.205,,16.6,56,19,2040,2471.329792,37.473,20865.163264,1583.788032,593.783390208,83,5.252096,23.068672,193,0
1.0.0,2026-08-05 02:59:44.188,,20.3,56,10,2040,2471.329792,37.531,20853.456896,1590.038528,593.783246848,83,5.252096,23.068672,194,0
1.0.0,2026-08-05 02:59:45.190,,19.1,55,4,2040,2471.329792,37.528,20878.52032,1588.006912,593.78315264,83,6.480896,23.068672,195,0
1.0.0,2026-08-05 02:59:46.195,,16.2,55,9,2040,2471.329792,37.771,20828.30336,1578.442752,593.78286592,83,5.252096,23.068672,196,0
1.0.0,2026-08-05 02:59:47.180,,16.0,55,12,2040,2482.536448,38.873,20839.006208,1579.7248,593.782714368,83,5.252096,23.068672,197,0
1.0.0,2026-08-05 02:59:48.184,,13.8,55,11,2040,2482.536448,37.231,20770.865152,1578.307584,593.782595584,83,5.252096,23.068672,198,0
1.0.0,2026-08-05 02:59:49.196,,18.5,55,18,2040,2482.536448,37.734,20769.148928,1584.656384,593.782513664,83,5.252096,23.068672,198,0
1.0.0,2026-08-05 02:59:50.230,,13.6,55,11,2040,2482.536448,37.423,20751.5648,1584.656384,593.782423552,83,5.252096,23.068672,199,0
1.0.0,2026-08-05 02:59:51.196,,16.5,55,11,2040,2489.417728,36.86,20793.020416,1587.531776,593.782308864,83,5.252096,23.068672,200,0
1.0.0,2026-08-05 02:59:52.192,,14.7,55,13,2040,2487.975936,37.527,20773.851136,1585.065984,593.782181888,83,5.252096,23.068672,201,0
1.0.0,2026-08-05 02:59:53.202,,16.1,55,2,2040,2488.631296,37.461,20750.237696,1587.515392,593.782063104,83,5.252096,23.068672,202,0
1.0.0,2026-08-05 02:59:54.205,,11.9,55,5,2040,2488.303616,37.033,20737.327104,1578.467328,593.78198528,83,5.252096,23.068672,203,0
1.0.0,2026-08-05 02:59:55.196,,13.1,55,10,2040,2488.303616,37.403,20744.02816,1578.397696,593.788788736,83,5.252096,23.068672,204,0
1.0.0,2026-08-05 02:59:56.188,,14.9,55,10,2040,2488.434688,37.033,20731.858944,1584.979968,593.788674048,83,5.252096,23.068672,204,0
1.0.0,2026-08-05 02:59:57.196,,14.4,55,10,2040,2488.303616,37.284,20724.793344,1583.398912,593.788555264,83,5.252096,23.068672,205,0
1.0.0,2026-08-05 02:59:58.188,,14.9,55,18,2040,2488.303616,36.965,20740.100096,1584.656384,593.78823168,83,5.252096,23.068672,206,0
1.0.0,2026-08-05 02:59:59.204,,14.4,55,4,2040,2488.303616,37.279,20719.099904,1584.410624,593.7881088,83,5.252096,23.068672,207,0
1.0.0,2026-08-05 03:00:00.214,,10.3,55,3,2040,2488.56576,37.23,20705.23904,1579.47904,593.788051456,83,5.252096,23.068672,208,0
1.0.0,2026-08-05 03:00:01.201,,12.5,55,11,2040,2525.92128,37.242,20711.34208,1579.487232,593.7875968,83,5.252096,23.068672,209,0
1.0.0,2026-08-05 03:00:02.225,,14.6,55,15,2040,2545.385472,38.316,20748.464128,1584.59904,593.787531264,83,5.252096,23.068672,209,0
1.0.0,2026-08-05 03:00:03.246,,16.3,55,12,2040,2545.385472,37.682,20736.503808,1585.152,593.787408384,83,5.252096,23.068672,210,0
1.0.0,2026-08-05 03:00:04.217,,15.4,55,13,2040,2545.385472,36.638,20711.510016,1584.603136,593.787277312,83,5.252096,23.068672,211,0
1.0.0,2026-08-05 03:00:05.225,,13.3,55,13,2040,2545.385472,37.496,20674.06848,1584.562176,593.787150336,83,5.252096,23.068672,212,0
1.0.0,2026-08-05 03:00:06.212,,11.3,55,6,2040,2545.385472,36.843,20712.636416,1584.607232,593.7869824,83,5.252096,23.068672,213,0
1.0.0,2026-08-05 03:00:07.209,,14.9,55,4,2040,2545.385472,37.225,20697.284608,1582.14144,593.786863616,83,10.167296,23.068672,214,0
1.0.0,2026-08-05 03:00:08.217,,14.1,55,12,2040,2545.385472,37.335,20686.979072,1579.675648,593.786744832,83,5.252096,23.068672,215,0
1.0.0,2026-08-05 03:00:09.204,,15.0,55,10,2040,2545.385472,37.149,20668.08832,1579.675648,593.786630144,83,5.252096,23.068672,216,0
1.0.0,2026-08-05 03:00:10.204,,14.7,55,13,2040,2545.385472,37.106,20691.095552,1579.675648,593.785344,83,5.252096,23.068672,217,0
1.0.0,2026-08-05 03:00:11.210,,15.3,55,11,2040,2545.385472,37.007,20680.962048,1584.607232,593.785270272,83,5.252096,23.068672,217,0
1.0.0,2026-08-05 03:00:12.233,,14.2,55,16,2040,2545.385472,36.847,20673.396736,1585.13152,593.784983552,83,5.252096,23.068672,218,0
1.0.0,2026-08-05 03:00:13.214,,14.2,54,3,2040,2545.385472,36.47,20687.376384,1585.840128,593.784864768,83,5.252096,23.068672,219,0
1.0.0,2026-08-05 03:00:14.222,,15.2,54,6,2040,2545.385472,37.093,20683.669504,1582.55104,593.78475008,83,5.252096,23.068672,220,0
1.0.0,2026-08-05 03:00:15.238,,16.0,55,10,2040,2545.385472,36.697,20681.261056,1580.965888,593.783001088,83,5.252096,23.068672,221,0
1.0.0,2026-08-05 03:00:16.258,,19.1,55,11,2040,2545.385472,36.862,20663.76704,1580.60544,593.782915072,83,5.252096,23.068672,222,0
1.0.0,2026-08-05 03:00:17.221,,14.8,55,11,2040,2545.385472,36.904,20703.608832,1583.480832,593.782226944,83,5.252096,23.068672,223,0
1.0.0,2026-08-05 03:00:18.225,,15.6,55,13,2040,2545.385472,37.294,20686.737408,1585.537024,593.782112256,83,5.252096,23.068672,223,0
1.0.0,2026-08-05 03:00:19.229,,15.3,55,17,2040,2545.385472,37.188,20669.669376,1586.76992,593.781989376,83,5.252096,23.068672,224,0
1.0.0,2026-08-05 03:00:20.225,,14.6,54,7,2040,2545.385472,36.818,20648.402944,1590.677504,593.781874688,83,5.252096,23.068672,225,0
1.0.0,2026-08-05 03:00:21.230,,10.8,54,3,2040,2545.385472,37.205,20646.260736,1581.355008,593.78178048,83,5.252096,23.068672,226,0
1.0.0,2026-08-05 03:00:22.222,,10.4,54,10,2040,2545.385472,36.984,20655.7184,1581.838336,593.781727232,83,5.252096,23.068672,227,0
1.0.0,2026-08-05 03:00:23.229,,14.9,54,11,2040,2545.385472,37.025,20633.51808,1581.694976,593.781592064,83,5.252096,23.068672,228,0
1.0.0,2026-08-05 03:00:24.220,,13.4,54,11,2040,2545.385472,36.995,20616.589312,1581.838336,593.78147328,83,5.252096,23.068672,229,0
1.0.0,2026-08-05 03:00:25.216,,14.4,54,10,2040,2545.385472,36.974,20644.724736,1586.76992,593.781354496,83,5.252096,23.068672,229,0
1.0.0,2026-08-05 03:00:26.224,,13.6,54,12,2040,2545.385472,36.51,20630.77376,1586.76992,593.781239808,83,5.252096,23.068672,230,0
1.0.0,2026-08-05 03:00:27.225,,12.8,54,3,2040,2545.385472,37.245,20591.80032,1581.838336,593.781202944,83,5.252096,23.068672,231,0
1.0.0,2026-08-05 03:00:28.233,,12.9,54,12,2040,2545.385472,37.17,20647.112704,1584.648192,593.781088256,83,5.252096,23.068672,232,0
1.0.0,2026-08-05 03:00:29.256,,15.8,54,12,2040,2545.385472,36.764,20637.085696,1586.356224,593.780969472,83,5.252096,23.068672,233,0
1.0.0,2026-08-05 03:00:30.260,,15.3,54,10,2040,2545.385472,36.795,20632.076288,1583.480832,593.780854784,83,5.252096,23.068672,234,0
1.0.0,2026-08-05 03:00:31.216,,15.3,54,10,2040,2545.385472,36.749,20620.263424,1580.531712,593.780736,83,5.252096,23.068672,235,0
1.0.0,2026-08-05 03:00:32.220,,11.8,54,10,2040,2545.385472,36.743,20629.958656,1580.60544,593.780580352,83,5.252096,23.068672,236,0
1.0.0,2026-08-05 03:00:33.228,,13.3,54,20,2040,2545.385472,36.845,20627.206144,1586.76992,593.764675584,83,5.252096,23.068672,236,0
1.0.0,2026-08-05 03:00:34.243,,15.6,54,3,2040,2545.385472,36.927,20627.398656,1590.669312,593.76447488,83,10.201088,23.068672,237,0
1.0.0,2026-08-05 03:00:35.223,,19.0,54,8,2040,2545.385472,37.068,20618.141696,1586.76992,593.763893248,83,5.252096,23.068672,238,0
1.0.0,2026-08-05 03:00:36.238,,14.7,54,4,2040,2545.385472,36.324,20615.835648,1581.838336,593.763729408,83,5.252096,23.068672,239,0
1.0.0,2026-08-05 03:00:37.220,,15.2,54,10,2040,2545.385472,37.045,20606.44352,1580.25728,593.766203392,83,5.252096,23.068672,240,0
1.0.0,2026-08-05 03:00:38.220,,13.0,54,10,2040,2545.385472,37.185,20601.655296,1580.60544,593.766191104,83,5.252096,23.068672,241,0
1.0.0,2026-08-05 03:00:39.216,,13.6,54,15,2040,2545.385472,37.055,20591.80032,1586.76992,593.766027264,83,5.252096,23.068672,241,0
1.0.0,2026-08-05 03:00:40.230,,14.2,54,7,2040,2545.385472,36.675,20619.952128,1590.665216,593.76590848,83,10.167296,23.068672,242,0
1.0.0,2026-08-05 03:00:41.220,,15.2,54,4,2040,2545.385472,37.267,20609.183744,1588.85888,593.765793792,83,5.252096,23.068672,243,0
1.0.0,2026-08-05 03:00:42.238,,14.9,54,3,2040,2545.385472,36.529,20592.504832,1588.20352,593.765675008,83,11.396096,23.068672,244,0
1.0.0,2026-08-05 03:00:43.274,,11.3,54,8,2040,2545.385472,36.559,20594.294784,1586.741248,593.764524032,83,5.252096,23.068672,245,0
1.0.0,2026-08-05 03:00:44.233,,11.5,54,12,2040,2545.385472,36.835,20606.984192,1585.160192,593.764421632,83,5.252096,23.068672,246,0
1.0.0,2026-08-05 03:00:45.225,,14.6,54,11,2040,2545.385472,36.678,20600.66816,1581.785088,593.764339712,83,5.252096,23.068672,247,0
1.0.0,2026-08-05 03:00:46.231,,13.7,54,11,2040,2545.385472,36.692,20594.020352,1587.490816,593.76422912,83,5.252096,23.068672,247,0
1.0.0,2026-08-05 03:00:47.224,,14.9,54,13,2040,2545.385472,36.541,20605.677568,1587.236864,593.764098048,83,5.252096,23.068672,248,0
1.0.0,2026-08-05 03:00:48.240,,13.9,54,3,2040,2545.385472,37.052,20574.732288,1587.396608,593.763995648,83,5.252096,23.068672,249,0
1.0.0,2026-08-05 03:00:49.232,,13.2,54,3,2040,2545.385472,36.868,20564.901888,1586.106368,593.763917824,83,5.252096,23.068672,250,0
1.0.0,2026-08-05 03:00:50.230,,13.2,54,13,2040,2545.385472,36.726,20553.920512,1584.66048,593.763762176,83,5.252096,23.068672,251,0
1.0.0,2026-08-05 03:00:51.215,,14.5,54,10,2040,2545.385472,36.892,20579.04128,1584.66048,593.763647488,83,5.252096,23.068672,252,0
1.0.0,2026-08-05 03:00:52.236,,13.4,54,11,2040,2545.385472,36.943,20576.641024,1581.785088,593.763536896,83,5.252096,23.068672,253,0
1.0.0,2026-08-05 03:00:53.232,,13.6,54,17,2040,2545.385472,36.656,20563.423232,1587.515392,593.763418112,83,5.252096,23.068672,253,0
1.0.0,2026-08-05 03:00:54.236,,12.4,54,11,2040,2545.385472,37.406,20559.437824,1587.6096,593.763356672,83,5.252096,23.068672,254,0
1.0.0,2026-08-05 03:00:55.236,,10.8,54,4,2040,2545.385472,36.495,20582.981632,1589.39136,593.763254272,83,5.252096,23.068672,255,0
1.0.0,2026-08-05 03:00:56.244,,13.0,54,3,2040,2545.385472,37.054,20569.632768,1590.841344,593.763135488,83,5.252096,23.068672,256,0
1.0.0,2026-08-05 03:00:57.282,,13.6,54,3,2040,2545.385472,36.96,20556.500992,1584.66048,593.763012608,83,5.252096,23.068672,257,0
1.0.0,2026-08-05 03:00:58.224,,13.8,54,12,2040,2545.385472,36.963,20569.931776,1582.542848,593.762893824,83,5.252096,23.068672,258,0
1.0.0,2026-08-05 03:00:59.215,,13.0,54,11,2040,2545.385472,36.627,20553.945088,1581.785088,593.762783232,83,5.252096,23.068672,259,0
1.0.0,2026-08-05 03:01:00.239,,11.3,54,15,2040,2545.385472,36.827,20572.61056,1589.592064,593.76277504,83,5.252096,23.068672,259,0
1.0.0,2026-08-05 03:01:01.236,,13.1,54,14,2040,2545.385472,37.15,20566.654976,1587.658752,593.762615296,83,5.252096,23.068672,260,0
1.0.0,2026-08-05 03:01:02.236,,13.0,54,4,2040,2545.385472,36.388,20571.992064,1589.59616,593.762553856,83,5.252096,23.068672,261,0
1.0.0,2026-08-05 03:01:03.225,,13.2,54,3,2040,2545.385472,37.007,20575.90784,1587.535872,593.762430976,83,5.252096,23.068672,262,0
1.0.0,2026-08-05 03:01:04.232,,13.9,54,6,2040,2545.385472,36.864,20557.602816,1584.668672,593.762316288,83,5.252096,23.068672,263,0
1.0.0,2026-08-05 03:01:05.220,,10.7,54,11,2040,2545.385472,36.86,20533.854208,1581.613056,593.762275328,83,5.252096,23.068672,264,0
1.0.0,2026-08-05 03:01:06.219,,13.3,54,11,2040,2545.385472,36.605,20569.260032,1589.71904,593.762156544,83,5.252096,23.068672,264,0
1.0.0,2026-08-05 03:01:07.224,,13.2,54,5,2040,2545.385472,36.935,20557.594624,1586.843648,593.761910784,83,5.252096,23.068672,265,0
1.0.0,2026-08-05 03:01:08.227,,15.0,54,19,2040,2545.385472,36.37,20553.977856,1587.634176,593.761792,83,5.252096,23.068672,266,0
1.0.0,2026-08-05 03:01:09.232,,14.0,54,11,2040,2545.385472,36.955,20542.81216,1587.826688,593.761673216,83,5.252096,23.068672,267,0
1.0.0,2026-08-05 03:01:10.240,,12.8,54,3,2040,2545.385472,36.48,20555.12064,1589.71904,593.761579008,83,5.252096,23.068672,268,0
1.0.0,2026-08-05 03:01:11.234,,10.4,54,3,2040,2545.385472,37.043,20542.27968,1584.787456,593.761017856,83,5.252096,23.068672,269,0
1.0.0,2026-08-05 03:01:12.232,,12.9,54,10,2040,2545.385472,36.965,20544.262144,1581.912064,593.760878592,83,5.252096,23.068672,270,0
1.0.0,2026-08-05 03:01:13.232,,14.9,54,10,2040,2545.385472,36.43,20556.73856,1582.260224,593.760763904,83,5.252096,23.068672,271,0
1.0.0,2026-08-05 03:01:14.240,,17.3,54,10,2040,2545.385472,36.293,20599.799808,1581.2608,593.765715968,83,5.252096,23.068672,272,0
1.0.0,2026-08-05 03:01:15.227,,15.0,54,20,2040,2545.385472,36.637,20579.401728,1586.843648,593.775173632,83,5.252096,23.068672,272,0
1.0.0,2026-08-05 03:01:16.219,,14.0,54,3,2040,2545.385472,36.751,20556.705792,1589.71904,593.77512448,83,5.252096,23.068672,273,0
1.0.0,2026-08-05 03:01:17.235,,11.5,54,3,2040,2545.385472,36.956,20581.634048,1587.298304,593.774481408,83,5.252096,23.068672,274,0
1.0.0,2026-08-05 03:01:18.223,,14.4,54,12,2040,2545.385472,36.932,20558.721024,1583.14496,593.77436672,83,5.252096,23.068672,275,0
1.0.0,2026-08-05 03:01:19.228,,15.3,54,11,2040,2545.385472,36.625,20557.991936,1582.854144,593.774252032,83,5.252096,23.068672,276,0
1.0.0,2026-08-05 03:01:20.219,,17.1,54,11,2040,2545.385472,36.736,20542.246912,1581.91616,593.774125056,83,5.252096,23.068672,277,0
1.0.0,2026-08-05 03:01:21.231,,17.4,54,11,2040,2622.332928,36.724,20629.635072,1588.08064,593.773453312,83,5.252096,23.068672,277,0
1.0.0,2026-08-05 03:01:22.227,,14.8,54,11,2040,2622.332928,36.999,20603.47392,1588.035584,593.773395968,83,5.252096,23.068672,278,0
1.0.0,2026-08-05 03:01:23.252,,13.8,54,19,2040,2624.954368,36.659,20610.985984,1588.08064,593.77324032,83,5.252096,23.068672,279,0
1.0.0,2026-08-05 03:01:24.220,,14.6,54,3,2040,2624.954368,36.311,20598.603776,1589.723136,593.773121536,83,5.252096,23.068672,280,0
1.0.0,2026-08-05 03:01:25.227,,14.3,54,6,2040,2624.954368,36.933,20610.727936,1583.149056,593.772998656,83,5.252096,23.068672,281,0
1.0.0,2026-08-05 03:01:26.226,,15.4,54,21,2040,2621.325312,37.152,20616.503296,1582.739456,593.772761088,83,5.252096,23.068672,282,0
1.0.0,2026-08-05 03:01:27.218,,15.0,54,21,2040,2545.17248,38.986,20599.9104,1581.91616,593.772711936,83,5.252096,23.068672,283,0
1.0.0,2026-08-05 03:01:28.231,,15.6,54,21,2040,2540.25728,39.055,20634.97216,1586.847744,593.772392448,83,5.252096,23.068672,283,0
1.0.0,2026-08-05 03:01:29.235,,15.0,54,21,2040,2537.111552,39.102,20634.775552,1587.85536,593.772253184,83,5.252096,23.068672,284,0
1.0.0,2026-08-05 03:01:30.215,,19.2,54,23,2040,2537.111552,38.707,20632.154112,1589.51424,593.772122112,83,5.252096,23.068672,285,0
1.0.0,2026-08-05 03:01:31.229,,19.0,54,13,2040,2550.284288,39.402,20621.533184,1584.463872,593.771900928,83,5.252096,23.068672,286,0
1.0.0,2026-08-05 03:01:32.225,,16.2,54,14,2040,2550.284288,39.106,20619.112448,1584.787456,593.776705536,83,5.252096,23.068672,287,0
1.0.0,2026-08-05 03:01:33.228,,12.0,54,12,2040,2550.284288,36.558,20632.82176,1584.795648,593.776570368,83,5.252096,23.068672,288,0
1.0.0,2026-08-05 03:01:34.215,,14.7,54,10,2040,2550.284288,36.932,20633.001984,1581.920256,593.776451584,83,5.252096,23.068672,289,0
1.0.0,2026-08-05 03:01:35.222,,14.9,54,11,2040,2550.284288,36.962,20595.912704,1583.079424,593.7763328,83,5.252096,23.068672,290,0
1.0.0,2026-08-05 03:01:36.247,,14.2,54,11,2040,2550.284288,36.954,20616.21248,1586.85184,593.776201728,83,5.252096,23.068672,290,0
1.0.0,2026-08-05 03:01:37.227,,14.9,54,20,2040,2550.284288,36.581,20594.429952,1589.727232,593.776140288,83,5.252096,23.068672,291,0
1.0.0,2026-08-05 03:01:38.222,,10.1,54,3,2040,2550.284288,36.817,20598.173696,1587.26144,593.77604608,83,5.252096,23.068672,292,0
1.0.0,2026-08-05 03:01:39.223,,12.5,54,5,2040,2550.284288,37.088,20581.588992,1587.286016,593.775972352,83,5.252096,23.068672,293,0
1.0.0,2026-08-05 03:01:40.229,,13.5,54,6,2040,2550.284288,36.902,20606.496768,1583.153152,593.775853568,83,5.252096,23.068672,294,0
1.0.0,2026-08-05 03:01:41.218,,12.9,54,3,2040,2550.284288,36.901,20598.96832,1583.161344,593.775742976,83,5.252096,23.068672,295,0
1.0.0,2026-08-05 03:01:42.222,,16.8,54,10,2040,2550.284288,36.51,20596.396032,1587.429376,593.77403904,83,5.252096,23.068672,295,0
1.0.0,2026-08-05 03:01:43.220,,15.2,54,18,2040,2550.284288,36.86,20595.437568,1588.977664,593.774010368,83,5.252096,23.068672,296,0
1.0.0,2026-08-05 03:01:44.243,,15.0,54,4,2040,2550.153216,36.574,20632.252416,1590.407168,593.773821952,83,5.252096,23.068672,297,0
1.0.0,2026-08-05 03:01:45.222,,15.4,54,6,2040,2550.153216,36.574,20630.016,1591.508992,593.773686784,83,5.252096,23.068672,298,0
1.0.0,2026-08-05 03:01:46.231,,16.9,54,4,2040,2550.153216,36.403,20606.234624,1586.577408,593.773514752,83,5.252096,23.068672,299,0
1.0.0,2026-08-05 03:01:47.222,,16.0,54,7,2040,2550.153216,37.096,20628.35712,1589.506048,593.77340416,83,5.252096,23.068672,300,0
1.0.0,2026-08-05 03:01:48.224,,11.6,54,13,2040,2550.153216,36.964,20589.666304,1586.262016,593.773277184,83,5.252096,23.068672,301,0
1.0.0,2026-08-05 03:01:49.247,,14.8,54,10,2040,2550.153216,36.914,20601.151488,1586.577408,593.773154304,83,5.252096,23.068672,302,0
1.0.0,2026-08-05 03:01:50.284,,14.3,54,11,2040,2550.153216,36.647,20605.546496,1593.151488,593.773019136,83,5.252096,23.068672,302,0
1.0.0,2026-08-05 03:01:51.239,,15.7,54,13,2040,2550.153216,36.399,20619.227136,1591.533568,593.772896256,83,5.252096,23.068672,303,0
1.0.0,2026-08-05 03:01:52.239,,14.6,54,4,2040,2550.153216,37.007,20621.672448,1591.468032,593.771143168,83,5.252096,23.068672,304,0
1.0.0,2026-08-05 03:01:53.243,,14.4,54,3,2040,2550.153216,36.942,20596.539392,1588.219904,593.771077632,83,5.252096,23.068672,305,0
1.0.0,2026-08-05 03:01:54.232,,15.0,54,8,2040,2550.153216,37.016,20595.204096,1588.219904,593.770979328,83,5.252096,23.068672,306,0
1.0.0,2026-08-05 03:01:55.235,,13.5,54,10,2040,2550.153216,36.655,20612.46464,1585.344512,593.77086464,83,5.252096,23.068672,307,0
1.0.0,2026-08-05 03:01:56.239,,18.4,54,10,2040,2550.153216,36.652,20623.982592,1594.404864,593.770708992,83,5.252096,23.068672,307,0
1.0.0,2026-08-05 03:01:57.234,,15.5,54,14,2040,2550.153216,36.568,20575.92832,1591.533568,593.770553344,83,5.252096,23.068672,308,0
1.0.0,2026-08-05 03:01:58.247,,15.6,54,12,2040,2550.153216,37.373,20594.290688,1592.766464,593.770467328,83,5.252096,23.068672,309,0
1.0.0,2026-08-05 03:01:59.248,,12.1,54,3,2040,2550.153216,36.339,20573.646848,1594.40896,593.770418176,83,5.252096,23.068672,310,0
1.0.0,2026-08-05 03:02:00.239,,16.9,54,4,2040,2550.153216,36.65,20598.665216,1594.40896,593.769607168,83,5.252096,23.068672,311,0
1.0.0,2026-08-05 03:02:01.232,,18.9,54,3,2040,2550.153216,36.565,20569.939968,1586.601984,593.76949248,83,5.252096,23.068672,312,0
1.0.0,2026-08-05 03:02:02.235,,14.9,54,12,2040,2550.153216,37.111,20569.133056,1585.647616,593.769373696,83,5.252096,23.068672,313,0
1.0.0,2026-08-05 03:02:03.255,,15.4,54,10,2040,2550.153216,36.9,20568.190976,1586.577408,593.769160704,83,5.252096,23.068672,314,0
1.0.0,2026-08-05 03:02:04.251,,11.3,54,13,2040,2550.153216,36.899,20549.373952,1591.508992,593.769152512,83,5.252096,23.068672,314,0
1.0.0,2026-08-05 03:02:05.238,,15.2,54,16,2040,2550.153216,36.917,20551.585792,1592.029184,593.768996864,83,5.252096,23.068672,315,0
1.0.0,2026-08-05 03:02:06.238,,14.6,54,6,2040,2550.153216,36.424,20574.244864,1592.766464,593.7687552,83,5.252096,23.068672,316,0
1.0.0,2026-08-05 03:02:07.244,,15.2,54,4,2040,2550.153216,37.062,20577.406976,1596.17024,593.768636416,83,5.252096,23.068672,317,0
1.0.0,2026-08-05 03:02:08.233,,13.6,54,5,2040,2550.153216,36.747,20563.648512,1589.035008,593.768517632,83,5.252096,23.068672,318,0
1.0.0,2026-08-05 03:02:09.234,,11.7,54,10,2040,2550.153216,36.71,20553.633792,1584.996352,593.768517632,83,5.252096,23.068672,319,0
1.0.0,2026-08-05 03:02:10.246,,14.2,54,17,2040,2550.153216,36.564,20565.315584,1591.250944,593.768448,83,5.252096,23.068672,319,0
1.0.0,2026-08-05 03:02:11.246,,13.4,54,3,2040,2550.153216,37.155,20571.529216,1592.766464,593.76836608,83,5.252096,23.068672,320,0
1.0.0,2026-08-05 03:02:12.251,,15.5,54,19,2040,2550.153216,36.258,20565.573632,1591.533568,593.768247296,83,5.252096,23.068672,321,0
1.0.0,2026-08-05 03:02:13.247,,13.9,54,13,2040,2550.153216,36.951,20578.320384,1591.533568,593.768132608,83,5.252096,23.068672,322,0
1.0.0,2026-08-05 03:02:14.242,,16.6,54,5,2040,2550.153216,36.246,20569.796608,1592.766464,593.76801792,83,5.252096,23.068672,323,0
1.0.0,2026-08-05 03:02:15.249,,10.9,54,3,2040,2550.153216,36.999,20544.974848,1585.631232,593.767899136,83,5.252096,23.068672,324,0
1.0.0,2026-08-05 03:02:16.271,,10.9,54,12,2040,2550.153216,36.94,20550.053888,1587.638272,593.766825984,83,5.252096,23.068672,325,0
1.0.0,2026-08-05 03:02:17.250,,14.3,54,11,2040,2550.218752,36.674,20569.890816,1590.276096,593.766690816,83,5.252096,23.068672,325,0
1.0.0,2026-08-05 03:02:18.246,,13.4,54,11,2040,2550.153216,36.502,20564.668416,1591.291904,593.766580224,83,5.252096,23.068672,326,0
1.0.0,2026-08-05 03:02:19.238,,13.9,54,19,2040,2550.153216,36.188,20554.235904,1591.533568,593.766465536,83,5.252096,23.068672,327,0
1.0.0,2026-08-05 03:02:20.242,,13.6,53,7,2040,2550.284288,36.654,20544.8192,1592.205312,593.766346752,83,5.252096,23.068672,328,0
1.0.0,2026-08-05 03:02:21.252,,11.4,53,3,2040,2550.284288,36.902,20546.531328,1589.477376,593.766260736,83,5.252096,23.068672,329,0
1.0.0,2026-08-05 03:02:22.238,,13.5,54,12,2040,2550.284288,37.044,20570.43968,1585.344512,593.7661952,83,5.252096,23.068672,330,0
1.0.0,2026-08-05 03:02:23.253,,14.3,54,10,2040,2550.284288,36.704,20563.861504,1591.533568,593.766076416,83,5.252096,23.068672,330,0
1.0.0,2026-08-05 03:02:24.238,,14.8,54,11,2040,2550.284288,36.916,20549.20192,1586.597888,593.765957632,83,5.252096,23.068672,332,0
1.0.0,2026-08-05 03:02:25.242,,13.9,54,10,2040,2550.349824,36.59,20577.071104,1592.766464,593.765842944,83,5.252096,23.068672,332,0
1.0.0,2026-08-05 03:02:26.242,,13.4,54,10,2040,2550.349824,36.961,20559.089664,1592.655872,593.765728256,83,5.252096,23.068672,333,0
1.0.0,2026-08-05 03:02:27.246,,11.1,54,20,2040,2542.157824,36.69,20563.734528,1592.766464,593.765490688,83,5.252096,23.068672,334,0
1.0.0,2026-08-05 03:02:28.245,,13.6,54,4,2040,2542.157824,36.285,20559.50336,1597.865984,593.765371904,83,5.252096,23.068672,335,0
1.0.0,2026-08-05 03:02:29.249,,14.5,54,3,2040,2542.157824,36.819,20577.460224,1587.83488,593.765257216,83,5.252096,23.068672,336,0
1.0.0,2026-08-05 03:02:30.237,,14.9,54,11,2040,2542.157824,36.558,20567.625728,1586.577408,593.765146624,83,5.252096,23.068672,337,0
1.0.0,2026-08-05 03:02:31.238,,14.2,54,10,2040,2542.157824,36.672,20547.54304,1585.344512,593.765031936,83,5.252096,23.068672,338,0
1.0.0,2026-08-05 03:02:32.246,,11.9,54,10,2040,2542.157824,36.78,20550.987776,1591.508992,593.764929536,83,5.252096,23.068672,338,0
1.0.0,2026-08-05 03:02:33.250,,13.5,54,11,2040,2542.157824,36.807,20566.679552,1591.533568,593.764954112,83,5.252096,23.068672,339,0
1.0.0,2026-08-05 03:02:34.243,,16.0,53,12,2040,2542.157824,36.039,20573.855744,1593.565184,593.764798464,83,5.252096,23.068672,340,0
1.0.0,2026-08-05 03:02:35.238,,14.7,53,3,2040,2542.157824,36.85,20552.515584,1585.958912,593.764728832,83,5.252096,23.068672,341,0
1.0.0,2026-08-05 03:02:36.249,,13.8,53,11,2040,2542.157824,36.792,20565.778432,1588.043776,593.764614144,83,5.252096,23.068672,342,0
1.0.0,2026-08-05 03:02:37.232,,13.7,53,10,2040,2542.157824,36.354,20553.6256,1586.601984,593.76449536,83,5.252096,23.068672,343,0
1.0.0,2026-08-05 03:02:38.234,,13.6,53,10,2040,2542.157824,36.391,20559.347712,1586.601984,593.764438016,83,5.252096,23.068672,344,0
1.0.0,2026-08-05 03:02:39.238,,12.9,53,10,2040,2542.157824,36.715,20548.878336,1586.74944,593.764347904,83,5.252096,23.068672,345,0
1.0.0,2026-08-05 03:02:40.246,,14.3,53,10,2040,2542.157824,36.717,20579.360768,1591.750656,593.764237312,83,5.252096,23.068672,345,0
1.0.0,2026-08-05 03:02:41.238,,14.0,53,14,2040,2542.157824,36.255,20569.391104,1591.533568,593.763725312,83,5.252096,23.068672,346,0
1.0.0,2026-08-05 03:02:42.243,,13.7,53,3,2040,2542.157824,36.941,20552.491008,1587.482624,593.763606528,83,10.248192,23.068672,347,0
1.0.0,2026-08-05 03:02:43.270,,10.1,53,5,2040,2542.157824,36.142,20547.207168,1587.675136,593.763495936,83,5.252096,23.068672,348,0
1.0.0,2026-08-05 03:02:44.261,,13.0,53,12,2040,2542.157824,36.205,20573.474816,1584.685056,593.763479552,83,5.252096,23.068672,349,0
1.0.0,2026-08-05 03:02:45.233,,13.2,53,9,2040,2542.157824,36.361,20572.647424,1587.89632,593.763328,83,5.252096,23.068672,350,0
1.0.0,2026-08-05 03:02:46.247,,14.5,53,11,2040,2542.157824,36.275,20553.076736,1586.999296,593.763213312,83,5.252096,23.068672,351,0
1.0.0,2026-08-05 03:02:47.237,,13.6,53,14,2040,2542.157824,36.229,20576.223232,1589.911552,593.763094528,83,5.252096,23.068672,351,0
1.0.0,2026-08-05 03:02:48.242,,12.6,53,10,2040,2542.157824,35.76,20551.397376,1589.911552,593.762967552,83,5.252096,23.068672,351,0
1.0.0,2026-08-05 03:02:49.239,,12.6,53,4,2040,2542.157824,35.642,20547.555328,1589.911552,593.762910208,83,5.252096,23.068672,351,0
# === SESSION END   2026-08-05 03:02:49 ===
# === SESSION START 2026-08-05 03:06:20 ===
1.0.0,2026-08-05 03:06:29.677,,0.0,53,0,2040,2536.062976,34.399,20492.02176,1506.717696,593.767620608,47,5.251584,23.068672,1,0
1.0.0,2026-08-05 03:06:31.464,,0.0,53,0,2040,2536.062976,35.286,20549.332992,1556.926464,593.766612992,79,5.251584,23.068672,1,0
1.0.0,2026-08-05 03:06:31.956,,12.5,53,0,2040,2536.062976,35.24,20521.295872,1522.946048,593.766477824,83,5.251584,23.068672,1,0
1.0.0,2026-08-05 03:06:32.972,,13.0,53,11,2040,2536.062976,35.0,20518.76864,1523.003392,593.766363136,83,5.251584,23.068672,1,0
1.0.0,2026-08-05 03:06:33.972,,12.1,53,3,2040,2536.062976,35.307,20511.379456,1523.95776,593.76623616,83,5.251584,23.068672,1,0
1.0.0,2026-08-05 03:06:34.970,,9.1,53,3,2040,2536.062976,34.898,20512.559104,1523.064832,593.766191104,83,5.251584,23.068672,1,0
1.0.0,2026-08-05 03:06:35.966,,10.4,53,3,2040,2536.062976,34.888,20504.674304,1523.081216,593.766076416,83,5.251584,23.068672,1,0
1.0.0,2026-08-05 03:06:36.965,,13.5,53,3,2040,2536.062976,34.896,20509.024256,1523.081216,593.765965824,83,5.251584,23.068672,1,0
1.0.0,2026-08-05 03:06:37.964,,13.2,53,4,2040,2536.062976,34.879,20466.87232,1523.101696,593.765834752,83,5.251584,23.068672,1,0
1.0.0,2026-08-05 03:06:38.962,,12.5,53,3,2040,2536.062976,34.884,20485.128192,1522.855936,593.765699584,83,5.251584,23.068672,1,0
1.0.0,2026-08-05 03:06:39.964,,10.3,53,4,2040,2536.062976,34.889,20472.090624,1524.228096,593.765613568,83,5.251584,23.068672,1,0
1.0.0,2026-08-05 03:06:40.963,,9.2,53,4,2040,2536.062976,34.873,20463.65696,1522.91328,593.765556224,83,5.251584,23.068672,1,0
1.0.0,2026-08-05 03:06:41.963,,10.8,53,3,2040,2536.062976,34.911,20455.235584,1523.961856,593.765433344,83,5.251584,23.068672,1,0
1.0.0,2026-08-05 03:06:42.960,,12.8,53,3,2040,2536.062976,34.893,20473.01632,1524.424704,593.765306368,83,5.251584,23.068672,1,0
1.0.0,2026-08-05 03:06:43.971,,12.4,53,3,2040,2536.062976,34.889,20468.011008,1523.195904,593.765306368,83,5.251584,23.068672,1,0
1.0.0,2026-08-05 03:06:44.960,,12.5,53,3,2040,2536.062976,34.889,20456.554496,1523.224576,593.765187584,83,5.251584,23.068672,1,0
1.0.0,2026-08-05 03:06:45.957,,9.3,53,4,2040,2536.062976,34.865,20448.641024,1523.040256,593.765064704,83,5.251584,23.068672,1,0
1.0.0,2026-08-05 03:06:46.970,,8.4,53,3,2040,2536.062976,34.85,20474.433536,1524.056064,593.765040128,83,5.251584,23.068672,1,0
1.0.0,2026-08-05 03:06:47.966,,11.1,53,3,2040,2536.062976,34.882,20470.816768,1523.355648,593.764900864,83,5.251584,23.068672,1,0
1.0.0,2026-08-05 03:06:48.963,,10.7,53,3,2040,2536.062976,34.869,20464.418816,1523.359744,593.76478208,83,5.251584,23.068672,1,0
1.0.0,2026-08-05 03:06:49.972,,11.2,53,4,2040,2536.062976,34.87,20479.012864,1523.26144,593.764651008,83,5.251584,23.068672,1,0
1.0.0,2026-08-05 03:06:50.960,,0.0,53,4,2040,2535.931904,35.581,20481.429504,1558.110208,593.76451584,83,5.252096,23.068672,2,0
1.0.0,2026-08-05 03:06:51.976,,9.2,53,15,2040,2535.931904,35.577,20497.932288,1560.764416,593.76447488,83,5.252096,23.068672,2,0
1.0.0,2026-08-05 03:06:52.955,,0.0,53,4,2040,2535.931904,36.885,20485.558272,1558.380544,593.764360192,83,5.252096,23.068672,4,0
1.0.0,2026-08-05 03:06:53.964,,12.8,53,19,2040,2535.931904,35.871,20508.950528,1565.24544,593.7642496,83,5.252096,23.068672,4,0
1.0.0,2026-08-05 03:06:54.997,,12.6,53,9,2040,2535.931904,36.852,20514.304,1566.55616,593.764130816,83,5.252096,23.068672,5,0
1.0.0,2026-08-05 03:06:55.968,,0.0,53,3,2040,2535.931904,35.823,20499.849216,1565.331456,593.764012032,83,5.252096,23.068672,6,0
1.0.0,2026-08-05 03:06:56.975,,11.4,53,3,2040,2535.931904,36.344,20493.312,1565.92128,593.763909632,83,5.252096,23.068672,7,0
1.0.0,2026-08-05 03:06:57.970,,11.6,53,11,2040,2535.931904,36.759,20513.980416,1563.01312,593.76390144,83,5.252096,23.068672,8,0
1.0.0,2026-08-05 03:06:58.958,,11.6,53,10,2040,2534.883328,36.576,20511.064064,1562.120192,593.763733504,83,5.252096,23.068672,9,0
1.0.0,2026-08-05 03:06:59.964,,13.7,53,11,2040,2534.883328,36.727,20503.691264,1563.357184,593.76361472,83,5.252096,23.068672,10,0
1.0.0,2026-08-05 03:07:00.951,,12.9,53,19,2040,2534.883328,36.621,20494.7456,1567.956992,593.76349184,83,5.252096,23.068672,10,0
1.0.0,2026-08-05 03:07:01.955,,10.7,53,3,2040,2534.883328,36.507,20504.301568,1567.125504,593.763373056,83,5.252096,23.068672,11,0
1.0.0,2026-08-05 03:07:02.953,,11.7,53,3,2040,2534.883328,36.709,20500.860928,1568.03072,593.763332096,83,5.252096,23.068672,12,0
1.0.0,2026-08-05 03:07:03.955,,12.5,53,8,2040,2534.883328,36.776,20488.261632,1562.079232,593.763086336,83,5.252096,23.068672,13,0
1.0.0,2026-08-05 03:07:04.966,,14.0,53,10,2040,2534.883328,36.429,20500.00896,1562.27584,593.762963456,83,5.252096,23.068672,14,0
1.0.0,2026-08-05 03:07:05.955,,0.0,53,11,2040,2534.883328,36.586,20504.825856,1562.333184,593.762844672,83,5.252096,23.068672,15,0
1.0.0,2026-08-05 03:07:06.972,,13.2,53,11,2040,2534.883328,36.295,20493.66016,1562.349568,593.762721792,83,5.252096,23.068672,16,0
1.0.0,2026-08-05 03:07:07.972,,9.4,53,11,2040,2534.883328,36.692,20457.53344,1562.353664,593.762635776,83,5.252096,23.068672,17,0
1.0.0,2026-08-05 03:07:08.988,,9.9,53,19,2040,2534.883328,36.299,20517.261312,1567.305728,593.762582528,83,5.252096,23.068672,17,0
1.0.0,2026-08-05 03:07:09.980,,13.4,53,3,2040,2534.883328,36.44,20512.677888,1567.31392,593.762439168,83,5.252096,23.068672,18,0
1.0.0,2026-08-05 03:07:10.970,,12.0,53,3,2040,2534.883328,36.744,20505.055232,1563.619328,593.762320384,83,10.513408,23.068672,19,0
1.0.0,2026-08-05 03:07:11.978,,12.5,53,10,2040,2534.883328,36.623,20489.428992,1562.39872,593.7622016,83,5.252096,23.068672,20,0
1.0.0,2026-08-05 03:07:12.972,,11.8,53,10,2040,2534.883328,36.613,20493.873152,1562.447872,593.762082816,83,5.252096,23.068672,21,0
1.0.0,2026-08-05 03:07:13.972,,11.9,53,10,2040,2534.883328,36.679,20508.422144,1562.48064,593.762050048,83,5.252096,23.068672,22,0
1.0.0,2026-08-05 03:07:14.988,,11.8,53,12,2040,2534.883328,36.602,20515.442688,1568.653312,593.761918976,83,5.252096,23.068672,22,0
1.0.0,2026-08-05 03:07:15.976,,13.8,53,11,2040,2534.883328,36.081,20494.778368,1569.23904,593.761792,83,5.252096,23.068672,23,0
1.0.0,2026-08-05 03:07:16.985,,12.1,53,4,2040,2534.883328,36.764,20506.857472,1564.319744,593.761673216,83,5.252096,23.068672,24,0
1.0.0,2026-08-05 03:07:17.989,,12.7,53,8,2040,2534.883328,36.414,20503.53152,1570.373632,593.761554432,83,10.24512,23.068672,25,0
1.0.0,2026-08-05 03:07:18.972,,9.3,53,11,2040,2534.883328,36.333,20447.363072,1564.319744,593.761472512,83,5.252096,23.068672,26,0
1.0.0,2026-08-05 03:07:19.978,,10.4,53,10,2040,2534.883328,36.572,20500.979712,1564.32384,593.761447936,83,5.252096,23.068672,27,0
1.0.0,2026-08-05 03:07:20.963,,15.0,53,11,2040,2534.883328,36.771,20493.991936,1564.32384,593.761325056,83,5.252096,23.068672,28,0
1.0.0,2026-08-05 03:07:21.967,,12.5,53,12,2040,2534.883328,36.648,20490.797056,1564.332032,593.761202176,83,5.252096,23.068672,29,0
1.0.0,2026-08-05 03:07:22.984,,13.0,53,19,2040,2534.883328,36.358,20495.024128,1569.284096,593.761087488,83,5.252096,23.068672,29,0
1.0.0,2026-08-05 03:07:24.017,,13.9,53,4,2040,2534.883328,36.803,20484.276224,1570.541568,593.7609728,83,5.252096,23.068672,30,0
1.0.0,2026-08-05 03:07:24.972,,12.4,53,4,2040,2534.883328,36.831,20488.62208,1570.553856,593.760935936,83,10.167296,23.068672,31,0
1.0.0,2026-08-05 03:07:25.975,,13.5,53,5,2040,2534.883328,36.47,20489.03168,1564.389376,593.760817152,83,5.252096,23.068672,32,0
1.0.0,2026-08-05 03:07:26.981,,13.5,53,3,2040,2534.883328,36.318,20474.482688,1565.609984,593.760702464,83,5.252096,23.068672,33,0
1.0.0,2026-08-05 03:07:27.967,,14.2,53,11,2040,2534.883328,36.12,20494.036992,1565.605888,593.760571392,83,5.252096,23.068672,34,0
1.0.0,2026-08-05 03:07:28.980,,14.3,53,16,2040,2534.883328,36.549,20490.788864,1570.541568,593.760448512,83,5.252096,23.068672,34,0
1.0.0,2026-08-05 03:07:30.000,,12.8,53,4,2040,2534.883328,36.447,20443.475968,1571.733504,593.760374784,83,10.201088,23.068672,35,0
1.0.0,2026-08-05 03:07:30.979,,12.7,53,10,2040,2534.883328,36.911,20468.973568,1570.541568,593.760301056,83,5.252096,23.068672,36,0
1.0.0,2026-08-05 03:07:31.977,,15.1,53,3,2040,2534.883328,36.301,20483.592192,1575.923712,593.760034816,83,5.252096,23.068672,37,0
1.0.0,2026-08-05 03:07:32.963,,13.8,53,12,2040,2534.883328,36.721,20482.92864,1572.990976,593.759916032,83,5.252096,23.068672,38,0
1.0.0,2026-08-05 03:07:33.970,,13.6,53,12,2040,2534.883328,36.751,20471.27552,1565.61408,593.759797248,83,5.252096,23.068672,39,0
1.0.0,2026-08-05 03:07:34.983,,11.7,53,11,2040,2534.883328,36.704,20476.297216,1566.031872,593.759678464,83,5.252096,23.068672,40,0
1.0.0,2026-08-05 03:07:35.984,,10.2,53,10,2040,2534.883328,36.61,20475.02336,1566.031872,593.759649792,83,5.252096,23.068672,41,0
1.0.0,2026-08-05 03:07:36.967,,11.7,53,12,2040,2534.883328,36.148,20481.634304,1570.963456,593.759522816,83,5.252096,23.068672,41,0
1.0.0,2026-08-05 03:07:37.988,,12.7,53,4,2040,2534.883328,36.886,20473.71264,1570.963456,593.759412224,83,5.252096,23.068672,42,0
1.0.0,2026-08-05 03:07:38.982,,12.4,53,3,2040,2534.883328,36.705,20502.716416,1575.40352,593.75929344,83,6.480896,23.068672,43,0
1.0.0,2026-08-05 03:07:39.968,,12.5,53,8,2040,2534.883328,36.801,20492.156928,1572.057088,593.759158272,83,5.252096,23.068672,44,0
1.0.0,2026-08-05 03:07:40.975,,8.8,53,10,2040,2534.883328,36.55,20445.92128,1566.973952,593.759084544,83,5.252096,23.068672,45,0
1.0.0,2026-08-05 03:07:41.971,,11.2,53,10,2040,2534.883328,36.66,20466.745344,1566.973952,593.759002624,83,5.252096,23.068672,46,0
1.0.0,2026-08-05 03:07:42.971,,12.7,53,11,2040,2534.883328,36.038,20494.62272,1571.917824,593.758892032,83,5.252096,23.068672,46,0
1.0.0,2026-08-05 03:07:43.982,,12.9,54,10,2040,2534.883328,37.078,20495.720448,1571.917824,593.758777344,83,5.252096,23.068672,47,0
1.0.0,2026-08-05 03:07:44.979,,13.1,53,3,2040,2534.883328,36.079,20485.812224,1571.92192,593.75865856,83,5.252096,23.068672,48,0
1.0.0,2026-08-05 03:07:45.975,,12.5,53,3,2040,2534.883328,36.659,20471.136256,1571.926016,593.758543872,83,5.252096,23.068672,49,0
1.0.0,2026-08-05 03:07:46.971,,10.4,53,4,2040,2534.883328,36.642,20484.95616,1577.562112,593.758507008,83,5.252096,23.068672,50,0
1.0.0,2026-08-05 03:07:47.978,,11.5,53,12,2040,2534.883328,36.459,20489.19552,1566.998528,593.758388224,83,5.252096,23.068672,51,0
1.0.0,2026-08-05 03:07:48.966,,12.7,53,11,2040,2534.883328,36.635,20473.401344,1566.998528,593.75826944,83,5.252096,23.068672,52,0
1.0.0,2026-08-05 03:07:49.966,,11.9,54,17,2040,2534.883328,36.672,20484.694016,1571.930112,593.758142464,83,5.252096,23.068672,52,0
1.0.0,2026-08-05 03:07:50.983,,12.5,54,14,2040,2534.883328,36.918,20484.190208,1571.930112,593.758027776,83,5.252096,23.068672,53,0
1.0.0,2026-08-05 03:07:52.012,,11.5,53,3,2040,2534.883328,36.654,20467.093504,1574.395904,593.757945856,83,5.252096,23.068672,54,0
1.0.0,2026-08-05 03:07:52.975,,12.2,53,3,2040,2534.883328,36.802,20468.297728,1571.930112,593.757851648,83,5.252096,23.068672,55,0
1.0.0,2026-08-05 03:07:53.989,,13.5,54,8,2040,2534.883328,36.726,20486.189056,1566.998528,593.757728768,83,5.252096,23.068672,56,0
1.0.0,2026-08-05 03:07:54.975,,13.3,54,7,2040,2534.883328,36.636,20485.349376,1566.998528,593.76816128,83,5.252096,23.068672,57,0
1.0.0,2026-08-05 03:07:55.979,,11.9,54,18,2040,2534.883328,35.947,20481.400832,1571.930112,593.768030208,83,5.252096,23.068672,57,0
1.0.0,2026-08-05 03:07:56.983,,12.3,54,5,2040,2534.883328,37.355,20468.436992,1571.729408,593.767903232,83,5.252096,23.068672,58,0
1.0.0,2026-08-05 03:07:57.978,,10.7,54,19,2040,2534.883328,36.197,20484.096,1571.954688,593.767878656,83,5.252096,23.068672,59,0
1.0.0,2026-08-05 03:07:58.966,,11.5,54,10,2040,2534.883328,36.816,20492.148736,1571.954688,593.767739392,83,5.252096,23.068672,60,0
1.0.0,2026-08-05 03:07:59.974,,14.1,54,3,2040,2534.883328,36.697,20019.924992,1571.954688,593.767620608,83,5.252096,23.068672,61,0
1.0.0,2026-08-05 03:08:00.972,,14.6,54,3,2040,2534.883328,36.888,19995.492352,1571.954688,593.767501824,83,10.167808,23.068672,62,0
1.0.0,2026-08-05 03:08:01.978,,16.1,54,11,2040,2534.883328,36.811,20008.804352,1568.256,593.767247872,83,5.252096,23.068672,63,0
1.0.0,2026-08-05 03:08:02.962,,11.9,54,10,2040,2534.883328,36.499,19954.60608,1567.035392,593.76717824,83,5.252096,23.068672,64,0
1.0.0,2026-08-05 03:08:03.971,,13.0,54,10,2040,2534.883328,36.8,19988.062208,1567.977472,593.767088128,83,5.252096,23.068672,65,0
1.0.0,2026-08-05 03:08:04.978,,11.9,54,20,2040,2534.883328,36.658,20010.315776,1572.909056,593.766969344,83,5.252096,23.068672,65,0
1.0.0,2026-08-05 03:08:06.012,,12.5,54,4,2040,2534.883328,36.755,20013.48608,1572.909056,593.766854656,83,5.252096,23.068672,66,0
1.0.0,2026-08-05 03:08:06.975,,13.2,54,3,2040,2534.883328,36.791,20013.842432,1575.378944,593.76672768,83,10.167808,23.068672,67,0
1.0.0,2026-08-05 03:08:07.978,,11.1,54,12,2040,2534.883328,36.849,19989.839872,1567.981568,593.766612992,83,5.252096,23.068672,68,0
1.0.0,2026-08-05 03:08:08.995,,12.8,54,10,2040,2534.883328,36.792,20006.100992,1570.44736,593.766596608,83,5.252096,23.068672,69,0
1.0.0,2026-08-05 03:08:09.966,,12.3,54,10,2040,2534.883328,36.741,20008.497152,1567.981568,593.766252544,83,5.252096,23.068672,70,0
1.0.0,2026-08-05 03:08:10.981,,12.4,54,10,2040,2534.883328,36.375,20009.336832,1567.981568,593.766137856,83,5.252096,23.068672,71,0
1.0.0,2026-08-05 03:08:11.970,,12.5,54,10,2040,2534.883328,36.489,19990.474752,1572.913152,593.766019072,83,5.252096,23.068672,71,0
1.0.0,2026-08-05 03:08:12.978,,13.5,54,18,2040,2534.883328,35.906,20015.18592,1572.917248,593.765896192,83,5.252096,23.068672,72,0
1.0.0,2026-08-05 03:08:13.970,,9.9,54,4,2040,2534.883328,36.814,19989.925888,1572.917248,593.76576512,83,5.252096,23.068672,73,0
1.0.0,2026-08-05 03:08:14.979,,10.5,54,6,2040,2534.883328,36.881,19986.591744,1567.985664,593.765670912,83,5.252096,23.068672,74,0
1.0.0,2026-08-05 03:08:15.977,,15.1,54,10,2040,2534.883328,36.766,19979.452416,1567.98976,593.765588992,83,5.252096,23.068672,75,0
1.0.0,2026-08-05 03:08:16.970,,12.3,54,11,2040,2534.883328,36.494,20001.66912,1567.98976,593.765482496,83,5.252096,23.068672,76,0
1.0.0,2026-08-05 03:08:17.970,,12.4,54,10,2040,2534.883328,36.518,19999.72352,1567.973376,593.765343232,83,5.252096,23.068672,77,0
1.0.0,2026-08-05 03:08:18.982,,12.7,54,18,2040,2534.883328,36.781,19989.004288,1572.921344,593.765228544,83,5.252096,23.068672,77,0
1.0.0,2026-08-05 03:08:20.015,,9.7,54,5,2040,2534.883328,36.449,19983.347712,1572.92544,593.76521216,83,5.252096,23.068672,78,0
1.0.0,2026-08-05 03:08:20.978,,12.3,54,3,2040,2534.883328,36.977,20004.08576,1567.993856,593.765076992,83,5.252096,23.068672,79,0
1.0.0,2026-08-05 03:08:21.980,,12.3,54,10,2040,2534.883328,36.667,20008.370176,1569.226752,593.764958208,83,10.167296,23.068672,80,0
1.0.0,2026-08-05 03:08:22.976,,12.5,54,11,2040,2534.883328,36.527,19994.996736,1568.29696,593.764847616,83,5.252096,23.068672,81,0
1.0.0,2026-08-05 03:08:23.983,,12.5,54,10,2040,2534.883328,36.556,20017.819648,1567.977472,593.764728832,83,5.252096,23.068672,82,0
1.0.0,2026-08-05 03:08:24.974,,9.0,54,10,2040,2534.883328,36.835,19997.089792,1567.977472,593.764651008,83,5.252096,23.068672,83,0
1.0.0,2026-08-05 03:08:25.974,,9.0,54,10,2040,2534.883328,36.165,20009.795584,1572.909056,593.764581376,83,5.252096,23.068672,83,0
1.0.0,2026-08-05 03:08:26.982,,12.9,54,5,2040,2534.883328,36.28,20008.833024,1574.162432,593.764458496,83,5.252096,23.068672,84,0
1.0.0,2026-08-05 03:08:27.971,,12.6,54,3,2040,2534.883328,36.265,20023.558144,1576.136704,593.76433152,83,10.167808,23.068672,85,0
1.0.0,2026-08-05 03:08:28.989,,13.3,54,13,2040,2534.883328,36.769,20019.245056,1576.1408,593.76420864,83,5.252096,23.068672,86,0
1.0.0,2026-08-05 03:08:29.972,,11.9,54,12,2040,2534.883328,36.813,20000.022528,1568.497664,593.764098048,83,5.252096,23.068672,87,0
1.0.0,2026-08-05 03:08:30.986,,11.4,54,10,2040,2534.883328,36.568,19990.573056,1569.038336,593.764077568,83,5.252096,23.068672,88,0
1.0.0,2026-08-05 03:08:31.961,,9.8,54,11,2040,2534.883328,36.461,20006.752256,1570.148352,593.763930112,83,5.252096,23.068672,89,0
1.0.0,2026-08-05 03:08:32.973,,12.5,54,18,2040,2534.883328,36.365,20009.488384,1573.638144,593.763811328,83,5.252096,23.068672,89,0
1.0.0,2026-08-05 03:08:34.000,,11.7,54,4,2040,2534.883328,36.954,20035.403776,1573.224448,593.76361472,83,5.252096,23.068672,90,0
1.0.0,2026-08-05 03:08:34.982,,12.2,54,5,2040,2534.883328,36.869,20054.843392,1573.64224,593.763483648,83,5.252096,23.068672,91,0
1.0.0,2026-08-05 03:08:35.973,,9.2,54,3,2040,2534.883328,36.459,20031.909888,1575.092224,593.7634304,83,5.252096,23.068672,92,0
1.0.0,2026-08-05 03:08:36.975,,9.8,54,10,2040,2534.883328,36.621,20043.677696,1572.704256,593.763328,83,5.252096,23.068672,93,0
1.0.0,2026-08-05 03:08:37.984,,14.5,54,10,2040,2534.883328,36.759,20040.884224,1568.714752,593.763139584,83,5.252096,23.068672,94,0
1.0.0,2026-08-05 03:08:38.970,,13.0,54,11,2040,2534.883328,36.577,20047.753216,1568.714752,593.762942976,83,5.252096,23.068672,95,0
1.0.0,2026-08-05 03:08:39.969,,13.1,54,14,2040,2534.883328,36.648,20052.385792,1573.646336,593.762770944,83,5.252096,23.068672,95,0
1.0.0,2026-08-05 03:08:40.977,,12.6,54,4,2040,2534.883328,36.203,20036.4032,1574.879232,593.762660352,83,5.252096,23.068672,96,0
1.0.0,2026-08-05 03:08:41.977,,12.2,54,3,2040,2534.883328,36.808,20017.52064,1574.879232,593.76265216,83,5.252096,23.068672,97,0
1.0.0,2026-08-05 03:08:42.979,,13.3,54,4,2040,2534.883328,36.736,20044.156928,1573.646336,593.762476032,83,10.37824,23.068672,98,0
1.0.0,2026-08-05 03:08:43.969,,13.1,54,10,2040,2534.883328,36.963,20033.974272,1568.714752,593.762353152,83,5.252096,23.068672,99,0
1.0.0,2026-08-05 03:08:44.970,,13.7,54,11,2040,2534.883328,36.832,20017.528832,1568.714752,593.762234368,83,5.252096,23.068672,100,0
1.0.0,2026-08-05 03:08:45.969,,13.0,54,11,2040,2534.883328,36.794,20014.895104,1573.646336,593.762111488,83,5.252096,23.068672,100,0
1.0.0,2026-08-05 03:08:46.986,,12.1,54,10,2040,2534.883328,36.256,20020.8384,1575.1168,593.76205824,83,5.252096,23.068672,101,0
1.0.0,2026-08-05 03:08:48.002,,12.2,54,13,2040,2534.883328,37.06,20025.675776,1576.1408,593.761964032,83,5.252096,23.068672,102,0
1.0.0,2026-08-05 03:08:48.965,,13.1,54,4,2040,2534.883328,36.209,20019.290112,1573.675008,593.761841152,83,5.252096,23.068672,103,0
1.0.0,2026-08-05 03:08:49.961,,12.4,54,5,2040,2534.883328,36.884,20022.771712,1574.907904,593.761718272,83,5.252096,23.068672,104,0
1.0.0,2026-08-05 03:08:50.983,,13.0,54,5,2040,2534.883328,36.366,20025.253888,1571.966976,593.761599488,83,5.252096,23.068672,105,0
1.0.0,2026-08-05 03:08:51.988,,12.1,54,11,2040,2534.883328,36.854,20008.890368,1568.743424,593.761488896,83,5.252096,23.068672,106,0
1.0.0,2026-08-05 03:08:52.973,,11.2,54,10,2040,2534.883328,36.797,20003.643392,1568.743424,593.761476608,83,5.252096,23.068672,107,0
1.0.0,2026-08-05 03:08:53.996,,11.6,54,20,2040,2534.883328,36.679,20032.446464,1573.675008,593.761308672,83,5.252096,23.068672,107,0
1.0.0,2026-08-05 03:08:54.973,,12.2,54,9,2040,2534.883328,37.106,20024.467456,1574.100992,593.761181696,83,5.252096,23.068672,108,0
1.0.0,2026-08-05 03:08:55.969,,11.8,54,4,2040,2534.883328,36.19,20023.672832,1574.89152,593.76105472,83,5.252096,23.068672,109,0
1.0.0,2026-08-05 03:08:56.980,,12.0,54,4,2040,2534.883328,36.722,20004.245504,1577.08288,593.760935936,83,10.167296,23.068672,110,0
1.0.0,2026-08-05 03:08:57.984,,8.3,54,12,2040,2534.883328,36.685,19967.991808,1569.685504,593.760903168,83,5.252096,23.068672,111,0
1.0.0,2026-08-05 03:08:58.973,,9.4,54,11,2040,2534.883328,36.833,20007.56736,1569.685504,593.760780288,83,5.252096,23.068672,112,0
1.0.0,2026-08-05 03:08:59.977,,12.0,54,12,2040,2534.883328,36.092,20013.654016,1574.62528,593.7606656,83,5.252096,23.068672,112,0
1.0.0,2026-08-05 03:09:00.969,,13.5,54,11,2040,2534.883328,37.479,20000.91136,1575.858176,593.760546816,83,5.252096,23.068672,113,0
1.0.0,2026-08-05 03:09:01.968,,12.4,54,7,2040,2534.883328,36.058,20026.814464,1574.62528,593.760428032,83,5.252096,23.068672,114,0
1.0.0,2026-08-05 03:09:03.006,,11.3,54,5,2040,2534.883328,36.995,20010.287104,1574.612992,593.760333824,83,5.252096,23.068672,115,0
1.0.0,2026-08-05 03:09:03.968,,8.7,54,3,2040,2534.883328,36.898,20012.019712,1574.62528,593.760301056,83,5.252096,23.068672,116,0
1.0.0,2026-08-05 03:09:04.982,,10.6,54,5,2040,2534.883328,36.861,19990.413312,1569.693696,593.760157696,83,5.252096,23.068672,117,0
1.0.0,2026-08-05 03:09:05.969,,13.1,54,11,2040,2534.883328,36.758,20018.081792,1569.693696,593.760043008,83,5.252096,23.068672,118,0
1.0.0,2026-08-05 03:09:06.968,,13.5,54,10,2040,2534.883328,36.613,20016.06656,1570.926592,593.75992832,83,5.252096,23.068672,119,0
1.0.0,2026-08-05 03:09:07.972,,11.9,54,12,2040,2534.883328,36.718,20012.187648,1574.62528,593.759809536,83,5.252096,23.068672,119,0
1.0.0,2026-08-05 03:09:08.985,,11.5,54,10,2040,2534.883328,36.482,20013.4656,1574.449152,593.75976448,83,5.252096,23.068672,120,0
1.0.0,2026-08-05 03:09:09.968,,11.5,54,4,2040,2534.883328,36.798,20030.164992,1574.62528,593.759649792,83,5.252096,23.068672,121,0
1.0.0,2026-08-05 03:09:10.974,,12.9,54,4,2040,2534.883328,36.558,20025.87648,1573.392384,593.759576064,83,10.243584,23.068672,122,0
1.0.0,2026-08-05 03:09:11.971,,12.7,54,11,2040,2534.883328,36.83,20004.974592,1569.693696,593.759461376,83,5.252096,23.068672,123,0
1.0.0,2026-08-05 03:09:12.978,,11.7,54,17,2040,2534.883328,36.587,20023.435264,1574.62528,593.759338496,83,5.252096,23.068672,123,0
1.0.0,2026-08-05 03:09:13.964,,11.3,54,4,2040,2534.883328,37.026,19988.791296,1569.693696,593.759240192,83,5.252096,23.068672,125,0
1.0.0,2026-08-05 03:09:14.980,,10.1,54,16,2040,2534.883328,36.207,19994.103808,1574.62528,593.759219712,83,5.252096,23.068672,125,0
1.0.0,2026-08-05 03:09:15.980,,11.5,54,13,2040,2534.883328,36.961,19989.659648,1574.62528,593.759059968,83,5.252096,23.068672,126,0
1.0.0,2026-08-05 03:09:17.010,,13.9,54,4,2040,2534.883328,36.59,20014.075904,1575.251968,593.75894528,83,5.252096,23.068672,127,0
1.0.0,2026-08-05 03:09:18.043,,13.8,54,3,2040,2534.883328,36.898,20017.594368,1575.268352,593.758826496,83,5.252096,23.068672,128,0
1.0.0,2026-08-05 03:09:19.004,,13.6,54,12,2040,2534.883328,37.049,19998.756864,1570.336768,593.758711808,83,5.252096,23.068672,129,0
1.0.0,2026-08-05 03:09:20.000,,10.0,54,11,2040,2534.883328,36.586,19993.153536,1570.336768,593.758666752,83,5.252096,23.068672,130,0
1.0.0,2026-08-05 03:09:20.993,,12.1,54,10,2040,2534.883328,36.946,20016.177152,1570.336768,593.758560256,83,5.252096,23.068672,131,0
1.0.0,2026-08-05 03:09:21.981,,10.9,54,13,2040,2534.883328,36.589,20020.699136,1575.268352,593.758449664,83,5.252096,23.068672,131,0
1.0.0,2026-08-05 03:09:22.989,,12.0,54,14,2040,2534.883328,36.535,20008.157184,1575.268352,593.758343168,83,5.252096,23.068672,132,0
1.0.0,2026-08-05 03:09:23.996,,13.7,54,3,2040,2534.883328,36.86,20026.146816,1575.268352,593.75822848,83,5.252096,23.068672,133,0
1.0.0,2026-08-05 03:09:24.981,,13.1,54,8,2040,2534.883328,37.14,20018.941952,1570.336768,593.758117888,83,5.252096,23.068672,134,0
1.0.0,2026-08-05 03:09:25.996,,11.9,54,11,2040,2534.883328,36.637,19986.20672,1570.336768,593.758097408,83,5.252096,23.068672,135,0
1.0.0,2026-08-05 03:09:26.990,,11.4,54,7,2040,2534.883328,36.72,20022.112256,1572.356096,593.757945856,83,5.252096,23.068672,136,0
1.0.0,2026-08-05 03:09:28.007,,15.1,54,10,2040,2534.883328,36.154,20030.799872,1572.356096,593.757822976,83,5.252096,23.068672,137,0
1.0.0,2026-08-05 03:09:28.984,,12.8,54,10,2040,2534.883328,36.896,20031.684608,1572.356096,593.757712384,83,5.252096,23.068672,138,0
1.0.0,2026-08-05 03:09:29.984,,12.3,54,17,2040,2534.883328,36.846,20024.635392,1577.28768,593.757589504,83,5.252096,23.068672,138,0
1.0.0,2026-08-05 03:09:31.030,,9.6,54,7,2040,2534.883328,36.657,20012.17536,1577.28768,593.757536256,83,5.252096,23.068672,139,0
1.0.0,2026-08-05 03:09:32.024,,9.6,54,2,2040,2534.883328,37.058,20020.75648,1578.22976,593.757433856,83,5.252096,23.068672,140,0
1.0.0,2026-08-05 03:09:33.004,,13.2,54,10,2040,2534.883328,36.888,20017.414144,1574.821888,593.757319168,83,5.252096,23.068672,141,0
1.0.0,2026-08-05 03:09:34.013,,11.9,54,11,2040,2534.883328,36.628,20011.053056,1572.356096,593.757200384,83,5.252096,23.068672,142,0
1.0.0,2026-08-05 03:09:35.001,,12.3,54,10,2040,2534.883328,36.612,19996.01664,1572.339712,593.7570816,83,5.252096,23.068672,143,0
1.0.0,2026-08-05 03:09:36.001,,12.4,54,11,2040,2534.883328,36.692,20017.573888,1573.588992,593.756971008,83,5.252096,23.068672,144,0
1.0.0,2026-08-05 03:09:37.013,,9.6,54,9,2040,2534.883328,36.284,19993.882624,1577.28768,593.756962816,83,5.252096,23.068672,144,0
1.0.0,2026-08-05 03:09:38.012,,12.0,54,3,2040,2534.883328,36.952,20010.471424,1572.356096,593.756807168,83,5.252096,23.068672,145,0
1.0.0,2026-08-05 03:09:39.005,,12.4,54,9,2040,2534.883328,36.778,20043.169792,1577.828352,593.756688384,83,5.252096,23.068672,146,0
1.0.0,2026-08-05 03:09:40.011,,13.5,54,10,2040,2534.883328,36.777,20035.772416,1574.1952,593.756573696,83,5.252096,23.068672,147,0
1.0.0,2026-08-05 03:09:41.007,,12.5,54,10,2040,2534.883328,36.699,20030.816256,1572.360192,593.756450816,83,5.252096,23.068672,148,0
1.0.0,2026-08-05 03:09:42.003,,10.2,54,11,2040,2534.883328,36.612,20009.20576,1572.315136,593.756360704,83,5.252096,23.068672,149,0
1.0.0,2026-08-05 03:09:43.005,,12.2,54,10,2040,2534.883328,36.476,20024.016896,1572.360192,593.756336128,83,5.252096,23.068672,150,0
1.0.0,2026-08-05 03:09:44.005,,13.1,54,19,2040,2534.883328,36.576,20030.558208,1578.369024,593.766547456,83,5.252096,23.068672,150,0
1.0.0,2026-08-05 03:09:45.025,,12.5,54,3,2040,2534.883328,36.844,20020.195328,1578.524672,593.766428672,83,5.252096,23.068672,151,0
1.0.0,2026-08-05 03:09:46.059,,12.0,54,7,2040,2534.883328,36.977,19998.28992,1577.754624,593.76631808,83,5.252096,23.068672,152,0
1.0.0,2026-08-05 03:09:46.998,,11.5,54,6,2040,2534.883328,36.447,20018.42176,1574.825984,593.766203392,83,5.252096,23.068672,153,0
1.0.0,2026-08-05 03:09:48.008,,11.1,54,10,2040,2534.883328,36.837,19995.42272,1572.274176,593.766187008,83,5.252096,23.068672,154,0
1.0.0,2026-08-05 03:09:48.996,,9.6,54,10,2040,2534.883328,36.824,20010.04544,1572.360192,593.766027264,83,5.252096,23.068672,155,0
1.0.0,2026-08-05 03:09:50.021,,11.3,54,17,2040,2534.883328,36.733,20005.163008,1576.853504,593.76590848,83,5.252096,23.068672,155,0
1.0.0,2026-08-05 03:09:51.017,,11.8,54,3,2040,2534.883328,36.681,20034.9696,1577.291776,593.765797888,83,5.252096,23.068672,156,0
1.0.0,2026-08-05 03:09:52.017,,11.7,54,6,2040,2534.883328,36.928,20028.080128,1577.291776,593.7656832,83,5.252096,23.068672,157,0
1.0.0,2026-08-05 03:09:53.004,,11.9,54,3,2040,2534.883328,36.521,20015.906816,1578.467328,593.765613568,83,5.252096,23.068672,158,0
1.0.0,2026-08-05 03:09:54.019,,11.4,54,12,2040,2534.883328,37.027,20024.705024,1577.291776,593.765535744,83,5.252096,23.068672,159,0
1.0.0,2026-08-05 03:09:55.010,,11.5,54,12,2040,2534.883328,36.933,20032.909312,1572.360192,593.76541696,83,5.252096,23.068672,160,0
1.0.0,2026-08-05 03:09:55.997,,11.8,54,10,2040,2534.883328,36.512,20034.818048,1572.360192,593.765306368,83,5.252096,23.068672,161,0
1.0.0,2026-08-05 03:09:57.009,,12.3,54,10,2040,2534.883328,36.596,20022.890496,1573.576704,593.765187584,83,5.252096,23.068672,162,0
1.0.0,2026-08-05 03:09:58.013,,14.1,54,11,2040,2534.883328,36.289,20041.990144,1577.275392,593.765064704,83,5.252096,23.068672,162,0
1.0.0,2026-08-05 03:09:59.017,,12.1,54,4,2040,2534.883328,37.027,20017.156096,1577.209856,593.765044224,83,5.252096,23.068672,163,0
1.0.0,2026-08-05 03:10:00.021,,11.9,54,3,2040,2534.883328,36.877,20023.611392,1578.53696,593.764909056,83,5.252096,23.068672,164,0
1.0.0,2026-08-05 03:10:01.015,,12.0,54,12,2040,2534.883328,36.892,20012.642304,1577.304064,593.764790272,83,5.252096,23.068672,165,0
1.0.0,2026-08-05 03:10:02.011,,12.7,54,10,2040,2534.883328,36.687,20026.478592,1572.368384,593.764667392,83,5.252096,23.068672,166,0
1.0.0,2026-08-05 03:10:03.004,,13.4,54,10,2040,2534.883328,36.778,20018.733056,1572.114432,593.764548608,83,5.252096,23.068672,167,0
1.0.0,2026-08-05 03:10:04.017,,11.7,54,10,2040,2534.883328,36.111,20007.264256,1577.242624,593.764478976,83,5.252096,23.068672,167,0
1.0.0,2026-08-05 03:10:05.017,,11.3,54,11,2040,2534.883328,37.201,20003.528704,1577.304064,593.764405248,83,5.252096,23.068672,168,0
1.0.0,2026-08-05 03:10:06.012,,11.7,54,4,2040,2534.883328,36.266,20032.446464,1577.304064,593.764327424,83,5.252096,23.068672,169,0
1.0.0,2026-08-05 03:10:07.017,,12.3,54,3,2040,2534.883328,36.735,20033.179648,1577.168896,593.76420864,83,5.252096,23.068672,170,0
1.0.0,2026-08-05 03:10:07.992,,13.4,54,3,2040,2534.883328,36.818,20022.976512,1577.304064,593.764089856,83,5.252096,23.068672,171,0
1.0.0,2026-08-05 03:10:09.012,,12.8,54,12,2040,2534.883328,36.832,20037.238784,1572.37248,593.763950592,83,5.252096,23.068672,172,0
1.0.0,2026-08-05 03:10:10.004,,8.7,54,10,2040,2534.883328,36.843,20020.350976,1573.605376,593.763926016,83,5.252096,23.068672,173,0
1.0.0,2026-08-05 03:10:11.021,,11.8,54,18,2040,2534.883328,36.717,20026.273792,1577.304064,593.76128,83,5.252096,23.068672,173,0
1.0.0,2026-08-05 03:10:12.025,,11.8,54,14,2040,2534.883328,37.122,20015.050752,1577.304064,593.761165312,83,5.252096,23.068672,174,0
1.0.0,2026-08-05 03:10:13.017,,11.7,54,3,2040,2534.883328,36.79,20029.571072,1577.304064,593.761050624,83,5.252096,23.068672,175,0
1.0.0,2026-08-05 03:10:14.017,,12.0,54,3,2040,2534.883328,36.974,20004.663296,1577.304064,593.760927744,83,5.252096,23.068672,176,0
1.0.0,2026-08-05 03:10:15.049,,11.7,54,8,2040,2534.883328,36.827,20000.497664,1574.838272,593.760845824,83,5.252096,23.068672,177,0
1.0.0,2026-08-05 03:10:16.022,,9.2,54,11,2040,2534.883328,36.866,19994.54208,1572.37248,593.760776192,83,5.252096,23.068672,178,0
1.0.0,2026-08-05 03:10:17.039,,11.7,54,16,2040,2534.883328,36.246,20029.714432,1577.30816,593.760649216,83,5.252096,23.068672,178,0
1.0.0,2026-08-05 03:10:18.012,,14.5,54,5,2040,2534.883328,37.393,20018.757632,1572.380672,593.760530432,83,5.252096,23.068672,180,0
1.0.0,2026-08-05 03:10:19.016,,12.2,54,18,2040,2534.883328,36.367,20013.113344,1577.312256,593.760407552,83,5.252096,23.068672,180,0
1.0.0,2026-08-05 03:10:20.020,,12.4,54,10,2040,2534.883328,37.006,20011.286528,1577.316352,593.760292864,83,5.252096,23.068672,181,0
1.0.0,2026-08-05 03:10:21.024,,9.5,54,3,2040,2534.883328,36.846,20015.14496,1577.32864,593.760292864,83,5.252096,23.068672,182,0
1.0.0,2026-08-05 03:10:22.014,,9.0,54,3,2040,2534.883328,36.965,20029.014016,1576.067072,593.760268288,83,5.252096,23.068672,183,0
1.0.0,2026-08-05 03:10:23.022,,13.0,54,11,2040,2534.883328,36.99,20018.91328,1572.397056,593.760124928,83,5.252096,23.068672,184,0
1.0.0,2026-08-05 03:10:24.018,,14.4,54,10,2040,2534.883328,36.653,20046.032896,1572.409344,593.760002048,83,5.252096,23.068672,185,0
1.0.0,2026-08-05 03:10:25.017,,12.6,54,10,2040,2534.883328,36.852,20058.189824,1572.41344,593.75986688,83,5.252096,23.068672,186,0
1.0.0,2026-08-05 03:10:26.032,,13.1,54,21,2040,2534.883328,36.52,20039.888896,1577.353216,593.759719424,83,5.252096,23.068672,186,0
1.0.0,2026-08-05 03:10:27.033,,12.2,54,5,2040,2534.883328,36.755,20037.541888,1580.351488,593.759596544,83,5.252096,23.068672,187,0
1.0.0,2026-08-05 03:10:28.017,,12.5,54,3,2040,2534.883328,36.201,20042.48576,1579.114496,593.759506432,83,5.252096,23.068672,188,0
1.0.0,2026-08-05 03:10:29.045,,14.1,54,12,2040,2534.883328,36.993,20032.028672,1574.191104,593.759391744,83,5.252096,23.068672,189,0
1.0.0,2026-08-05 03:10:30.045,,12.8,54,11,2040,2534.883328,36.691,20027.84256,1576.665088,593.759277056,83,5.252096,23.068672,190,0
1.0.0,2026-08-05 03:10:31.023,,13.4,54,10,2040,2534.883328,36.76,20023.128064,1574.199296,593.759162368,83,5.252096,23.068672,191,0
1.0.0,2026-08-05 03:10:32.008,,12.3,54,10,2040,2534.883328,36.307,20022.4768,1574.043648,593.759043584,83,5.252096,23.068672,192,0
1.0.0,2026-08-05 03:10:33.028,,10.6,54,10,2040,2534.883328,36.774,20035.203072,1574.203392,593.759031296,83,5.252096,23.068672,193,0
1.0.0,2026-08-05 03:10:34.016,,14.2,54,17,2040,2534.883328,36.878,20036.530176,1579.134976,593.759526912,83,5.252096,23.068672,193,0
1.0.0,2026-08-05 03:10:35.024,,14.0,54,5,2040,2534.883328,36.44,20030.5664,1579.134976,593.759342592,83,5.252096,23.068672,194,0
1.0.0,2026-08-05 03:10:36.019,,13.5,54,3,2040,2534.883328,36.962,20054.228992,1578.68032,593.759080448,83,5.252096,23.068672,195,0
1.0.0,2026-08-05 03:10:37.024,,12.2,54,12,2040,2534.883328,36.874,20033.92512,1574.207488,593.758957568,83,5.252096,23.068672,196,0
1.0.0,2026-08-05 03:10:38.014,,12.4,54,11,2040,2534.883328,36.825,20031.438848,1574.207488,593.758887936,83,5.252096,23.068672,197,0
1.0.0,2026-08-05 03:10:39.020,,12.3,54,11,2040,2534.883328,36.95,20060.930048,1574.207488,593.75880192,83,5.252096,23.068672,198,0
1.0.0,2026-08-05 03:10:40.025,,13.6,54,10,2040,2534.883328,36.61,20057.653248,1574.207488,593.760681984,83,5.252096,23.068672,199,0
1.0.0,2026-08-05 03:10:41.016,,13.8,54,13,2040,2534.883328,36.216,20054.360064,1579.143168,593.760559104,83,5.252096,23.068672,199,0
1.0.0,2026-08-05 03:10:42.026,,12.3,54,4,2040,2534.883328,37.144,20032.835584,1575.653376,593.760436224,83,5.252096,23.068672,200,0
1.0.0,2026-08-05 03:10:43.047,,11.7,54,9,2040,2534.883328,36.881,20038.193152,1583.570944,593.760325632,83,5.252096,23.068672,201,0
1.0.0,2026-08-05 03:10:44.056,,10.6,54,9,2040,2534.883328,36.549,20031.471616,1575.44448,593.760309248,83,5.252096,23.068672,202,0
1.0.0,2026-08-05 03:10:45.031,,14.5,54,11,2040,2534.883328,36.669,20025.970688,1574.211584,593.760165888,83,5.252096,23.068672,203,0
1.0.0,2026-08-05 03:10:46.014,,14.8,54,10,2040,2534.883328,36.817,20015.140864,1574.117376,593.759793152,83,5.252096,23.068672,204,0
1.0.0,2026-08-05 03:10:47.015,,12.7,54,9,2040,2534.883328,36.967,20036.972544,1574.211584,593.759674368,83,5.252096,23.068672,205,0
1.0.0,2026-08-05 03:10:48.029,,12.0,54,20,2040,2534.883328,36.866,20026.949632,1579.061248,593.759551488,83,5.252096,23.068672,205,0
1.0.0,2026-08-05 03:10:49.024,,9.8,54,3,2040,2534.883328,36.825,20023.762944,1579.143168,593.759490048,83,5.252096,23.068672,206,0
1.0.0,2026-08-05 03:10:50.017,,12.4,54,6,2040,2534.883328,37.086,20027.715584,1580.376064,593.759268864,83,5.252096,23.068672,207,0
1.0.0,2026-08-05 03:10:51.023,,12.6,54,9,2040,2534.883328,36.796,20042.686464,1574.21568,593.75915008,83,5.252096,23.068672,208,0
1.0.0,2026-08-05 03:10:52.023,,13.1,54,10,2040,2534.883328,36.914,20121.223168,1575.084032,593.758625792,83,5.252096,23.068672,209,0
1.0.0,2026-08-05 03:10:53.020,,17.3,54,10,2040,2534.883328,36.798,20103.819264,1574.21568,593.758445568,83,5.252096,23.068672,210,0
1.0.0,2026-08-05 03:10:54.024,,11.1,54,16,2040,2534.883328,36.985,20080.050176,1580.38016,593.75833088,83,5.252096,23.068672,210,0
1.0.0,2026-08-05 03:10:55.018,,12.7,54,4,2040,2534.883328,36.488,20077.09696,1577.914368,593.758359552,83,5.252096,23.068672,211,0
1.0.0,2026-08-05 03:10:56.032,,14.2,54,10,2040,2534.883328,36.511,20067.61472,1579.147264,593.758203904,83,5.252096,23.068672,212,0
1.0.0,2026-08-05 03:10:57.028,,14.5,54,3,2040,2534.883328,36.416,20044.14464,1579.147264,593.758081024,83,5.252096,23.068672,213,0
1.0.0,2026-08-05 03:10:58.015,,12.6,54,12,2040,2534.883328,36.843,20057.460736,1582.46912,593.757958144,83,5.252096,23.068672,214,0
1.0.0,2026-08-05 03:10:59.037,,10.4,54,12,2040,2534.883328,36.649,20040.146944,1574.596608,593.757835264,83,5.252096,23.068672,215,0
1.0.0,2026-08-05 03:11:00.020,,9.1,54,10,2040,2534.883328,36.943,20047.68768,1574.21568,593.757794304,83,5.252096,23.068672,216,0
1.0.0,2026-08-05 03:11:01.023,,10.7,54,9,2040,2534.883328,36.845,20040.593408,1574.219776,593.757196288,83,5.252096,23.068672,217,0
1.0.0,2026-08-05 03:11:02.016,,12.9,54,13,2040,2534.883328,36.268,20061.560832,1580.384256,593.7570816,83,5.252096,23.068672,217,0
1.0.0,2026-08-05 03:11:03.020,,12.7,54,4,2040,2534.883328,37.087,20061.478912,1579.155456,593.756971008,83,5.252096,23.068672,218,0
1.0.0,2026-08-05 03:11:04.024,,12.3,54,4,2040,2534.883328,36.897,20048.809984,1579.040768,593.75685632,83,5.252096,23.068672,219,0
1.0.0,2026-08-05 03:11:05.026,,11.2,54,12,2040,2534.883328,37.032,20041.6256,1576.689664,593.75681536,83,5.252096,23.068672,220,0
1.0.0,2026-08-05 03:11:06.015,,10.1,54,10,2040,2534.883328,36.628,20056.784896,1574.019072,593.756807168,83,5.252096,23.068672,221,0
1.0.0,2026-08-05 03:11:07.023,,14.2,54,10,2040,2534.883328,36.876,20055.87968,1574.223872,593.756647424,83,5.252096,23.068672,222,0
1.0.0,2026-08-05 03:11:08.019,,12.6,54,10,2040,2534.883328,36.29,20050.432,1579.159552,593.75652864,83,5.252096,23.068672,222,0
1.0.0,2026-08-05 03:11:09.019,,12.5,54,16,2040,2534.883328,37.452,20040.564736,1579.76576,593.756409856,83,5.252096,23.068672,223,0
1.0.0,2026-08-05 03:11:10.019,,12.0,54,3,2040,2534.883328,36.096,20054.704128,1579.159552,593.756286976,83,5.252096,23.068672,224,0
1.0.0,2026-08-05 03:11:11.023,,12.0,54,4,2040,2534.883328,36.869,20067.229696,1580.601344,593.756246016,83,5.252096,23.068672,225,0
1.0.0,2026-08-05 03:11:12.040,,12.1,54,3,2040,2534.883328,36.837,20052.230144,1579.159552,593.756127232,83,5.252096,23.068672,226,0
1.0.0,2026-08-05 03:11:13.086,,12.8,54,12,2040,2534.883328,36.935,20049.358848,1576.337408,593.756012544,83,5.252096,23.068672,227,0
1.0.0,2026-08-05 03:11:14.027,,14.7,54,10,2040,2534.883328,36.931,20037.443584,1574.858752,593.755897856,83,5.252096,23.068672,228,0
1.0.0,2026-08-05 03:11:15.040,,12.8,54,13,2040,2534.883328,36.827,20038.209536,1580.392448,593.755774976,83,5.252096,23.068672,228,0
1.0.0,2026-08-05 03:11:16.031,,12.4,54,15,2040,2534.883328,36.942,20022.976512,1579.851776,593.755680768,83,5.252096,23.068672,229,0
1.0.0,2026-08-05 03:11:17.031,,13.0,54,3,2040,2534.883328,36.807,20052.783104,1579.802624,593.755652096,83,5.252096,23.068672,230,0
1.0.0,2026-08-05 03:11:18.031,,13.4,54,3,2040,2534.883328,36.777,20050.526208,1579.671552,593.755508736,83,5.252096,23.068672,231,0
1.0.0,2026-08-05 03:11:19.029,,14.0,54,6,2040,2534.883328,36.89,20042.28096,1574.408192,593.755389952,83,5.252096,23.068672,232,0
1.0.0,2026-08-05 03:11:20.035,,12.8,54,10,2040,2534.883328,36.916,20033.916928,1574.412288,593.755275264,83,5.252096,23.068672,233,0
1.0.0,2026-08-05 03:11:21.037,,13.1,54,13,2040,2534.883328,35.914,20050.04288,1579.782144,593.755160576,83,5.252096,23.068672,233,0
1.0.0,2026-08-05 03:11:22.043,,10.1,54,4,2040,2534.883328,37.595,20033.007616,1575.645184,593.755107328,83,5.252096,23.068672,235,0
1.0.0,2026-08-05 03:11:23.040,,11.3,54,19,2040,2534.883328,36.362,20050.333696,1579.159552,593.754996736,83,5.252096,23.068672,235,0
1.0.0,2026-08-05 03:11:24.040,,12.9,54,10,2040,2534.883328,37.111,20032.53248,1579.823104,593.754877952,83,5.252096,23.068672,236,0
1.0.0,2026-08-05 03:11:25.035,,13.1,54,3,2040,2534.883328,36.786,20068.237312,1579.343872,593.754755072,83,5.252096,23.068672,237,0
1.0.0,2026-08-05 03:11:26.062,,13.5,54,3,2040,2534.883328,36.123,20062.4128,1582.075904,593.754632192,83,5.252096,23.068672,238,0
1.0.0,2026-08-05 03:11:27.038,,10.7,54,10,2040,2534.883328,36.705,20024.6272,1576.59136,593.754537984,83,5.252096,23.068672,239,0
1.0.0,2026-08-05 03:11:28.040,,12.1,54,10,2040,2534.883328,36.818,20046.790656,1576.603648,593.754468352,83,5.252096,23.068672,240,0
1.0.0,2026-08-05 03:11:29.031,,12.3,54,10,2040,2534.883328,36.917,20041.424896,1577.193472,593.75433728,83,5.252096,23.068672,241,0
1.0.0,2026-08-05 03:11:30.048,,14.0,54,20,2040,2534.883328,36.87,20037.730304,1581.535232,593.754218496,83,5.252096,23.068672,241,0
1.0.0,2026-08-05 03:11:31.060,,12.6,54,4,2040,2534.883328,36.742,20016.979968,1582.575616,593.764499456,83,5.252096,23.068672,242,0
1.0.0,2026-08-05 03:11:32.047,,12.2,54,4,2040,2534.883328,36.893,20027.609088,1582.477312,593.764376576,83,5.252096,23.068672,243,0
1.0.0,2026-08-05 03:11:33.056,,10.6,54,12,2040,2534.883328,37.167,20023.13216,1577.545728,593.764347904,83,5.252096,23.068672,244,0
1.0.0,2026-08-05 03:11:34.058,,12.7,54,17,2040,2534.883328,36.324,20036.767744,1582.477312,593.764216832,83,5.252096,23.068672,244,0
1.0.0,2026-08-05 03:11:35.045,,13.0,54,4,2040,2534.883328,37.486,20015.235072,1577.545728,593.764098048,83,5.252096,23.068672,246,0
1.0.0,2026-08-05 03:11:36.064,,12.5,54,10,2040,2534.883328,36.433,20037.38624,1577.545728,593.76398336,83,5.252096,23.068672,247,0
1.0.0,2026-08-05 03:11:37.052,,12.8,54,11,2040,2534.883328,37.041,20033.458176,1577.545728,593.763864576,83,5.252096,23.068672,248,0
1.0.0,2026-08-05 03:11:38.068,,8.8,54,18,2040,2534.883328,36.86,20019.716096,1582.477312,593.763786752,83,5.252096,23.068672,248,0
1.0.0,2026-08-05 03:11:39.060,,10.1,54,3,2040,2534.883328,36.795,20022.575104,1582.477312,593.76371712,83,5.252096,23.068672,249,0
1.0.0,2026-08-05 03:11:40.065,,14.0,54,12,2040,2534.883328,37.108,20043.030528,1580.01152,593.763598336,83,5.252096,23.068672,250,0
1.0.0,2026-08-05 03:11:41.118,,13.9,54,10,2040,2534.883328,36.843,20041.211904,1578.778624,593.763479552,83,5.252096,23.068672,251,0
1.0.0,2026-08-05 03:11:42.057,,12.5,54,11,2040,2534.883328,36.986,20021.252096,1577.545728,593.76334848,83,5.252096,23.068672,252,0
1.0.0,2026-08-05 03:11:43.047,,12.5,54,10,2040,2534.883328,36.914,20033.626112,1577.549824,593.763229696,83,5.252096,23.068672,253,0
1.0.0,2026-08-05 03:11:44.056,,12.0,54,17,2040,2534.883328,36.812,20024.590336,1582.481408,593.763196928,83,5.252096,23.068672,253,0
1.0.0,2026-08-05 03:11:45.055,,11.4,54,4,2040,2534.883328,36.29,20028.952576,1582.481408,593.763069952,83,5.252096,23.068672,254,0
1.0.0,2026-08-05 03:11:46.051,,12.4,54,3,2040,2534.883328,36.996,20020.416512,1582.485504,593.762951168,83,5.252096,23.068672,255,0
1.0.0,2026-08-05 03:11:47.062,,13.0,54,10,2040,2534.883328,36.919,20032.032768,1582.485504,593.76283648,83,5.252096,23.068672,256,0
1.0.0,2026-08-05 03:11:48.050,,13.1,54,10,2040,2534.883328,36.619,20028.12928,1577.55392,593.762684928,83,5.252096,23.068672,257,0
1.0.0,2026-08-05 03:11:49.057,,9.6,54,10,2040,2534.883328,36.869,20008.91904,1577.377792,593.762598912,83,5.252096,23.068672,258,0
1.0.0,2026-08-05 03:11:50.043,,10.5,54,10,2040,2534.883328,36.934,20009.521152,1577.55392,593.762533376,83,5.252096,23.068672,259,0
1.0.0,2026-08-05 03:11:51.052,,12.3,54,12,2040,2534.883328,36.806,20031.463424,1577.55392,593.76234496,83,5.252096,23.068672,260,0
1.0.0,2026-08-05 03:11:52.064,,12.6,54,12,2040,2534.883328,36.419,20038.995968,1582.485504,593.761787904,83,5.252096,23.068672,260,0
1.0.0,2026-08-05 03:11:53.047,,14.5,54,4,2040,2534.883328,37.123,20026.40896,1582.485504,593.761656832,83,5.252096,23.068672,261,0
1.0.0,2026-08-05 03:11:54.049,,12.5,54,12,2040,2534.883328,37.193,20008.636416,1582.485504,593.761538048,83,5.252096,23.068672,262,0
1.0.0,2026-08-05 03:11:55.083,,12.7,54,12,2040,2534.883328,37.096,20005.711872,1577.55392,593.761509376,83,5.252096,23.068672,263,0
1.0.0,2026-08-05 03:11:56.074,,12.6,54,11,2040,2534.883328,36.516,20031.328256,1577.189376,593.76142336,83,5.252096,23.068672,264,0
1.0.0,2026-08-05 03:11:57.043,,14.9,54,11,2040,2534.883328,36.554,20022.64064,1577.55392,593.761497088,83,5.252096,23.068672,265,0
1.0.0,2026-08-05 03:11:58.072,,15.2,54,18,2040,2534.883328,36.663,20034.265088,1582.485504,593.761374208,83,5.252096,23.068672,265,0
1.0.0,2026-08-05 03:11:59.043,,12.6,54,4,2040,2534.883328,36.87,20029.673472,1582.485504,593.761255424,83,5.252096,23.068672,266,0
1.0.0,2026-08-05 03:12:00.055,,12.1,54,3,2040,2534.883328,37.065,20010.872832,1582.485504,593.761185792,83,5.252096,23.068672,267,0
1.0.0,2026-08-05 03:12:01.062,,10.7,54,6,2040,2534.883328,36.845,20009.005056,1583.7184,593.761103872,83,10.167808,23.068672,268,0
1.0.0,2026-08-05 03:12:02.072,,13.7,54,11,2040,2534.883328,37.002,20023.529472,1584.668672,593.760985088,83,5.252096,23.068672,269,0
1.0.0,2026-08-05 03:12:03.065,,13.8,54,10,2040,2534.883328,36.725,20017.065984,1577.55392,593.7608704,83,5.252096,23.068672,270,0
1.0.0,2026-08-05 03:12:04.084,,14.4,54,10,2040,2534.883328,36.868,20009.373696,1578.217472,593.76074752,83,5.252096,23.068672,271,0
1.0.0,2026-08-05 03:12:05.080,,13.0,54,17,2040,2534.883328,36.819,20000.60416,1577.55392,593.760636928,83,5.252096,23.068672,272,0
1.0.0,2026-08-05 03:12:06.068,,10.6,54,5,2040,2534.883328,36.662,20006.232064,1582.485504,593.760509952,83,5.252096,23.068672,272,0
1.0.0,2026-08-05 03:12:07.067,,12.7,54,3,2040,2534.883328,37.023,20021.157888,1582.485504,593.76037888,83,5.252096,23.068672,273,0
1.0.0,2026-08-05 03:12:08.070,,12.5,54,3,2040,2534.883328,36.885,20024.23808,1583.296512,593.760256,83,5.252096,23.068672,274,0
1.0.0,2026-08-05 03:12:09.077,,12.7,54,12,2040,2534.883328,37.122,20002.291712,1580.101632,593.760141312,83,5.252096,23.068672,275,0
1.0.0,2026-08-05 03:12:10.105,,12.4,54,11,2040,2534.883328,36.884,20025.470976,1580.019712,593.760022528,83,5.252096,23.068672,276,0
1.0.0,2026-08-05 03:12:11.067,,9.8,54,11,2040,2534.883328,36.789,20004.29056,1577.55392,593.7599488,83,5.252096,23.068672,277,0
1.0.0,2026-08-05 03:12:12.071,,12.5,54,13,2040,2534.883328,36.575,20013.830144,1582.485504,593.759883264,83,5.252096,23.068672,277,0
1.0.0,2026-08-05 03:12:13.072,,12.5,54,3,2040,2534.883328,37.117,20025.99936,1582.485504,593.759756288,83,5.252096,23.068672,278,0
1.0.0,2026-08-05 03:12:14.076,,14.1,54,4,2040,2534.883328,36.503,20006.875136,1582.485504,593.759625216,83,5.252096,23.068672,279,0
1.0.0,2026-08-05 03:12:15.075,,12.7,54,3,2040,2534.883328,37.034,20003.401728,1582.485504,593.759510528,83,5.252096,23.068672,280,0
1.0.0,2026-08-05 03:12:16.067,,11.8,54,6,2040,2534.883328,36.929,19997.282304,1583.714304,593.75939584,83,5.252096,23.068672,281,0
1.0.0,2026-08-05 03:12:17.070,,9.6,54,11,2040,2534.883328,36.919,19999.82592,1577.537536,593.75937536,83,5.252096,23.068672,282,0
1.0.0,2026-08-05 03:12:18.067,,11.0,54,10,2040,2534.883328,36.898,20015.210496,1577.213952,593.759232,83,5.252096,23.068672,283,0
1.0.0,2026-08-05 03:12:19.068,,11.9,54,20,2040,2534.883328,36.703,20018.905088,1582.485504,593.75910912,83,5.252096,23.068672,283,0
1.0.0,2026-08-05 03:12:20.067,,12.1,54,11,2040,2534.883328,37.193,20003.549184,1582.485504,593.758990336,83,5.252096,23.068672,284,0
1.0.0,2026-08-05 03:12:21.084,,12.6,54,3,2040,2534.883328,36.273,20024.532992,1582.604288,593.758871552,83,5.252096,23.068672,285,0
1.0.0,2026-08-05 03:12:22.075,,11.6,54,3,2040,2534.883328,37.027,20004.491264,1582.538752,593.758814208,83,5.252096,23.068672,286,0
1.0.0,2026-08-05 03:12:23.076,,11.6,54,4,2040,2534.883328,36.395,20006.383616,1577.61536,593.758707712,83,5.252096,23.068672,287,0
1.0.0,2026-08-05 03:12:24.067,,15.6,54,11,2040,2534.883328,36.806,20001.492992,1577.672704,593.758523392,83,5.252096,23.068672,288,0
1.0.0,2026-08-05 03:12:25.101,,12.7,54,16,2040,2534.883328,36.582,20028.366848,1582.604288,593.758404608,83,5.252096,23.068672,288,0
1.0.0,2026-08-05 03:12:26.080,,13.9,54,8,2040,2534.883328,37.09,20027.899904,1576.841216,593.758277632,83,5.252096,23.068672,290,0
1.0.0,2026-08-05 03:12:27.084,,10.7,54,8,2040,2534.883328,36.371,20018.15552,1586.016256,593.758179328,83,5.252096,23.068672,290,0
1.0.0,2026-08-05 03:12:28.067,,12.2,54,5,2040,2534.883328,36.311,20027.531264,1586.020352,593.758158848,83,5.252096,23.068672,291,0
1.0.0,2026-08-05 03:12:29.071,,13.0,54,3,2040,2534.883328,36.397,20030.554112,1586.020352,593.7580032,83,5.252096,23.068672,292,0
1.0.0,2026-08-05 03:12:30.066,,12.8,54,3,2040,2534.883328,36.59,20032.376832,1583.55456,593.75788032,83,5.252096,23.068672,293,0
1.0.0,2026-08-05 03:12:31.071,,12.5,54,10,2040,2534.883328,36.895,20003.954688,1582.321664,593.757761536,83,5.252096,23.068672,294,0
1.0.0,2026-08-05 03:12:32.067,,13.0,54,10,2040,2534.883328,36.848,20018.696192,1581.09696,593.757638656,83,5.252096,23.068672,295,0
1.0.0,2026-08-05 03:12:33.067,,11.8,54,13,2040,2534.883328,37.028,19976.671232,1581.09696,593.757605888,83,5.252096,23.068672,296,0
1.0.0,2026-08-05 03:12:34.067,,10.9,54,11,2040,2534.883328,36.588,20009.189376,1586.036736,593.757483008,83,5.252096,23.068672,296,0
1.0.0,2026-08-05 03:12:35.079,,12.1,54,4,2040,2534.883328,37.129,20003.75808,1586.036736,593.757360128,83,5.252096,23.068672,297,0
1.0.0,2026-08-05 03:12:36.068,,12.9,54,4,2040,2534.883328,36.883,20029.218816,1586.855936,593.757241344,83,5.252096,23.068672,298,0
1.0.0,2026-08-05 03:12:37.084,,13.0,54,8,2040,2534.883328,37.056,20025.278464,1581.109248,593.75712256,83,5.252096,23.068672,299,0
1.0.0,2026-08-05 03:12:38.074,,11.4,54,10,2040,2534.883328,36.826,20002.127872,1581.109248,593.75704064,83,5.252096,23.068672,300,0
1.0.0,2026-08-05 03:12:39.113,,10.2,54,10,2040,2534.883328,36.823,19999.424512,1581.109248,593.756975104,83,5.252096,23.068672,301,0
1.0.0,2026-08-05 03:12:40.083,,12.2,54,15,2040,2534.883328,36.465,20024.471552,1580.294144,593.75685632,83,5.252096,23.068672,302,0
1.0.0,2026-08-05 03:12:41.079,,13.5,54,10,2040,2534.883328,36.861,20025.995264,1581.109248,593.756737536,83,5.252096,23.068672,303,0
1.0.0,2026-08-05 03:12:42.079,,12.4,54,5,2040,2534.883328,36.053,20010.729472,1586.024448,593.756618752,83,5.252096,23.068672,303,0
1.0.0,2026-08-05 03:12:43.071,,13.0,54,3,2040,2534.883328,37.019,20008.411136,1585.811456,593.756499968,83,5.252096,23.068672,304,0
1.0.0,2026-08-05 03:12:44.075,,9.5,54,8,2040,2534.883328,37.077,19971.203072,1581.11744,593.756471296,83,5.252096,23.068672,305,0
1.0.0,2026-08-05 03:12:45.067,,9.9,54,10,2040,2534.883328,36.79,20010.51648,1582.166016,593.75634432,83,5.252096,23.068672,306,0
1.0.0,2026-08-05 03:12:46.079,,12.0,54,10,2040,2534.883328,36.799,20006.74816,1581.11744,593.756229632,83,5.252096,23.068672,307,0
1.0.0,2026-08-05 03:12:47.066,,11.8,54,13,2040,2534.883328,36.845,20022.796288,1581.797376,593.756110848,83,5.252096,23.068672,308,0
1.0.0,2026-08-05 03:12:48.079,,12.2,54,14,2040,2534.883328,36.548,20016.35328,1585.942528,593.755987968,83,5.252096,23.068672,308,0
1.0.0,2026-08-05 03:12:49.079,,10.3,54,3,2040,2534.883328,36.764,19999.363072,1585.946624,593.755901952,83,5.252096,23.068672,309,0
1.0.0,2026-08-05 03:12:50.080,,11.9,54,4,2040,2534.883328,37.105,19999.698944,1586.049024,593.755844608,83,5.252096,23.068672,310,0
1.0.0,2026-08-05 03:12:51.080,,11.8,54,11,2040,2534.883328,36.903,20020.65408,1582.350336,593.755762688,83,10.243584,23.068672,311,0
1.0.0,2026-08-05 03:12:52.080,,12.9,54,10,2040,2534.883328,36.843,20021.3504,1581.11744,593.755643904,83,5.252096,23.068672,312,0
1.0.0,2026-08-05 03:12:53.100,,12.4,54,10,2040,2534.883328,36.819,20012.990464,1581.11744,593.75552512,83,5.252096,23.068672,313,0
1.0.0,2026-08-05 03:12:54.070,,12.5,54,11,2040,2534.883328,36.821,20007.940096,1581.11744,593.755406336,83,5.252096,23.068672,314,0
1.0.0,2026-08-05 03:12:55.066,,10.9,54,16,2040,2534.883328,36.97,20009.807872,1581.11744,593.755373568,83,5.252096,23.068672,315,0
1.0.0,2026-08-05 03:12:56.078,,11.0,54,3,2040,2534.883328,36.703,20024.48384,1586.049024,593.755246592,83,5.252096,23.068672,315,0
1.0.0,2026-08-05 03:12:57.080,,13.6,54,3,2040,2534.883328,37.041,20026.671104,1586.028544,593.754996736,83,5.252096,23.068672,316,0
1.0.0,2026-08-05 03:12:58.074,,13.6,54,11,2040,2534.883328,37.003,20010.287104,1588.514816,593.754886144,83,6.480896,23.068672,317,0
1.0.0,2026-08-05 03:12:59.067,,12.1,54,10,2040,2534.883328,36.653,20029.97248,1581.879296,593.754759168,83,5.252096,23.068672,318,0
1.0.0,2026-08-05 03:13:00.088,,11.6,54,10,2040,2534.883328,36.811,20015.464448,1582.350336,593.754673152,83,5.252096,23.068672,319,0
1.0.0,2026-08-05 03:13:01.070,,10.0,54,10,2040,2534.883328,36.876,20005.376,1581.113344,593.75460352,83,5.252096,23.068672,320,0
1.0.0,2026-08-05 03:13:02.074,,12.2,54,13,2040,2534.883328,36.187,20025.901056,1587.28192,593.75448064,83,5.252096,23.068672,320,0
1.0.0,2026-08-05 03:13:03.071,,11.7,54,3,2040,2534.883328,37.099,20022.82496,1587.081216,593.754361856,83,5.252096,23.068672,321,0
1.0.0,2026-08-05 03:13:04.062,,12.4,54,12,2040,2534.883328,37.178,20013.273088,1585.737728,593.754251264,83,5.252096,23.068672,322,0
1.0.0,2026-08-05 03:13:05.076,,12.3,54,12,2040,2534.883328,36.603,20009.811968,1586.868224,593.75413248,83,5.252096,23.068672,323,0
1.0.0,2026-08-05 03:13:06.062,,9.0,54,11,2040,2534.883328,36.931,20010.409984,1583.583232,593.754103808,83,5.252096,23.068672,324,0
1.0.0,2026-08-05 03:13:07.081,,10.3,54,10,2040,2534.883328,37.108,20023.668736,1581.11744,593.753972736,83,5.252096,23.068672,325,0
1.0.0,2026-08-05 03:13:08.116,,11.7,54,10,2040,2534.883328,36.958,20024.188928,1582.354432,593.75384576,83,5.252096,23.068672,326,0
1.0.0,2026-08-05 03:13:09.082,,12.4,54,20,2040,2534.883328,36.579,20004.790272,1585.975296,593.753726976,83,5.252096,23.068672,326,0
1.0.0,2026-08-05 03:13:10.078,,14.2,54,3,2040,2534.883328,36.727,20031.77472,1587.286016,593.753604096,83,5.252096,23.068672,327,0
1.0.0,2026-08-05 03:13:11.066,,11.9,54,5,2040,2534.883328,36.927,20015.673344,1586.917376,593.753530368,83,5.252096,23.068672,328,0
1.0.0,2026-08-05 03:13:12.072,,12.8,54,9,2040,2534.883328,36.919,20016.2304,1587.286016,593.753448448,83,5.252096,23.068672,329,0
1.0.0,2026-08-05 03:13:13.072,,12.5,54,11,2040,2534.883328,36.945,19993.16992,1581.121536,593.753329664,83,5.252096,23.068672,330,0
1.0.0,2026-08-05 03:13:14.058,,13.6,54,11,2040,2534.883328,36.869,20017.319936,1581.121536,593.753214976,83,5.252096,23.068672,331,0
1.0.0,2026-08-05 03:13:15.070,,12.6,54,17,2040,2534.883328,36.867,20018.05312,1582.1824,593.753088,83,5.252096,23.068672,332,0
1.0.0,2026-08-05 03:13:16.070,,12.3,54,4,2040,2534.883328,36.568,20013.088768,1587.286016,593.752973312,83,5.252096,23.068672,332,0
1.0.0,2026-08-05 03:13:17.074,,11.5,54,3,2040,2534.883328,37.085,19985.891328,1586.688,593.752961024,83,5.252096,23.068672,333,0
1.0.0,2026-08-05 03:13:18.082,,10.3,54,3,2040,2534.883328,36.326,20018.23744,1586.061312,593.752809472,83,5.252096,23.068672,334,0
1.0.0,2026-08-05 03:13:19.069,,12.4,54,11,2040,2534.883328,37.04,20015.751168,1586.388992,593.752743936,83,5.252096,23.068672,335,0
1.0.0,2026-08-05 03:13:20.067,,13.3,54,12,2040,2534.883328,37.02,19996.123136,1583.173632,593.763078144,83,5.252096,23.068672,336,0
1.0.0,2026-08-05 03:13:21.086,,13.7,54,11,2040,2534.883328,36.905,20019.048448,1581.129728,593.76295936,83,5.252096,23.068672,337,0
1.0.0,2026-08-05 03:13:22.083,,10.7,54,3,2040,2534.883328,36.764,20002.430976,1581.060096,593.762902016,83,5.252096,23.068672,338,0
1.0.0,2026-08-05 03:13:23.120,,9.1,54,2,2040,2534.883328,35.656,20013.658112,1586.061312,593.762799616,83,5.252096,23.068672,338,0
1.0.0,2026-08-05 03:13:24.070,,12.1,54,3,2040,2534.883328,36.276,20000.145408,1586.061312,593.762676736,83,5.252096,23.068672,339,0
1.0.0,2026-08-05 03:13:25.068,,11.7,54,3,2040,2534.883328,36.184,20023.427072,1586.061312,593.762553856,83,5.252096,23.068672,340,0
1.0.0,2026-08-05 03:13:26.087,,12.0,54,6,2040,2534.883328,36.221,20024.958976,1589.76,593.76242688,83,6.480896,23.068672,341,0
1.0.0,2026-08-05 03:13:27.093,,11.8,54,4,2040,2534.883328,36.288,20009.14432,1583.161344,593.762332672,83,5.252096,23.068672,342,0
1.0.0,2026-08-05 03:13:28.074,,9.3,54,3,2040,2534.883328,36.235,19986.935808,1583.276032,593.762287616,83,5.252096,23.068672,343,0
1.0.0,2026-08-05 03:13:29.072,,11.9,54,7,2040,2534.883328,35.665,20033.093632,1589.264384,593.762144256,83,5.252096,23.068672,343,0
1.0.0,2026-08-05 03:13:30.085,,10.6,54,11,2040,2534.883328,36.529,20025.831424,1588.211712,593.76201728,83,5.252096,23.068672,344,0
1.0.0,2026-08-05 03:13:31.087,,12.0,54,3,2040,2534.883328,36.075,20016.939008,1588.211712,593.761890304,83,5.252096,23.068672,345,0
1.0.0,2026-08-05 03:13:32.079,,11.7,54,3,2040,2534.883328,36.113,20016.283648,1588.211712,593.76177152,83,5.252096,23.068672,346,0
1.0.0,2026-08-05 03:13:33.079,,8.9,54,3,2040,2534.883328,36.036,19986.149376,1588.211712,593.761763328,83,5.252096,23.068672,347,0
1.0.0,2026-08-05 03:13:34.075,,9.2,54,5,2040,2534.883328,36.036,19994.19392,1584.72192,593.76160768,83,5.252096,23.068672,348,0
1.0.0,2026-08-05 03:13:35.119,,13.2,54,4,2040,2534.883328,35.894,19991.515136,1583.280128,593.7614848,83,5.252096,23.068672,349,0
1.0.0,2026-08-05 03:13:36.070,,13.5,54,6,2040,2534.883328,35.938,20010.123264,1583.280128,593.761296384,83,5.252096,23.068672,350,0
1.0.0,2026-08-05 03:13:37.065,,11.9,54,11,2040,2534.883328,36.216,20005.96992,1581.842432,593.761169408,83,5.252096,23.068672,351,0
1.0.0,2026-08-05 03:13:38.079,,11.4,54,3,2040,2534.883328,35.796,19992.297472,1588.211712,593.761046528,83,5.252096,23.068672,351,0
1.0.0,2026-08-05 03:13:39.080,,11.2,54,3,2040,2534.883328,35.756,19997.274112,1588.211712,593.761001472,83,5.252096,23.068672,351,0
1.0.0,2026-08-05 03:13:40.085,,10.3,54,3,2040,2534.883328,34.965,20021.817344,1588.211712,593.760878592,83,5.252096,23.068672,351,0
1.0.0,2026-08-05 03:13:41.087,,10.2,54,3,2040,2534.883328,34.999,20025.892864,1588.211712,593.760755712,83,5.252096,23.068672,351,0
1.0.0,2026-08-05 03:13:42.061,,11.5,54,3,2040,2534.883328,35.001,20002.865152,1588.211712,593.760632832,83,5.252096,23.068672,351,0
# === SESSION END   2026-08-05 03:13:42 ===
# === SESSION START 2026-08-05 03:15:10 ===
1.0.0,2026-08-05 03:15:19.754,,0.0,51,3,2040,2589.024256,22.419,19929.030656,1481.547776,593.762873344,36,5.251584,23.068672,1,0
1.0.0,2026-08-05 03:15:21.769,,0.0,51,0,2040,2589.024256,21.233,19942.5024,1504.620544,593.762750464,63,5.251584,23.068672,1,0
1.0.0,2026-08-05 03:15:22.980,,15.8,51,0,2040,2589.024256,21.228,19958.902784,1519.96416,593.762635776,80,5.251584,23.068672,1,0
1.0.0,2026-08-05 03:15:23.442,,16.1,51,0,2040,2589.024256,21.301,19948.183552,1506.287616,593.762635776,83,5.251584,23.068672,1,0
1.0.0,2026-08-05 03:15:24.391,,8.1,51,5,2040,2589.024256,23.18,19943.682048,1509.957632,593.762603008,83,5.251584,23.068672,1,0
1.0.0,2026-08-05 03:15:25.378,,11.8,51,5,2040,2589.024256,24.063,19942.006784,1510.035456,593.762492416,83,5.251584,23.068672,1,0
1.0.0,2026-08-05 03:15:26.378,,17.0,51,5,2040,2589.024256,23.918,19952.955392,1510.068224,593.762353152,83,5.251584,23.068672,1,0
1.0.0,2026-08-05 03:15:27.374,,16.3,51,6,2040,2589.024256,24.033,19967.946752,1515.728896,593.762295808,83,5.251584,23.068672,1,0
1.0.0,2026-08-05 03:15:28.393,,16.5,51,7,2040,2589.024256,24.445,19985.539072,1542.67648,593.762234368,83,5.252096,23.068672,1,0
1.0.0,2026-08-05 03:15:29.401,,0.0,51,11,2040,2589.024256,24.171,20005.957632,1548.427264,593.762177024,83,5.252096,23.068672,2,0
1.0.0,2026-08-05 03:15:30.398,,0.0,51,5,2040,2589.024256,25.049,20023.341056,1545.740288,593.76216064,83,5.252096,23.068672,3,0
1.0.0,2026-08-05 03:15:31.404,,0.0,51,5,2040,2589.024256,25.066,20016.82432,1545.695232,593.762107392,83,5.252096,23.068672,4,0
1.0.0,2026-08-05 03:15:32.398,,17.8,51,9,2040,2589.024256,25.307,20003.852288,1546.698752,593.762045952,83,5.252096,23.068672,5,0
1.0.0,2026-08-05 03:15:33.401,,17.0,51,5,2040,2589.024256,25.345,20019.224576,1547.485184,593.761984512,83,5.252096,23.068672,6,0
1.0.0,2026-08-05 03:15:34.405,,0.0,51,5,2040,2589.024256,25.429,20014.977024,1547.563008,593.761931264,83,5.252096,23.068672,7,0
1.0.0,2026-08-05 03:15:35.400,,13.0,51,5,2040,2589.024256,25.18,19996.450816,1553.485824,593.761857536,83,5.252096,23.068672,7,0
1.0.0,2026-08-05 03:15:36.403,,15.6,51,16,2040,2589.024256,25.115,19999.920128,1554.669568,593.761697792,83,5.252096,23.068672,8,0
1.0.0,2026-08-05 03:15:37.389,,15.9,51,5,2040,2589.024256,25.191,20016.345088,1553.53088,593.76164864,83,5.252096,23.068672,9,0
1.0.0,2026-08-05 03:15:38.413,,14.6,51,5,2040,2589.024256,25.543,20019.187712,1553.563648,593.761591296,83,5.252096,23.068672,10,0
1.0.0,2026-08-05 03:15:39.399,,15.1,51,5,2040,2589.024256,25.369,20005.249024,1549.582336,593.761533952,83,5.252096,23.068672,11,0
1.0.0,2026-08-05 03:15:40.394,,14.9,51,5,2040,2589.024256,25.339,20003.729408,1550.839808,593.76044032,83,5.252096,23.068672,12,0
1.0.0,2026-08-05 03:15:41.399,,15.4,51,4,2040,2589.024256,25.402,20020.355072,1549.651968,593.76037888,83,5.252096,23.068672,13,0
1.0.0,2026-08-05 03:15:42.404,,15.9,51,9,2040,2589.024256,25.171,20006.56384,1554.6368,593.760329728,83,5.252096,23.068672,13,0
1.0.0,2026-08-05 03:15:43.387,,14.7,51,3,2040,2589.024256,24.794,20003.852288,1554.702336,593.760268288,83,5.252096,23.068672,14,0
1.0.0,2026-08-05 03:15:44.393,,15.0,51,5,2040,2589.024256,25.502,19994.116096,1554.706432,593.760210944,83,5.252096,23.068672,15,0
1.0.0,2026-08-05 03:15:45.386,,11.6,51,5,2040,2589.024256,25.477,19998.830592,1552.257024,593.76017408,83,5.252096,23.068672,16,0
1.0.0,2026-08-05 03:15:46.400,,13.2,51,5,2040,2589.024256,25.28,20005.179392,1552.142336,593.7595392,83,10.167296,23.068672,17,0
1.0.0,2026-08-05 03:15:47.396,,17.2,51,10,2040,2589.024256,25.475,19985.969152,1548.742656,593.75941632,83,5.252096,23.068672,18,0
1.0.0,2026-08-05 03:15:48.397,,14.2,51,5,2040,2589.024256,25.249,20004.462592,1549.869056,593.759358976,83,5.252096,23.068672,19,0
1.0.0,2026-08-05 03:15:49.391,,14.7,51,5,2040,2589.024256,25.323,20007.325696,1554.808832,593.759301632,83,5.252096,23.068672,19,0
1.0.0,2026-08-05 03:15:50.403,,15.5,51,11,2040,2589.024256,24.951,20002.746368,1554.837504,593.75925248,83,5.252096,23.068672,20,0
1.0.0,2026-08-05 03:15:51.405,,14.7,51,7,2040,2589.024256,25.579,19993.78432,1557.348352,593.759195136,83,5.252096,23.068672,21,0
1.0.0,2026-08-05 03:15:52.400,,15.1,51,5,2040,2589.024256,25.281,20009.558016,1554.61632,593.759141888,83,10.167296,23.068672,22,0
1.0.0,2026-08-05 03:15:53.398,,14.8,51,5,2040,2589.024256,25.216,19999.174656,1552.166912,593.759080448,83,5.252096,23.068672,23,0
1.0.0,2026-08-05 03:15:54.397,,14.0,51,9,2040,2589.024256,25.189,20001.968128,1550.934016,593.759023104,83,5.252096,23.068672,24,0
1.0.0,2026-08-05 03:15:55.395,,14.6,51,5,2040,2589.024256,25.007,19999.080448,1555.8656,593.758969856,83,5.252096,23.068672,24,0
1.0.0,2026-08-05 03:15:56.401,,14.2,51,5,2040,2589.024256,24.4,19998.937088,1555.8656,593.75894528,83,5.252096,23.068672,25,0
1.0.0,2026-08-05 03:15:57.399,,14.2,52,16,2040,2589.024256,26.106,20013.600768,1555.873792,593.758810112,83,5.252096,23.068672,26,0
1.0.0,2026-08-05 03:15:58.409,,17.6,51,5,2040,2589.024256,25.035,19998.375936,1555.881984,593.758748672,83,5.252096,23.068672,27,0
1.0.0,2026-08-05 03:15:59.397,,14.3,51,5,2040,2589.024256,25.286,19994.640384,1555.828736,593.758691328,83,5.252096,23.068672,28,0
1.0.0,2026-08-05 03:16:00.405,,15.7,51,5,2040,2589.024256,25.134,20017.668096,1554.599936,593.7586176,83,5.252096,23.068672,29,0
1.0.0,2026-08-05 03:16:01.404,,15.8,51,9,2040,2589.024256,25.134,20010.995712,1550.925824,593.758564352,83,5.252096,23.068672,30,0
1.0.0,2026-08-05 03:16:02.394,,14.9,51,5,2040,2589.024256,25.192,19998.375936,1550.962688,593.758507008,83,5.252096,23.068672,31,0
1.0.0,2026-08-05 03:16:03.396,,15.1,51,7,2040,2589.024256,25.09,20020.219904,1555.902464,593.758445568,83,5.252096,23.068672,31,0
1.0.0,2026-08-05 03:16:04.392,,14.8,51,10,2040,2589.024256,25.208,20010.156032,1556.860928,593.758388224,83,5.252096,23.068672,32,0
1.0.0,2026-08-05 03:16:05.428,,15.2,51,5,2040,2589.024256,24.669,20008.247296,1556.860928,593.758396416,83,5.252096,23.068672,33,0
1.0.0,2026-08-05 03:16:06.404,,15.0,51,5,2040,2589.024256,25.047,19996.966912,1556.860928,593.758343168,83,5.252096,23.068672,34,0
1.0.0,2026-08-05 03:16:07.405,,11.7,51,5,2040,2589.024256,25.134,19969.601536,1551.929344,593.757806592,83,5.252096,23.068672,35,0
1.0.0,2026-08-05 03:16:08.411,,15.2,51,5,2040,2589.024256,24.987,20001.52576,1551.929344,593.75765504,83,5.252096,23.068672,36,0
1.0.0,2026-08-05 03:16:09.400,,15.4,51,16,2040,2589.024256,24.985,20002.705408,1556.865024,593.7575936,83,5.252096,23.068672,36,0
1.0.0,2026-08-05 03:16:10.403,,16.9,51,5,2040,2589.024256,25.787,19993.112576,1556.86912,593.757528064,83,5.252096,23.068672,37,0
1.0.0,2026-08-05 03:16:11.404,,15.3,52,14,2040,2589.024256,25.242,20013.408256,1556.881408,593.757466624,83,5.252096,23.068672,38,0
1.0.0,2026-08-05 03:16:12.400,,15.5,52,12,2040,2589.024256,25.66,20000.735232,1556.91008,593.757401088,83,5.252096,23.068672,39,0
1.0.0,2026-08-05 03:16:13.403,,15.9,51,5,2040,2589.024256,25.051,19991.568384,1556.926464,593.757343744,83,5.252096,23.068672,40,0
1.0.0,2026-08-05 03:16:14.402,,15.2,51,4,2040,2589.024256,25.232,19982.688256,1551.99488,593.757290496,83,5.252096,23.068672,41,0
1.0.0,2026-08-05 03:16:15.401,,16.3,51,7,2040,2589.024256,25.302,20005.167104,1551.99488,593.757237248,83,5.252096,23.068672,42,0
1.0.0,2026-08-05 03:16:16.398,,17.0,51,5,2040,2589.024256,25.366,20000.006144,1551.99488,593.757184,83,5.252096,23.068672,43,0
1.0.0,2026-08-05 03:16:17.408,,10.8,51,5,2040,2589.024256,25.345,19991.973888,1554.546688,593.75716352,83,5.252096,23.068672,44,0
1.0.0,2026-08-05 03:16:18.392,,14.8,51,14,2040,2589.024256,24.931,20000.944128,1558.249472,593.75714304,83,5.252096,23.068672,44,0
1.0.0,2026-08-05 03:16:19.421,,15.2,51,11,2040,2589.024256,24.988,20011.544576,1558.249472,593.756983296,83,5.252096,23.068672,45,0
1.0.0,2026-08-05 03:16:20.458,,16.0,51,5,2040,2589.024256,25.282,20008.706048,1559.425024,593.756934144,83,5.252096,23.068672,46,0
1.0.0,2026-08-05 03:16:21.403,,14.7,51,11,2040,2589.024256,25.521,19997.958144,1554.259968,593.7568768,83,5.252096,23.068672,47,0
1.0.0,2026-08-05 03:16:22.406,,15.0,51,5,2040,2589.024256,25.045,20024.991744,1559.191552,593.756823552,83,5.252096,23.068672,47,0
1.0.0,2026-08-05 03:16:23.400,,16.3,51,5,2040,2589.024256,25.416,20018.036736,1554.259968,593.756766208,83,5.252096,23.068672,49,0
1.0.0,2026-08-05 03:16:24.403,,16.1,51,5,2040,2589.024256,25.131,20013.34272,1560.440832,593.756708864,83,5.252096,23.068672,49,0
1.0.0,2026-08-05 03:16:25.403,,15.7,51,5,2040,2589.024256,25.248,20003.688448,1559.216128,593.75665152,83,5.252096,23.068672,50,0
1.0.0,2026-08-05 03:16:26.416,,14.8,52,16,2040,2589.024256,24.953,20018.31936,1559.220224,593.756594176,83,5.252096,23.068672,51,0
1.0.0,2026-08-05 03:16:27.401,,14.8,51,5,2040,2589.024256,24.875,20013.71136,1559.228416,593.756545024,83,5.252096,23.068672,52,0
1.0.0,2026-08-05 03:16:28.392,,11.9,51,5,2040,2589.024256,25.281,20000.768,1554.296832,593.756520448,83,5.252096,23.068672,53,0
1.0.0,2026-08-05 03:16:29.399,,13.4,51,5,2040,2589.024256,25.146,19997.81888,1554.296832,593.75640576,83,5.252096,23.068672,54,0
1.0.0,2026-08-05 03:16:30.395,,15.0,51,5,2040,2589.024256,25.091,20012.01152,1555.00544,593.756192768,83,5.252096,23.068672,55,0
1.0.0,2026-08-05 03:16:31.390,,17.2,51,5,2040,2589.024256,25.285,20019.564544,1559.228416,593.75613952,83,5.252096,23.068672,55,0
1.0.0,2026-08-05 03:16:32.393,,15.1,51,9,2040,2589.024256,25.219,20004.081664,1559.228416,593.756086272,83,5.252096,23.068672,56,0
1.0.0,2026-08-05 03:16:33.412,,17.7,51,5,2040,2589.024256,24.53,20020.985856,1559.228416,593.756028928,83,5.252096,23.068672,57,0
1.0.0,2026-08-05 03:16:34.395,,15.9,51,5,2040,2589.024256,25.268,20004.343808,1554.300928,593.75597568,83,5.252096,23.068672,58,0
1.0.0,2026-08-05 03:16:35.400,,17.2,51,5,2040,2589.024256,24.992,19992.518656,1554.300928,593.755922432,83,5.252096,23.068672,59,0
1.0.0,2026-08-05 03:16:36.402,,16.1,51,4,2040,2589.024256,25.373,19985.26464,1554.300928,593.755865088,83,5.252096,23.068672,60,0
1.0.0,2026-08-05 03:16:37.397,,15.6,51,7,2040,2589.024256,25.134,19998.593024,1554.30912,593.755803648,83,5.252096,23.068672,61,0
1.0.0,2026-08-05 03:16:38.404,,16.0,51,5,2040,2589.024256,25.379,19990.44608,1554.30912,593.755754496,83,5.252096,23.068672,62,0
1.0.0,2026-08-05 03:16:39.401,,11.1,51,5,2040,2589.024256,25.175,19987.021824,1559.240704,593.755734016,83,5.252096,23.068672,62,0
1.0.0,2026-08-05 03:16:40.398,,12.8,52,7,2040,2589.024256,24.602,19985.89952,1559.240704,593.75558656,83,5.252096,23.068672,63,0
1.0.0,2026-08-05 03:16:41.407,,17.4,51,5,2040,2589.024256,25.475,19998.060544,1558.016,593.755533312,83,5.252096,23.068672,64,0
1.0.0,2026-08-05 03:16:42.391,,15.7,51,11,2040,2589.024256,25.432,19995.394048,1556.48,593.755480064,83,5.252096,23.068672,65,0
1.0.0,2026-08-05 03:16:43.396,,15.8,51,12,2040,2589.024256,25.581,19989.25824,1554.317312,593.755418624,83,5.252096,23.068672,66,0
1.0.0,2026-08-05 03:16:44.390,,15.8,51,5,2040,2589.024256,25.37,19972.808704,1554.317312,593.755365376,83,5.252096,23.068672,67,0
1.0.0,2026-08-05 03:16:45.396,,17.2,51,5,2040,2589.024256,25.286,19997.589504,1559.248896,593.755308032,83,5.252096,23.068672,67,0
1.0.0,2026-08-05 03:16:46.400,,16.6,52,15,2040,2589.024256,25.164,19989.36064,1559.257088,593.755254784,83,5.252096,23.068672,68,0
1.0.0,2026-08-05 03:16:47.418,,16.3,51,4,2040,2589.024256,25.185,19984.887808,1555.5584,593.75519744,83,10.244096,23.068672,69,0
1.0.0,2026-08-05 03:16:48.454,,16.6,51,5,2040,2589.024256,25.468,20002.336768,1560.49408,593.755144192,83,5.252096,23.068672,70,0
1.0.0,2026-08-05 03:16:49.403,,15.5,51,4,2040,2589.024256,25.315,19986.30912,1554.3296,593.755090944,83,5.252096,23.068672,71,0
1.0.0,2026-08-05 03:16:50.397,,11.3,51,10,2040,2589.024256,25.201,19959.820288,1554.3296,593.755086848,83,5.252096,23.068672,72,0
1.0.0,2026-08-05 03:16:51.414,,14.4,51,5,2040,2589.024256,25.294,19985.027072,1554.3296,593.754918912,83,5.252096,23.068672,73,0
1.0.0,2026-08-05 03:16:52.410,,15.4,51,5,2040,2589.024256,25.114,19999.502336,1554.3296,593.754865664,83,5.252096,23.068672,74,0
1.0.0,2026-08-05 03:16:53.403,,15.7,51,7,2040,2589.024256,25.073,20006.785024,1560.49408,593.754804224,83,5.252096,23.068672,74,0
1.0.0,2026-08-05 03:16:54.419,,16.6,51,5,2040,2589.024256,24.59,19998.605312,1559.261184,593.754742784,83,5.252096,23.068672,75,0
1.0.0,2026-08-05 03:16:55.413,,15.8,51,4,2040,2589.024256,25.274,19989.925888,1560.22784,593.754689536,83,5.252096,23.068672,76,0
1.0.0,2026-08-05 03:16:56.418,,17.2,51,5,2040,2589.024256,25.113,20003.631104,1555.562496,593.754636288,83,10.244096,23.068672,77,0
1.0.0,2026-08-05 03:16:57.412,,16.2,51,10,2040,2589.024256,25.571,19998.048256,1554.337792,593.754574848,83,5.252096,23.068672,78,0
1.0.0,2026-08-05 03:16:58.425,,15.2,51,5,2040,2589.024256,25.193,19995.676672,1554.337792,593.754509312,83,5.252096,23.068672,79,0
1.0.0,2026-08-05 03:16:59.412,,16.3,51,5,2040,2589.024256,25.13,19992.113152,1559.269376,593.75446016,83,5.252096,23.068672,79,0
1.0.0,2026-08-05 03:17:00.406,,15.6,51,5,2040,2589.024256,24.25,19997.14304,1559.269376,593.754435584,83,5.252096,23.068672,80,0
1.0.0,2026-08-05 03:17:01.415,,15.3,51,16,2040,2589.024256,25.661,20004.093952,1559.269376,593.75429632,83,5.252096,23.068672,81,0
1.0.0,2026-08-05 03:17:02.432,,17.4,51,5,2040,2589.024256,25.162,19993.358336,1562.968064,593.75437824,83,5.252096,23.068672,82,0
1.0.0,2026-08-05 03:17:03.407,,16.4,51,5,2040,2589.024256,25.271,20011.859968,1559.269376,593.76463872,83,5.252096,23.068672,83,0
1.0.0,2026-08-05 03:17:04.419,,16.9,51,5,2040,2589.024256,25.358,20002.476032,1554.337792,593.76457728,83,5.252096,23.068672,84,0
1.0.0,2026-08-05 03:17:05.402,,18.0,51,11,2040,2589.024256,25.525,19988.381696,1554.337792,593.764524032,83,5.252096,23.068672,85,0
1.0.0,2026-08-05 03:17:06.402,,17.7,51,5,2040,2589.024256,25.482,19982.307328,1555.78368,593.764470784,83,5.252096,23.068672,86,0
1.0.0,2026-08-05 03:17:07.407,,16.4,51,9,2040,2589.024256,25.123,19999.862784,1559.26528,593.76441344,83,5.252096,23.068672,86,0
1.0.0,2026-08-05 03:17:08.412,,16.1,52,15,2040,2589.024256,25.747,19994.411008,1559.26528,593.764356096,83,5.252096,23.068672,87,0
1.0.0,2026-08-05 03:17:09.417,,16.0,51,6,2040,2589.024256,25.215,19993.796608,1559.26528,593.764302848,83,5.252096,23.068672,88,0
1.0.0,2026-08-05 03:17:10.414,,16.0,51,4,2040,2589.024256,25.335,19989.540864,1560.498176,593.7642496,83,10.24512,23.068672,89,0
1.0.0,2026-08-05 03:17:11.407,,10.3,51,3,2040,2589.024256,25.294,19985.678336,1555.566592,593.764241408,83,5.252096,23.068672,90,0
1.0.0,2026-08-05 03:17:12.410,,12.9,51,5,2040,2589.024256,25.144,19978.928128,1554.333696,593.764048896,83,5.252096,23.068672,91,0
1.0.0,2026-08-05 03:17:13.420,,15.6,51,14,2040,2589.024256,24.952,19968.372736,1559.248896,593.764036608,83,5.252096,23.068672,91,0
1.0.0,2026-08-05 03:17:14.420,,15.1,51,5,2040,2589.024256,25.885,19965.325312,1560.481792,593.763966976,83,5.252096,23.068672,92,0
1.0.0,2026-08-05 03:17:15.411,,17.3,52,14,2040,2589.024256,25.374,19989.344256,1560.346624,593.76384,83,5.252096,23.068672,93,0
1.0.0,2026-08-05 03:17:16.411,,15.7,51,15,2040,2589.024256,25.393,19983.024128,1558.388736,593.796296704,83,5.252096,23.068672,94,0
1.0.0,2026-08-05 03:17:17.449,,17.3,51,5,2040,2589.024256,25.007,19974.823936,1561.501696,593.796222976,83,5.252096,23.068672,95,0
1.0.0,2026-08-05 03:17:18.409,,16.3,51,5,2040,2589.024256,25.252,19986.649088,1555.341312,593.796222976,83,5.252096,23.068672,96,0
1.0.0,2026-08-05 03:17:19.414,,17.1,51,9,2040,2589.024256,25.267,19975.553024,1555.341312,593.796108288,83,5.252096,23.068672,97,0
1.0.0,2026-08-05 03:17:20.419,,17.0,51,5,2040,2589.024256,25.266,19983.921152,1561.505792,593.796005888,83,5.252096,23.068672,97,0
1.0.0,2026-08-05 03:17:21.418,,16.0,51,5,2040,2589.024256,25.365,19975.626752,1560.272896,593.796005888,83,5.252096,23.068672,98,0
1.0.0,2026-08-05 03:17:22.411,,16.1,52,13,2040,2589.024256,25.163,19955.113984,1560.272896,593.795964928,83,5.252096,23.068672,99,0
1.0.0,2026-08-05 03:17:23.408,,17.2,51,10,2040,2589.024256,25.114,19992.879104,1560.272896,593.795751936,83,5.252096,23.068672,100,0
1.0.0,2026-08-05 03:17:24.415,,24.2,51,5,2040,2589.024256,25.05,19976.134656,1556.574208,593.795588096,83,10.24768,23.068672,101,0
1.0.0,2026-08-05 03:17:25.422,,20.1,51,10,2040,2589.024256,25.115,19985.73568,1555.341312,593.795538944,83,5.252096,23.068672,102,0
1.0.0,2026-08-05 03:17:26.415,,17.5,51,5,2040,2589.024256,25.094,19999.301632,1560.276992,593.7954816,83,5.252096,23.068672,102,0
1.0.0,2026-08-05 03:17:27.413,,15.9,51,5,2040,2589.024256,25.51,19995.99616,1555.3536,593.795424256,83,5.252096,23.068672,104,0
1.0.0,2026-08-05 03:17:28.410,,15.3,51,5,2040,2589.024256,25.106,19986.18624,1561.51808,593.795371008,83,5.252096,23.068672,104,0
1.0.0,2026-08-05 03:17:29.405,,17.0,51,5,2040,2589.024256,25.201,19975.9872,1561.12896,593.795313664,83,5.252096,23.068672,105,0
1.0.0,2026-08-05 03:17:30.412,,16.7,52,15,2040,2589.024256,25.035,19989.389312,1560.285184,593.795260416,83,5.252096,23.068672,106,0
1.0.0,2026-08-05 03:17:31.428,,15.3,51,5,2040,2589.024256,25.081,19989.23776,1561.51808,593.795203072,83,11.396096,23.068672,107,0
1.0.0,2026-08-05 03:17:32.422,,15.4,51,5,2040,2589.024256,25.259,19982.696448,1555.3536,593.795145728,83,5.252096,23.068672,108,0
1.0.0,2026-08-05 03:17:33.407,,14.5,51,5,2040,2589.024256,25.527,19971.821568,1555.3536,593.795100672,83,5.252096,23.068672,109,0
1.0.0,2026-08-05 03:17:34.416,,15.4,51,5,2040,2589.024256,25.336,19987.64032,1555.3536,593.79499008,83,5.252096,23.068672,110,0
1.0.0,2026-08-05 03:17:35.408,,15.3,51,5,2040,2589.024256,25.448,19986.034688,1560.285184,593.79490816,83,5.252096,23.068672,110,0
1.0.0,2026-08-05 03:17:36.413,,15.1,52,10,2040,2589.024256,25.368,19978.723328,1560.285184,593.794854912,83,5.252096,23.068672,111,0
1.0.0,2026-08-05 03:17:37.420,,15.5,51,4,2040,2589.024256,24.938,19999.010816,1560.285184,593.794801664,83,5.252096,23.068672,112,0
1.0.0,2026-08-05 03:17:38.407,,16.0,51,4,2040,2589.024256,25.58,19993.86624,1556.586496,593.79474432,83,5.252096,23.068672,113,0
1.0.0,2026-08-05 03:17:39.416,,16.2,51,5,2040,2589.024256,25.324,19989.684224,1555.357696,593.794420736,83,5.252096,23.068672,114,0
1.0.0,2026-08-05 03:17:40.410,,16.7,51,9,2040,2589.024256,25.562,19979.206656,1555.357696,593.794359296,83,5.252096,23.068672,115,0
1.0.0,2026-08-05 03:17:41.415,,16.1,51,5,2040,2589.024256,25.357,19993.214976,1555.357696,593.794306048,83,5.252096,23.068672,116,0
1.0.0,2026-08-05 03:17:42.411,,15.9,51,5,2040,2589.024256,25.493,19978.072064,1558.233088,593.794248704,83,5.252096,23.068672,117,0
1.0.0,2026-08-05 03:17:43.413,,12.1,51,5,2040,2589.024256,25.141,19974.803456,1561.522176,593.794195456,83,5.252096,23.068672,117,0
1.0.0,2026-08-05 03:17:44.418,,12.5,51,10,2040,2589.024256,24.773,19975.65952,1562.656768,593.794187264,83,5.252096,23.068672,118,0
1.0.0,2026-08-05 03:17:45.438,,17.0,51,5,2040,2589.024256,25.324,19987.47648,1556.590592,593.79402752,83,10.167296,23.068672,119,0
1.0.0,2026-08-05 03:17:46.473,,15.6,51,5,2040,2589.024256,25.45,19992.702976,1555.357696,593.793970176,83,5.252096,23.068672,120,0
1.0.0,2026-08-05 03:17:47.418,,15.2,51,9,2040,2589.024256,25.376,19984.32256,1555.357696,593.793912832,83,5.252096,23.068672,121,0
1.0.0,2026-08-05 03:17:48.414,,15.1,51,5,2040,2589.024256,25.324,19977.437184,1555.357696,593.793855488,83,5.252096,23.068672,122,0
1.0.0,2026-08-05 03:17:49.423,,13.8,51,5,2040,2589.024256,25.334,20000.190464,1561.522176,593.793798144,83,5.252096,23.068672,122,0
1.0.0,2026-08-05 03:17:50.417,,14.7,52,15,2040,2589.024256,25.175,19994.353664,1561.522176,593.7937408,83,5.252096,23.068672,123,0
1.0.0,2026-08-05 03:17:51.422,,14.9,51,5,2040,2589.024256,24.631,19983.179776,1555.357696,593.79367936,83,5.252096,23.068672,124,0
1.0.0,2026-08-05 03:17:52.418,,14.5,51,9,2040,2589.024256,25.261,20003.00032,1560.28928,593.793609728,83,10.167296,23.068672,125,0
1.0.0,2026-08-05 03:17:53.422,,12.6,51,4,2040,2589.024256,25.26,19991.998464,1555.357696,593.793560576,83,5.252096,23.068672,126,0
1.0.0,2026-08-05 03:17:54.428,,13.1,51,11,2040,2589.024256,25.103,19992.53504,1555.37408,593.793019904,83,5.252096,23.068672,127,0
1.0.0,2026-08-05 03:17:55.432,,15.4,51,5,2040,2589.024256,25.085,19984.072704,1555.37408,593.792868352,83,5.252096,23.068672,128,0
1.0.0,2026-08-05 03:17:56.425,,14.2,51,5,2040,2589.024256,24.774,20001.992704,1555.378176,593.792815104,83,5.252096,23.068672,129,0
1.0.0,2026-08-05 03:17:57.417,,14.4,51,6,2040,2589.024256,24.697,20000.309248,1560.30976,593.792761856,83,5.252096,23.068672,129,0
1.0.0,2026-08-05 03:17:58.423,,16.0,51,5,2040,2589.024256,24.312,20003.323904,1560.317952,593.792704512,83,5.252096,23.068672,130,0
1.0.0,2026-08-05 03:17:59.430,,14.7,51,5,2040,2589.024256,24.999,19990.97856,1560.317952,593.792647168,83,5.252096,23.068672,131,0
1.0.0,2026-08-05 03:18:00.461,,15.6,51,4,2040,2589.024256,25.088,20003.119104,1555.386368,593.79259392,83,5.252096,23.068672,132,0
1.0.0,2026-08-05 03:18:01.427,,15.8,51,11,2040,2589.024256,25.148,19998.18752,1555.386368,593.792536576,83,5.252096,23.068672,133,0
1.0.0,2026-08-05 03:18:02.422,,15.3,51,5,2040,2589.024256,25.237,20001.583104,1555.386368,593.792483328,83,5.252096,23.068672,134,0
1.0.0,2026-08-05 03:18:03.430,,15.4,51,5,2040,2589.024256,25.122,19987.574784,1560.317952,593.792434176,83,5.252096,23.068672,134,0
1.0.0,2026-08-05 03:18:04.425,,14.5,52,5,2040,2589.024256,24.487,19993.264128,1560.322048,593.792376832,83,5.252096,23.068672,135,0
1.0.0,2026-08-05 03:18:05.420,,14.6,52,8,2040,2589.024256,25.354,19996.85632,1560.322048,593.79236864,83,5.252096,23.068672,136,0
1.0.0,2026-08-05 03:18:06.429,,15.1,51,5,2040,2589.024256,25.191,19988.414464,1560.322048,593.7922048,83,5.252096,23.068672,137,0
1.0.0,2026-08-05 03:18:07.436,,15.0,51,4,2040,2589.024256,25.403,20008.873984,1561.554944,593.792155648,83,10.167296,23.068672,138,0
1.0.0,2026-08-05 03:18:08.418,,15.2,51,5,2040,2589.024256,25.13,19995.815936,1556.447232,593.792098304,83,5.252096,23.068672,139,0
1.0.0,2026-08-05 03:18:09.428,,14.1,51,10,2040,2589.024256,25.034,19988.762624,1557.389312,593.79204096,83,5.252096,23.068672,140,0
1.0.0,2026-08-05 03:18:10.433,,15.1,51,5,2040,2589.024256,25.078,19988.64384,1557.389312,593.791987712,83,5.252096,23.068672,141,0
1.0.0,2026-08-05 03:18:11.430,,15.0,52,16,2040,2589.024256,25.144,20005.879808,1562.320896,593.791926272,83,5.252096,23.068672,141,0
1.0.0,2026-08-05 03:18:12.451,,14.9,52,16,2040,2589.024256,25.769,19988.525056,1562.320896,593.791868928,83,5.252096,23.068672,142,0
1.0.0,2026-08-05 03:18:13.437,,14.5,51,5,2040,2589.024256,24.87,19990.376448,1562.320896,593.791807488,83,5.252096,23.068672,143,0
1.0.0,2026-08-05 03:18:14.463,,14.6,51,4,2040,2589.024256,25.428,19976.658944,1559.855104,593.791758336,83,10.167296,23.068672,144,0
1.0.0,2026-08-05 03:18:15.498,,10.8,51,7,2040,2589.024256,25.619,19961.868288,1557.807104,593.791725568,83,5.252096,23.068672,145,0
1.0.0,2026-08-05 03:18:16.448,,15.0,51,5,2040,2589.024256,25.393,20000.411648,1558.528,593.791598592,83,5.252096,23.068672,146,0
1.0.0,2026-08-05 03:18:17.445,,14.8,52,10,2040,2589.024256,25.107,19994.083328,1563.21792,593.791533056,83,5.252096,23.068672,146,0
1.0.0,2026-08-05 03:18:18.451,,15.3,52,8,2040,2589.024256,25.785,19991.891968,1563.21792,593.791475712,83,5.252096,23.068672,147,0
1.0.0,2026-08-05 03:18:19.446,,17.1,52,14,2040,2589.024256,25.31,20016.013312,1564.450816,593.791422464,83,5.252096,23.068672,148,0
1.0.0,2026-08-05 03:18:20.442,,15.5,52,10,2040,2589.024256,25.57,20008.972288,1564.422144,593.79136512,83,5.252096,23.068672,149,0
1.0.0,2026-08-05 03:18:21.440,,14.0,51,5,2040,2589.024256,25.469,20002.287616,1563.21792,593.791311872,83,5.252096,23.068672,150,0
1.0.0,2026-08-05 03:18:22.445,,13.7,51,5,2040,2589.024256,25.233,20009.299968,1558.994944,593.791254528,83,5.252096,23.068672,151,0
1.0.0,2026-08-05 03:18:23.450,,14.5,51,5,2040,2589.024256,25.221,20000.50176,1559.42912,593.791197184,83,5.252096,23.068672,152,0
1.0.0,2026-08-05 03:18:24.452,,14.7,51,5,2040,2589.024256,25.154,20004.532224,1563.926528,593.79113984,83,5.252096,23.068672,152,0
1.0.0,2026-08-05 03:18:25.443,,14.6,51,5,2040,2589.024256,25.42,19996.233728,1564.450816,593.791090688,83,5.252096,23.068672,153,0
1.0.0,2026-08-05 03:18:26.443,,14.5,52,14,2040,2589.024256,24.733,20003.639296,1563.21792,593.7910784,83,5.252096,23.068672,154,0
1.0.0,2026-08-05 03:18:27.448,,15.3,51,5,2040,2589.024256,24.781,20017.205248,1563.21792,593.790918656,83,5.252096,23.068672,155,0
1.0.0,2026-08-05 03:18:28.453,,15.9,51,5,2040,2589.024256,25.349,20005.339136,1559.519232,593.790869504,83,5.252096,23.068672,156,0
1.0.0,2026-08-05 03:18:29.471,,14.8,51,5,2040,2589.024256,25.402,19994.054656,1558.286336,593.790808064,83,5.252096,23.068672,157,0
1.0.0,2026-08-05 03:18:30.445,,14.1,51,5,2040,2589.024256,25.242,20020.731904,1563.21792,593.790754816,83,5.252096,23.068672,157,0
1.0.0,2026-08-05 03:18:31.438,,14.3,51,5,2040,2589.024256,25.406,20014.620672,1563.930624,593.790697472,83,5.252096,23.068672,158,0
1.0.0,2026-08-05 03:18:32.443,,14.0,52,5,2040,2589.024256,25.287,20003.192832,1563.21792,593.790640128,83,5.252096,23.068672,159,0
1.0.0,2026-08-05 03:18:33.459,,14.7,52,15,2040,2589.024256,25.402,19996.196864,1563.21792,593.790582784,83,5.252096,23.068672,160,0
1.0.0,2026-08-05 03:18:34.449,,14.3,52,8,2040,2589.024256,24.567,20019.232768,1563.21792,593.790529536,83,5.252096,23.068672,161,0
1.0.0,2026-08-05 03:18:35.459,,13.9,51,5,2040,2589.024256,24.954,20016.422912,1561.993216,593.790349312,83,5.252096,23.068672,162,0
1.0.0,2026-08-05 03:18:36.453,,9.6,51,7,2040,2589.024256,25.024,19997.61408,1558.294528,593.790316544,83,5.252096,23.068672,163,0
1.0.0,2026-08-05 03:18:37.447,,13.5,51,5,2040,2589.024256,25.134,20019.777536,1558.294528,593.789186048,83,5.252096,23.068672,164,0
1.0.0,2026-08-05 03:18:38.451,,14.3,51,5,2040,2589.024256,25.396,20002.357248,1558.294528,593.78888704,83,5.252096,23.068672,165,0
1.0.0,2026-08-05 03:18:39.449,,18.1,52,5,2040,2589.024256,25.226,20026.728448,1563.226112,593.788833792,83,5.252096,23.068672,165,0
1.0.0,2026-08-05 03:18:40.447,,14.3,52,7,2040,2589.024256,25.382,20005.425152,1563.226112,593.788776448,83,5.252096,23.068672,166,0
1.0.0,2026-08-05 03:18:41.443,,14.8,51,5,2040,2589.024256,24.557,20029.796352,1565.167616,593.788719104,83,10.244096,23.068672,167,0
1.0.0,2026-08-05 03:18:42.445,,14.6,51,5,2040,2589.024256,25.331,20008.464384,1558.294528,593.78866176,83,5.252096,23.068672,168,0
1.0.0,2026-08-05 03:18:43.468,,15.3,51,5,2040,2589.024256,25.302,20001.923072,1558.294528,593.788604416,83,5.252096,23.068672,169,0
1.0.0,2026-08-05 03:18:44.509,,14.3,51,5,2040,2589.024256,25.613,19990.298624,1559.339008,593.788551168,83,5.252096,23.068672,170,0
1.0.0,2026-08-05 03:18:45.440,,14.5,52,5,2040,2589.024256,25.525,20013.146112,1558.294528,593.788493824,83,5.252096,23.068672,171,0
1.0.0,2026-08-05 03:18:46.455,,15.2,52,5,2040,2589.024256,25.487,19998.429184,1564.315648,593.788440576,83,5.252096,23.068672,171,0
1.0.0,2026-08-05 03:18:47.448,,14.5,52,8,2040,2589.024256,25.017,19978.412032,1563.226112,593.788420096,83,5.252096,23.068672,172,0
1.0.0,2026-08-05 03:18:48.444,,14.7,51,5,2040,2589.024256,24.247,19987.779584,1563.226112,593.788264448,83,5.252096,23.068672,173,0
1.0.0,2026-08-05 03:18:49.447,,16.0,51,5,2040,2589.024256,24.981,20013.039616,1558.294528,593.788207104,83,5.252096,23.068672,174,0
1.0.0,2026-08-05 03:18:50.441,,15.2,51,9,2040,2589.024256,24.927,19997.310976,1559.117824,593.788153856,83,5.252096,23.068672,175,0
1.0.0,2026-08-05 03:18:51.442,,14.7,51,5,2040,2589.024256,24.98,19995.500544,1556.852736,593.788100608,83,5.252096,23.068672,176,0
1.0.0,2026-08-05 03:18:52.444,,15.1,51,5,2040,2589.024256,25.027,20012.572672,1558.294528,593.78804736,83,5.252096,23.068672,177,0
1.0.0,2026-08-05 03:18:53.448,,15.2,51,5,2040,2589.024256,25.37,20006.301696,1558.294528,593.787990016,83,5.252096,23.068672,178,0
1.0.0,2026-08-05 03:18:54.448,,14.6,52,12,2040,2589.024256,24.794,20004.253696,1564.34432,593.787932672,83,5.252096,23.068672,178,0
1.0.0,2026-08-05 03:18:55.443,,15.1,51,5,2040,2589.024256,25.491,19997.229056,1559.523328,593.786822656,83,5.252096,23.068672,179,0
1.0.0,2026-08-05 03:18:56.454,,15.2,51,10,2040,2589.024256,25.505,20014.739456,1561.993216,593.786765312,83,10.513408,23.068672,180,0
1.0.0,2026-08-05 03:18:57.457,,12.0,51,11,2040,2589.024256,25.522,20003.119104,1558.294528,593.78671616,83,5.252096,23.068672,181,0
1.0.0,2026-08-05 03:18:58.444,,13.4,51,5,2040,2589.024256,25.385,20004.073472,1559.322624,593.786707968,83,5.252096,23.068672,182,0
1.0.0,2026-08-05 03:18:59.450,,15.9,51,5,2040,2589.024256,25.332,19994.447872,1558.294528,593.786589184,83,5.252096,23.068672,183,0
1.0.0,2026-08-05 03:19:00.440,,14.4,51,5,2040,2589.024256,25.19,20012.986368,1558.294528,593.786535936,83,5.252096,23.068672,184,0
1.0.0,2026-08-05 03:19:01.444,,14.8,52,20,2040,2589.024256,25.255,20014.256128,1564.459008,593.786478592,83,5.252096,23.068672,184,0
1.0.0,2026-08-05 03:19:02.439,,16.2,51,4,2040,2589.024256,25.146,20007.538688,1563.226112,593.786417152,83,5.252096,23.068672,185,0
1.0.0,2026-08-05 03:19:03.446,,14.9,51,4,2040,2589.024256,25.13,20000.284672,1563.222016,593.786363904,83,5.252096,23.068672,186,0
1.0.0,2026-08-05 03:19:04.460,,15.1,51,2,2040,2589.024256,25.156,20012.015616,1558.290432,593.78630656,83,5.252096,23.068672,187,0
1.0.0,2026-08-05 03:19:05.447,,15.0,51,5,2040,2589.024256,25.571,19999.666176,1558.290432,593.786253312,83,5.252096,23.068672,188,0
1.0.0,2026-08-05 03:19:06.451,,14.9,51,5,2040,2589.024256,25.278,19999.993856,1559.339008,593.786191872,83,5.252096,23.068672,189,0
1.0.0,2026-08-05 03:19:07.453,,15.2,52,10,2040,2589.024256,25.216,20008.845312,1561.808896,593.78614272,83,5.252096,23.068672,189,0
1.0.0,2026-08-05 03:19:08.444,,14.3,51,5,2040,2589.024256,24.761,19999.793152,1563.222016,593.786118144,83,5.252096,23.068672,190,0
1.0.0,2026-08-05 03:19:09.451,,14.1,51,5,2040,2589.024256,25.501,20004.261888,1563.222016,593.78599936,83,5.252096,23.068672,191,0
1.0.0,2026-08-05 03:19:10.434,,17.6,51,5,2040,2589.024256,25.728,19997.769728,1564.454912,593.785921536,83,10.249728,23.068672,192,0
1.0.0,2026-08-05 03:19:11.451,,14.1,51,5,2040,2589.024256,25.557,20017.229824,1561.98912,593.785868288,83,10.167296,23.068672,193,0
1.0.0,2026-08-05 03:19:12.468,,15.1,51,11,2040,2589.024256,25.65,20004.614144,1559.523328,593.785810944,83,5.252096,23.068672,194,0
1.0.0,2026-08-05 03:19:13.441,,14.1,51,5,2040,2589.024256,25.31,20002.48832,1559.482368,593.7857536,83,5.252096,23.068672,195,0
1.0.0,2026-08-05 03:19:14.454,,14.5,51,5,2040,2589.024256,25.232,19986.128896,1563.222016,593.785700352,83,5.252096,23.068672,195,0
1.0.0,2026-08-05 03:19:15.451,,16.4,52,13,2040,2589.024256,24.697,20001.56672,1563.222016,593.785643008,83,5.252096,23.068672,196,0
1.0.0,2026-08-05 03:19:16.444,,14.8,51,7,2040,2589.024256,25.234,19991.105536,1564.2624,593.785585664,83,5.252096,23.068672,197,0
1.0.0,2026-08-05 03:19:17.435,,16.3,51,5,2040,2589.024256,25.169,19995.72992,1564.594176,593.785524224,83,5.252096,23.068672,198,0
1.0.0,2026-08-05 03:19:18.447,,15.9,51,5,2040,2589.024256,25.324,19989.180416,1562.128384,593.785470976,83,5.252096,23.068672,199,0
1.0.0,2026-08-05 03:19:19.451,,13.1,51,11,2040,2589.024256,25.277,19976.462336,1560.604672,593.785462784,83,5.252096,23.068672,200,0
1.0.0,2026-08-05 03:19:20.438,,16.0,51,5,2040,2589.024256,24.947,19996.24192,1559.670784,593.785298944,83,5.252096,23.068672,201,0
1.0.0,2026-08-05 03:19:21.461,,15.5,52,11,2040,2589.024256,24.386,19997.310976,1565.835264,593.785249792,83,5.252096,23.068672,201,0
1.0.0,2026-08-05 03:19:22.433,,16.1,52,17,2040,2589.024256,25.822,20014.493696,1564.602368,593.785196544,83,5.252096,23.068672,202,0
1.0.0,2026-08-05 03:19:23.455,,17.3,51,5,2040,2589.024256,25.094,20013.83424,1564.602368,593.785143296,83,5.252096,23.068672,203,0
1.0.0,2026-08-05 03:19:24.447,,16.0,51,5,2040,2589.024256,25.196,20007.456768,1564.602368,593.785090048,83,5.252096,23.068672,204,0
1.0.0,2026-08-05 03:19:25.452,,15.9,51,5,2040,2589.024256,25.358,20002.885632,1565.151232,593.7850368,83,5.252096,23.068672,205,0
1.0.0,2026-08-05 03:19:26.475,,16.0,51,11,2040,2589.024256,25.353,20009.496576,1559.670784,593.784979456,83,5.252096,23.068672,206,0
1.0.0,2026-08-05 03:19:27.463,,15.6,51,5,2040,2589.024256,25.237,19995.185152,1559.670784,593.784926208,83,5.252096,23.068672,207,0
1.0.0,2026-08-05 03:19:28.461,,15.8,52,6,2040,2589.024256,25.114,20002.0992,1564.602368,593.784877056,83,5.252096,23.068672,207,0
1.0.0,2026-08-05 03:19:29.456,,15.8,52,14,2040,2589.024256,25.463,19995.959296,1564.602368,593.784827904,83,5.252096,23.068672,208,0
1.0.0,2026-08-05 03:19:30.454,,15.9,51,6,2040,2589.024256,25.0,20050.579456,1564.602368,593.785040896,83,5.252096,23.068672,209,0
1.0.0,2026-08-05 03:19:31.459,,16.5,51,4,2040,2589.024256,25.363,20052.078592,1564.602368,593.782779904,83,5.252096,23.068672,210,0
1.0.0,2026-08-05 03:19:32.467,,17.6,51,3,2040,2589.024256,25.414,20024.270848,1559.670784,593.78276352,83,5.252096,23.068672,211,0
1.0.0,2026-08-05 03:19:33.463,,15.0,51,5,2040,2589.024256,25.427,20013.52704,1560.768512,593.782706176,83,5.252096,23.068672,212,0
1.0.0,2026-08-05 03:19:34.460,,15.9,52,5,2040,2589.024256,25.425,20041.744384,1564.606464,593.782648832,83,5.252096,23.068672,212,0
1.0.0,2026-08-05 03:19:35.466,,15.0,51,5,2040,2589.024256,25.782,20034.981888,1564.614656,593.782591488,83,5.252096,23.068672,213,0
1.0.0,2026-08-05 03:19:36.453,,15.6,52,12,2040,2589.024256,25.695,20027.629568,1564.614656,593.78253824,83,5.252096,23.068672,214,0
1.0.0,2026-08-05 03:19:37.466,,16.3,52,16,2040,2589.024256,25.639,20035.23584,1564.614656,593.782480896,83,5.252096,23.068672,215,0
1.0.0,2026-08-05 03:19:38.463,,15.1,51,5,2040,2589.024256,25.382,20028.076032,1565.855744,593.782423552,83,5.252096,23.068672,216,0
1.0.0,2026-08-05 03:19:39.470,,15.0,51,5,2040,2589.024256,25.602,20029.423616,1560.420352,593.78210816,83,5.252096,23.068672,217,0
1.0.0,2026-08-05 03:19:40.484,,16.0,51,9,2040,2589.024256,25.479,20023.599104,1560.92416,593.783054336,83,5.252096,23.068672,218,0
1.0.0,2026-08-05 03:19:41.520,,18.8,52,5,2040,2589.024256,25.13,20029.739008,1560.285184,593.782444032,83,5.252096,23.068672,219,0
1.0.0,2026-08-05 03:19:42.475,,16.4,52,5,2040,2589.024256,25.457,20033.114112,1560.92416,593.781891072,83,5.252096,23.068672,220,0
1.0.0,2026-08-05 03:19:43.460,,17.7,52,13,2040,2589.024256,25.298,20034.51904,1564.622848,593.781833728,83,5.252096,23.068672,220,0
1.0.0,2026-08-05 03:19:44.464,,16.2,52,16,2040,2589.024256,25.28,20020.588544,1565.601792,593.78178048,83,5.252096,23.068672,221,0
1.0.0,2026-08-05 03:19:45.461,,15.8,52,5,2040,2589.024256,24.665,20045.754368,1564.622848,593.78171904,83,10.176,23.068672,222,0
1.0.0,2026-08-05 03:19:46.464,,16.0,52,10,2040,2589.024256,25.583,20032.18432,1558.71232,593.814040576,83,5.252096,23.068672,223,0
1.0.0,2026-08-05 03:19:47.461,,16.0,52,5,2040,2589.024256,25.129,20023.422976,1559.691264,593.813987328,83,5.252096,23.068672,224,0
1.0.0,2026-08-05 03:19:48.467,,15.8,52,5,2040,2589.024256,25.312,20019.396608,1559.691264,593.813929984,83,5.252096,23.068672,225,0
1.0.0,2026-08-05 03:19:49.450,,15.7,52,5,2040,2589.024256,25.384,20039.43424,1565.704192,593.813876736,83,5.252096,23.068672,225,0
1.0.0,2026-08-05 03:19:50.457,,15.8,52,5,2040,2589.024256,25.351,20036.673536,1565.855744,593.813774336,83,5.252096,23.068672,226,0
1.0.0,2026-08-05 03:19:51.449,,11.1,52,15,2040,2589.024256,25.111,20028.817408,1565.855744,593.813753856,83,5.252096,23.068672,227,0
1.0.0,2026-08-05 03:19:52.456,,13.4,52,5,2040,2589.024256,24.924,20049.231872,1564.622848,593.820094464,83,5.252096,23.068672,228,0
1.0.0,2026-08-05 03:19:53.447,,18.5,52,5,2040,2589.024256,25.261,20033.630208,1559.691264,593.820045312,83,5.252096,23.068672,229,0
1.0.0,2026-08-05 03:19:54.450,,15.6,52,5,2040,2589.024256,24.851,20039.94624,1559.691264,593.819992064,83,5.252096,23.068672,230,0
1.0.0,2026-08-05 03:19:55.487,,15.5,52,5,2040,2589.024256,25.083,20035.2768,1559.691264,593.81993472,83,5.252096,23.068672,231,0
1.0.0,2026-08-05 03:19:56.481,,16.5,52,5,2040,2589.024256,25.015,20055.318528,1562.157056,593.819881472,83,5.252096,23.068672,232,0
1.0.0,2026-08-05 03:19:57.455,,15.9,52,5,2040,2589.024256,25.293,20049.219584,1564.622848,593.819828224,83,5.252096,23.068672,232,0
1.0.0,2026-08-05 03:19:58.454,,15.9,52,6,2040,2589.024256,24.218,20041.076736,1564.622848,593.81977088,83,5.252096,23.068672,233,0
1.0.0,2026-08-05 03:19:59.458,,15.6,52,4,2040,2589.024256,25.446,20031.40608,1559.871488,593.819717632,83,5.252096,23.068672,234,0
1.0.0,2026-08-05 03:20:00.452,,15.9,52,4,2040,2589.024256,25.373,20049.137664,1559.871488,593.81962752,83,5.252096,23.068672,235,0
1.0.0,2026-08-05 03:20:01.460,,15.5,51,4,2040,2589.024256,25.641,20042.092544,1559.871488,593.819578368,83,5.252096,23.068672,236,0
1.0.0,2026-08-05 03:20:02.457,,11.3,52,5,2040,2589.024256,25.286,20011.057152,1559.871488,593.819521024,83,5.252096,23.068672,237,0
1.0.0,2026-08-05 03:20:03.456,,13.5,52,5,2040,2589.024256,25.448,20030.636032,1560.838144,593.819103232,83,5.252096,23.068672,238,0
1.0.0,2026-08-05 03:20:04.459,,17.4,52,5,2040,2589.024256,25.582,20042.510336,1564.819456,593.81905408,83,5.252096,23.068672,238,0
1.0.0,2026-08-05 03:20:05.454,,14.9,52,11,2040,2589.024256,25.121,20052.04992,1564.819456,593.819205632,83,5.252096,23.068672,239,0
1.0.0,2026-08-05 03:20:06.458,,16.2,52,5,2040,2589.024256,24.779,20046.778368,1566.052352,593.829445632,83,10.243584,23.068672,240,0
1.0.0,2026-08-05 03:20:07.470,,16.7,51,5,2040,2589.024256,25.403,20035.366912,1563.58656,593.829392384,83,5.252096,23.068672,241,0
1.0.0,2026-08-05 03:20:08.467,,15.5,52,10,2040,2589.024256,25.362,20043.218944,1561.337856,593.829339136,83,5.252096,23.068672,242,0
1.0.0,2026-08-05 03:20:09.490,,16.0,52,5,2040,2589.024256,25.129,20034.53952,1561.12896,593.829281792,83,5.252096,23.068672,243,0
1.0.0,2026-08-05 03:20:10.455,,16.0,52,5,2040,2589.024256,25.284,20031.3856,1559.896064,593.829228544,83,5.252096,23.068672,244,0
1.0.0,2026-08-05 03:20:11.471,,15.9,52,7,2040,2589.024256,25.127,20042.973184,1564.827648,593.8291712,83,5.252096,23.068672,244,0
1.0.0,2026-08-05 03:20:12.457,,15.5,52,5,2040,2589.024256,24.735,20038.361088,1565.560832,593.82913024,83,5.252096,23.068672,245,0
1.0.0,2026-08-05 03:20:13.466,,15.1,52,5,2040,2589.024256,25.458,20006.539264,1567.219712,593.829044224,83,5.252096,23.068672,246,0
1.0.0,2026-08-05 03:20:14.447,,14.9,52,5,2040,2589.024256,25.404,20015.034368,1563.365376,593.82888448,83,5.252096,23.068672,247,0
1.0.0,2026-08-05 03:20:15.462,,16.8,52,5,2040,2589.024256,25.549,20028.227584,1561.133056,593.828831232,83,10.246656,23.068672,248,0
1.0.0,2026-08-05 03:20:16.458,,15.7,52,5,2040,2589.024256,25.501,20032.438272,1559.90016,593.828777984,83,5.252096,23.068672,249,0
1.0.0,2026-08-05 03:20:17.457,,15.5,52,5,2040,2589.024256,25.145,20034.695168,1562.70592,593.82872064,83,5.252096,23.068672,250,0
1.0.0,2026-08-05 03:20:18.464,,15.5,52,5,2040,2589.024256,25.122,20027.404288,1567.5392,593.828646912,83,5.252096,23.068672,250,0
1.0.0,2026-08-05 03:20:19.470,,16.3,52,15,2040,2589.024256,24.903,20045.201408,1566.502912,593.82859776,83,5.252096,23.068672,251,0
1.0.0,2026-08-05 03:20:20.468,,15.8,52,9,2040,2589.024256,25.479,20033.642496,1567.735808,593.828544512,83,5.252096,23.068672,252,0
1.0.0,2026-08-05 03:20:21.475,,16.6,52,5,2040,2589.024256,25.208,20033.200128,1565.270016,593.828483072,83,5.252096,23.068672,253,0
1.0.0,2026-08-05 03:20:22.459,,16.9,52,4,2040,2589.024256,25.477,20026.392576,1562.804224,593.828429824,83,10.24768,23.068672,254,0
1.0.0,2026-08-05 03:20:23.463,,12.3,52,4,2040,2589.024256,25.043,20030.2592,1561.571328,593.82841344,83,5.252096,23.068672,255,0
1.0.0,2026-08-05 03:20:24.461,,15.5,52,5,2040,2589.024256,25.31,20043.902976,1566.498816,593.828261888,83,5.252096,23.068672,255,0
1.0.0,2026-08-05 03:20:25.455,,15.7,52,14,2040,2589.024256,24.665,20032.073728,1567.15008,593.82820864,83,5.252096,23.068672,256,0
1.0.0,2026-08-05 03:20:26.449,,15.4,52,17,2040,2589.024256,25.875,20052.721664,1566.498816,593.828155392,83,5.252096,23.068672,257,0
1.0.0,2026-08-05 03:20:27.454,,15.3,52,7,2040,2589.024256,24.759,20052.885504,1566.498816,593.828098048,83,5.252096,23.068672,258,0
1.0.0,2026-08-05 03:20:28.460,,15.3,52,5,2040,2589.024256,25.297,20050.829312,1566.851072,593.8280448,83,5.252096,23.068672,259,0
1.0.0,2026-08-05 03:20:29.456,,16.4,52,6,2040,2589.024256,25.155,20031.442944,1561.567232,593.82693888,83,5.252096,23.068672,260,0
1.0.0,2026-08-05 03:20:30.464,,16.2,52,4,2040,2589.024256,25.153,20046.036992,1561.567232,593.82622208,83,5.252096,23.068672,261,0
1.0.0,2026-08-05 03:20:31.459,,15.6,52,4,2040,2589.024256,25.072,20024.426496,1561.567232,593.826164736,83,5.252096,23.068672,262,0
1.0.0,2026-08-05 03:20:32.461,,15.3,52,7,2040,2589.024256,25.201,20026.712064,1566.498816,593.826107392,83,5.252096,23.068672,262,0
1.0.0,2026-08-05 03:20:33.460,,15.3,52,10,2040,2589.024256,25.472,20020.580352,1567.731712,593.82605824,83,5.252096,23.068672,263,0
1.0.0,2026-08-05 03:20:34.458,,14.8,52,8,2040,2589.024256,25.021,19993.960448,1566.498816,593.826054144,83,5.252096,23.068672,264,0
1.0.0,2026-08-05 03:20:35.453,,15.8,52,5,2040,2589.024256,25.464,20032.499712,1567.653888,593.825886208,83,5.252096,23.068672,265,0
1.0.0,2026-08-05 03:20:36.456,,18.6,52,5,2040,2589.024256,25.529,20022.21056,1561.567232,593.825767424,83,5.252096,23.068672,266,0
1.0.0,2026-08-05 03:20:37.482,,16.5,52,5,2040,2589.024256,25.464,20016.115712,1562.759168,593.82571008,83,5.252096,23.068672,267,0
1.0.0,2026-08-05 03:20:38.523,,15.6,52,7,2040,2589.024256,25.08,20041.453568,1567.731712,593.825652736,83,5.252096,23.068672,267,0
1.0.0,2026-08-05 03:20:39.456,,16.4,52,5,2040,2589.024256,25.557,20027.285504,1566.498816,593.825652736,83,5.252096,23.068672,268,0
1.0.0,2026-08-05 03:20:40.469,,15.6,52,12,2040,2589.024256,25.301,20017.188864,1567.244288,593.825599488,83,5.252096,23.068672,269,0
1.0.0,2026-08-05 03:20:41.464,,15.5,52,14,2040,2589.024256,25.409,20039.176192,1567.563776,593.82740992,83,5.252096,23.068672,270,0
1.0.0,2026-08-05 03:20:42.461,,16.8,52,5,2040,2589.024256,25.249,20018.745344,1566.498816,593.831440384,83,5.252096,23.068672,271,0
1.0.0,2026-08-05 03:20:43.466,,16.8,52,5,2040,2589.024256,25.557,20017.246208,1561.567232,593.831387136,83,5.252096,23.068672,272,0
1.0.0,2026-08-05 03:20:44.455,,13.9,52,9,2040,2589.024256,25.435,19998.580736,1562.800128,593.831333888,83,5.252096,23.068672,273,0
1.0.0,2026-08-05 03:20:45.464,,14.8,52,5,2040,2589.024256,25.172,19996.094464,1567.72352,593.831297024,83,5.252096,23.068672,273,0
1.0.0,2026-08-05 03:20:46.463,,15.5,52,5,2040,2589.024256,25.443,20019.052544,1567.731712,593.831251968,83,5.252096,23.068672,274,0
1.0.0,2026-08-05 03:20:47.469,,15.4,52,13,2040,2589.024256,25.149,20020.199424,1566.498816,593.830903808,83,5.252096,23.068672,275,0
1.0.0,2026-08-05 03:20:48.460,,15.5,52,15,2040,2589.024256,25.57,20021.583872,1567.338496,593.830846464,83,5.252096,23.068672,276,0
1.0.0,2026-08-05 03:20:49.450,,15.4,51,5,2040,2589.024256,24.83,20041.58464,1562.804224,593.830793216,83,5.252096,23.068672,277,0
1.0.0,2026-08-05 03:20:50.455,,15.3,51,7,2040,2589.024256,25.303,20032.221184,1562.804224,593.830735872,83,5.252096,23.068672,278,0
1.0.0,2026-08-05 03:20:51.479,,15.1,52,5,2040,2589.024256,25.175,20025.28256,1567.690752,593.830678528,83,5.252096,23.068672,278,0
1.0.0,2026-08-05 03:20:52.457,,15.7,52,5,2040,2589.024256,25.558,20017.106944,1562.804224,593.830621184,83,5.252096,23.068672,280,0
1.0.0,2026-08-05 03:20:53.451,,15.8,52,5,2040,2589.024256,25.36,20040.413184,1566.502912,593.830559744,83,5.252096,23.068672,280,0
1.0.0,2026-08-05 03:20:54.454,,15.6,52,5,2040,2589.024256,25.342,20031.275008,1566.502912,593.8305024,83,5.252096,23.068672,281,0
1.0.0,2026-08-05 03:20:55.460,,14.9,52,15,2040,2589.024256,25.382,20013.621248,1567.735808,593.830453248,83,5.252096,23.068672,282,0
1.0.0,2026-08-05 03:20:56.454,,14.8,51,5,2040,2589.024256,25.091,20031.393792,1566.502912,593.830178816,83,5.252096,23.068672,283,0
1.0.0,2026-08-05 03:20:57.457,,17.1,51,4,2040,2589.024256,25.419,20017.770496,1561.571328,593.830019072,83,5.252096,23.068672,284,0
1.0.0,2026-08-05 03:20:58.454,,15.2,51,4,2040,2589.024256,25.476,20026.59328,1561.571328,593.82996992,83,5.252096,23.068672,285,0
1.0.0,2026-08-05 03:20:59.459,,14.4,51,3,2040,2589.024256,25.361,20020.011008,1561.571328,593.829916672,83,5.252096,23.068672,286,0
1.0.0,2026-08-05 03:21:00.456,,15.6,52,5,2040,2589.024256,25.313,20043.472896,1567.70304,593.829859328,83,5.252096,23.068672,286,0
1.0.0,2026-08-05 03:21:01.457,,15.1,52,5,2040,2589.024256,25.548,20040.593408,1566.502912,593.829801984,83,5.252096,23.068672,287,0
1.0.0,2026-08-05 03:21:02.455,,17.3,51,5,2040,2589.024256,24.553,20025.585664,1567.707136,593.82974464,83,5.252096,23.068672,288,0
1.0.0,2026-08-05 03:21:03.468,,15.3,51,5,2040,2589.024256,25.303,20010.602496,1562.537984,593.829687296,83,5.252096,23.068672,289,0
1.0.0,2026-08-05 03:21:04.453,,15.9,51,5,2040,2589.024256,25.326,20030.42304,1563.01312,593.829634048,83,5.252096,23.068672,290,0
1.0.0,2026-08-05 03:21:05.483,,15.2,51,4,2040,2589.024256,25.579,20028.002304,1562.923008,593.829576704,83,5.252096,23.068672,291,0
1.0.0,2026-08-05 03:21:06.518,,15.0,51,5,2040,2589.024256,25.361,19993.923584,1562.898432,593.829552128,83,5.252096,23.068672,292,0
1.0.0,2026-08-05 03:21:07.455,,13.6,51,5,2040,2589.024256,25.434,20021.346304,1561.698304,593.829474304,83,5.252096,23.068672,293,0
1.0.0,2026-08-05 03:21:08.460,,15.2,51,5,2040,2589.024256,25.188,20015.976448,1567.862784,593.829367808,83,5.252096,23.068672,293,0
1.0.0,2026-08-05 03:21:09.456,,15.1,51,14,2040,2589.024256,24.795,20015.67744,1566.633984,593.829318656,83,5.252096,23.068672,294,0
1.0.0,2026-08-05 03:21:10.453,,15.1,51,5,2040,2589.024256,25.037,20007.522304,1566.142464,593.829265408,83,5.252096,23.068672,295,0
1.0.0,2026-08-05 03:21:11.458,,15.9,51,5,2040,2589.024256,25.214,20035.514368,1562.935296,593.829203968,83,10.167296,23.068672,296,0
1.0.0,2026-08-05 03:21:12.452,,16.6,51,9,2040,2589.024256,25.223,20009.013248,1562.558464,593.829146624,83,5.252096,23.068672,297,0
1.0.0,2026-08-05 03:21:13.464,,16.4,51,5,2040,2589.024256,25.081,20011.241472,1561.7024,593.82908928,83,5.252096,23.068672,298,0
1.0.0,2026-08-05 03:21:14.460,,16.9,51,5,2040,2589.024256,25.16,19997.249536,1561.7024,593.829031936,83,5.252096,23.068672,299,0
1.0.0,2026-08-05 03:21:15.458,,15.7,51,14,2040,2589.024256,24.742,20014.821376,1566.633984,593.828978688,83,5.252096,23.068672,299,0
1.0.0,2026-08-05 03:21:16.450,,15.5,51,5,2040,2589.024256,24.691,20008.853504,1564.196864,593.82892544,83,5.252096,23.068672,300,0
1.0.0,2026-08-05 03:21:17.460,,15.1,51,11,2040,2589.024256,24.928,20002.26304,1568.33792,593.827852288,83,5.252096,23.068672,301,0
1.0.0,2026-08-05 03:21:18.453,,15.6,51,5,2040,2589.024256,25.114,20016.566272,1563.406336,593.82771712,83,5.252096,23.068672,302,0
1.0.0,2026-08-05 03:21:19.467,,16.5,51,9,2040,2589.024256,25.082,20019.634176,1563.406336,593.827659776,83,5.252096,23.068672,303,0
1.0.0,2026-08-05 03:21:20.459,,14.8,51,4,2040,2589.024256,25.241,20013.95712,1564.639232,593.827602432,83,5.252096,23.068672,304,0
1.0.0,2026-08-05 03:21:21.461,,15.7,51,5,2040,2589.024256,25.111,20010.184704,1563.414528,593.827545088,83,5.252096,23.068672,305,0
1.0.0,2026-08-05 03:21:22.455,,15.0,51,6,2040,2589.024256,25.294,20020.801536,1569.09568,593.827487744,83,5.252096,23.068672,305,0
1.0.0,2026-08-05 03:21:23.449,,16.2,51,5,2040,2589.024256,24.577,20028.768256,1569.099776,593.827434496,83,5.252096,23.068672,306,0
1.0.0,2026-08-05 03:21:24.454,,15.4,51,5,2040,2589.024256,25.344,20021.551104,1569.099776,593.827373056,83,5.252096,23.068672,307,0
1.0.0,2026-08-05 03:21:25.460,,15.1,51,5,2040,2589.024256,25.433,20011.503616,1564.168192,593.827315712,83,5.252096,23.068672,308,0
1.0.0,2026-08-05 03:21:26.454,,15.6,51,8,2040,2589.024256,25.488,20017.266688,1564.168192,593.827262464,83,5.252096,23.068672,309,0
1.0.0,2026-08-05 03:21:27.461,,10.7,51,7,2040,2589.024256,25.282,20007.374848,1564.168192,593.827213312,83,5.252096,23.068672,310,0
1.0.0,2026-08-05 03:21:28.464,,13.4,51,5,2040,2589.024256,25.283,20013.273088,1570.066432,593.827176448,83,5.252096,23.068672,310,0
1.0.0,2026-08-05 03:21:29.472,,15.2,51,8,2040,2589.024256,24.628,20019.228672,1569.099776,593.827028992,83,5.252096,23.068672,311,0
1.0.0,2026-08-05 03:21:30.465,,14.9,52,10,2040,2589.024256,25.743,20041.678848,1569.099776,593.826975744,83,5.252096,23.068672,312,0
1.0.0,2026-08-05 03:21:31.472,,15.6,51,5,2040,2589.024256,25.341,20029.952,1570.320384,593.8269184,83,5.252096,23.068672,313,0
1.0.0,2026-08-05 03:21:32.485,,15.0,51,5,2040,2589.024256,25.372,20020.883456,1569.099776,593.82685696,83,5.252096,23.068672,314,0
1.0.0,2026-08-05 03:21:33.470,,15.2,51,5,2040,2589.024256,25.443,20006.023168,1564.164096,593.826799616,83,5.252096,23.068672,315,0
1.0.0,2026-08-05 03:21:34.500,,15.2,51,4,2040,2589.024256,25.261,20026.18368,1564.168192,593.826750464,83,5.252096,23.068672,316,0
1.0.0,2026-08-05 03:21:35.534,,15.1,51,5,2040,2589.024256,25.311,20021.9648,1564.176384,593.82669312,83,5.252096,23.068672,317,0
1.0.0,2026-08-05 03:21:36.473,,15.4,52,15,2040,2589.024256,25.339,20019.982336,1569.107968,593.826627584,83,5.252096,23.068672,317,0
1.0.0,2026-08-05 03:21:37.478,,15.1,52,15,2040,2589.024256,25.674,20005.425152,1567.698944,593.826578432,83,5.252096,23.068672,318,0
1.0.0,2026-08-05 03:21:38.484,,14.8,51,5,2040,2589.024256,25.241,19986.591744,1568.960512,593.826545664,83,5.252096,23.068672,319,0
1.0.0,2026-08-05 03:21:39.476,,15.5,51,5,2040,2589.024256,25.332,20029.35808,1570.033664,593.826291712,83,5.252096,23.068672,320,0
1.0.0,2026-08-05 03:21:40.483,,17.5,51,4,2040,2589.024256,25.396,20019.011584,1564.176384,593.826217984,83,5.252096,23.068672,321,0
1.0.0,2026-08-05 03:21:41.482,,18.0,52,4,2040,2589.024256,25.247,20050.526208,1565.40928,593.826664448,83,5.252096,23.068672,322,0
1.0.0,2026-08-05 03:21:42.475,,15.5,52,13,2040,2589.024256,24.822,20054.020096,1569.107968,593.826586624,83,5.252096,23.068672,322,0
1.0.0,2026-08-05 03:21:43.470,,15.6,52,11,2040,2589.024256,26.11,20048.740352,1569.107968,593.826533376,83,5.252096,23.068672,323,0
1.0.0,2026-08-05 03:21:44.479,,15.5,52,12,2040,2589.024256,24.846,20025.40544,1569.107968,593.826480128,83,5.252096,23.068672,324,0
1.0.0,2026-08-05 03:21:45.483,,16.5,52,11,2040,2589.024256,25.16,20057.100288,1569.107968,593.826168832,83,5.252096,23.068672,325,0
1.0.0,2026-08-05 03:21:46.482,,20.5,51,5,2040,2589.024256,25.148,20033.503232,1572.806656,593.826029568,83,11.396096,23.068672,326,0
1.0.0,2026-08-05 03:21:47.471,,20.1,51,5,2040,2589.024256,25.062,20027.625472,1564.176384,593.825968128,83,5.252096,23.068672,327,0
1.0.0,2026-08-05 03:21:48.464,,18.5,51,5,2040,2589.024256,25.011,20006.731776,1564.176384,593.825910784,83,5.252096,23.068672,328,0
1.0.0,2026-08-05 03:21:49.514,,18.6,52,5,2040,2589.024256,24.827,20021.018624,1569.107968,593.824854016,83,5.252096,23.068672,328,0
1.0.0,2026-08-05 03:21:50.467,,16.9,52,5,2040,2589.024256,25.081,20033.667072,1569.107968,593.824694272,83,5.252096,23.068672,329,0
1.0.0,2026-08-05 03:21:51.478,,18.0,52,16,2040,2589.024256,24.709,20039.233536,1569.107968,593.824641024,83,5.252096,23.068672,330,0
1.0.0,2026-08-05 03:21:52.485,,18.2,52,12,2040,2589.024256,25.439,20023.013376,1569.107968,593.82458368,83,5.252096,23.068672,331,0
1.0.0,2026-08-05 03:21:53.478,,16.9,51,5,2040,2589.024256,25.259,20044.32896,1564.176384,593.824530432,83,5.252096,23.068672,332,0
1.0.0,2026-08-05 03:21:54.478,,15.8,51,4,2040,2589.024256,25.209,20036.067328,1564.176384,593.824477184,83,5.252096,23.068672,333,0
1.0.0,2026-08-05 03:21:55.471,,17.1,52,4,2040,2589.024256,25.001,20020.600832,1569.11616,593.824415744,83,5.252096,23.068672,333,0
1.0.0,2026-08-05 03:21:56.483,,16.3,51,4,2040,2589.024256,25.31,20039.299072,1564.184576,593.8243584,83,5.252096,23.068672,335,0
1.0.0,2026-08-05 03:21:57.479,,16.6,52,5,2040,2589.024256,25.166,20044.414976,1571.991552,593.824292864,83,5.252096,23.068672,335,0
1.0.0,2026-08-05 03:21:58.475,,17.0,52,7,2040,2589.024256,25.103,20034.445312,1569.11616,593.824239616,83,5.252096,23.068672,336,0
1.0.0,2026-08-05 03:21:59.479,,12.2,52,10,2040,2589.024256,24.941,19997.949952,1569.11616,593.824210944,83,5.252096,23.068672,337,0
1.0.0,2026-08-05 03:22:00.484,,14.3,51,5,2040,2589.024256,25.194,20057.653248,1570.349056,593.824075776,83,10.209792,23.068672,338,0
1.0.0,2026-08-05 03:22:01.471,,17.6,51,5,2040,2589.024256,25.462,20026.712064,1565.417472,593.82401024,83,5.252096,23.068672,339,0
1.0.0,2026-08-05 03:22:02.495,,14.2,51,5,2040,2589.024256,25.607,20021.051392,1566.650368,593.823956992,83,5.252096,23.068672,340,0
1.0.0,2026-08-05 03:22:03.500,,15.5,51,5,2040,2589.024256,25.449,20010.139648,1565.065216,593.823891456,83,5.252096,23.068672,341,0
1.0.0,2026-08-05 03:22:04.473,,14.8,52,5,2040,2589.024256,25.43,20033.695744,1569.11616,593.823838208,83,5.252096,23.068672,341,0
1.0.0,2026-08-05 03:22:05.468,,16.0,52,16,2040,2589.024256,25.564,20034.875392,1569.11616,593.823776768,83,5.252096,23.068672,342,0
1.0.0,2026-08-05 03:22:06.486,,15.7,51,4,2040,2589.024256,25.101,20016.029696,1569.11616,593.821618176,83,5.252096,23.068672,343,0
1.0.0,2026-08-05 03:22:07.499,,14.8,51,5,2040,2589.024256,25.493,20005.474304,1564.184576,593.821560832,83,5.252096,23.068672,344,0
1.0.0,2026-08-05 03:22:08.495,,15.3,51,5,2040,2589.024256,25.223,20025.679872,1564.983296,593.82151168,83,5.252096,23.068672,345,0
1.0.0,2026-08-05 03:22:09.508,,11.6,51,5,2040,2589.024256,25.507,20011.106304,1562.74688,593.821466624,83,5.252096,23.068672,346,0
1.0.0,2026-08-05 03:22:10.503,,15.7,51,5,2040,2589.024256,25.359,20002.484224,1564.184576,593.821442048,83,5.252096,23.068672,347,0
1.0.0,2026-08-05 03:22:11.514,,16.0,51,5,2040,2589.024256,25.546,19998.736384,1564.184576,593.821290496,83,5.252096,23.068672,348,0
1.0.0,2026-08-05 03:22:12.515,,14.9,51,6,2040,2589.024256,25.237,20028.64128,1569.11616,593.821233152,83,5.252096,23.068672,348,0
1.0.0,2026-08-05 03:22:13.518,,14.6,52,6,2040,2589.024256,24.294,20025.090048,1569.11616,593.821175808,83,5.252096,23.068672,349,0
1.0.0,2026-08-05 03:22:14.513,,16.6,51,4,2040,2589.024256,25.331,20009.746432,1564.696576,593.821118464,83,5.252096,23.068672,350,0
1.0.0,2026-08-05 03:22:15.507,,16.8,51,10,2040,2589.024256,25.267,20020.273152,1564.184576,593.821065216,83,5.252096,23.068672,351,0
1.0.0,2026-08-05 03:22:16.510,,17.3,51,5,2040,2589.024256,25.284,20033.703936,1569.11616,593.821011968,83,5.252096,23.068672,351,0
1.0.0,2026-08-05 03:22:17.518,,15.4,51,5,2040,2589.024256,24.076,20012.1344,1571.34848,593.820954624,83,5.252096,23.068672,351,0
1.0.0,2026-08-05 03:22:18.505,,16.2,51,5,2040,2589.024256,24.231,20016.017408,1570.217984,593.82089728,83,5.252096,23.068672,351,0
# === SESSION END   2026-08-05 03:22:19 ===
